date,port_ret,equity,turnover
2007-01-03,0.0,1.0,0.0
2007-01-04,0.0019951611141535708,1.0019951611141535,0.0
2007-01-05,-0.008661331515869647,0.9933165488464466,0.0
2007-01-08,0.0019770455376747487,0.9952803808968418,0.0
2007-01-09,0.002634495078035634,0.99790244216158,0.0
2007-01-10,0.0017244561787742446,0.9996232811937793,0.0
2007-01-11,0.002023495335512729,1.0016460142405448,0.0
2007-01-12,0.004563151880645239,1.0062166771341674,0.0
2007-01-16,0.001573063036017619,1.0077995193951916,0.0
2007-01-17,-0.0001833072972109856,1.0076147823891608,0.0
2007-01-18,-0.0027646302189958533,1.0048291001126608,0.0
2007-01-19,0.0027358261038813725,1.0075781377946886,0.0
2007-01-22,-0.002938730320583255,1.0046171373707946,0.0
2007-01-23,0.0032400788443615602,1.0078721761042728,0.0
2007-01-24,0.004330810918999242,1.0122370799295006,0.0
2007-01-25,-0.004442239512226123,1.0077404803772974,0.0
2007-01-26,-0.0003028147883847032,1.0074353216569851,0.0
2007-01-29,-0.00033308723268220264,1.007099757813588,0.0
2007-01-30,0.0026598109825297644,1.0097784528099236,0.0
2007-01-31,0.006482725199890793,1.0163245690322613,0.0
2007-02-01,0.0013766682591228319,1.0177237108074146,0.0
2007-02-02,-0.0011759605231445175,1.016526907900037,0.0
2007-02-05,-5.758959697169108e-05,1.0164683665251002,0.0
2007-02-06,0.004178054666945014,1.0207152269276623,0.0
2007-02-07,0.0046717666085921705,1.0254837702417046,0.0
2007-02-08,0.0009878333470339784,1.0264967773067915,0.0
2007-02-09,-0.0042564928325435625,1.022127501131556,0.0
2007-02-12,-0.0048512840047749,1.0171688703344761,0.0
2007-02-13,0.0045711372384801,1.0218184888354847,0.0
2007-02-14,0.005891216028283228,1.0278382422949084,0.0
2007-02-15,0.002611266646111443,1.0305222020146108,0.0
2007-02-16,-0.0003558726689337349,1.0301554673281843,0.0
2007-02-20,0.0006274869286378021,1.0308018764183975,0.0
2007-02-21,0.0036662494345573726,1.034581053214957,0.0
2007-02-22,-0.0016542539750023233,1.0328695933952141,0.0
2007-02-23,-0.00021842391656073934,1.0326439899733282,0.0
2007-02-26,0.0007683953263482035,1.0334374687890053,0.0
2007-02-27,-0.015688214921147622,1.0172246796710767,0.0
2007-02-28,0.0036315508030535792,1.020918782773422,0.0
2007-03-01,-0.003831376432543457,1.017007258609563,0.0
2007-03-02,-0.008393721210025892,1.0084707832122217,0.0
2007-03-05,-0.009220285109385051,0.9991723950665202,0.0
2007-03-06,0.01102029944705464,1.010183574059384,0.0
2007-03-07,-0.0008203077884125359,1.0093549126058567,0.0
2007-03-08,0.003735881580712627,1.0131257430322629,0.0
2007-03-09,-0.0011155145856587695,1.0119955864888042,0.0
2007-03-12,0.00352127501719815,1.015559101265022,0.0
2007-03-13,-0.007786052944057528,1.0076519043347532,0.0
2007-03-14,0.003347050750650782,1.0110245663975514,0.0
2007-03-15,0.0010623775464201624,1.0120986561957714,0.0
2007-03-16,0.00015162346731913134,1.012252114103293,0.0
2007-03-19,0.0037034958819636005,1.0160009856393835,0.0
2007-03-20,0.0035814124183324025,1.0196397041863903,0.0
2007-03-21,0.007905545819278631,1.0277005125869916,0.0
2007-03-22,-0.0024005673571454583,1.0252334482835537,0.0
2007-03-23,-0.0022425509597540916,1.0229343100301334,0.0
2007-03-26,0.00032052278545062485,1.0232621837845173,0.0
2007-03-27,-0.0027596932860888684,1.0204382940060186,0.0
2007-03-28,-0.0030947884153837146,1.0172802533951149,0.0
2007-03-29,-0.00039768950334109765,1.0168756917163835,0.0
2007-03-30,0.001715618943385941,1.018620262916161,0.0
2007-04-02,0.0018793989141481227,1.0205346567322149,0.0
2007-04-03,0.0034114513727237367,1.024016161087836,0.0
2007-04-04,0.0024660434187152858,1.0265414294025448,0.0
2007-04-05,0.0008067132705644603,1.027369553996428,0.0
2007-04-09,-0.0026344898791246935,1.0246629593043035,0.0
2007-04-10,0.0038897136890745365,1.028648604843797,0.0
2007-04-11,-0.004017528360488631,1.02451597990086,0.0
2007-04-12,0.0012344871239375194,1.025780731686316,0.0
2007-04-13,0.00352223256601078,1.0293937699850477,0.0
2007-04-16,0.004356128257714614,1.0338779412747952,0.0
2007-04-17,0.0028712577576792686,1.0368464713341738,0.0
2007-04-18,0.0008588272356861576,1.0377369433229808,0.0
2007-04-19,-0.0016503055597170274,1.0360243602758912,0.0
2007-04-20,0.004307619039597421,1.0404871585357023,0.0
2007-04-23,0.0009280155743731228,1.0414527468237587,0.0
2007-04-24,0.001032309919141522,1.0425278488246221,0.0
2007-04-25,0.002795055057715129,1.0454417715612883,0.0
2007-04-26,-0.002434322528403171,1.042896829104643,0.0
2007-04-27,0.0014737930674289523,1.044433843221421,0.0
2007-04-30,-0.0037244387734802764,1.040543913319392,0.0
2007-05-01,-0.0018861758041625737,1.0385812645669203,0.0
2007-05-02,0.002625628366432889,1.041308192996013,0.0
2007-05-03,0.0022484935423680574,1.0436495677435795,0.0
2007-05-04,0.0021967727092688655,1.0459422286320388,0.0
2007-05-07,0.0009255481928726467,1.0469102985715983,0.0
2007-05-08,-0.002099835746946166,1.0447119589028115,0.0
2007-05-09,-3.30336587449076e-05,1.0446774482444745,0.0
2007-05-10,-0.006806277419025897,1.0375670837183226,0.0
2007-05-11,0.005044156014700638,1.0428007339643157,0.0
2007-05-14,-0.0026032102687068848,1.0400861043854448,0.0
2007-05-15,-0.0021044726315359447,1.0378972716443249,0.0
2007-05-16,-0.0015813412096670615,1.0362560019172729,0.0
2007-05-17,-0.005230326286385756,1.0308360449110199,0.0
2007-05-18,0.0008405104941851538,1.031702473424552,0.0
2007-05-21,0.0017792818920645131,1.0335381629535145,0.0
2007-05-22,-0.000247184363412159,1.0332826884806428,0.0
2007-05-23,-0.0013461592244092963,1.0318917254581221,0.0
2007-05-24,-0.00654924617777379,1.0251336125192891,0.0
2007-05-25,0.002318456468230562,1.027510340174035,0.0
2007-05-29,0.00538258224250282,1.033040999085044,0.0
2007-05-30,0.005304825597728394,1.0385211014204931,0.0
2007-05-31,0.0012116810198215255,1.0397794577277684,0.0
2007-06-01,0.001193559764349747,1.0410204966523096,0.0
2007-06-04,0.002533316103808969,1.043657730640874,0.0
2007-06-05,-0.0038466963554251443,1.0396430962521066,0.0
2007-06-06,-0.0037925856255479617,1.0357001607895606,0.0
2007-06-07,-0.015075139056760764,1.0200868368445486,0.0
2007-06-08,0.0019233061694611253,1.0220487761512378,0.0
2007-06-11,-0.0019688457224749656,1.0200365197901518,0.0
2007-06-12,-0.009243389942471258,1.01060792448217,0.0
2007-06-13,0.009158091590997397,1.0198631644171654,0.0
2007-06-14,0.00015907300892123444,1.020025397119417,0.0
2007-06-15,0.005763645047542176,1.0259044614478918,0.0
2007-06-18,-0.0018470258990189309,1.0240095893376784,0.0
2007-06-19,0.0036310995762742354,1.0277278701236232,0.0
2007-06-20,-0.010780198527864951,1.0166487596510707,0.0
2007-06-21,0.001563958867337456,1.0182387564936948,0.0
2007-06-22,-0.00024033995151497012,1.0179940330403285,0.0
2007-06-25,-0.003449772116431382,1.0144821856104524,0.0
2007-06-26,-0.0037120645141160563,1.010716362289045,0.0
2007-06-27,0.006615374474163174,1.017402629512751,0.0
2007-06-28,-0.00033101371859399487,1.0170658552850487,0.0
2007-06-29,0.002227212082320948,1.0193310766464556,0.0
2007-07-02,0.009331187990691464,1.0288426465473977,0.0
2007-07-03,-0.001122123153180582,1.0276881583927273,0.0
2007-07-05,-0.0006237641409660294,1.0270471233714265,0.0
2007-07-06,0.001645842304366485,1.028737480975649,0.0
2007-07-09,0.002080901891605813,1.030878182745777,0.0
2007-07-10,-0.0018513707777666616,1.0289696450028043,0.0
2007-07-11,-0.0012814511968118614,1.0276510706197324,0.0
2007-07-12,0.006508395944034226,1.0343394306796363,0.0
2007-07-13,0.0036382196073529993,1.0381025846769933,0.0
2007-07-16,9.065913962892636e-05,1.0381966981641668,0.0
2007-07-17,-7.343773560508637e-05,1.038120455349541,0.0
2007-07-18,0.0011685452375384403,1.0393335460636308,0.0
2007-07-19,0.0021337839829740912,1.041551259337189,0.0
2007-07-20,-0.0013302675427049326,1.0401657175028292,0.0
2007-07-23,-0.002668404367902291,1.0373901347589023,0.0
2007-07-24,-0.006279741035328842,1.0308755933600116,0.0
2007-07-25,-0.0036427176001259526,1.0271204046925388,0.0
2007-07-26,-0.00815480245717956,1.0187444406925328,0.0
2007-07-27,-0.011979997409496651,1.0065398849320972,0.0
2007-07-30,0.007611490774462382,1.0142011539803863,0.0
2007-07-31,-0.0027463061965085356,1.0114158470667038,0.0
2007-08-01,0.002497214143085083,1.013941569024539,0.0
2007-08-02,0.00556762983146937,1.0195868203516067,0.0
2007-08-03,-0.006478280501164335,1.0129816509340788,0.0
2007-08-06,0.005883319598518413,1.0189413457339587,0.0
2007-08-07,0.0033053689602010744,1.0223093228304132,0.0
2007-08-08,0.008178557008449036,1.0306703379074507,0.0
2007-08-09,-0.010737472013074373,1.0196035439994635,0.0
2007-08-10,-0.003960878851419061,1.015565017885204,0.0
2007-08-13,0.0008616767094860867,1.0164401066080844,0.0
2007-08-14,-0.008430232165327331,1.007871280527228,0.0
2007-08-15,-0.006832459966126067,1.0009850403520175,0.0
2007-08-16,0.0033105440072109527,1.0042988453786628,0.0
2007-08-17,0.009716151753338884,1.0140567653660648,0.0
2007-08-20,0.002180500356482845,1.0162679165044393,0.0
2007-08-21,0.0023852001068023765,1.0186919188474255,0.0
2007-08-22,0.006403887813762901,1.0252155076125113,0.0
2007-08-23,-0.0013585330536709794,1.0238227184582838,0.0
2007-08-24,0.007513443554067134,1.0315151526627917,0.0
2007-08-27,-0.0033095079597010996,1.028101345054502,0.0
2007-08-28,-0.01015880042671645,1.0176570686716546,0.0
2007-08-29,0.011776177207951821,1.029641178649257,0.0
2007-08-30,0.0017185236382176727,1.031410641353648,0.0
2007-08-31,0.007337752679048487,1.0389788775504398,0.0
2007-09-04,0.00728850780437322,1.0465514832080451,0.0
2007-09-05,-0.00282121256843762,1.0435989390101017,0.0
2007-09-06,0.003321383733091876,1.0470651315500017,0.0
2007-09-07,-0.0035611294550811357,1.0433363970686507,0.0
2007-09-10,0.0008404821266885937,1.0442133026625104,0.0
2007-09-11,0.008572524876091211,1.0531648471755302,0.0
2007-09-12,-3.446156307546078e-05,1.0531285534687205,0.0
2007-09-13,0.0011219545228539768,1.0543101158124315,0.0
2007-09-14,0.0022461708254414015,1.0566782764355371,0.0
2007-09-17,0.00025134657951325634,1.0569438689059651,0.0
2007-09-18,0.013411050462325422,1.0711185964677086,0.0
2007-09-19,0.003610784970122946,1.0749861753970533,0.0
2007-09-20,-0.008020003069112047,1.066364782971116,0.0
2007-09-21,0.0036528798119858513,1.070260085359044,0.0
2007-09-24,0.0038995682178265267,1.0744336375727184,0.0
2007-09-25,-0.001638896288374922,1.0726727522719952,0.0
2007-09-26,0.002106069211753589,1.0749318753298422,0.0
2007-09-27,0.0046641055646730045,1.0799454710712126,0.0
2007-09-28,0.000545357833959953,1.080534427794111,0.0
2007-10-01,0.007718484810528642,1.088874516362293,0.0
2007-10-02,-0.0006284630274314279,1.0881901989872471,0.0
2007-10-03,-0.003869999501119506,1.0839789034600433,0.0
2007-10-04,0.005147627231328833,1.0895588227816804,0.0
2007-10-05,0.005517746747948027,1.0955707324327821,0.0
2007-10-08,-0.0038050026659463693,1.0914020828751425,0.0
2007-10-09,0.004278813058196093,1.096071988359091,0.0
2007-10-10,0.00010714693209572246,1.0961894291099996,0.0
2007-10-11,-0.0017245794279759363,1.094298963371392,0.0
2007-10-12,0.0020395572746696733,1.0965308487827996,0.0
2007-10-15,-0.0026829514185910813,1.0935889097865288,0.0
2007-10-16,-0.0035734528277702876,1.089681021404434,0.0
2007-10-17,0.0016942439260338171,1.0915272068562627,0.0
2007-10-18,0.004629290441659328,1.0965802033217735,0.0
2007-10-19,-0.009844205040080725,1.0857852429573804,0.0
2007-10-22,0.0011754201209211584,1.0870614967789518,0.0
2007-10-23,0.007689819728729563,1.095420803723225,0.0
2007-10-24,-0.001139632933542481,1.0941724260992143,0.0
2007-10-25,-0.00012284755534690273,1.09403800969154,0.0
2007-10-26,0.00854426049097784,1.1033857554333755,0.0
2007-10-29,0.0008240245175234889,1.1042949723481388,0.0
2007-10-30,-0.0001917413682873681,1.104083233319148,0.0
2007-10-31,0.006801583305754838,1.1115927474070553,0.0
2007-11-01,-0.010573628290769882,1.0998391788852573,0.0
2007-11-02,0.0034722052536243914,1.1036580462603247,0.0
2007-11-05,-0.004223422050187636,1.0989968325318817,0.0
2007-11-06,0.007889499607631273,1.10766736761093,0.0
2007-11-07,-0.00801400869527176,1.0987905116954273,0.0
2007-11-08,-0.005174769618458336,1.0931045239384556,0.0
2007-11-09,-0.004715816344851256,1.0879496437578358,0.0
2007-11-12,-0.008846951071954101,1.0783246064907603,0.0
2007-11-13,0.01341601985253546,1.092791430818918,0.0
2007-11-14,-0.0016860129323745393,1.090948970334169,0.0
2007-11-15,-0.0045892440500162335,1.0859423392631915,0.0
2007-11-16,-0.0009734936239158137,1.0848851813199785,0.0
2007-11-19,-0.0047313026443436546,1.07975226119279,0.0
2007-11-20,0.0020371874955096153,1.0819519189975404,0.0
2007-11-21,-0.005473941932478646,1.076029377019214,0.0
2007-11-23,0.008477330451722415,1.085151233623967,0.0
2007-11-26,-0.004718566431980514,1.0800308754393668,0.0
2007-11-27,0.002455040937878003,1.0826823954527427,0.0
2007-11-28,0.01227797885341321,1.0959755470090744,0.0
2007-11-29,-0.0017318539523373533,1.0940774774263218,0.0
2007-11-30,0.0013229700799336636,1.0955249091940862,0.0
2007-12-03,0.0014075320880247433,1.097066895657007,0.0
2007-12-04,-0.002769095195676738,1.0940290129869072,0.0
2007-12-05,0.0026396423538197766,1.096916858305895,0.0
2007-12-06,0.008225364694645007,1.1059393995051654,0.0
2007-12-07,-0.0037103033946551123,1.1018360287968987,0.0
2007-12-10,0.00572764494849444,1.1081469543613065,0.0
2007-12-11,-0.011346263586789765,1.0955736269242249,0.0
2007-12-12,0.003626220370193556,1.0995464183272243,0.0
2007-12-13,-0.008594441784267562,1.090096430645811,0.0
2007-12-14,-0.008455005940594368,1.08087965884888,0.0
2007-12-17,-0.008362077839620924,1.0718412590063229,0.0
2007-12-18,0.006111485426077673,1.0783918012398088,0.0
2007-12-19,0.004339699126242297,1.0830716971973962,0.0
2007-12-20,0.0006651932175862074,1.0837921491445315,0.0
2007-12-21,0.007157544785573913,1.0915494399902868,0.0
2007-12-24,0.0048427452925979275,1.0968355359024375,0.0
2007-12-26,-0.00047318201116160197,1.0963165330576456,0.0
2007-12-27,-0.0013440898731190698,1.0948429851078298,0.0
2007-12-28,0.0022408478658574316,1.0972963616744578,0.0
2007-12-31,-0.001618922968280062,1.095519923391533,0.0
2008-01-02,0.0024549145565171543,1.0982093311984213,0.0
2008-01-03,-0.002205009495172175,1.095787769195442,0.0
2008-01-04,-0.013979913255088863,1.0804687512361024,0.0
2008-01-07,-0.0005288082509421477,1.0798973904455635,0.0
2008-01-08,-0.0071054815956823475,1.0722241994125272,0.0
2008-01-09,0.004182036480476201,1.0767082801297196,0.0
2008-01-10,0.005405649848341604,1.082528588080911,0.0
2008-01-11,-0.0011383925801653483,1.0812962455684227,0.0
2008-01-14,0.004991678144301695,1.0866937284049423,0.0
2008-01-15,-0.008705330105900022,1.077233700775166,0.0
2008-01-16,-0.005625261818070881,1.0711739791690562,0.0
2008-01-17,-0.005166527048107827,1.06563972983245,0.0
2008-01-18,-0.002134266723955641,1.0633653704173436,0.0
2008-01-22,0.0013845081596540465,1.0648376084493798,0.0
2008-01-23,0.013558595546933047,1.0792753109055084,0.0
2008-01-24,0.0030030228631708067,1.0825163993398135,0.0
2008-01-25,-0.0022819910807508476,1.0800461065717535,0.0
2008-01-28,0.008736886909222988,1.0894823472616175,0.0
2008-01-29,-0.0022832147338622266,1.0869948251140669,0.0
2008-01-30,-0.002583676652926248,1.084186381962568,0.0
2008-01-31,0.007742194490855503,1.0925803637960592,0.0
2008-02-01,0.006269473773938092,1.0994302677327983,0.0
2008-02-04,-0.006681809184312909,1.0920840844723496,0.0
2008-02-05,-0.014091100427718883,1.0766954179625363,0.0
2008-02-06,-0.004660425086900302,1.071677559625713,0.0
2008-02-07,4.133746312985631e-05,1.0717218600573213,0.0
2008-02-08,0.00012371707505159923,1.0718544503511165,0.0
2008-02-11,-0.00020905106329041634,1.071630378038578,0.0
2008-02-12,0.0012958149633710836,1.0730190127176435,0.0
2008-02-13,0.002926081305508532,1.0761587535912118,0.0
2008-02-14,-0.006658201620383872,1.0689934716342606,0.0
2008-02-15,0.0010819956602130393,1.070150117931365,0.0
2008-02-19,0.000827511544855955,1.0710356795086822,0.0
2008-02-20,0.004940395511320986,1.0763270193721914,0.0
2008-02-21,-0.0016395721729578622,1.074562303542226,0.0
2008-02-22,0.0042249450769513835,1.0791022702564543,0.0
2008-02-25,0.003379603072077103,1.0827492076040985,0.0
2008-02-26,0.005169821837054431,1.0883468281016235,0.0
2008-02-27,0.0031058249215236283,1.0917270428036028,0.0
2008-02-28,0.0014507560787767881,1.0933108724473153,0.0
2008-02-29,-0.005089926029306274,1.0877460009795221,0.0
2008-03-03,0.0007488364003650633,1.0885605447794073,0.0
2008-03-04,-0.005429018031118962,1.0826507299538353,0.0
2008-03-05,0.005197742249482509,1.0882780693943492,0.0
2008-03-06,-0.010176366619730731,1.0772033527759795,0.0
2008-03-07,-6.0384622983494785e-05,1.0771383062576454,0.0
2008-03-10,-0.003454848730909829,1.0734169563472569,0.0
2008-03-11,0.014978800846035673,1.0894954551611402,0.0
2008-03-12,0.003009938636113707,1.0927747696255001,0.0
2008-03-13,0.0023544814400064396,1.0953476875386907,0.0
2008-03-14,-0.003669341600076953,1.091328482702257,0.0
2008-03-17,-0.0005792272098456841,1.090696355550196,0.0
2008-03-18,0.012535933800975937,1.1043692528603388,0.0
2008-03-19,-0.008507214401732188,1.094974146847575,0.0
2008-03-20,0.004531892806159579,1.0999364523066042,0.0
2008-03-24,0.006109278369224702,1.1066562702822027,0.0
2008-03-25,0.007729812492765276,1.1152105157454273,0.0
2008-03-26,-0.0017897303985334873,1.1132145895846335,0.0
2008-03-27,-0.006487069349751309,1.105993089340843,0.0
2008-03-28,-0.0034059974002426247,1.1022260797538617,0.0
2008-03-31,0.0006375772701113086,1.1029288340488366,0.0
2008-04-01,0.007953823567211651,1.1117013354020515,0.0
2008-04-02,0.0032515620436714826,1.1153161012681438,0.0
2008-04-03,0.0035603944148700356,1.1192870664859136,0.0
2008-04-04,0.0029552319301153207,1.1225948193637578,0.0
2008-04-07,-0.0007252887126572988,1.1217806140123858,0.0
2008-04-08,-0.0024025317360883702,1.1190855004862923,0.0
2008-04-09,-0.00086375277956946,1.1181188872746715,0.0
2008-04-10,0.0015159483705448618,1.119813897779911,0.0
2008-04-11,-0.007039719034073147,1.1119307225690902,0.0
2008-04-14,-0.00269219488344076,1.1089371883670491,0.0
2008-04-15,-1.7005149422932853e-05,1.1089183307244603,0.0
2008-04-16,0.014115486190796472,1.1245712521085225,0.0
2008-04-17,-0.0015581767041050326,1.1228189713813808,0.0
2008-04-18,0.0019566907628489894,1.1250159808910343,0.0
2008-04-21,0.0006806075255399446,1.1257816752339813,0.0
2008-04-22,-0.0014680932102694721,1.1241289228003244,0.0
2008-04-23,0.0006140678820252543,1.1248192142670717,0.0
2008-04-24,-0.002247398189199362,1.1222912976017512,0.0
2008-04-25,0.0006571442185770854,1.1230288048395294,0.0
2008-04-28,0.002345757820740882,1.125663158441399,0.0
2008-04-29,-0.003824966733639232,1.1213575343070774,0.0
2008-04-30,-0.0005107214554208594,1.120784832955109,0.0
2008-05-01,0.006885785202604855,1.128502316573175,0.0
2008-05-02,-0.0029973815874661247,1.1251197645080657,0.0
2008-05-05,0.001739134246045354,1.1270764988214241,0.0
2008-05-06,0.0013724724689242324,1.1286233802864278,0.0
2008-05-07,-0.008816587291263916,1.1186727737351712,0.0
2008-05-08,0.0035578421829211837,1.1226528349184517,0.0
2008-05-09,0.00042261880425298326,1.1231272891171362,0.0
2008-05-12,0.005983248005194286,1.1298472382293254,0.0
2008-05-13,-0.004318104403006173,1.124968439895203,0.0
2008-05-14,0.00016316196896931645,1.1251519919608846,0.0
2008-05-15,0.010099247988704763,1.1365151809526828,0.0
2008-05-16,0.0031463900448111815,1.140091101003809,0.0
2008-05-19,0.00026042569450032693,1.1403880100205814,0.0
2008-05-20,0.0005298710226340902,1.1409922685816507,0.0
2008-05-21,-0.005913297368959847,1.1342452420018434,0.0
2008-05-22,-0.0049717644362731045,1.1286060418456467,0.0
2008-05-23,-0.0014356069588345732,1.1269858071581904,0.0
2008-05-27,-0.0005140564122775027,1.126406472877475,0.0
2008-05-28,-0.0008033653485946951,1.1255015569487323,0.0
2008-05-29,-0.0033310014322671666,1.1217525096505172,0.0
2008-05-30,0.003611168314406818,1.1258033467699735,0.0
2008-06-02,-0.004135686248975506,1.1211473773496863,0.0
2008-06-03,-0.0010773862746863566,1.1199394685534292,0.0
2008-06-04,-9.755630775029611e-06,1.1199285428374837,0.0
2008-06-05,0.007508962478438783,1.128338044244183,0.0
2008-06-06,-0.005423801626939673,1.1222181625240735,0.0
2008-06-09,-0.005951252499802134,1.1155395588790287,0.0
2008-06-10,-0.007506260752837016,1.107166028069978,0.0
2008-06-11,-0.003954419882396504,1.102787828715464,0.0
2008-06-12,-0.0037418995817631584,1.0986613074004201,0.0
2008-06-13,0.0060150657943881525,1.1052698274501822,0.0
2008-06-16,0.0037996940818225966,1.1094695146723617,0.0
2008-06-17,-0.0032596623107456063,1.105853018710463,0.0
2008-06-18,-0.0007403952386803719,1.1050342504007293,0.0
2008-06-19,0.0027243272983483863,1.1080447253747059,0.0
2008-06-20,-0.005631725681182961,1.1018045214389138,0.0
2008-06-23,-0.007851476823359377,1.0931537287749635,0.0
2008-06-24,0.0010577179466720044,1.09430997709236,0.0
2008-06-25,0.005923611423600775,1.1007922441736246,0.0
2008-06-26,-0.006727388229371065,1.093386787387188,0.0
2008-06-27,0.001380528057156244,1.0948962385245,0.0
2008-06-30,-0.0011341389728335566,1.0936544740291805,0.0
2008-07-01,0.0034118483884944123,1.0973858572839665,0.0
2008-07-02,-0.004409079956673112,1.0925473952958793,0.0
2008-07-03,-0.004554048261701485,1.0875718817295057,0.0
2008-07-07,-0.00299078608382522,1.0843191868804696,0.0
2008-07-08,0.01430900949785309,1.0998347204242465,0.0
2008-07-09,-0.011932530159936325,1.086710909451839,0.0
2008-07-10,0.007713763287766615,1.095093540169584,0.0
2008-07-11,-0.0038417009137179797,1.090886518315708,0.0
2008-07-14,-0.0039871674578459,1.0865369710896768,0.0
2008-07-15,-0.004207121033448918,1.0819657785449857,0.0
2008-07-16,0.00939847105973135,1.0921346026022603,0.0
2008-07-17,0.0025476166079268364,1.0949169428539414,0.0
2008-07-18,-0.0007777146180067973,1.0940654099419806,0.0
2008-07-21,0.004705093425611456,1.0992130899094876,0.0
2008-07-22,0.0005296682664916175,1.099795308201325,0.0
2008-07-23,0.0009739126438020745,1.1008664127575762,0.0
2008-07-24,-0.009091098550848331,1.0908583277078783,0.0
2008-07-25,0.002554023868578781,1.0936444059140822,0.0
2008-07-28,-0.00427049069550825,1.0889740076544314,0.0
2008-07-29,0.007515987168990559,1.0971587223233263,0.0
2008-07-30,0.0012539633014370943,1.0985345190969713,0.0
2008-07-31,-2.3344843466444054e-05,1.0985088739805806,0.0
2008-08-01,-0.00354874662979672,1.0946105443162402,0.0
2008-08-04,-0.007072469336970935,1.0868689448056386,0.0
2008-08-05,0.008588471117502633,1.0962034873466122,0.0
2008-08-06,0.0010276264588086892,1.097329975054448,0.0
2008-08-07,-0.004607184823863603,1.0922743730466067,0.0
2008-08-08,0.004409106381406555,1.0970903269550532,0.0
2008-08-11,-0.0015119545546972146,1.0954315762382991,0.0
2008-08-12,-0.0021920417709161144,1.0930303444660043,0.0
2008-08-13,-0.0016684520548389953,1.0912066757417787,0.0
2008-08-14,0.001190955749422809,1.0925062546060618,0.0
2008-08-15,-0.001811028673493545,1.0905276944529991,0.0
2008-08-18,-0.0022130767780433325,1.088114272936592,0.0
2008-08-19,-0.003076420759854065,1.0847667755982364,0.0
2008-08-20,0.0007554937831734526,1.085586310153394,0.0
2008-08-21,0.001489019113792997,1.0872027689188846,0.0
2008-08-22,0.0037536249918242587,1.0912837204034789,0.0
2008-08-25,-0.006593657166885938,1.0840881696793345,0.0
2008-08-26,0.0007109239180403126,1.0848588738884242,0.0
2008-08-27,0.004677734331543226,1.0899335554876912,0.0
2008-08-28,0.006784630727548632,1.0973283521792392,0.0
2008-08-29,-0.006201336448268341,1.0905234498731518,0.0
2008-09-02,-0.004851915036295326,1.0852323227492795,0.0
2008-09-03,0.001468131104139056,1.0868255860775249,0.0
2008-09-04,-0.011504954026886727,1.0743217076744587,0.0
2008-09-05,-0.0004650639730011952,1.0738220793528062,0.0
2008-09-08,0.007218328274146993,1.0815732796296018,0.0
2008-09-09,-0.013118969820958365,1.067384152414986,0.0
2008-09-10,-0.00441183635641898,1.0626750282050963,0.0
2008-09-11,0.003256429652272394,1.0661355546776727,0.0
2008-09-12,0.00405032912142457,1.07045375456217,0.0
2008-09-15,-0.011014802750973565,1.0586629176016287,0.0
2008-09-16,0.0032374927378978485,1.0620903311092456,0.0
2008-09-17,-0.00900762226589144,1.0525234225943578,0.0
2008-09-18,0.0207951142629781,1.0744107674316683,0.0
2008-09-19,0.014691862864394029,1.0901958630868027,0.0
2008-09-22,-0.01186264074617159,1.0772632612200415,0.0
2008-09-23,-0.007111239284917692,1.0696025843966548,0.0
2008-09-24,-0.0006818228778383978,1.0688733048844181,0.0
2008-09-25,0.0014117578442799927,1.0703822951571302,0.0
2008-09-26,0.003276972086642696,1.0738899080603967,0.0
2008-09-29,-0.031155070917473965,1.0404327918172156,0.0
2008-09-30,0.007963721868215604,1.048718509193819,0.0
2008-10-01,0.004565649231112481,1.0535065900489733,0.0
2008-10-02,-0.027002841800614685,1.0250589182619758,0.0
2008-10-03,-0.007661872976299305,1.0172050470370297,0.0
2008-10-06,-0.015934287351445253,1.0009966095222014,0.0
2008-10-07,-0.021436558264612673,0.979538687379499,0.0
2008-10-08,-0.01072638267858049,0.969031780570192,0.0
2008-10-09,-0.027159870075299727,0.9427130033110692,0.0
2008-10-10,-0.013778221708284855,0.9297240945441662,0.0
2008-10-13,0.05423151725914031,0.9801444428236767,0.0
2008-10-14,-0.015559230105387012,0.9648941499012668,0.0
2008-10-15,-0.042436048097269155,0.923947855347283,0.0
2008-10-16,0.007453833038685784,0.9308348083974933,0.0
2008-10-17,-0.007380094468701262,0.9239651595767644,0.0
2008-10-20,0.017155969989603212,0.9398166781259022,0.0
2008-10-21,-0.019757727805773617,0.9212480360121642,0.0
2008-10-22,-0.026031497893342748,0.8972665697034674,0.0
2008-10-23,-0.0001360623916393522,0.8971444854680556,0.0
2008-10-24,-0.022792012396595063,0.8766967572337309,0.0
2008-10-27,-0.021900675419652668,0.8574965061120928,0.0
2008-10-28,0.0511444441544576,0.9013526882815852,0.0
2008-10-29,0.0023682124768308055,0.9034872829639986,0.0
2008-10-30,0.014316333076909118,0.9164219078376629,0.0
2008-10-31,0.0028628662801253313,0.9190455012159794,0.0
2008-11-03,-0.003940667598453226,0.9154238483878333,0.0
2008-11-04,0.03154766221330996,0.9443033307387809,0.0
2008-11-05,-0.02832308194468533,0.9175577501216271,0.0
2008-11-06,-0.022444161507542068,0.8969639357854005,0.0
2008-11-07,0.015578780085097416,0.9109375396852647,0.0
2008-11-10,-0.012172682743716468,0.8998489860153343,0.0
2008-11-11,-0.012404649449672192,0.888686674786171,0.0
2008-11-12,-0.024400452458491095,0.8670023178275565,0.0
2008-11-13,0.032260807301538796,0.8949725125329789,0.0
2008-11-14,-0.023789802987668085,0.873681292780441,0.0
2008-11-17,-0.011194775610699204,0.8639006267524985,0.0
2008-11-18,0.00044042363623189584,0.8642811090078758,0.0
2008-11-19,-0.032384232159082565,0.8362920289230554,0.0
2008-11-20,-0.018829508960507002,0.8205450606708481,0.0
2008-11-21,0.029910213364742852,0.845087738510899,0.0
2008-11-24,0.04157863578997638,0.8802253338010184,0.0
2008-11-25,0.011099261973526411,0.8899951853766106,0.0
2008-11-26,0.018212242197643044,0.9062039932474255,0.0
2008-11-28,-0.0019354357570916803,0.9044500936356752,0.0
2008-12-01,-0.049364105632932725,0.8598027236737279,0.0
2008-12-02,0.03143146683252454,0.886827584465393,0.0
2008-12-03,0.01288886514524229,0.8982577856086484,0.0
2008-12-04,-0.00761698007064239,0.891415773957368,0.0
2008-12-05,0.0165618510714739,0.9061792692484127,0.0
2008-12-08,0.02662108169812992,0.9303027416082263,0.0
2008-12-09,-0.010594287639814806,0.9204468467715204,0.0
2008-12-10,0.01728763281451043,0.9363591938837804,0.0
2008-12-11,-0.019691706497675487,0.917920683461421,0.0
2008-12-12,0.019777467519716346,0.9360748299642552,0.0
2008-12-15,-0.001374228139048167,0.9347884495926635,0.0
2008-12-16,0.04123352113622278,0.9733330688868395,0.0
2008-12-17,0.01079426461462811,0.9838394835905722,0.0
2008-12-18,-0.007821253284946345,0.9761446257976795,0.0
2008-12-19,0.0032143569179229198,0.9792823030285054,0.0
2008-12-22,-0.0037303965151815333,0.9756291917379089,0.0
2008-12-23,-0.002105117456724648,0.9735753776950913,0.0
2008-12-24,0.0015278685375501033,0.9750628728836052,0.0
2008-12-26,0.010085032073119157,0.984896413229944,0.0
2008-12-29,-0.007276381112500771,0.977729931570948,0.0
2008-12-30,0.012545684078761166,0.989996222406786,0.0
2008-12-31,0.006279290450722896,0.9962126962323967,0.0
2009-01-02,-0.0014948972953295336,0.994723460567226,0.0
2009-01-05,-0.004992444203391941,0.9897573591925393,0.0
2009-01-06,0.008492631260095501,0.9981630034811274,0.0
2009-01-07,-0.015703718291372612,0.9824881328655893,0.0
2009-01-08,0.0028233551885605834,0.9852620458332146,0.0
2009-01-09,-0.012773022084504315,0.972677271962763,0.0
2009-01-12,-0.018454271458732407,0.954727221544223,0.0
2009-01-13,0.002266842971930652,0.9568914382364913,0.0
2009-01-14,-0.015080249514720104,0.9424612765893856,0.0
2009-01-15,0.006772707565682559,0.9488442912077053,0.0
2009-01-16,0.009860062893006685,0.9581999555946837,0.0
2009-01-20,-0.030252950158742395,0.9292115800959686,0.0
2009-01-21,0.01955297631911329,0.9473804321170309,0.0
2009-01-22,-0.013486660458983904,0.934603433903583,0.0
2009-01-23,0.007612898308946944,0.9417184748050836,0.0
2009-01-26,0.0024044436878120357,0.9439827838475248,0.0
2009-01-27,0.008223264714630807,0.9517454041651571,0.0
2009-01-28,0.018116707415684316,0.9689878971866394,0.0
2009-01-29,-0.023748540473492022,0.9459758488919785,0.0
2009-01-30,-0.00874006427657173,0.9377079591685781,0.0
2009-02-02,0.0017806413305931218,0.9393776807166998,0.0
2009-02-03,8.715348289375924e-06,0.9393858677203625,0.0
2009-02-04,-0.005444413505001008,0.9342714626157387,0.0
2009-02-05,0.002127676308288598,0.9362592898722564,0.0
2009-02-06,0.01740723002532099,0.9525569706944064,0.0
2009-02-09,0.0027405069338762716,0.9551674596775065,0.0
2009-02-10,-0.016436050329224586,0.9394682792374094,0.0
2009-02-11,0.007807195650671728,0.9468028919010157,0.0
2009-02-12,-0.0012439942913354957,0.945625074508471,0.0
2009-02-13,-0.013977947292007908,0.9324071770589906,0.0
2009-02-17,-0.015173978822380377,0.918258850300462,0.0
2009-02-18,0.00022975402511189735,0.9184698239674132,0.0
2009-02-19,-0.01129504590545545,0.9080956651429256,0.0
2009-02-20,0.011202021636663617,0.918268172432017,0.0
2009-02-23,-0.021506131720123348,0.8985197761612971,0.0
2009-02-24,0.018175317403839986,0.9148506582866559,0.0
2009-02-25,-0.01074422052886656,0.9050213010630453,0.0
2009-02-26,-0.015952520083199473,0.8905839305821138,0.0
2009-02-27,-0.009493557569857133,0.8821291207663429,0.0
2009-03-02,-0.020049434840835476,0.8644429304383346,0.0
2009-03-03,-0.0021294489176094805,0.8626021433757776,0.0
2009-03-04,0.006156928214935603,0.8679131228505919,0.0
2009-03-05,-0.01411071295517169,0.8556662499040205,0.0
2009-03-06,-0.0033366921809096922,0.8528111550184975,0.0
2009-03-09,-0.00535411059275849,0.8482451097797903,0.0
2009-03-10,0.03278841536247672,0.8760577227684396,0.0
2009-03-11,0.008177676606077502,0.8832218395134966,0.0
2009-03-12,0.025699290949775522,0.90592001454035,0.0
2009-03-13,-0.0016521093724957414,0.9044233355935964,0.0
2009-03-16,-0.014552665740067944,0.8912615651031855,0.0
2009-03-17,0.0159036982686475,0.9054359201130292,0.0
2009-03-18,0.03192729387639073,0.9343440388207183,0.0
2009-03-19,-0.007283286465596395,0.9275389435285647,0.0
2009-03-20,-0.01827729503689647,0.9105860405994819,0.0
2009-03-23,0.03642283796907028,0.9437521684131341,0.0
2009-03-24,-0.016445599357103186,0.9282315983590144,0.0
2009-03-25,0.004854203769099258,0.9327374236823658,0.0
2009-03-26,0.01215712397057532,0.9440768281740674,0.0
2009-03-27,-0.01432662212829,0.9305513961967429,0.0
2009-03-30,-0.021048418121977677,0.9109647613256038,0.0
2009-03-31,0.015298123512535622,0.9249008127599303,0.0
2009-04-01,0.005843184476748753,0.9303051788315815,0.0
2009-04-02,0.017810595781983588,0.9468744683256368,0.0
2009-04-03,0.010813870131066383,0.9571138458565329,0.0
2009-04-06,-0.007948600850317983,0.9495061299275065,0.0
2009-04-07,-0.015522935632816759,0.9347670073896768,0.0
2009-04-08,0.008146911891582662,0.9423824718380389,0.0
2009-04-09,0.02562563054361068,0.9665316168921351,0.0
2009-04-13,0.006306109732922019,0.9726266713285954,0.0
2009-04-14,-0.015322719479889252,0.9577233856851688,0.0
2009-04-15,0.01254609289836725,0.9697390722529137,0.0
2009-04-16,0.006789872235590008,0.9763234766553704,0.0
2009-04-17,0.0014687903070802755,0.9777574911144568,0.0
2009-04-20,-0.022341803115053988,0.9559126257537084,0.0
2009-04-21,0.015052493392411229,0.9703014942365885,0.0
2009-04-22,-0.0040139778224444755,0.9664067255576381,0.0
2009-04-23,0.011351433314209014,0.9773768270572087,0.0
2009-04-24,0.01248696485461287,0.9895812971463851,0.0
2009-04-27,-0.011417790169647793,0.9782824655397597,0.0
2009-04-28,-0.0027735667522259255,0.975569133819053,0.0
2009-04-29,0.012201857046858527,0.9874728889292407,0.0
2009-04-30,-0.0006763711843271736,0.9868049907218647,0.0
2009-05-01,-0.004681944249253722,0.9821848247704196,0.0
2009-05-04,0.020995283581801347,1.0028060736962163,0.0
2009-05-05,-0.005635482835253225,0.9971547772808137,0.0
2009-05-06,0.00966738928369841,1.006794660688887,0.0
2009-05-07,-0.017573726592319525,0.9891015265873333,0.0
2009-05-08,0.01701362475280968,1.0059297288031215,0.0
2009-05-11,-0.005115106212336365,1.0007842913981468,0.0
2009-05-12,0.0005121543830272218,1.0012968474594512,0.0
2009-05-13,-0.01433969373221669,0.9869385573318487,0.0
2009-05-14,0.004992558490325871,0.9918659058056858,0.0
2009-05-15,-0.00801067586661701,0.983920389531128,0.0
2009-05-18,0.015820745623146837,0.9994867437273277,0.0
2009-05-19,-0.0003881727462381468,0.9990987702131865,0.0
2009-05-20,0.004301500790796678,1.0033963943633426,0.0
2009-05-21,-0.006457500498423752,0.9969169616466247,0.0
2009-05-22,-0.002861669189962654,0.9940641150925293,0.0
2009-05-26,0.011517076092361272,1.0055128271467357,0.0
2009-05-27,-0.012146130487267426,0.9932997371415903,0.0
2009-05-28,0.009226850015533361,1.0024647648366645,0.0
2009-05-29,0.017817193139612775,1.0203258731674159,0.0
2009-06-01,0.009831501169456955,1.0303572081826886,0.0
2009-06-02,0.0006722291934723734,1.0310498443777338,0.0
2009-06-03,-0.004980905366878438,1.0259142826743537,0.0
2009-06-04,0.00558132489974969,1.0316402436052527,0.0
2009-06-05,-0.007111982170013562,1.0243032365868638,0.0
2009-06-08,-0.004645656680599269,1.0195446754128548,0.0
2009-06-09,0.004242914501819045,1.0238705163014163,0.0
2009-06-10,-0.0062014577920495445,1.0175210265100492,0.0
2009-06-11,0.001319613167537162,1.0188637606548778,0.0
2009-06-12,0.003739894319359588,1.0226742034455525,0.0
2009-06-15,-0.01475526701490705,1.007584372504456,0.0
2009-06-16,-0.002055367865830285,1.0055134159630976,0.0
2009-06-17,-0.0014741472526001026,1.004031141123503,0.0
2009-06-18,-0.0022164925892804166,1.001805713539796,0.0
2009-06-19,0.006357485710524885,1.0081746790483475,0.0
2009-06-22,-0.016383596497710276,0.9916571519076108,0.0
2009-06-23,0.005249707243950921,0.9968630616414961,0.0
2009-06-24,0.00435546826553905,1.0012048670715639,0.0
2009-06-25,0.013495685361449905,1.014716812939914,0.0
2009-06-26,0.0020455070879134007,1.0167924233730075,0.0
2009-06-29,0.0031336338677250414,1.0199786785473353,0.0
2009-06-30,-0.0020829582508219285,1.0178541055431927,0.0
2009-07-01,0.005391988729430669,1.0233423634084864,0.0
2009-07-02,-0.01706160569458777,1.0058824995134432,0.0
2009-07-06,-0.00040406053708454126,1.005476062090446,0.0
2009-07-07,-0.011492014471360723,0.9939211166342957,0.0
2009-07-08,0.0016253072126045515,0.9955365437939213,0.0
2009-07-09,-0.0006254452367031038,0.9949138902046415,0.0
2009-07-10,0.0003647158886568719,0.9952767511082445,0.0
2009-07-13,0.010592641090314409,1.0058193605182684,0.0
2009-07-14,0.0006137835314686535,1.0064367158773868,0.0
2009-07-15,0.013890490202105685,1.0204166152183212,0.0
2009-07-16,0.005155487450251586,1.0256773602721074,0.0
2009-07-17,-0.004369414359193177,1.0211957508862353,0.0
2009-07-20,0.012723201940686268,1.0341886306457315,0.0
2009-07-21,0.005134131815511311,1.0394982913975699,0.0
2009-07-22,-3.13449244212366e-05,1.03946570840219,0.0
2009-07-23,0.007923584196969521,1.0477020024625774,0.0
2009-07-24,0.0024145104724913324,1.0502316899195734,0.0
2009-07-27,0.0019453119596638396,1.0522747181863918,0.0
2009-07-28,-0.002782144244158888,1.0493471381359156,0.0
2009-07-29,-0.002285460258980035,1.0469488969538316,0.0
2009-07-30,0.010638412902860495,1.0580867716078208,0.0
2009-07-31,0.009435843598519872,1.0680707128983749,0.0
2009-08-03,0.005302394014872133,1.0737340446539074,0.0
2009-08-04,0.006501578938003155,1.0807150113036463,0.0
2009-08-05,0.000722352039044416,1.0814956679956875,0.0
2009-08-06,-0.003998270860919265,1.07717155538013,0.0
2009-08-07,0.006482031099646804,1.0841538149017589,0.0
2009-08-10,-0.002274796078321553,1.081687586055323,0.0
2009-08-11,-0.004354199023391098,1.0769777030245067,0.0
2009-08-12,0.002958694834304082,1.080164151391106,0.0
2009-08-13,0.005142154761289999,1.0857185226251564,0.0
2009-08-14,-0.004938376127169519,1.0803568361921987,0.0
2009-08-17,-0.016524956435216107,1.0625039865396346,0.0
2009-08-18,0.0059931108063102645,1.068871690663113,0.0
2009-08-19,0.0045503300663023855,1.073735409654157,0.0
2009-08-20,0.008584170359680343,1.0829525373318494,0.0
2009-08-21,0.00782759710654607,1.0914294534795947,0.0
2009-08-24,-0.00030860810657096227,1.0910926295025005,0.0
2009-08-25,0.003798344631112824,1.095236975333818,0.0
2009-08-26,0.0009033707647192885,1.096226380397774,0.0
2009-08-27,0.0017982174109398424,1.098197633761337,0.0
2009-08-28,0.0030989165257631346,1.101600856557154,0.0
2009-08-31,-0.004171728588711079,1.0970052767705059,0.0
2009-09-01,-0.01332293835026263,1.0823899430981796,0.0
2009-09-02,0.002297684231084604,1.084876933402321,0.0
2009-09-03,0.005429931183782197,1.0907677404935683,0.0
2009-09-04,0.004512086448886496,1.095689378834332,0.0
2009-09-08,0.008781875130862954,1.105311586141468,0.0
2009-09-09,0.00330460454335027,1.1089642038308487,0.0
2009-09-10,0.010579569084527035,1.1206965672375446,0.0
2009-09-11,0.0034616010028185318,1.1245759715985495,0.0
2009-09-14,0.0022642546543047426,1.1271222979763609,0.0
2009-09-15,0.004560979867330658,1.1322630800854505,0.0
2009-09-16,0.0122579084855262,1.1461422573026778,0.0
2009-09-17,0.0009861771728119362,1.1472725566336248,0.0
2009-09-18,-0.0027832551713797143,1.1440794043573923,0.0
2009-09-21,-0.002219020417337264,1.1415406688000682,0.0
2009-09-22,0.008072348390195036,1.1507555827801985,0.0
2009-09-23,-0.006664120389434619,1.1430868090377373,0.0
2009-09-24,-0.00848049288487912,1.1333928694868936,0.0
2009-09-25,-0.0002741372841220252,1.1330821642438091,0.0
2009-09-28,0.011394914634634906,1.1459935387793947,0.0
2009-09-29,-0.003103544670044839,1.14243689664021,0.0
2009-09-30,0.0007338481510009154,1.1432752718444448,0.0
2009-10-01,-0.01524495449551204,1.125846092349332,0.0
2009-10-02,-0.0016543480713474001,1.12398355103782,0.0
2009-10-05,0.010499051698437789,1.1357843124483598,0.0
2009-10-06,0.005272440379148938,1.1417726675193163,0.0
2009-10-07,0.0035582973900687848,1.1458354342222021,0.0
2009-10-08,0.005309437991686178,1.1519191764088819,0.0
2009-10-09,-0.002626387208737327,1.1488937906184624,0.0
2009-10-12,0.0026200595463053283,1.1519039607622632,0.0
2009-10-13,0.00018519106195701018,1.1521172830800293,0.0
2009-10-14,0.006873816665448701,1.1600367260610163,0.0
2009-10-15,-0.003372412328890559,1.1561246039040822,0.0
2009-10-16,-0.003409833246939775,1.152182411792085,0.0
2009-10-19,0.00789059989739141,1.1612738222123478,0.0
2009-10-20,-0.0028545232917506075,1.1579589390387424,0.0
2009-10-21,-0.0027747786742260416,1.1547458592690683,0.0
2009-10-22,0.005470654863753338,1.1610630753204776,0.0
2009-10-23,-0.005989559012474985,1.15410881951364,0.0
2009-10-26,-0.007403064910261298,1.1455648770092755,0.0
2009-10-27,-0.003075293648109656,1.1420419286195114,0.0
2009-10-28,-0.013551793219739941,1.1265652125545866,0.0
2009-10-29,0.01373275885726967,1.1420360609555877,0.0
2009-10-30,-0.008730010273286584,1.1320660744109818,0.0
2009-11-02,0.0036608392488625824,1.1362103863284914,0.0
2009-11-03,0.0038812043828872766,1.1406202510597916,0.0
2009-11-04,-0.0013591953709083254,1.1390699252945868,0.0
2009-11-05,0.008262935531270638,1.1484819866529052,0.0
2009-11-06,-6.93605309135259e-05,1.1484023273325663,0.0
2009-11-09,0.014428528937781904,1.1649720835447004,0.0
2009-11-10,-0.0005807456281918949,1.164295531100216,0.0
2009-11-11,0.006135021141212921,1.1714385087981358,0.0
2009-11-12,-0.006067465799093674,1.164330845710262,0.0
2009-11-13,0.006242186657519383,1.1715988161802926,0.0
2009-11-16,0.011461011845398689,1.18502652409059,0.0
2009-11-17,-0.0012011435049190111,1.1836031371780218,0.0
2009-11-18,0.0011655958238485642,1.1849827400518105,0.0
2009-11-19,-0.0060955915778439645,1.1777595692416603,0.0
2009-11-20,-0.0017819383001602407,1.1756608743568482,0.0
2009-11-23,0.007115859712911621,1.1840267122087307,0.0
2009-11-24,-0.00015018070223092594,1.183848894245631,0.0
2009-11-25,0.0061068278146614585,1.1910784556013663,0.0
2009-11-27,-0.010617768086807464,1.1784318607865982,0.0
2009-11-30,0.007218728941306957,1.1869386409654168,0.0
2009-12-01,0.005708811134179134,1.1937146494945476,0.0
2009-12-02,0.003738197099992971,1.1981769901355073,0.0
2009-12-03,-0.004920318667676185,1.1922815775237634,0.0
2009-12-04,-0.0037906925984217132,1.1877620045726096,0.0
2009-12-07,-0.0037373316581556237,1.1833229440305661,0.0
2009-12-08,-0.005422946288879182,1.17690584726269,0.0
2009-12-09,0.0007616951239103054,1.1778022907078516,0.0
2009-12-10,-0.0004256486625820316,1.1773009607380258,0.0
2009-12-11,-0.0010629228883166086,1.1760495806004203,0.0
2009-12-14,0.006734108460554777,1.1839692260311736,0.0
2009-12-15,-0.004640601235802136,1.1784748969777017,0.0
2009-12-16,0.002946172069639111,1.1819468868039482,0.0
2009-12-17,-0.007090249996198214,1.17356658789428,0.0
2009-12-18,0.004149596385496113,1.1784364155655451,0.0
2009-12-21,-0.0014933621335102565,1.17667658324579,0.0
2009-12-22,0.0003231767707407157,1.1770568577841696,0.0
2009-12-23,0.003997371822654028,1.1817619917011377,0.0
2009-12-24,0.004641495728474276,1.1872471349376916,0.0
2009-12-28,0.0009208822444808917,1.1883404497440664,0.0
2009-12-29,-0.003545269061072276,1.184127463113568,0.0
2009-12-30,0.0013197178313491126,1.1856901772412292,0.0
2009-12-31,-0.005217149892355805,1.1795042538606677,0.0
2010-01-04,0.008331850279063649,1.1893317067073534,0.0
2010-01-05,0.0016785466071233962,1.1913280554083914,0.0
2010-01-06,-0.0003080392216672223,1.1909610796414531,0.0
2010-01-07,0.0011018544955165022,1.1922733454610415,0.0
2010-01-08,0.002262593678821062,1.1949709755959084,0.0
2010-01-11,0.0022360418557928335,1.1976429807137983,0.0
2010-01-12,-0.005288574145580802,1.1913091570103589,0.0
2010-01-13,0.004707506692226568,1.196917252839496,0.0
2010-01-14,0.0033017651230537876,1.200869192480103,0.0
2010-01-15,-0.005326249691829599,1.1944730633137282,0.0
2010-01-19,0.00568146977250493,1.2012594259170164,0.0
2010-01-20,-0.007597678081382231,1.1921326435066728,0.0
2010-01-21,-0.009953778209176478,1.180266419577288,0.0
2010-01-22,-0.010720392490709663,1.167613500315815,0.0
2010-01-25,0.0017545645101066376,1.1696621535249907,0.0
2010-01-26,-0.0016636937950337133,1.1677161938578853,0.0
2010-01-27,0.0006618152797073923,1.168489006277342,0.0
2010-01-28,-0.006874664265164879,1.1604560366616492,0.0
2010-01-29,-0.004872639850250271,1.154801552332948,0.0
2010-02-01,0.008049349010470733,1.1640969530655092,0.0
2010-02-02,0.006492539918017126,1.171654899001729,0.0
2010-02-03,-0.004470500840470806,1.166417014791,0.0
2010-02-04,-0.017247424592719593,1.146299325284727,0.0
2010-02-05,0.0032326675362609053,1.1500049299004127,0.0
2010-02-08,-0.005819420762619251,1.1433125673342357,0.0
2010-02-09,0.0034922172563118387,1.1473052632112386,0.0
2010-02-10,-0.004244653485826769,1.1424353499264415,0.0
2010-02-11,0.0060214935686615095,1.1493145170386352,0.0
2010-02-12,0.0015977009315802648,1.1511507779131864,0.0
2010-02-16,0.013287449155892722,1.1664466353454743,0.0
2010-02-17,-0.0005723142879839327,1.1657790612698955,0.0
2010-02-18,0.0044952491332389405,1.171019528584617,0.0
2010-02-19,0.001100758347879302,1.1723085381062361,0.0
2010-02-22,-0.0007846348234127748,1.1713887040034539,0.0
2010-02-23,-0.004330069779781051,1.1663165091758716,0.0
2010-02-24,0.004216828267657652,1.1712346656008001,0.0
2010-02-25,0.0027647167711133958,1.174472797723696,0.0
2010-02-26,0.003974895737047901,1.1791412046406466,0.0
2010-03-01,0.0038603895834614793,1.1836931490644715,0.0
2010-03-02,0.0037787659915905353,1.188166048480635,0.0
2010-03-03,0.0010557500518512813,1.1894204548479264,0.0
2010-03-04,0.000730136815515342,1.1902888945111378,0.0
2010-03-05,0.005812025080436545,1.1972068834190017,0.0
2010-03-08,-0.0003913130665879061,1.196738400722111,0.0
2010-03-09,0.0016390696516163233,1.1986999383156585,0.0
2010-03-10,0.0012495227858034946,1.2001977412019253,0.0
2010-03-11,0.002361203338942755,1.203031652115843,0.0
2010-03-12,0.002037170338012359,1.2054824325132236,0.0
2010-03-15,-0.0011858305833679084,1.2040529345770368,0.0
2010-03-16,0.010016273295599232,1.2161130578321286,0.0
2010-03-17,0.0023827508692283172,1.219010752277758,0.0
2010-03-18,-0.001217471957387653,1.2175266408711058,0.0
2010-03-19,-0.006428782733299887,1.2096994266249412,0.0
2010-03-22,0.004055841902670609,1.2146057762490832,0.0
2010-03-23,0.0006848419051243559,1.2154375891828646,0.0
2010-03-24,-0.008055849193216155,1.2056462072606413,0.0
2010-03-25,-0.0008724115318589354,1.2045943876060852,0.0
2010-03-26,0.0033300502600849963,1.2086057474598297,0.0
2010-03-29,0.0020689563471129047,1.211106299992194,0.0
2010-03-30,-0.0007650152581788472,1.2101797851934235,0.0
2010-03-31,0.00029435613773001745,1.210536009040952,0.0
2010-04-01,0.0028548270904129452,1.2139918800334826,0.0
2010-04-05,0.001442532891719167,1.2157431032507109,0.0
2010-04-06,0.004365480057077681,1.2210504055224816,0.0
2010-04-07,-4.9535148131343854e-05,1.220989920609768,0.0
2010-04-08,0.0011154671572381203,1.2223518947655272,0.0
2010-04-09,0.006383550470089483,1.2301548397779725,0.0
2010-04-12,0.0006834502277280469,1.2309955893833593,0.0
2010-04-13,0.004449569586767552,1.2364729899193243,0.0
2010-04-14,0.0032643626650719626,1.2405092861839868,0.0
2010-04-15,-0.0020786640114975052,1.2379306841748678,0.0
2010-04-16,-0.008995749970013206,1.2267945692598234,0.0
2010-04-19,-0.00024152310971657653,1.2264982700204723,0.0
2010-04-20,0.005680385302091667,1.2334652527665375,0.0
2010-04-21,0.004637918975484892,1.2391859646679446,0.0
2010-04-22,0.0006334199064006452,1.2399708897256976,0.0
2010-04-23,0.0050824907057573365,1.2462730302481382,0.0
2010-04-26,-7.828757877151316e-05,1.2461754625501118,0.0
2010-04-27,-0.00791976390762654,1.2363060470992377,0.0
2010-04-28,-0.00036138956269850253,1.235859258997515,0.0
2010-04-29,0.01134456590777741,1.249879545813949,0.0
2010-04-30,-0.004019911884767913,1.2448551401732033,0.0
2010-05-03,0.006334548517233543,1.252740735455558,0.0
2010-05-04,-0.01046997238341095,1.2396245745517644,0.0
2010-05-05,-0.005093581349721724,1.233310445938171,0.0
2010-05-06,-0.009497862476408839,1.2215966329319319,0.0
2010-05-07,-0.008230860199119588,1.211541841826554,0.0
2010-05-10,0.018844804456615766,1.2343731109267837,0.0
2010-05-11,0.002185387004253289,1.2370706938818026,0.0
2010-05-12,0.006617117736656367,1.2452565363117856,0.0
2010-05-13,-0.0069931611081642114,1.2365482567323627,0.0
2010-05-14,-0.008052974285924663,1.226590365417592,0.0
2010-05-17,-0.001294819278183007,1.2250021525660157,0.0
2010-05-18,-0.005611515125459987,1.2181280344581704,0.0
2010-05-19,-0.004283839439244513,1.2129097695421092,0.0
2010-05-20,-0.01523285436040317,1.194433691670364,0.0
2010-05-21,0.010049114587489638,1.2064366927051178,0.0
2010-05-24,-0.005314367150082364,1.2000252451767517,0.0
2010-05-25,0.0022471929843237703,1.2027219334887242,0.0
2010-05-26,-0.004770578279123888,1.196984254356997,0.0
2010-05-27,0.015401722298985746,1.215419873438862,0.0
2010-05-28,-0.0032154240901284686,1.2115117830981859,0.0
2010-06-01,-0.004670195180569575,1.2058537866075576,0.0
2010-06-02,0.007354434003570887,1.214722158699119,0.0
2010-06-03,-0.002587897496475214,1.2115785822657086,0.0
2010-06-04,-0.012053774213290541,1.196974487593419,0.0
2010-06-07,-0.0019939102226034927,1.1945878279264108,0.0
2010-06-08,0.0023773602649433956,1.197427793561508,0.0
2010-06-09,-0.0008624442146089456,1.1963950788885391,0.0
2010-06-10,0.010463196720847709,1.208913195954804,0.0
2010-06-11,0.006447760317584386,1.2167079784870856,0.0
2010-06-14,0.0016845479570994776,1.2187575814266327,0.0
2010-06-15,0.011958384841890643,1.2333319536143044,0.0
2010-06-16,-0.0006358189169337336,1.2325477778273375,0.0
2010-06-17,0.005921714363303576,1.2398465737067554,0.0
2010-06-18,0.0007527391228928232,1.240779854729169,0.0
2010-06-21,-0.00547112515971826,1.2339913928482888,0.0
2010-06-22,-0.004707842416558694,1.2281819558273692,0.0
2010-06-23,0.0004576493462941228,1.228744032496584,0.0
2010-06-24,-0.007790208000148097,1.2191718609044948,0.0
2010-06-25,0.007074745546920308,1.2277971915983594,0.0
2010-06-28,-0.002797705343134241,1.2243621768351394,0.0
2010-06-29,-0.012723106263276773,1.208784486754529,0.0
2010-06-30,-0.0028456533412171,1.2053447051409845,0.0
2010-07-01,-0.0023904293900612467,1.2024634137326606,0.0
2010-07-02,-0.0027653694821704877,1.1991381581048977,0.0
2010-07-06,-0.0006255326957414348,1.198388057980292,0.0
2010-07-07,0.01517378931715993,1.2165721458922854,0.0
2010-07-08,0.002889412686279083,1.2200873248844002,0.0
2010-07-09,0.003111911059944794,1.2238841281248065,0.0
2010-07-12,-0.0006954486699144863,1.2230329795357726,0.0
2010-07-13,0.00819302572670047,1.2330533202017122,0.0
2010-07-14,0.0018243237544817714,1.2353028086642988,0.0
2010-07-15,0.0036486432945447983,1.2398099879738642,0.0
2010-07-16,-0.012119360231175436,1.2247842841113996,0.0
2010-07-19,0.0018213019969638422,1.2270149861739017,0.0
2010-07-20,0.007072848001312443,1.2356934766664422,0.0
2010-07-21,-0.0051244858843813995,1.2293611828878428,0.0
2010-07-22,0.011833523064124662,1.2439088567996857,0.0
2010-07-23,0.0017769411246607164,1.2461192096026625,0.0
2010-07-26,0.005419252844231309,1.2528722446735532,0.0
2010-07-27,-0.004002401309930903,1.2478577471602956,0.0
2010-07-28,-0.0012082930616900134,1.2463499693024258,0.0
2010-07-29,-0.0005789002726378223,1.2456284569653944,0.0
2010-07-30,0.004244411659712732,1.2509154169118082,0.0
2010-08-02,0.009257227232831372,1.2624954251752127,0.0
2010-08-03,3.21225328222402e-05,1.2625359797259457,0.0
2010-08-04,0.0015720806335037668,1.2645207880887745,0.0
2010-08-05,-0.000324088114191573,1.2641109719312067,0.0
2010-08-06,0.0027386948677801254,1.2675729861623393,0.0
2010-08-09,0.0011854284802858273,1.2690756032809771,0.0
2010-08-10,-0.002197227931909962,1.2662871549177426,0.0
2010-08-11,-0.012443429619437271,1.2505301998275262,0.0
2010-08-12,-0.003429258393638293,1.2462418086432696,0.0
2010-08-13,0.0006325934500635566,1.2470301730486126,0.0
2010-08-16,0.005948014186064138,1.2544475262083559,0.0
2010-08-17,0.005723798013161793,1.261627730466483,0.0
2010-08-18,0.001565590589769364,1.2636029229690933,0.0
2010-08-19,-0.005209599805791332,1.2570200574269963,0.0
2010-08-20,-0.002400854814074274,1.2540021347707349,0.0
2010-08-23,-0.0028110960213985764,1.2504770143588555,0.0
2010-08-24,-0.0016729385446018902,1.2483850431623957,0.0
2010-08-25,0.0033637101136022723,1.252584248557751,0.0
2010-08-26,-0.001159947723080118,1.2511313163106703,0.0
2010-08-27,0.0006298000004879428,1.2519192788142932,0.0
2010-08-30,-0.001277404171430796,1.2503200719052412,0.0
2010-08-31,0.003669804839882704,1.2549085025565214,0.0
2010-09-01,0.010317349360933314,1.2678558319934026,0.0
2010-09-02,0.0033288325749296632,1.2720763117872567,0.0
2010-09-03,0.003874400529807309,1.2770048449236004,0.0
2010-09-07,-0.001884059831253962,1.2745988913909632,0.0
2010-09-08,0.0015429188371098163,1.2765654940302495,0.0
2010-09-09,-0.00459738778353648,1.2706966274231106,0.0
2010-09-10,0.001399447097090889,1.272474900129641,0.0
2010-09-13,0.008510163185659184,1.2833038691793996,0.0
2010-09-14,0.005549574677200589,1.290425659834951,0.0
2010-09-15,-0.00010086974753149847,1.2902954949244352,0.0
2010-09-16,-0.00029848878262492273,1.2899103561929288,0.0
2010-09-17,0.0013677847559241257,1.2916746759146382,0.0
2010-09-20,0.009025520040199575,1.3033327115875242,0.0
2010-09-21,0.0033575670214619213,1.307708738517943,0.0
2010-09-22,-0.0001494806123139708,1.307513261414981,0.0
2010-09-23,-0.0045038211339025885,1.3016244555553622,0.0
2010-09-24,0.008848213152561735,1.3131415061827032,0.0
2010-09-27,0.0003681225619840134,1.3136249031982068,0.0
2010-09-28,0.004474432562768929,1.3195026292403411,0.0
2010-09-29,-0.0013658596148602015,1.3177003738873598,0.0
2010-09-30,-0.00019246095619496195,1.317446768013423,0.0
2010-10-01,0.002926574193653622,1.3213023737262035,0.0
2010-10-04,-0.0020319889249311163,1.3186175019363067,0.0
2010-10-05,0.011070943647722514,1.3332158419931441,0.0
2010-10-06,0.0021679058644287763,1.3361061284355504,0.0
2010-10-07,-0.001561795867237939,1.3340194034059685,0.0
2010-10-08,0.003186064291969909,1.3382696749919551,0.0
2010-10-11,0.0006617063407385604,1.3391552165215155,0.0
2010-10-12,0.0005114944973972357,1.339840187045927,0.0
2010-10-13,0.00586422976519603,1.3476973177514076,0.0
2010-10-14,-0.0025395661898463123,1.3442747512090996,0.0
2010-10-15,-0.0008573935147006134,1.343122178755437,0.0
2010-10-18,0.0039145753003964195,1.3483799316618077,0.0
2010-10-19,-0.009403975838652504,1.335699799363136,0.0
2010-10-20,0.00858597845851837,1.347168089067515,0.0
2010-10-21,-0.003961115553306707,1.3418318005969914,0.0
2010-10-22,0.0029017345685139473,1.345725440317915,0.0
2010-10-25,0.0034525671889875237,1.3503716478185426,0.0
2010-10-26,-0.0041143501878861954,1.3448157459756243,0.0
2010-10-27,-0.004903506277029734,1.3382214335237843,0.0
2010-10-28,0.003766062858630917,1.3432612595612021,0.0
2010-10-29,0.0028563288684875926,1.3470980554748078,0.0
2010-11-01,-0.0007161343955598976,1.3461333522230903,0.0
2010-11-02,0.007673547783336621,1.3564629708241172,0.0
2010-11-03,-0.0006865129625760608,1.3555317414113919,0.0
2010-11-04,0.015384997145497792,1.376386593383638,0.0
2010-11-05,-0.002144482424924557,1.3734349565242248,0.0
2010-11-08,-0.0002698243117223581,1.373064370382385,0.0
2010-11-09,-0.014056305143025638,1.3537641586112739,0.0
2010-11-10,0.0037945406896808115,1.358901071795356,0.0
2010-11-11,-0.0036399197449163145,1.3539547809527401,0.0
2010-11-12,-0.01014899762627361,1.340213497094769,0.0
2010-11-15,-0.008605813887298017,1.3286798691695267,0.0
2010-11-16,-0.007776357788606622,1.3183475791203454,0.0
2010-11-17,0.0006911138482987439,1.3192587073891466,0.0
2010-11-18,0.009458847139674417,1.3317373738400249,0.0
2010-11-19,0.002723503892794882,1.3353643657618586,0.0
2010-11-22,0.002214191433110718,1.3383211181006096,0.0
2010-11-23,-0.007034094868035398,1.3289072403919946,0.0
2010-11-24,0.003300648517954613,1.3332934961054934,0.0
2010-11-26,-0.0024371093730980453,1.330044114029044,0.0
2010-11-29,0.0010694095033431522,1.3314664758444523,0.0
2010-11-30,-0.0012061438445579997,1.3298605357503772,0.0
2010-12-01,0.004236875281902905,1.3354949889826762,0.0
2010-12-02,0.004922347126263146,1.3420687589038338,0.0
2010-12-03,0.004252594233188606,1.347776032768491,0.0
2010-12-06,0.002612224810768324,1.3512967267606475,0.0
2010-12-07,-0.006421934704188587,1.3426187874154067,0.0
2010-12-08,-0.0052611234431103465,1.3355551042377751,0.0
2010-12-09,0.00043034923493812105,1.3361298593551014,0.0
2010-12-10,0.0005424017439478734,1.3368545785209565,0.0
2010-12-13,0.0022314083640821575,1.3398376470090296,0.0
2010-12-14,-0.0033974292486183694,1.335285643398681,0.0
2010-12-15,-0.007811599810900821,1.3248549263192093,0.0
2010-12-16,0.0033344823513789534,1.3292726316891583,0.0
2010-12-17,0.004688336878749824,1.3355047095902195,0.0
2010-12-20,0.0022118375444958316,1.3384586290477423,0.0
2010-12-21,0.004184590204344141,1.3440595299157752,0.0
2010-12-22,0.00021323171145264108,1.3443461260296334,0.0
2010-12-23,-0.001804010483180074,1.3419209115252535,0.0
2010-12-27,0.004093232728162949,1.3474137061189149,0.0
2010-12-28,-0.0015851732283345132,1.345277821984484,0.0
2010-12-29,0.0059922604514190125,1.353339077073333,0.0
2010-12-30,-0.00037501861388480884,1.3528315497285328,0.0
2010-12-31,0.0037994814803437166,1.357971608147751,0.0
2011-01-03,0.0035745801363028656,1.3628257864838995,0.0
2011-01-04,-0.004977221978147289,1.3560427000270259,0.0
2011-01-05,-0.003301821088362175,1.351565289643357,0.0
2011-01-06,-0.0015049739254547473,1.349531219123894,0.0
2011-01-07,-0.0005394942381707624,1.348803154806945,0.0
2011-01-10,0.0022389904177347875,1.351823112145968,0.0
2011-01-11,0.0006086206833967323,1.352645859652314,0.0
2011-01-12,0.0034283200640516515,1.3572831625925166,0.0
2011-01-13,0.0029641665275826484,1.3613063759115247,0.0
2011-01-14,0.0006899372204628995,1.3622455918487195,0.0
2011-01-18,0.0015176975397104692,1.3643130686319498,0.0
2011-01-19,-0.002357696205183127,1.3610964328873545,0.0
2011-01-20,-0.006289473811917939,1.3525358525172146,0.0
2011-01-21,0.0024917339830137913,1.3559060120641762,0.0
2011-01-24,0.0029447035673567656,1.3598987533349018,0.0
2011-01-25,0.0037920913590778205,1.3650556136466439,0.0
2011-01-26,3.720311814861543e-05,1.3651063979719178,0.0
2011-01-27,0.0016323832471498712,1.3673347747865443,0.0
2011-01-28,-0.005823730587848991,1.3593717854347902,0.0
2011-01-31,0.0027882210466168844,1.3631620144571166,0.0
2011-02-01,0.0058745631120322855,1.37116999574297,0.0
2011-02-02,-0.0011099971604408981,1.3696480009412135,0.0
2011-02-03,-0.0008165583744547955,1.3685296033959897,0.0
2011-02-04,-0.002267043683141734,1.3654270870034184,0.0
2011-02-07,0.0034216170427022186,1.3700990555948764,0.0
2011-02-08,0.0018747014737925671,1.3726675823136418,0.0
2011-02-09,0.0015298237594237596,1.3747675217948558,0.0
2011-02-10,-0.002405736295143082,1.3714601936702902,0.0
2011-02-11,0.004233083441842103,1.3772656991072614,0.0
2011-02-14,0.0008529891577805926,1.3784404918159832,0.0
2011-02-15,0.00047832674152979704,1.3790998367648262,0.0
2011-02-16,0.002281633514196732,1.382246437171812,0.0
2011-02-17,0.0026119043776554884,1.38585673269206,0.0
2011-02-18,0.001510375697787572,1.3879498970217334,0.0
2011-02-22,-0.0046624467570752365,1.3814786545253814,0.0
2011-02-23,-0.0006079240237787942,1.3806388204629578,0.0
2011-02-24,0.0004131953777850167,1.3812092940419638,0.0
2011-02-25,0.007415834784932018,1.3914521139699916,0.0
2011-02-28,0.005536811497523178,1.3991563220328735,0.0
2011-03-01,-0.005593250521661347,1.3913304902047774,0.0
2011-03-02,-0.0019336886008501086,1.3886400902958533,0.0
2011-03-03,0.004030046176278307,1.394236373981977,0.0
2011-03-04,0.0002557483835741031,1.394592947680943,0.0
2011-03-07,-0.00441024412695365,1.3884424523239423,0.0
2011-03-08,0.0011881907422710836,1.3900921867919698,0.0
2011-03-09,0.0005231637500991149,1.3908194326333954,0.0
2011-03-10,-0.00616981022309622,1.382238340679453,0.0
2011-03-11,0.0033302415959961806,1.3868415282971644,0.0
2011-03-14,-0.0012772206946818632,1.3850702255969791,0.0
2011-03-15,-0.004543934696275176,1.3787765569421113,0.0
2011-03-16,-0.006478993569465949,1.369843472495953,0.0
2011-03-17,0.005630082697917427,1.3775558045293075,0.0
2011-03-18,0.004910669633633291,1.3843205259872446,0.0
2011-03-21,0.006226365762236924,1.3929398119142136,0.0
2011-03-22,-0.0012007165388831925,1.3912672860443793,0.0
2011-03-23,-0.0004570518406226548,1.3906314047704946,0.0
2011-03-24,0.002074330196761384,1.3935160334859749,0.0
2011-03-25,0.0002483535073218718,1.3938621180804003,0.0
2011-03-28,-0.0013592209220929241,1.3919675515269927,0.0
2011-03-29,0.0011231659840062191,1.3935309621317085,0.0
2011-03-30,0.005479950655286392,1.4011674430408039,0.0
2011-03-31,0.001861166814874235,1.4037752493878737,0.0
2011-04-01,0.0013625533958206704,1.405687968120896,0.0
2011-04-04,0.0013375422701163153,1.4075681351968516,0.0
2011-04-05,0.0005249315135248955,1.40830701206845,0.0
2011-04-06,-0.00014439829825932393,1.4081036549324806,0.0
2011-04-07,-0.0020266566621099935,1.4052499122792703,0.0
2011-04-08,-0.0006053780123583402,1.4043992048805078,0.0
2011-04-11,-0.0016937695527751845,1.4020204762673396,0.0
2011-04-12,-0.0008276613471841637,1.4008600781111724,0.0
2011-04-13,0.0027157239205529565,1.4046644273346465,0.0
2011-04-14,0.0027854682231118616,1.4085770754611229,0.0
2011-04-15,0.005093456583516551,1.4157516016395209,0.0
2011-04-18,-0.004172381880468132,1.4098445453095965,0.0
2011-04-19,0.004488192518388279,1.4161721990499454,0.0
2011-04-20,0.007256309931105917,1.4264483834420676,0.0
2011-04-21,0.003340447031119728,1.4312133587095823,0.0
2011-04-25,0.00213729591991782,1.434272285181684,0.0
2011-04-26,0.004996623218610913,1.441438803383633,0.0
2011-04-27,0.0047700358088839795,1.4483145180920878,0.0
2011-04-28,0.004110410765275768,1.4542676856787589,0.0
2011-04-29,0.002435153213605906,1.457809050306983,0.0
2011-05-02,-0.001548452221922833,1.455551702643896,0.0
2011-05-03,-0.0014872795656357407,1.4533868903398275,0.0
2011-05-04,-0.0027086208307331855,1.4494502163335385,0.0
2011-05-05,-0.006769374311911408,1.439638345272696,0.0
2011-05-06,0.00014286216461606438,1.439844015122966,0.0
2011-05-09,0.003556185971881995,1.4449643682112445,0.0
2011-05-10,0.0037484318557938073,1.4503807186795346,0.0
2011-05-11,-0.0054138031905714284,1.4425286429172042,0.0
2011-05-12,0.0009513242447239667,1.44390095538892,0.0
2011-05-13,-0.004651477205563109,1.4371846830078376,0.0
2011-05-16,-0.0010909015940645944,1.4356168559461793,0.0
2011-05-17,0.0019910717738568784,1.438475272146127,0.0
2011-05-18,0.002035308884602044,1.4414030136478064,0.0
2011-05-19,0.0018881792549402532,1.4441246409161848,0.0
2011-05-20,-0.0029536490529055853,1.439859203538265,0.0
2011-05-23,-0.005065205556767038,1.4325660206995408,0.0
2011-05-24,0.0010769500340265248,1.4341088227242782,0.0
2011-05-25,0.0007165558471045191,1.4351364417865855,0.0
2011-05-26,0.004832308794814361,1.4420714642359893,0.0
2011-05-27,0.004722304351649609,1.4488813645869405,0.0
2011-05-31,0.006984185016726138,1.4590006201045023,0.0
2011-06-01,-0.007357206899485186,1.4482664506759162,0.0
2011-06-02,-0.002985767472992812,1.4439422638152613,0.0
2011-06-03,-9.494805074880541e-05,1.443805164311918,0.0
2011-06-06,-0.005879001135684958,1.4353170321112205,0.0
2011-06-07,0.0027024101523434596,1.4391958474306292,0.0
2011-06-08,-0.002565024685203171,1.4355042745551279,0.0
2011-06-09,-0.0009903387348184356,1.4340826390680383,0.0
2011-06-10,-0.00885814518560224,1.4213793268430222,0.0
2011-06-13,-0.001308862099567945,1.419518937313008,0.0
2011-06-14,0.0040206826830013614,1.4252263725224548,0.0
2011-06-15,-0.005525189956294377,1.4173517260835478,0.0
2011-06-16,-0.0005474480008666738,1.4165757997145783,0.0
2011-06-17,0.0038019406487864865,1.4219615368296006,0.0
2011-06-20,0.003656554283599331,1.4271610163782085,0.0
2011-06-21,0.0070119127249985425,1.4371681448695728,0.0
2011-06-22,-0.0031251770377607874,1.4326767399838252,0.0
2011-06-23,-0.0024572459752301296,1.429156300830694,0.0
2011-06-24,-0.006638827760982763,1.4196683783059558,0.0
2011-06-27,0.0018166656630912992,1.422247441101801,0.0
2011-06-28,0.004030770348561238,1.427980193915711,0.0
2011-06-29,0.003972839671728734,1.4336533302805423,0.0
2011-06-30,0.002987424817831222,1.4379362618195888,0.0
2011-07-01,0.00538261226036825,1.445676115172087,0.0
2011-07-05,0.004128808278004256,1.4516450346837224,0.0
2011-07-06,0.0025070233058608477,1.4552843426175117,0.0
2011-07-07,0.004791023413922513,1.4622566439769071,0.0
2011-07-08,0.0014833505105881634,1.4644256831163613,0.0
2011-07-11,-0.0061556897966972834,1.4554111328807806,0.0
2011-07-12,-0.00016994268327290285,1.4551637964075936,0.0
2011-07-13,0.003849285261660007,1.4607651369624066,0.0
2011-07-14,-0.005798857320651565,1.4522943683541796,0.0
2011-07-15,0.0051440104390739205,1.4597649857456017,0.0
2011-07-18,-0.003292011417565438,1.454959422745565,0.0
2011-07-19,0.009236956677603075,1.4683988199011362,0.0
2011-07-20,0.00018333838653698808,1.4686680337715698,0.0
2011-07-21,0.002884982688393642,1.472905115623998,0.0
2011-07-22,0.004557379051062085,1.4796177025421449,0.0
2011-07-25,-0.003526464227732423,1.4743998836434105,0.0
2011-07-26,0.0033437050337426083,1.4793298419560985,0.0
2011-07-27,-0.012122577772182383,1.4613965508962754,0.0
2011-07-28,0.00038309021670425436,1.4619563976176493,0.0
2011-07-29,0.004164920138372594,1.4680453292595097,0.0
2011-08-01,-0.002412742184059527,1.4645033143654937,0.0
2011-08-02,-0.0043873982691623875,1.458077955058864,0.0
2011-08-03,0.002062196674303199,1.4610847985686615,0.0
2011-08-04,-0.017647682059416345,1.4353000385816754,0.0
2011-08-05,-0.006997127459587818,1.4252570612689681,0.0
2011-08-08,-0.022368328403596593,1.393376443262959,0.0
2011-08-09,0.030371575468526757,1.4356954810655873,0.0
2011-08-10,-0.007185284921552057,1.4253795999735464,0.0
2011-08-11,0.009367916614775665,1.438732437210501,0.0
2011-08-12,0.0043292247988027666,1.4449610333565146,0.0
2011-08-15,0.012358275098857757,1.4628182593138643,0.0
2011-08-16,0.0006253674462905479,1.4637330582330788,0.0
2011-08-17,0.004740127126465515,1.4706713390083137,0.0
2011-08-18,-0.013882424065435675,1.450254855819318,0.0
2011-08-19,-0.004575561405648562,1.4436191256726767,0.0
2011-08-22,0.003264736691499265,1.4483321620008105,0.0
2011-08-23,0.007042887916198198,1.458532603083207,0.0
2011-08-24,-0.005514598756655623,1.4504893810037027,0.0
2011-08-25,-0.004928967622122041,1.4433399658085038,0.0
2011-08-26,0.014044609416397374,1.4636111118833603,0.0
2011-08-29,0.007684746960307395,1.4748585929264781,0.0
2011-08-30,0.007836516942870658,1.486416347278285,0.0
2011-08-31,-0.00032301244887404656,1.4859362162939043,0.0
2011-09-01,-0.0013972701692922251,1.4838599619454058,0.0
2011-09-02,-0.001349944546706977,1.4818568332817008,0.0
2011-09-06,-0.0033807106826928696,1.476847104055204,0.0
2011-09-07,0.005913226533681509,1.4855800355370938,0.0
2011-09-08,0.0007100581532444583,1.486634883753624,0.0
2011-09-09,-0.011950358022045512,1.4688690646447062,0.0
2011-09-12,-0.0012608429502582175,1.4670170514396965,0.0
2011-09-13,0.003506536220571732,1.472161199866766,0.0
2011-09-14,0.00588121745829312,1.4808193000168444,0.0
2011-09-15,0.003327424333574608,1.4857466141893474,0.0
2011-09-16,0.0045408818739919865,1.4924932140590648,0.0
2011-09-19,-0.003627696192753424,1.4870789021087125,0.0
2011-09-20,0.0017359319947633095,1.4896603699536206,0.0
2011-09-21,-0.011094113544163592,1.4731339086671145,0.0
2011-09-22,-0.011370729479230304,1.4563833015049794,0.0
2011-09-23,-0.0064002759018552124,1.4470620465564927,0.0
2011-09-26,0.002256517006193434,1.4503273666735645,0.0
2011-09-27,0.004532075490451037,1.4569003597851962,0.0
2011-09-28,-0.01286230653339826,1.4381612607690208,0.0
2011-09-29,0.0036711431776715875,1.4434409566698847,0.0
2011-09-30,-0.009733444265561081,1.4293913045675102,0.0
2011-10-03,-0.00904927626306204,1.41645634776446,0.0
2011-10-04,0.006130234456672323,1.4251395572738979,0.0
2011-10-05,0.006240227805351536,1.4340327527657049,0.0
2011-10-06,0.008352880972206489,1.4460110576598024,0.0
2011-10-07,-0.00823068698826665,1.434109393262632,0.0
2011-10-10,0.020040799041625562,1.4628500914167162,0.0
2011-10-11,-0.0035472419789565057,1.4576610081635224,0.0
2011-10-12,0.0063224379326297375,1.4668769794144507,0.0
2011-10-13,0.0005550023992967335,1.4676910996574988,0.0
2011-10-14,0.007436165031530939,1.478605092889861,0.0
2011-10-17,-0.006573847779014985,1.4688849680839269,0.0
2011-10-18,0.007752461724976359,1.4802724425773908,0.0
2011-10-19,-0.007257113052186806,1.46952993811357,0.0
2011-10-20,-0.0007079196924930919,1.4684896289316713,0.0
2011-10-21,0.010433748832211556,1.483811480882652,0.0
2011-10-24,0.012221464764668996,1.5019458306136706,0.0
2011-10-25,-0.0015751899749616716,1.4995799805983525,0.0
2011-10-26,0.0008843574950040262,1.5009061453935526,0.0
2011-10-27,0.013972143536669104,1.52187702149206,0.0
2011-10-28,0.0018962017080743493,1.5247628072996924,0.0
2011-10-31,-0.005545928656410154,1.5163065815524606,0.0
2011-11-01,-0.008552520955338108,1.5033383377390162,0.0
2011-11-02,0.006426842442505035,1.5130000563734425,0.0
2011-11-03,0.00821195285282307,1.5254247415026998,0.0
2011-11-04,-0.0030724022326302225,1.5207380231211975,0.0
2011-11-07,0.00535051044583866,1.5288747477992917,0.0
2011-11-08,0.002279550653620857,1.532359895229942,0.0
2011-11-09,-0.017278247925062495,1.5058834010497362,0.0
2011-11-10,-0.001484260294152731,1.5036482781099343,0.0
2011-11-11,0.011821530464220437,1.5214237020370835,0.0
2011-11-14,-0.004034288841601952,1.5152858393726065,0.0
2011-11-15,0.0015451725858066784,1.5176272175112662,0.0
2011-11-16,-0.006724853676971482,1.5074213965373136,0.0
2011-11-17,-0.009853231643473279,1.4925684243329034,0.0
2011-11-18,-5.787072879803734e-05,1.4924820483104062,0.0
2011-11-21,-0.011433256332903305,1.4754181184798167,0.0
2011-11-22,0.0016322638871406059,1.4778263901930444,0.0
2011-11-23,-0.011907622174952545,1.4602289918984517,0.0
2011-11-25,-0.005252843066654772,1.4525586381626296,0.0
2011-11-28,0.016642654378740615,1.4767330695424243,0.0
2011-11-29,-0.0007209916579121456,1.4756683573183211,0.0
2011-11-30,0.018495876822255466,1.5029621374857807,0.0
2011-12-01,-0.00040894722645251624,1.5023475052881927,0.0
2011-12-02,0.002058505342143427,1.5054400956535843,0.0
2011-12-05,0.002227279485359737,1.5087931314950715,0.0
2011-12-06,-0.0007906140878052303,1.5076002583897277,0.0
2011-12-07,0.0034002758249856713,1.5127265151020723,0.0
2011-12-08,-0.009458379478988019,1.4984185736743099,0.0
2011-12-09,0.005160913228733757,1.506151781913366,0.0
2011-12-12,-0.009302910859569233,1.4921401861452446,0.0
2011-12-13,-0.006987773128962177,1.4817134490478543,0.0
2011-12-14,-0.004709075279450026,1.4747359488737144,0.0
2011-12-15,0.0019091835845703453,1.4775514905388798,0.0
2011-12-16,0.0074775899540136526,1.4886000147210712,0.0
2011-12-19,-0.002520750835463048,1.4848476249902929,0.0
2011-12-20,0.011103080090739875,1.501334007093105,0.0
2011-12-21,-0.0035807014093519607,1.4959581782979987,0.0
2011-12-22,0.004314874388270384,1.5024130499274604,0.0
2011-12-23,0.0015438485523607826,1.5047325481396387,0.0
2011-12-27,0.0014274825658299323,1.506880527618345,0.0
2011-12-28,-0.006448247196913934,1.4971637894800458,0.0
2011-12-29,0.004123877804486309,1.5033379100011632,0.0
2011-12-30,0.0005539015782440593,1.5041706112421471,0.0
2012-01-03,0.0074782087896855115,1.5154191131283246,0.0
2012-01-04,-0.0038879860327294957,1.5095271847827505,0.0
2012-01-05,0.0011821671461682143,1.5113116982268486,0.0
2012-01-06,-0.0003982520750912266,1.51070981520692,0.0
2012-01-09,-0.0006316361241475027,1.509755596314531,0.0
2012-01-10,0.005076352253310282,1.5174196475378303,0.0
2012-01-11,0.0035972005186536565,1.5228781102809688,0.0
2012-01-12,0.0010131050337142539,1.5244209457602278,0.0
2012-01-13,-0.0014282801942114426,1.5222436455157573,0.0
2012-01-17,0.005049675736637005,1.529930482317768,0.0
2012-01-18,0.004478970068615973,1.5367829951551322,0.0
2012-01-19,0.0003878012459759411,1.5373789615154478,0.0
2012-01-20,-0.0004887300471178163,1.5366275982231485,0.0
2012-01-23,0.0015417143225431723,1.5389966389997443,0.0
2012-01-24,0.00029548706755966325,1.5394513926035862,0.0
2012-01-25,0.009860022943022212,1.554630418654325,0.0
2012-01-26,0.002950635610165661,1.559217566528253,0.0
2012-01-27,0.003048949781714952,1.5639715425873655,0.0
2012-01-30,-0.001323909279386068,1.5619009861494384,0.0
2012-01-31,0.003492840297661462,1.5673564568548184,0.0
2012-02-01,0.002564158677055839,1.5713754075137023,0.0
2012-02-02,0.0020882045575164876,1.5746567608012418,0.0
2012-02-03,-0.0005613693114985691,1.5737727968195843,0.0
2012-02-06,0.0005125137960001885,1.5745793770897243,0.0
2012-02-07,0.0012233102635750975,1.5765055762025317,0.0
2012-02-08,0.0006737199604993777,1.577567699477058,0.0
2012-02-09,-0.0011200525233187042,1.5758007407945527,0.0
2012-02-10,-0.0034063927248461356,1.570432944615303,0.0
2012-02-13,0.004226960309808292,1.577071102341407,0.0
2012-02-14,-0.0011506570152365059,1.575256434413971,0.0
2012-02-15,-0.002541469667737592,1.5712529679669993,0.0
2012-02-16,0.004040574496881,1.5776017326375154,0.0
2012-02-17,-0.00047790113050778793,1.5768477949859967,0.0
2012-02-21,0.0006028313729052187,1.5777983683071106,0.0
2012-02-22,0.0018610844510578428,1.5807347843172714,0.0
2012-02-23,0.004853275564683179,1.5884065258202433,0.0
2012-02-24,0.002461987669735946,1.592317163101341,0.0
2012-02-27,0.0007235544342437117,1.5934692912454254,0.0
2012-02-28,0.002679677661690638,1.5977392753097657,0.0
2012-02-29,-0.01059175046253133,1.5808164196014989,0.0
2012-03-01,0.002661469742208683,1.585023714670255,0.0
2012-03-02,-0.0006676340939502923,1.5839654987986214,0.0
2012-03-05,-0.002861368218998142,1.5794331902603693,0.0
2012-03-06,-0.0075198382798166985,1.5675561080958365,0.0
2012-03-07,0.002849048826145145,1.5720221519855238,0.0
2012-03-08,0.003698541726862098,1.5778363415101937,0.0
2012-03-09,0.001331488759005947,1.5799372128624656,0.0
2012-03-12,0.0002480095788461867,1.580329052425231,0.0
2012-03-13,0.002086964416326456,1.5836271429237292,0.0
2012-03-14,-0.007477234787818324,1.5717859909597265,0.0
2012-03-15,0.002354558895099876,1.575486853645934,0.0
2012-03-16,0.001534462238120149,1.5779043787295086,0.0
2012-03-19,0.0013273486635061865,1.5799988079977558,0.0
2012-03-20,-0.0011050026616834935,1.5782529051094616,0.0
2012-03-21,0.001198241499108868,1.5801440332364531,0.0
2012-03-22,-0.002718882298788486,1.5758478075949502,0.0
2012-03-23,0.004807080489048321,1.5834230348445495,0.0
2012-03-26,0.008441080439833173,1.596788836051957,0.0
2012-03-27,0.00040516703754966965,1.5974358022542527,0.0
2012-03-28,-0.0034609643951237223,1.5919071338191548,0.0
2012-03-29,0.00037926501802222623,1.5925108885069525,0.0
2012-03-30,-0.0006307128786985777,1.5915064713801035,0.0
2012-04-02,0.004885487699610211,1.5992817566698811,0.0
2012-04-03,-0.0074851161877422245,1.5873109469042705,0.0
2012-04-04,-0.005415048966083663,1.5787155804023834,0.0
2012-04-05,0.0015932805015631962,1.5812309171541525,0.0
2012-04-09,0.0011636460546907978,1.5830709102724543,0.0
2012-04-10,-0.004351832879754311,1.5761816502341481,0.0
2012-04-11,0.0022000444161472954,1.5796493198725798,0.0
2012-04-12,0.007213863781459426,1.5910446948886157,0.0
2012-04-13,-0.004026444022718456,1.5846384424870035,0.0
2012-04-16,0.0004674862015520004,1.5853792390933148,0.0
2012-04-17,0.005518460981613654,1.5941280925653116,0.0
2012-04-18,-0.001831240207224194,1.5912088611067403,0.0
2012-04-19,-0.0019376997607416374,1.5881255760772839,0.0
2012-04-20,0.0024584945327987967,1.5920299741234678,0.0
2012-04-23,-0.00355542979429245,1.5863696233200626,0.0
2012-04-24,0.0012843270104133664,1.588407040675792,0.0
2012-04-25,0.007184383563649685,1.5998187661112084,0.0
2012-04-26,0.0044275315519389236,1.6069020141755497,0.0
2012-04-27,0.002250944883106454,1.6105190620420116,0.0
2012-04-30,-0.0009061498002824742,1.6090596905155912,0.0
2012-05-01,0.0011356480859502222,1.6108870160733046,0.0
2012-05-02,4.9021066537341396e-05,1.6109659834729038,0.0
2012-05-03,-0.004108260354708945,1.6043477157902173,0.0
2012-05-04,-0.005215863223510503,1.595979657541704,0.0
2012-05-07,0.0006387191610862791,1.5969990403296799,0.0
2012-05-08,-0.0031142154563404273,1.5920256412345244,0.0
2012-05-09,-0.0036224046962513717,1.5862586800751637,0.0
2012-05-10,-0.00036807424997892246,1.5856748191012224,0.0
2012-05-11,0.0004340836610266102,1.5863631346318956,0.0
2012-05-14,-0.005378828575887118,1.5778303592716036,0.0
2012-05-15,-0.0042168395590480995,1.5711769017951602,0.0
2012-05-16,-0.003928188629674631,1.565005022554321,0.0
2012-05-17,-0.004431661124880817,1.5580694506356239,0.0
2012-05-18,-0.002156018608376137,1.554710223906911,0.0
2012-05-21,0.009618204416638021,1.5696637446490846,0.0
2012-05-22,-0.004795731009859874,1.5621360595538183,0.0
2012-05-23,0.00040280411530518867,1.5627652943872732,0.0
2012-05-24,-0.001611889904827038,1.5602462887856363,0.0
2012-05-25,0.0002193185088958799,1.5605884796752032,0.0
2012-05-29,0.0042862767092349124,1.5672775937283352,0.0
2012-05-30,-0.002607912688891545,1.5631902706046357,0.0
2012-05-31,0.0004690008933958961,1.563923408238097,0.0
2012-06-01,-0.0011986228934947607,1.5620488538373105,0.0
2012-06-04,-0.0009481121259945352,1.5605678563775915,0.0
2012-06-05,0.002202653588979489,1.5640052467672876,0.0
2012-06-06,0.007745692310901706,1.5761195501813827,0.0
2012-06-07,-0.0026382744474990477,1.5719613142459354,0.0
2012-06-08,0.00405138755571266,1.5783299387525331,0.0
2012-06-11,-0.006088372375152251,1.5687204783545565,0.0
2012-06-12,0.004302076411130867,1.5754692337201435,0.0
2012-06-13,0.0004242485839865695,1.5761376243116636,0.0
2012-06-14,0.005018223857835652,1.5840470357412166,0.0
2012-06-15,0.005579935365467581,1.592885915816513,0.0
2012-06-18,0.002379253171058221,1.5966757946828534,0.0
2012-06-19,0.0022740587232709802,1.6003067292019877,0.0
2012-06-20,-0.00026998011399158306,1.5998746782088162,0.0
2012-06-21,-0.012556528687778054,1.5797858059150376,0.0
2012-06-22,0.0016090199849902453,1.582327712848759,0.0
2012-06-25,-0.0024208288692658675,1.5784971682408553,0.0
2012-06-26,-0.00011596313299107319,1.5783141207638085,0.0
2012-06-27,0.003396900583303622,1.5836754969212674,0.0
2012-06-28,-0.0013214681914875542,1.5815827201264476,0.0
2012-06-29,0.014760987655576138,1.6049284431345066,0.0
2012-07-02,0.0033412267873056817,1.6102908730404164,0.0
2012-07-03,0.003961363815894403,1.6166698210379438,0.0
2012-07-05,-0.0038843908249346637,1.6103900436181553,0.0
2012-07-06,-0.0036864526463994407,1.604453416980124,0.0
2012-07-09,0.0018149822892035428,1.6073654715157948,0.0
2012-07-10,-0.006062319134159819,1.5976211090622368,0.0
2012-07-11,0.0005102615353651807,1.5984363136622786,0.0
2012-07-12,-0.0012157303510216821,1.5964930461215843,0.0
2012-07-13,0.007119478760695602,1.6078592444550452,0.0
2012-07-16,0.00040614914872015573,1.6085122751184424,0.0
2012-07-17,0.001479353826225313,1.6108918339071692,0.0
2012-07-18,0.002188708251110477,1.6144176061556883,0.0
2012-07-19,0.000430888371082086,1.615113239928251,0.0
2012-07-20,-0.0029602150197226285,1.6103321574568625,0.0
2012-07-23,-0.0037672090198467983,1.6042656996283415,0.0
2012-07-24,-0.0022838520416173236,1.6006017941349489,0.0
2012-07-25,0.0018804881129126094,1.6036117067823263,0.0
2012-07-26,0.006812493815057455,1.6145363016165348,0.0
2012-07-27,0.004694855450415786,1.6221163161720733,0.0
2012-07-30,0.0012955598385584466,1.6242178649247763,0.0
2012-07-31,-0.0012253094043172957,1.6222276955002237,0.0
2012-08-01,-0.003373122920272739,1.6167557220786308,0.0
2012-08-02,-0.001672740211920959,1.6140513097694567,0.0
2012-08-03,0.006837485062639301,1.6250873614903387,0.0
2012-08-06,0.0018777625585991858,1.6281388896921982,0.0
2012-08-07,-0.002301983056391954,1.624390941554674,0.0
2012-08-08,-0.0017365211841525036,1.621570152273319,0.0
2012-08-09,-0.00030906542920935975,1.6210689809982135,0.0
2012-08-10,0.001451472812820126,1.6234219185518384,0.0
2012-08-13,-0.000606527061151857,1.6224372692265696,0.0
2012-08-14,-0.003099822615651157,1.6174080014869459,0.0
2012-08-15,-0.0019596352015588264,1.6142384718319491,0.0
2012-08-16,0.0039094076858078725,1.620549188120456,0.0
2012-08-17,0.001422173971525137,1.6228538909953771,0.0
2012-08-20,0.0008948082581920619,1.624306034058879,0.0
2012-08-21,0.0027548558308550103,1.6287807630078992,0.0
2012-08-22,0.005333292708559839,1.6374675275750918,0.0
2012-08-23,-0.0002844542229742675,1.6370017430218897,0.0
2012-08-24,0.0018871231242300196,1.6400909668655514,0.0
2012-08-27,0.0009846437122426749,1.6417058721235818,0.0
2012-08-28,0.001436320320717041,1.6440638876283533,0.0
2012-08-29,-0.001593262145760596,1.641444462870983,0.0
2012-08-30,-0.0018828989630969573,1.638353788793862,0.0
2012-08-31,0.00827706196176875,1.6519145446190073,0.0
2012-09-04,0.0003005897797309365,1.6524110932481089,0.0
2012-09-05,-0.0009084902370058573,1.6509098939023727,0.0
2012-09-06,0.0051122300719939895,1.6593497251081328,0.0
2012-09-07,0.004588007341726791,1.6669628338294213,0.0
2012-09-10,-0.004467304995672869,1.6595160024342543,0.0
2012-09-11,0.0018077640955185964,1.6625160158793935,0.0
2012-09-12,-0.00044609293583032505,1.661774379229005,0.0
2012-09-13,0.00930693893429134,1.677240411899059,0.0
2012-09-14,-0.0005395936630760712,1.676335383601343,0.0
2012-09-17,-0.0002257884720220371,1.6759568863964833,0.0
2012-09-18,0.00010237189469965158,1.6761284572783788,0.0
2012-09-19,0.0007215397390718942,1.6773378505680943,0.0
2012-09-20,-0.0032089328773027836,1.6719553859930618,0.0
2012-09-21,0.0007911650813308135,1.6732781787120026,0.0
2012-09-24,-0.0015504464671636936,1.6706838504712365,0.0
2012-09-25,-0.004765733674960457,1.6627218161848332,0.0
2012-09-26,-0.001602549696453251,1.66005722184302,0.0
2012-09-27,0.005990669523324471,1.6700020760488898,0.0
2012-09-28,-0.003235313548911878,1.664599095705538,0.0
2012-10-01,0.0003424470636091831,1.6651691327779488,0.0
2012-10-02,0.0016720213419137847,1.6679533311058494,0.0
2012-10-03,0.002120240524140768,1.6714897933508355,0.0
2012-10-04,0.0017483151867299929,1.6744120843410149,0.0
2012-10-05,-0.0033642874860715377,1.6687788807191395,0.0
2012-10-08,-0.0015469349909055935,1.6661973882764707,0.0
2012-10-09,-0.006252862551378413,1.6557788850241122,0.0
2012-10-10,0.00014034825138534157,1.656011270695306,0.0
2012-10-11,0.0018571337350086897,1.659086705091669,0.0
2012-10-12,-0.0010136808707892353,1.6574049206357366,0.0
2012-10-15,0.0018234139603093141,1.660427055905909,0.0
2012-10-16,0.0036586677336925277,1.666502006799502,0.0
2012-10-17,-0.0007425233720034924,1.6652645901099625,0.0
2012-10-18,-0.0025820224124609437,1.660964839615621,0.0
2012-10-19,-0.006368257751254769,1.6503873874011772,0.0
2012-10-22,-0.0003343273543587044,1.6498356177522804,0.0
2012-10-23,-0.004644006674367443,1.6421737701318295,0.0
2012-10-24,-0.003103800213612451,1.6370767908333055,0.0
2012-10-25,-0.00014171302319912482,1.6368447957320673,0.0
2012-10-26,0.0013711443972638238,1.6390891463029256,0.0
2012-10-31,0.002746597649911711,1.643591064700157,0.0
2012-11-01,0.0015967577998960564,1.6462154815525565,0.0
2012-11-02,-0.005453647490874944,1.6372376026221478,0.0
2012-11-05,0.0011519417437637347,1.639123604961068,0.0
2012-11-06,0.002787407661915209,1.6436925106563627,0.0
2012-11-07,-0.004095879876437378,1.6369601435789145,0.0
2012-11-08,-0.002097882656387745,1.6335259932845023,0.0
2012-11-09,-0.0001704224254506087,1.6332476038226902,0.0
2012-11-12,-0.00016022971093719585,1.6329859090312409,0.0
2012-11-13,-0.0014616028841670098,1.6305991321167967,0.0
2012-11-14,-0.005702334081496854,1.6213009111124679,0.0
2012-11-15,-0.0020128890025750135,1.6180374123386247,0.0
2012-11-16,0.0017929321797355985,1.6209384436832228,0.0
2012-11-19,0.009858662167680235,1.636918728194101,0.0
2012-11-20,-0.0009835929212080596,1.6353086665204561,0.0
2012-11-21,0.00012316907860124293,1.63551008598214,0.0
2012-11-23,0.0078451855432555,1.6483409660645358,0.0
2012-11-26,0.0010785892254383117,1.6501188488703817,0.0
2012-11-27,-0.0017797302500992956,1.6471820824387882,0.0
2012-11-28,0.00047198187257264934,1.6479595225225259,0.0
2012-11-29,0.0035178909463433605,1.6537568644067482,0.0
2012-11-30,-0.0007052160917293965,1.6525906084541606,0.0
2012-12-03,0.0008776124108852007,1.6540409424822522,0.0
2012-12-04,-9.546987039810162e-06,1.654025151374811,0.0
2012-12-05,-0.001712399441316223,1.6511927996296738,0.0
2012-12-06,0.002252346595629645,1.654911858110648,0.0
2012-12-07,-0.001500104494542534,1.6524293173942244,0.0
2012-12-10,0.0017564620492470512,1.6553317467792903,0.0
2012-12-11,0.0021698602823808227,1.6589235853907907,0.0
2012-12-12,-0.001463933567595152,1.6564950314680618,0.0
2012-12-13,-0.004235026751647608,1.6494797306958233,0.0
2012-12-14,1.983298904496833e-05,1.6495124448092522,0.0
2012-12-17,0.002024526461772938,1.652851926402792,0.0
2012-12-18,0.0016721599237806972,1.6556157591540668,0.0
2012-12-19,-0.0013174705364076694,1.653434534171769,0.0
2012-12-20,0.001405328882233589,1.655758153477523,0.0
2012-12-21,-0.001405126494412559,1.6534316038277321,0.0
2012-12-24,-0.0010105786631860458,1.6517606811278664,0.0
2012-12-26,-0.0007342920845358064,1.6505478063341668,0.0
2012-12-27,0.0014572775335686405,1.6529531125704184,0.0
2012-12-28,-0.003415385064357998,1.6473076411976613,0.0
2012-12-31,0.004766491952847646,1.6551595198132942,0.0
2013-01-02,0.008473074171048145,1.6691838091895888,0.0
2013-01-03,-0.006414298257980261,1.6584771663900553,0.0
2013-01-04,0.000977947436524615,1.660099069883461,0.0
2013-01-07,-0.0002538904750539056,1.6596775865419717,0.0
2013-01-08,0.0007873480088309431,1.660984330385037,0.0
2013-01-09,0.0010797060316000973,1.6627777051849468,0.0
2013-01-10,0.0043303514053469605,1.6699781169573742,0.0
2013-01-11,0.0019317042091779868,1.673204020715136,0.0
2013-01-14,-4.495539372249835e-05,1.6731288011696066,0.0
2013-01-15,0.0011086837409401973,1.674983771867962,0.0
2013-01-16,0.0003294050280741312,1.6755355199443582,0.0
2013-01-17,0.0018090992262707745,1.6785667299570786,0.0
2013-01-18,0.0013340728680222014,1.6808060602886792,0.0
2013-01-22,0.0023521959597096465,1.6847596455127458,0.0
2013-01-23,0.0003118735105143572,1.6852850774177648,0.0
2013-01-24,-0.0026606114489149957,1.6808011886461016,0.0
2013-01-25,-0.0003355491134694327,1.6802371972973331,0.0
2013-01-28,-0.0006409443170254242,1.6791602588144707,0.0
2013-01-29,0.0006642551797557822,1.6802756497140283,0.0
2013-01-30,-0.0013676127682110406,1.6779776832813653,0.0
2013-01-31,-0.0016461128199843494,1.6752155427052682,0.0
2013-02-01,0.0027703325795670614,1.6798564469010218,0.0
2013-02-04,-0.0029680976634724743,1.6748704689060057,0.0
2013-02-05,0.002083994724430785,1.6783608901273108,0.0
2013-02-06,0.0011580769751403236,1.6803045612301433,0.0
2013-02-07,-0.0025940147827765436,1.6759458263587454,0.0
2013-02-08,0.003214581730402108,1.6813332911933019,0.0
2013-02-11,-0.0011622921945571019,1.6793790906324988,0.0
2013-02-12,0.0012241494525979113,1.681434901627001,0.0
2013-02-13,-0.001500908762351899,1.6789112212498247,0.0
2013-02-14,-0.0001685864441936108,1.6786281795769176,0.0
2013-02-15,-0.002936216328564681,1.673699364106455,0.0
2013-02-19,0.0020220280130126833,1.67708363110604,0.0
2013-02-20,-0.007952534809781184,1.663746565150755,0.0
2013-02-21,-0.0018049115351068817,1.66074364978382,0.0
2013-02-22,0.004586238542009763,1.6683602163188562,0.0
2013-02-25,-0.0033393793152966394,1.6627889287220172,0.0
2013-02-26,0.003389929874075312,1.6684256665857737,0.0
2013-02-27,0.0029607306821634732,1.6733654256477433,0.0
2013-02-28,-0.002354336524455658,1.6694257603073797,0.0
2013-03-01,0.001824693906359906,1.672471951319333,0.0
2013-03-04,0.0010660423784467632,1.674254877296203,0.0
2013-03-05,0.003995559889071576,1.68094446292801,0.0
2013-03-06,-0.001899717332998374,1.6777511435959778,0.0
2013-03-07,-0.0006537590230423634,1.6766542986474324,0.0
2013-03-08,-0.0018938459248309808,1.6734789737365887,0.0
2013-03-11,0.0016227946099896806,1.6761946863950994,0.0
2013-03-12,0.000937169549674946,1.6777655650145158,0.0
2013-03-13,-0.001206578580351031,1.6757412090209187,0.0
2013-03-14,0.0024905169847241337,1.6799146709639876,0.0
2013-03-15,0.0015743986630137596,1.6825595263759303,0.0
2013-03-18,-0.0003918767464178574,1.6819001704230798,0.0
2013-03-19,2.0838541810855316e-05,1.6819352187701027,0.0
2013-03-20,0.0006248601897742845,1.6829861931300913,0.0
2013-03-21,-0.0012931607788111005,1.680809821393855,0.0
2013-03-22,0.0032463617078644647,1.6862663380362304,0.0
2013-03-25,-0.0026899509040071157,1.681730364375833,0.0
2013-03-26,0.002879224322634308,1.6865724433450566,0.0
2013-03-27,0.0014791356668558409,1.6890671128007444,0.0
2013-03-28,0.00017150985038469346,1.6893568044485505,0.0
2013-04-01,0.0009472202760716086,1.6909569974672438,0.0
2013-04-02,-0.0009481222667785255,1.68935376348578,0.0
2013-04-03,-0.002269754272422514,1.6855193455634752,0.0
2013-04-04,0.005046091255647714,1.6940246299943482,0.0
2013-04-05,0.004889602999137432,1.7023077379057812,0.0
2013-04-08,0.0007053555154072355,1.7035084700576335,0.0
2013-04-09,0.0031547228023933033,1.7088825670721945,0.0
2013-04-10,0.0006466179712872333,1.7099875612508828,0.0
2013-04-11,0.0019970386624644093,1.713402472523034,0.0
2013-04-12,-0.003349276526382297,1.7076638138415672,0.0
2013-04-15,-0.019019641669421758,1.6751846600104625,0.0
2013-04-16,0.007898087088317102,1.6884154143442383,0.0
2013-04-17,-0.00609542733698594,1.6781238008714559,0.0
2013-04-18,-0.000951589901703298,1.6765269152087385,0.0
2013-04-19,0.005492090555241608,1.6857345528453647,0.0
2013-04-22,0.004354836531402298,1.693075651258343,0.0
2013-04-23,0.0016308120848446683,1.6958367394909715,0.0
2013-04-24,0.0024278126298079017,1.6999539133451997,0.0
2013-04-25,0.0032350183098037305,1.705453295380694,0.0
2013-04-26,8.904104650203637e-05,1.705605150726875,0.0
2013-04-29,0.00463150922405732,1.7135046767150663,0.0
2013-04-30,0.004214469925448633,1.7207261906421978,0.0
2013-05-01,-0.002550409898531572,1.7163376335329212,0.0
2013-05-02,0.003789756496680549,1.7228421352300998,0.0
2013-05-03,6.40931414339907e-05,1.7229525575947415,0.0
2013-05-06,0.0007136265369996897,1.7241821022618329,0.0
2013-05-07,-0.0010323601980082725,1.7224021252853396,0.0
2013-05-08,0.004634985872662062,1.7303854348030803,0.0
2013-05-09,-0.004669077694921073,1.722306130765825,0.0
2013-05-10,-0.0026233329200084504,1.7177879483946545,0.0
2013-05-13,-0.002028462283672039,1.7143034803299897,0.0
2013-05-14,-0.00021962171454678603,1.713926982060386,0.0
2013-05-15,-0.00010601153812805908,1.7137452860247786,0.0
2013-05-16,0.00034784724231794184,1.7143414075965577,0.0
2013-05-17,-0.0024480798938663617,1.710144562865398,0.0
2013-05-20,0.004447580019675559,1.7177505676539548,0.0
2013-05-21,0.0006435270444399982,1.7188559865998423,0.0
2013-05-22,-0.010061291617572715,1.7015620752700507,0.0
2013-05-23,0.0007491926060319287,1.7028368729955472,0.0
2013-05-24,-0.0013677052403407303,1.7005078940809057,0.0
2013-05-28,-0.005538914403023856,1.6910889264139253,0.0
2013-05-29,-0.0006527846110531699,1.6899850095868398,0.0
2013-05-30,0.0026198651025310937,1.6944125423372571,0.0
2013-05-31,-0.01000153922148643,1.6774658088376926,0.0
2013-06-03,0.005485860009072016,1.6866681514349808,0.0
2013-06-04,-0.005537174875920689,1.6773287749228396,0.0
2013-06-05,-0.0028145405852567085,1.6726078650110006,0.0
2013-06-06,0.00722658594332877,1.6846951094969902,0.0
2013-06-07,-0.0030484689590763725,1.6795593687501809,0.0
2013-06-10,-0.0012182171882813703,1.6775133006584304,0.0
2013-06-11,-0.003443675033217533,1.6717364899870626,0.0
2013-06-12,-0.005352106279057661,1.662789178622073,0.0
2013-06-13,0.010866766647896264,1.6808583206108063,0.0
2013-06-14,-0.0006122597389487394,1.6798291987342193,0.0
2013-06-17,0.0012422474013501078,1.6819159621910589,0.0
2013-06-18,0.0016162100721659467,1.6846342917096888,0.0
2013-06-19,-0.014376447133605266,1.6604152358754658,0.0
2013-06-20,-0.022409981920615524,1.6232053604587822,0.0
2013-06-21,-0.002206928384508977,1.6196230624748986,0.0
2013-06-24,-0.005853435871005952,1.6101427027434996,0.0
2013-06-25,0.004007452834527955,1.6165952736816036,0.0
2013-06-26,0.00049076312138914,1.6173886390241383,0.0
2013-06-27,0.0041441643455994714,1.6240913633549598,0.0
2013-06-28,0.0019427845077819306,1.6272466228949083,0.0
2013-07-01,0.004803404868539515,1.6350629472456362,0.0
2013-07-02,-0.0005490897096009362,1.6341651510067536,0.0
2013-07-03,0.00047393898726738604,1.6349396455834495,0.0
2013-07-05,-0.010462212964140488,1.617834558827839,0.0
2013-07-08,0.0064983170396874235,1.6283477607088654,0.0
2013-07-09,0.004188625979348742,1.6351683004427848,0.0
2013-07-10,0.001178732033100427,1.6370957256980272,0.0
2013-07-11,0.01703112065727244,1.6649773005298953,0.0
2013-07-12,-0.0009374341261321889,1.6634164939891432,0.0
2013-07-15,0.002927593844287424,1.6682863018774319,0.0
2013-07-16,0.0012840967976132378,1.6704285429751748,0.0
2013-07-17,0.0007750879458397197,1.6717232720032216,0.0
2013-07-18,0.0006106811857866518,1.6727441619532757,0.0
2013-07-19,0.0028698502424052696,1.6775446871919395,0.0
2013-07-22,0.0053867494898984375,1.6865812001799525,0.0
2013-07-23,-0.00109216838048809,1.6847391695219902,0.0
2013-07-24,-0.008399559100708248,1.670588103298312,0.0
2013-07-25,0.0031595095034677168,1.6758663422870632,0.0
2013-07-26,0.0019059982519556984,1.6790605406059735,0.0
2013-07-29,-0.003458088430720138,1.6732542007760254,0.0
2013-07-30,6.897715830830875e-06,1.6732657424080148,0.0
2013-07-31,-0.0005520740561565096,1.672341975802576,0.0
2013-08-01,-0.004735806147687746,1.6644220883925338,0.0
2013-08-02,0.004031594632438865,1.67113236355021,0.0
2013-08-05,-0.003065701158899495,1.6660091711265996,0.0
2013-08-06,-0.0029236757126640117,1.6611383005759013,0.0
2013-08-07,0.0005237233552129045,1.6620082775001515,0.0
2013-08-08,0.0051050761583963655,1.670492956332675,0.0
2013-08-09,0.00013470098732180913,1.6707179733832072,0.0
2013-08-12,-9.852576561827919e-05,1.6705533646157473,0.0
2013-08-13,-0.005288931022196297,1.6617179231013968,0.0
2013-08-14,-0.00034204694288149373,1.6611495375658685,0.0
2013-08-15,-0.005674067935955693,1.6517240622379383,0.0
2013-08-16,-0.004250493323847054,1.6447034201385584,0.0
2013-08-19,-0.0056185814699764025,1.635462519978561,0.0
2013-08-20,0.00801229680637311,1.6485663311043284,0.0
2013-08-21,-0.005094143732266715,1.6401682972615075,0.0
2013-08-22,0.005718454360983463,1.6495475248137292,0.0
2013-08-23,0.007405270010974713,1.6617628696309101,0.0
2013-08-26,0.0004847378686028414,1.6625683890224583,0.0
2013-08-27,-0.002322075382886521,1.658707779893944,0.0
2013-08-28,-0.001399207045713155,1.6563869042815371,0.0
2013-08-29,0.00121234420808225,1.658395015351286,0.0
2013-08-30,-0.004124827861743063,1.6515544213861892,0.0
2013-09-03,-0.001670388196461814,1.6487956843748914,0.0
2013-09-04,0.001956203846516194,1.6520210648347848,0.0
2013-09-05,-0.007472178204862068,1.6396768690401533,0.0
2013-09-06,0.006336351699534559,1.6500664383559833,0.0
2013-09-09,0.0064945071215084665,1.6607828065908485,0.0
2013-09-10,-0.0015200259319675946,1.6582583736574645,0.0
2013-09-11,0.003462165964178504,1.6639995393585554,0.0
2013-09-12,-0.005512553505524778,1.6548266528646727,0.0
2013-09-13,0.0014664514350295338,1.6572533757844912,0.0
2013-09-16,0.0007140304271674586,1.6584367051203275,0.0
2013-09-17,0.0032783411512271737,1.663873626417429,0.0
2013-09-18,0.018295581157504376,1.69431516138538,0.0
2013-09-19,-0.001620927842915565,1.6915687987656165,0.0
2013-09-20,-0.006342790065587092,1.6808395329935488,0.0
2013-09-23,-0.0009753150243548697,1.6792001849434905,0.0
2013-09-24,0.00017131615392286526,1.6794878590608417,0.0
2013-09-25,0.0016400338982902052,1.6822422760814684,0.0
2013-09-26,-0.0003752479534909481,1.6816110181100927,0.0
2013-09-27,0.0005980515301279576,1.6826167081525536,0.0
2013-09-30,-0.0033554548865425554,1.676970763697005,0.0
2013-10-01,0.0005295921021789413,1.677858874169044,0.0
2013-10-02,0.003446624230569323,1.6836418232202306,0.0
2013-10-03,-0.004282734054709678,1.6764312330479918,0.0
2013-10-04,0.00025512685018660997,1.676858935668034,0.0
2013-10-07,6.191797923985054e-05,1.6769627633848008,0.0
2013-10-08,-0.0055720450628107265,1.6676186512985651,0.0
2013-10-09,-0.0031224259240082985,1.6624116355903906,0.0
2013-10-10,0.007181568008671577,1.6743503578097898,0.0
2013-10-11,0.0020099220340416,1.6777156714866572,0.0
2013-10-14,0.0006132717857129377,1.6787445671724286,0.0
2013-10-15,-0.0015019705119505983,1.6762231423354383,0.0
2013-10-16,0.008226728939358496,1.6900129757693116,0.0
2013-10-17,0.011245633337375632,1.7090182420302205,0.0
2013-10-18,0.0027402287442256784,1.7137013429414378,0.0
2013-10-21,-0.001115208077968402,1.7117902093605644,0.0
2013-10-22,0.007923995958510344,1.7253544280613549,0.0
2013-10-23,-0.0009682896746157493,1.7236837851836107,0.0
2013-10-24,0.0016158710089944905,1.7264690358407626,0.0
2013-10-25,0.0042961843908193575,1.7338862651637745,0.0
2013-10-28,-0.0013305792851833753,1.7315791920164836,0.0
2013-10-29,-0.0004486134049347251,1.730802382379239,0.0
2013-10-30,-0.0036618566733033625,1.724464432125154,0.0
2013-10-31,-0.004409225587026611,1.7168608794271105,0.0
2013-11-01,-0.0028366473594512998,1.7119907505469383,0.0
2013-11-04,0.001566858575301297,1.7146731979352692,0.0
2013-11-05,-0.005384881397686475,1.705439886128596,0.0
2013-11-06,0.0023308274847393673,1.7094149722887553,0.0
2013-11-07,-0.005997763087212754,1.699162306267233,0.0
2013-11-08,-0.0053746187472752255,1.6900299566813057,0.0
2013-11-11,-0.0009503120252969538,1.6884239008903594,0.0
2013-11-12,-0.0015486462122579342,1.6858091296115598,0.0
2013-11-13,0.005431771764914772,1.6949660600428196,0.0
2013-11-14,0.005055335257717633,1.7035346817267887,0.0
2013-11-15,0.0019107301166350482,1.7067896767478963,0.0
2013-11-18,-0.002919277647798188,1.7018070837950734,0.0
2013-11-19,-0.002578122835517449,1.6974196160906958,0.0
2013-11-20,-0.009042806547286647,1.682070178872818,0.0
2013-11-21,0.004165815531570402,1.689077372949158,0.0
2013-11-22,0.003137084945224869,1.6943761521471565,0.0
2013-11-25,0.0005355065613009552,1.695283501693943,0.0
2013-11-26,0.0008580743927770612,1.696738181055244,0.0
2013-11-27,0.0013186940619646509,1.6989756596193104,0.0
2013-11-29,0.0010266611087007271,1.7007199318536705,0.0
2013-12-02,-0.006533042691167862,1.6896090559331505,0.0
2013-12-03,0.000521566498190254,1.6904902994117643,0.0
2013-12-04,0.0005723172273978117,1.6914577961328663,0.0
2013-12-05,-0.001984132227577609,1.6881017202079716,0.0
2013-12-06,0.0048324756595502505,1.6962594306817216,0.0
2013-12-09,0.0038879494122728564,1.7028544015383027,0.0
2013-12-10,0.003021497257057068,1.7079995714417182,0.0
2013-12-11,-0.008526489059935388,1.693436331781446,0.0
2013-12-12,-0.005445306597271868,1.6842150517519368,0.0
2013-12-13,0.002137702603090652,1.6878154026522314,0.0
2013-12-16,0.002057210662491496,1.6912875944948849,0.0
2013-12-17,-0.00020046699504032428,1.6909485471530676,0.0
2013-12-18,0.003197790324590097,1.6963558460565333,0.0
2013-12-19,-0.006309383972461807,1.6856528856698323,0.0
2013-12-20,0.006582153990834089,1.6967481125384052,0.0
2013-12-23,0.0009587592138049633,1.6983748854248075,0.0
2013-12-24,-0.0006398673989016224,1.6972881507045108,0.0
2013-12-26,0.001446570586789625,1.6997433978206264,0.0
2013-12-27,0.0003284528854693297,1.700301683444198,0.0
2013-12-30,-0.00017334656494634448,1.7000069419880004,0.0
2013-12-31,-0.00012820782878530945,1.6997889877890482,0.0
2014-01-02,0.00012435458958529044,1.7000003643510062,0.0
2014-01-03,0.00024781351338683255,1.7004216474140548,0.0
2014-01-06,0.0016806515595406135,1.7032794637076578,0.0
2014-01-07,0.002092710783770199,1.7068439350091333,0.0
2014-01-08,-0.0023773146046836696,1.7027862299945202,0.0
2014-01-09,0.0014582936154487192,1.7052693922821953,0.0
2014-01-10,0.007841431608299532,1.7186411455955026,0.0
2014-01-13,-0.002628928748876283,1.7141229604788448,0.0
2014-01-14,0.00270150575964255,1.7187536735293139,0.0
2014-01-15,0.001685238111949941,1.7216501827249993,0.0
2014-01-16,0.001513676411942222,1.724256203996206,0.0
2014-01-17,-0.0008102430488096946,1.722859137392551,0.0
2014-01-21,0.0016059342344926092,1.725625935862498,0.0
2014-01-22,-0.0005198274018158033,1.7247289082157526,0.0
2014-01-23,0.004799933638055864,1.733007492518825,0.0
2014-01-24,-0.005865713242132475,1.7228421675212426,0.0
2014-01-27,-0.005468188004633889,1.7134213426469256,0.0
2014-01-28,0.002719634028742049,1.718081221635961,0.0
2014-01-29,-0.0005422131235372635,1.7171496554502872,0.0
2014-01-30,0.0015171412781253973,1.7197548140732897,0.0
2014-01-31,0.0006682271864727474,1.720904000994121,0.0
2014-02-03,-0.004194538812008083,1.7136856023702112,0.0
2014-02-04,0.0012969372396702261,1.715908145045012,0.0
2014-02-05,-0.0018240313141709846,1.7127782748562088,0.0
2014-02-06,0.004258635830369256,1.7200723737869896,0.0
2014-02-07,0.007171912859332552,1.7324085829635354,0.0
2014-02-10,0.003448484543107727,1.7383827671842325,0.0
2014-02-11,0.003650766793295346,1.7447291972647057,0.0
2014-02-12,-0.0011515002189910056,1.7427201412119753,0.0
2014-02-13,0.005580005808967892,1.7524445297233435,0.0
2014-02-14,0.0034244839110611353,1.758445747820408,0.0
2014-02-18,0.0029264487509464143,1.763591749182724,0.0
2014-02-19,-0.004178166892502569,1.7562231685243979,0.0
2014-02-20,0.002197137699218185,1.7600818326562033,0.0
2014-02-21,0.0010500473475067162,1.761930001915979,0.0
2014-02-24,0.0028405448118952042,1.7669348430418437,0.0
2014-02-25,0.0021949801617949655,1.7708132299695047,0.0
2014-02-26,-0.00013759722736897406,1.7705695709788727,0.0
2014-02-27,0.0024969304664977515,1.7749905600837035,0.0
2014-02-28,0.0017095137097201812,1.7780249307807907,0.0
2014-03-03,0.0015569782370597474,1.780793276902966,0.0
2014-03-04,0.001295741895818936,1.7831007253596416,0.0
2014-03-05,0.0005906940049932863,1.7841539922684109,0.0
2014-03-06,-0.0004125182223874424,1.783417996235055,0.0
2014-03-07,-0.0046314271788445854,1.7751582256560514,0.0
2014-03-10,-0.0002669544682177283,1.7746843392359193,0.0
2014-03-11,0.0005479730564767055,1.7756568184375718,0.0
2014-03-12,0.004747583682941148,1.7840868977752893,0.0
2014-03-13,-0.0016949964587970323,1.781062876801374,0.0
2014-03-14,0.0003369392490305406,1.7816629867895595,0.0
2014-03-17,1.053121451070893e-05,1.781681749864659,0.0
2014-03-18,0.003017996904524589,1.7870588598705985,0.0
2014-03-19,-0.009806047282365712,1.769534876194337,0.0
2014-03-20,0.0007768292072536792,1.7709095025694188,0.0
2014-03-21,0.0014492580995529442,1.7734760075095928,0.0
2014-03-24,-0.0033045274726383744,1.7676155073207123,0.0
2014-03-25,0.0019904156754499414,1.771133796934652,0.0
2014-03-26,-0.003658801155160249,1.764653570552484,0.0
2014-03-27,-0.0009262863599999865,1.7630189960199558,0.0
2014-03-28,0.0007627134090747306,1.7643636742486735,0.0
2014-03-31,0.002087639414707909,1.7680470293969137,0.0
2014-04-01,0.002458434016147648,1.772393656356132,0.0
2014-04-02,0.000128467347852948,1.7726213510685156,0.0
2014-04-03,-0.001623756492682163,1.7697430456406509,0.0
2014-04-04,-0.0009116408543311666,1.7681296755785765,0.0
2014-04-07,-0.0016720026012014416,1.7651733581617475,0.0
2014-04-08,0.004862657580520624,1.7737567917727457,0.0
2014-04-09,0.0035058219644386185,1.7799752672929148,0.0
2014-04-10,-0.005443769826535466,1.7702854916408461,0.0
2014-04-11,-0.0027059477054493936,1.7654951916767503,0.0
2014-04-14,0.002910338033417545,1.7706333794809028,0.0
2014-04-15,0.0014438489413764882,1.773189906611432,0.0
2014-04-16,0.0039056533141878513,1.7801153716468736,0.0
2014-04-17,-0.0035440379842005126,1.7738065751534977,0.0
2014-04-21,0.001247855208492521,1.7760200289271613,0.0
2014-04-22,0.0019532025764084915,1.7794889558234148,0.0
2014-04-23,-0.0007029754098388102,1.7782380188453912,0.0
2014-04-24,0.0030773423896367363,1.7837102660796476,0.0
2014-04-25,-0.002257643342487542,1.7796832844725061,0.0
2014-04-28,0.0005643252682070721,1.7806876047193396,0.0
2014-04-29,0.00142483176405786,1.783224784980408,0.0
2014-04-30,0.0018648520464761287,1.7865502353700056,0.0
2014-05-01,0.002019952401161776,1.7901589818077372,0.0
2014-05-02,0.002131644659493767,1.7939749646409524,0.0
2014-05-05,0.0014770217226706128,1.7966247046336545,0.0
2014-05-06,-0.002239199065870584,1.7926017042733189,0.0
2014-05-07,-0.0002127368876759378,1.7922203517659092,0.0
2014-05-08,-0.0009990325003278455,1.790429865386746,0.0
2014-05-09,-0.000531988282101839,1.7894773776784352,0.0
2014-05-12,0.003808178767309947,1.7962920274326915,0.0
2014-05-13,0.0003330336075466761,1.7968902530467947,0.0
2014-05-14,0.00207657069517847,1.8006216226887235,0.0
2014-05-15,-0.0018743888484224064,1.7972465575989276,0.0
2014-05-16,0.001672648009794983,1.8002527184766064,0.0
2014-05-19,9.221394389219428e-05,1.8004187268797798,0.0
2014-05-20,-0.001100241514035455,1.7984378314538199,0.0
2014-05-21,2.9059223551064495e-05,1.7984900926608067,0.0
2014-05-22,0.00039890720239486865,1.799207523312205,0.0
2014-05-23,0.0030780464219971188,1.8047455675917663,0.0
2014-05-27,0.0014548557074594015,1.8073712119812892,0.0
2014-05-28,-1.1735938403270585e-05,1.8073500007840735,0.0
2014-05-29,0.0008309222572451674,1.808851768126357,0.0
2014-05-30,0.00045447265993643626,1.8096738418008482,0.0
2014-06-02,-0.0025495083580508865,1.805060063215831,0.0
2014-06-03,-0.0017741678999702998,1.801857583594155,0.0
2014-06-04,0.00036413150413532047,1.802513696706307,0.0
2014-06-05,0.006188795542568848,1.813669085437902,0.0
2014-06-06,0.0008519421733063082,1.8152142266202087,0.0
2014-06-09,-0.002154296137373876,1.8113037176232947,0.0
2014-06-10,-0.001091152236207163,1.8093273095213598,0.0
2014-06-11,-0.0005350893539290275,1.808359157740262,0.0
2014-06-12,0.0008179368183499625,1.8098382812761784,0.0
2014-06-13,0.0009585567153121005,1.8115731139143245,0.0
2014-06-16,-0.0004021799186853664,1.8108445355866778,0.0
2014-06-17,-0.0013010716359072166,1.8084884971243884,0.0
2014-06-18,0.005496724102794559,1.8184292594361589,0.0
2014-06-19,0.003681020438235205,1.8251229347056281,0.0
2014-06-20,0.0015070288227989198,1.8278734475733809,0.0
2014-06-23,-0.0006022866519567877,1.826772543794441,0.0
2014-06-24,0.0010381548187240602,1.8286690165134942,0.0
2014-06-25,0.001988385715329277,1.832305115863995,0.0
2014-06-26,0.0002307288684052916,1.8327278815499515,0.0
2014-06-27,0.0017905403196635805,1.8360094547168384,0.0
2014-06-30,0.001957898896921398,1.8396041756029657,0.0
2014-07-01,0.0009921179836770572,1.841429279988429,0.0
2014-07-02,-0.0019501618210456262,1.8378381949104403,0.0
2014-07-03,-0.0011861169598085808,1.835658303858073,0.0
2014-07-07,0.0005444088755302973,1.836657652531134,0.0
2014-07-08,0.00014350119865669253,1.8369212151057943,0.0
2014-07-09,0.0027477857974571307,1.8419686811317098,0.0
2014-07-10,7.442870641347077e-06,1.8419823906663289,0.0
2014-07-11,0.0023957437119209724,1.8463953083962366,0.0
2014-07-14,-0.0017440276027373552,1.8431751440128288,0.0
2014-07-15,-0.002810857273621903,1.8379942417527213,0.0
2014-07-16,0.00207964865164903,1.841816623999321,0.0
2014-07-17,-0.00016154562910257464,1.8415190865741056,0.0
2014-07-18,0.0034180005663750485,1.8478133998550064,0.0
2014-07-21,-0.0002499285865148193,1.8473515784638375,0.0
2014-07-22,0.001223056025901073,1.8496109929438354,0.0
2014-07-23,0.0011979217851652985,1.8518266822463638,0.0
2014-07-24,-0.0027651480712475307,1.8467061072676656,0.0
2014-07-25,0.0009817910423348675,1.848519186781606,0.0
2014-07-28,6.255473968429237e-05,1.8486348204181364,0.0
2014-07-29,-0.0014872480516048142,1.8458854418833408,0.0
2014-07-30,-0.003435559693430762,1.8395437922605158,0.0
2014-07-31,-0.00973101644074098,1.8216431613745658,0.0
2014-08-01,0.0018255973169606504,1.824968748242431,0.0
2014-08-04,0.002763329703333331,1.8300117385921044,0.0
2014-08-05,-0.00378178231852494,1.8230910325564038,0.0
2014-08-06,0.002204505087564937,1.8271100460127685,0.0
2014-08-07,0.0012005750502645518,1.8293036287480993,0.0
2014-08-08,0.0035269623213283613,1.835755513720963,0.0
2014-08-11,0.0019500578848190842,1.8393353432350945,0.0
2014-08-12,-0.0015940875283814854,1.8364032817039322,0.0
2014-08-13,0.005727299899179528,1.846920914034088,0.0
2014-08-14,0.002830200021981699,1.8521480696455859,0.0
2014-08-15,0.0019839685008404273,1.8558226730746552,0.0
2014-08-18,0.0011422952210875942,1.8579425704452943,0.0
2014-08-19,0.00038630324180982667,1.858660299683354,0.0
2014-08-20,-0.0006135768115097667,1.8575198688229944,0.0
2014-08-21,0.00019326518106997648,1.8578788627367833,0.0
2014-08-22,-0.0006117211762419889,1.8567423588935548,0.0
2014-08-25,0.0006840886326735102,1.8580125352350774,0.0
2014-08-26,0.0005174354771844136,1.8589739368378613,0.0
2014-08-27,0.001569440189488791,1.8618914852455468,0.0
2014-08-28,0.0009969877586626236,1.863747768264295,0.0
2014-08-29,0.0010846185476951625,1.8657692236619798,0.0
2014-09-02,-0.004817914219682529,1.8567801075886528,0.0
2014-09-03,0.0007822354918054636,1.8582325468892869,0.0
2014-09-04,-0.005737557646125616,1.8475708305316028,0.0
2014-09-05,0.0028079255992502494,1.8527586719630806,0.0
2014-09-08,-0.002264361546728544,1.8485633564709194,0.0
2014-09-09,-0.002955196345454006,1.8431004887955362,0.0
2014-09-10,-0.0024612940036107533,1.8385640766144118,0.0
2014-09-11,-0.0012494056389400349,1.836266964289537,0.0
2014-09-12,-0.007982213691095752,1.8216094889866783,0.0
2014-09-15,-0.001514531836393676,1.818850603422131,0.0
2014-09-16,0.0033289763134688594,1.824905513998662,0.0
2014-09-17,-0.0020973933956364987,1.8210779692259407,0.0
2014-09-18,0.0015855266224794884,1.8239653368277595,0.0
2014-09-19,0.0006798112359701208,1.825205288957755,0.0
2014-09-22,-0.0030289713736713353,1.8196767943864285,0.0
2014-09-23,-0.000683586584494536,1.81843288774167,0.0
2014-09-24,-0.0007698103798156053,1.8170330392296885,0.0
2014-09-25,-0.003955274187877583,1.8098461753511026,0.0
2014-09-26,0.0024768846086270224,1.814328955486812,0.0
2014-09-29,0.0006447456213021507,1.8154987361364638,0.0
2014-09-30,-0.00227680765932603,1.8113651947085316,0.0
2014-10-01,0.0005250666460427933,1.8123162821560759,0.0
2014-10-02,-0.0009640432248902986,1.8105691309229048,0.0
2014-10-03,0.0005107236700096635,1.8114938314342561,0.0
2014-10-06,0.0032161645888547363,1.8173198937478436,0.0
2014-10-07,-0.0022154064719927813,1.8132937914935534,0.0
2014-10-08,0.010358113880770375,1.8320760950851376,0.0
2014-10-09,-0.006919590143592336,1.8193988793952753,0.0
2014-10-10,-0.00451673547034856,1.8111811359419983,0.0
2014-10-13,-0.001328335017431792,1.8087752806162145,0.0
2014-10-14,0.0034545981851546725,1.8150238724179837,0.0
2014-10-15,0.0014285405072428509,1.8176167075413456,0.0
2014-10-16,-0.0008899298853377036,1.8159991561132154,0.0
2014-10-17,0.0025932492948464725,1.8207084946442476,0.0
2014-10-20,0.007798788349669378,1.834907814840423,0.0
2014-10-21,0.005960975742832511,1.8458456558150205,0.0
2014-10-22,-0.0036169070549603305,1.8391694036401354,0.0
2014-10-23,0.0017872763788777807,1.842456507672016,0.0
2014-10-24,0.0024513725315872814,1.8469730549455676,0.0
2014-10-27,0.0007640062379496992,1.848384153880871,0.0
2014-10-28,0.003343982057394765,1.8545651173266215,0.0
2014-10-29,-0.00435706237491254,1.8464846614320924,0.0
2014-10-30,0.0003745668914707928,1.8471762934518734,0.0
2014-10-31,0.0008764018919548561,1.848795162250229,0.0
2014-11-03,0.000775827441529861,1.8502295082708704,0.0
2014-11-04,-5.726857418687781e-05,1.8501235482650134,0.0
2014-11-05,-0.0030182293169557367,1.8445394511316497,0.0
2014-11-06,-0.0018297448768270497,1.8411644145208361,0.0
2014-11-07,0.006460596300066637,1.8530594345251037,0.0
2014-11-10,-0.002853138754005849,1.847772398838984,0.0
2014-11-11,0.0028094746369139584,1.852963668528312,0.0
2014-11-12,-0.0024889802967632685,1.8483516784667269,0.0
2014-11-13,0.0020144804046655224,1.8520751467039287,0.0
2014-11-14,0.0032606885932585233,1.8581141870086437,0.0
2014-11-17,-0.0014771798088481503,1.85536941824906,0.0
2014-11-18,0.004391561358581583,1.8635173868921369,0.0
2014-11-19,-0.004431256434578465,1.8552596634805223,0.0
2014-11-20,0.0033710106593526495,1.8615137635819823,0.0
2014-11-21,0.0024565320756195913,1.8660866318514286,0.0
2014-11-24,0.002178571764668541,1.8701520354980055,0.0
2014-11-25,0.0025238637190727053,1.874872044369549,0.0
2014-11-26,0.0031436726845991136,1.8807660284025518,0.0
2014-11-28,-0.0031785534197722315,1.8747879131111813,0.0
2014-12-01,0.0005042747085300531,1.875733321239621,0.0
2014-12-02,-0.0014707351465242519,1.872974614318567,0.0
2014-12-03,0.0019233374624730293,1.876576976560547,0.0
2014-12-04,0.001745913806619051,1.8798533182131076,0.0
2014-12-05,-0.004446473243496327,1.8714946007319753,0.0
2014-12-08,0.002075306999480858,1.8753785265763647,0.0
2014-12-09,0.005114972617567645,1.8849710363873773,0.0
2014-12-10,-0.003549928000526975,1.8782795249251234,0.0
2014-12-11,0.00048172782912017653,1.8791843444431466,0.0
2014-12-12,-0.003117743616338056,1.8733255294493365,0.0
2014-12-15,-0.007956196043765379,1.8584209842832469,0.0
2014-12-16,-2.5808300362181735e-05,1.8583730215962853,0.0
2014-12-17,0.005689969948264595,1.8689471082418339,0.0
2014-12-18,0.005453058483791323,1.8791385861261891,0.0
2014-12-19,0.0033225869337610986,1.8853821874391785,0.0
2014-12-22,0.000432880118329218,1.8861983319035731,0.0
2014-12-23,-0.00406390967009003,1.8785329922628424,0.0
2014-12-24,0.0010293111915910952,1.8804665872955517,0.0
2014-12-26,0.004134516296465454,1.8882414070456839,0.0
2014-12-29,0.0007479808929853338,1.8896537755394978,0.0
2014-12-30,0.0003185218263792172,1.890255671511307,0.0
2014-12-31,-0.006896294359643659,1.877219911985579,0.0
2015-01-02,0.0030311026126575435,1.8829099581653312,0.0
2015-01-05,-0.0006518703614175336,1.8816825449703853,0.0
2015-01-06,0.0020202933517010357,1.8854840957060008,0.0
2015-01-07,0.004141691055642993,1.8932931883207438,0.0
2015-01-08,0.002892437223440708,1.8987694200135294,0.0
2015-01-09,0.002841225052065008,1.904164251257767,0.0
2015-01-12,0.0009745357728792592,1.9060199274380554,0.0
2015-01-13,-0.0015815019772325578,1.9030055531541676,0.0
2015-01-14,0.0008617261011814731,1.9046454227100138,0.0
2015-01-15,0.001149761585228004,1.9068353108505263,0.0
2015-01-16,0.0032484535112385776,1.9130295767114123,0.0
2015-01-20,0.003511768445383548,1.919747693613993,0.0
2015-01-21,0.00024149555421890123,1.9202113041472229,0.0
2015-01-22,0.004332076847121835,1.9285298070795005,0.0
2015-01-23,-0.0008809342412769011,1.926830899137121,0.0
2015-01-26,0.0004798465185352069,1.927755482235878,0.0
2015-01-27,-0.001847231263303259,1.9241944720410877,0.0
2015-01-28,-0.0023441595541698335,1.919683853185372,0.0
2015-01-29,-0.000348008286780388,1.9190157872964648,0.0
2015-01-30,0.00038905593657963256,1.9197623917809024,0.0
2015-02-02,0.0015170708808214528,1.9226748074035693,0.0
2015-02-03,0.0013266727336979367,1.9252255676463197,0.0
2015-02-04,-0.0016651259193126156,1.9220198246531086,0.0
2015-02-05,0.004010666223023929,1.9297284046438272,0.0
2015-02-06,-0.013319882738988834,1.9040246485758754,0.0
2015-02-09,-0.0017860556847075215,1.900623954528463,0.0
2015-02-10,0.001960751752227638,1.9043506062776305,0.0
2015-02-11,-0.0014099076867895577,1.9016656477194975,0.0
2015-02-12,0.005361349638522847,1.9118611421524896,0.0
2015-02-13,-0.0002529291297770214,1.9113775767775505,0.0
2015-02-17,-0.004687666523877726,1.9024176760963998,0.0
2015-02-18,0.003239996216085256,1.9085815021683656,0.0
2015-02-19,-0.004428313869229886,1.9001297042317578,0.0
2015-02-20,0.002877968639387704,1.9055982179313056,0.0
2015-02-23,0.002921161265496894,1.9111647776331264,0.0
2015-02-24,0.0004942090365920582,1.9121092925366492,0.0
2015-02-25,0.0014017947675497855,1.9147896773379103,0.0
2015-02-26,-0.004817063638982849,1.9055660136069061,0.0
2015-02-27,0.0015666127360937088,1.9085512975932903,0.0
2015-03-02,-0.0012957304938800707,1.9060783294778643,0.0
2015-03-03,-0.0027076926565521575,1.900917255182324,0.0
2015-03-04,-0.0037847765276754486,1.8937227081738566,0.0
2015-03-05,0.00020476950613339262,1.894110484837563,0.0
2015-03-06,-0.01759857575706604,1.860776837977896,0.0
2015-03-09,0.003504704054543187,1.8672983101065572,0.0
2015-03-10,-0.005142893906216653,1.8576949930064215,0.0
2015-03-11,-0.002064829951513414,1.8538591687440855,0.0
2015-03-12,0.005769653197245844,1.8645552932242733,0.0
2015-03-13,-0.003843918607458835,1.8573880944380128,0.0
2015-03-16,0.007135296775984554,1.8706411097200084,0.0
2015-03-17,-9.373479251548189e-06,1.8706235753043794,0.0
2015-03-18,0.015697140871108545,1.899987017082749,0.0
2015-03-19,-0.005038517169420081,1.8904138998755025,0.0
2015-03-20,0.010563879917005442,1.910384005307225,0.0
2015-03-23,0.0020424022266179592,1.9142857778533597,0.0
2015-03-24,-0.0005917913767626154,1.913152920037367,0.0
2015-03-25,-0.008089090357231196,1.897677253199984,0.0
2015-03-26,-0.0041655459891689756,1.8897723913291795,0.0
2015-03-27,0.0027390715966646717,1.8949486132104303,0.0
2015-03-30,0.002058010223314033,1.8988484368290721,0.0
2015-03-31,-0.003893398389318792,1.8914554633835614,0.0
2015-04-01,0.0034634477983975787,1.8980064206439842,0.0
2015-04-02,0.0009590754402543505,1.899826751987469,0.0
2015-04-06,0.005172048136503543,1.9096527473997655,0.0
2015-04-07,-0.003005554852498621,1.9039131813182308,0.0
2015-04-08,0.0004498805057010363,1.904769714743053,0.0
2015-04-09,-0.005857842521182516,1.8936118737149703,0.0
2015-04-10,0.002433134314958882,1.8982192857441198,0.0
2015-04-13,-0.002270619867048407,1.8939091513218949,0.0
2015-04-14,0.0016863317814110046,1.8971029105148742,0.0
2015-04-15,0.002372748525929655,1.9016042586493354,0.0
2015-04-16,-0.00013664030393109594,1.9013444228654768,0.0
2015-04-17,-0.0014890534718973447,1.8985132193513363,0.0
2015-04-20,0.00023897635819292162,1.898966919126478,0.0
2015-04-21,0.0005582173601273582,1.9000269554270417,0.0
2015-04-22,-0.002987097596721222,1.89435138947478,0.0
2015-04-23,0.004073230778967207,1.902067519860568,0.0
2015-04-24,0.002359429425057208,1.9065553139353728,0.0
2015-04-27,0.0016327277620056535,1.9096681997262344,0.0
2015-04-28,-0.0005096519068935601,1.9086949336867098,0.0
2015-04-29,-0.005351357571571999,1.8984808246015044,0.0
2015-04-30,-0.006059073898850506,1.8869777889896933,0.0
2015-05-01,0.001183090334065412,1.8892102541724431,0.0
2015-05-04,-0.000251251729813301,1.8887355868281013,0.0
2015-05-05,-0.0059163989099464825,1.8775610736610144,0.0
2015-05-06,-0.0030771700683291103,1.871783498923685,0.0
2015-05-07,0.003440547870304428,1.8782234596545777,0.0
2015-05-08,0.006673766853791188,1.8907582851236335,0.0
2015-05-11,-0.009095817740160578,1.8735602923714505,0.0
2015-05-12,0.0015848620343093117,1.8765296269478193,0.0
2015-05-13,0.0014276103234423798,1.8792085800154954,0.0
2015-05-14,0.008286880352999126,1.8947813566764133,0.0
2015-05-15,0.005921065142195953,1.9060004805195128,0.0
2015-05-18,-0.00406700422777935,1.8982487685070903,0.0
2015-05-19,-0.005987333212495213,1.8868833206098297,0.0
2015-05-20,-5.9441633496401525e-05,1.8867711611830356,0.0
2015-05-21,0.0027771932244773506,1.8920110892680124,0.0
2015-05-22,-0.0020458583409887626,1.88814030259979,0.0
2015-05-26,-0.004432430991419323,1.8797712510063989,0.0
2015-05-27,0.005213918980288973,1.8895722260106225,0.0
2015-05-28,-0.0002707781529716763,1.8890605711333566,0.0
2015-05-29,-0.0018923031213523983,1.8854858959181773,0.0
2015-06-01,-0.0002828003089341835,1.8849526799243206,0.0
2015-06-02,-0.0015032172261446597,1.8821191865853908,0.0
2015-06-03,-0.0042527691449603805,1.8741149681815423,0.0
2015-06-04,-0.0017213179727453842,1.8708890204038204,0.0
2015-06-05,-0.006797162099596993,1.8581722844617794,0.0
2015-06-08,0.0001143882688761505,1.8583848375726726,0.0
2015-06-09,-0.0025867632515228778,1.8535776359676523,0.0
2015-06-10,0.00435040023698971,1.8616414405544448,0.0
2015-06-11,0.0039937050333029855,1.8690762873457925,0.0
2015-06-12,-0.002841606991945231,1.8637651070991916,0.0
2015-06-15,-0.0010534463042973924,1.8618017306350396,0.0
2015-06-16,0.0036204364657343724,1.868542265512598,0.0
2015-06-17,0.0022970748068430746,1.8728344468762286,0.0
2015-06-18,0.006594552143202537,1.8851849512917396,0.0
2015-06-19,-0.0003563893519706457,1.884513091448604,0.0
2015-06-22,-0.004794469574051316,1.8754778507697523,0.0
2015-06-23,-0.0047448426759966605,1.8665790034255336,0.0
2015-06-24,-0.0011286211330376328,1.8644723429157832,0.0
2015-06-25,-0.0030865536025137807,1.8587175490889694,0.0
2015-06-26,-0.002562776251452639,1.853954071896006,0.0
2015-06-29,-0.0022814544842366252,1.8497243600651099,0.0
2015-06-30,-0.0017645895313293525,1.846460355823494,0.0
2015-07-01,0.000237517511477367,1.8468989224922505,0.0
2015-07-02,0.0016307743149579362,1.8499107978173743,0.0
2015-07-06,0.0029261435331044555,1.855323902335228,0.0
2015-07-07,0.0027868952617136344,1.86049449572759,0.0
2015-07-08,-0.0027809996742955145,1.8553204611409428,0.0
2015-07-09,-0.0037057593861867383,1.8484450899276854,0.0
2015-07-10,0.0038802126882224314,1.8556174500191054,0.0
2015-07-13,0.0009471885035134131,1.8573750695346825,0.0
2015-07-14,0.0020764678302206963,1.8612318491152253,0.0
2015-07-15,0.0008601751566173627,1.8628328345125391,0.0
2015-07-16,0.0034987844122347372,1.8693504849965306,0.0
2015-07-17,0.00017420234382735378,1.8696761302324518,0.0
2015-07-20,-0.004228490028375859,1.8617702233594715,0.0
2015-07-21,0.0006485238548950001,1.8629776257616533,0.0
2015-07-22,-0.0018708836428180803,1.8594922113946797,0.0
2015-07-23,-0.00040366137945227476,1.8587416062035473,0.0
2015-07-24,-0.0009069828216152348,1.857055759496899,0.0
2015-07-27,-0.00023258577200145625,1.8566238347494266,0.0
2015-07-28,0.0019047357437044637,1.8601602125300876,0.0
2015-07-29,0.0015043015283547762,1.8629584543807811,0.0
2015-07-30,-0.0001468859851533194,1.8626848118929096,0.0
2015-07-31,0.0034723062560072515,1.8691526240182148,0.0
2015-08-03,8.908332927136386e-05,1.8693191343568785,0.0
2015-08-04,-0.003413730952080543,1.862937781768608,0.0
2015-08-05,-0.0013196417049381737,1.8604793713780812,0.0
2015-08-06,-0.0010098638680204192,1.8586005404837291,0.0
2015-08-07,0.0024362334254525164,1.8631285252450198,0.0
2015-08-10,0.002853822485530663,1.8684455633237975,0.0
2015-08-11,0.0012606878743378902,1.8708010899893404,0.0
2015-08-12,0.003304277120487309,1.876982735227975,0.0
2015-08-13,-0.0023565367236740714,1.8725595564827082,0.0
2015-08-14,0.001001175404949678,1.8744343170549622,0.0
2015-08-17,0.003632640338220597,1.881243462766441,0.0
2015-08-18,-0.0025664075545627496,1.8764154253316254,0.0
2015-08-19,0.0021061808113283786,1.8803674954945393,0.0
2015-08-20,-0.002837736803376331,1.8750315074487018,0.0
2015-08-21,-0.008693985970139192,1.858730009829374,0.0
2015-08-24,-0.014909260934077961,1.8310177191068266,0.0
2015-08-25,-0.010479822670871539,1.8118289781033634,0.0
2015-08-26,0.008924529710304427,1.8279986996484374,0.0
2015-08-27,0.008659363454485577,1.8438280047830202,0.0
2015-08-28,0.0007891486392384572,1.8452830591439844,0.0
2015-08-31,-0.006268833917662128,1.8337152861151353,0.0
2015-09-01,-0.007614263341597052,1.8197528950331427,0.0
2015-09-02,0.004831594830723512,1.828545203713979,0.0
2015-09-03,-0.0011827272754575124,1.8263825334271395,0.0
2015-09-04,-0.004474711171897516,1.8182099991006546,0.0
2015-09-08,0.007483401776766027,1.831816395038458,0.0
2015-09-09,-0.005534185004470574,1.821678784214093,0.0
2015-09-10,0.002573728052025076,1.8263672900028036,0.0
2015-09-11,0.005144545129603578,1.8357631189494548,0.0
2015-09-14,-0.0007881176649467414,1.834316321606753,0.0
2015-09-15,-0.00014808134012531116,1.8340446935876358,0.0
2015-09-16,0.0040369418670340995,1.8414486253971913,0.0
2015-09-17,0.0068418677170456604,1.8540475732998944,0.0
2015-09-18,-0.002688299573894451,1.8490633379986123,0.0
2015-09-21,-0.002606671891798487,1.8442434365692961,0.0
2015-09-22,-0.005181431180950172,1.8346876161217933,0.0
2015-09-23,0.0013581519264683345,1.8371794006420965,0.0
2015-09-24,0.001441198250629147,1.8398271403803936,0.0
2015-09-25,-0.003609361271710687,1.8331865395532623,0.0
2015-09-28,-0.00900141493492751,1.8166852668576194,0.0
2015-09-29,0.0012328473735740558,1.8189249625174757,0.0
2015-09-30,0.004501240132882001,1.82711238055746,0.0
2015-10-01,0.0013056086127562483,1.8294978742179895,0.0
2015-10-02,0.00927254898783561,1.8464619828798168,0.0
2015-10-05,0.004745273287588114,1.8552239496037233,0.0
2015-10-06,0.00248668135602223,1.859837300410449,0.0
2015-10-07,0.0031948920762341626,1.865779279864615,0.0
2015-10-08,0.0015119021696499424,1.86860015560593,0.0
2015-10-09,0.003699868546480356,1.8755137305476048,0.0
2015-10-12,0.0030296174564771877,1.8811958196855345,0.0
2015-10-13,-0.0016592740504997733,1.8780744002780216,0.0
2015-10-14,0.003231656409026465,1.8841436914503087,0.0
2015-10-15,0.0031773554517216807,1.8901302856801652,0.0
2015-10-16,0.001405039529461416,1.8927859934473779,0.0
2015-10-19,0.0016500950365013756,1.8959092702203248,0.0
2015-10-20,-0.0010135116518742715,1.8939877440840602,0.0
2015-10-21,-0.0015694596184210735,1.891015206801936,0.0
2015-10-22,0.003585994744942686,1.8977963773961342,0.0
2015-10-23,0.0010201127433272922,1.8997323436649565,0.0
2015-10-26,0.0010694375200414608,1.9017639887113083,0.0
2015-10-27,0.00040695363930891293,1.902537918487621,0.0
2015-10-28,-0.0006149323995019024,1.901367986280262,0.0
2015-10-29,-0.004140678993619515,1.8934950318003307,0.0
2015-10-30,-0.0011329933339151443,1.8913497145514995,0.0
2015-11-02,0.004412949311225156,1.8996961449716152,0.0
2015-11-03,-0.0041117250171759795,1.8918851168073028,0.0
2015-11-04,-0.0036421145100586777,1.8849946545720149,0.0
2015-11-05,-0.0010738653929897313,1.8829704240464995,0.0
2015-11-06,-0.010471779798687714,1.8632523723984429,0.0
2015-11-09,-0.005627678745364434,1.8527665866250465,0.0
2015-11-10,0.0009872970328467234,1.8545958175785786,0.0
2015-11-11,-0.0012318363802934496,1.8523112589797452,0.0
2015-11-12,-0.003177603946079688,1.8464253474138435,0.0
2015-11-13,-0.005439053623415069,1.8363825409376269,0.0
2015-11-16,0.0051855866341657675,1.8459052616971283,0.0
2015-11-17,-0.0018539838034438288,1.8424829832392502,0.0
2015-11-18,0.006093270512997878,1.8537097304717223,0.0
2015-11-19,0.0026496865740682635,1.8586214802567727,0.0
2015-11-20,0.0006761075149781665,1.859878108207074,0.0
2015-11-23,-0.0009900965986285593,1.8580366492182745,0.0
2015-11-24,0.0007416113440093103,1.8594145902749197,0.0
2015-11-25,0.00012787828773754006,1.8596523690289184,0.0
2015-11-27,-6.0803618674803994e-05,1.8595392954354044,0.0
2015-11-30,-0.0008486628717659928,1.8579611734767785,0.0
2015-12-01,0.0086670370331286,1.8740641917734167,0.0
2015-12-02,-0.0073300869819598324,1.8603271382379414,0.0
2015-12-03,-0.005582571994093594,1.8499417280561619,0.0
2015-12-04,0.010907787261285384,1.8701204988715734,0.0
2015-12-07,-0.0028826744343418698,1.8647295503203376,0.0
2015-12-08,-0.0016128485340717313,1.8617220239986632,0.0
2015-12-09,-0.0017140578570507131,1.858530924735784,0.0
2015-12-10,-0.0015078262516116797,1.8557285830180352,0.0
2015-12-11,-0.00390011875300382,1.8484910211709216,0.0
2015-12-14,-0.0031003973761899173,1.8427599644589725,0.0
2015-12-15,0.0033396358852281482,1.8489141117641417,0.0
2015-12-16,0.007984882285005573,1.863677473301664,0.0
2015-12-17,-0.00770120276529046,1.8493249151906634,0.0
2015-12-18,-0.0028651741553274157,1.844026277238856,0.0
2015-12-21,0.0044683623876511785,1.8522660548979104,0.0
2015-12-22,0.002367569331023861,1.8566514232023834,0.0
2015-12-23,0.0026757990579239915,1.8616194493314817,0.0
2015-12-24,0.0022034652574676322,1.8657214631107095,0.0
2015-12-28,-0.0007485708607222891,1.8643248383892006,0.0
2015-12-29,0.002107728542279655,1.8682543290631546,0.0
2015-12-30,-0.0034310020399400815,1.861844344649012,0.0
2015-12-31,-0.0037870666741841724,1.8547934159788735,0.0
2016-01-04,-0.00388451587679238,1.8475884415063335,0.0
2016-01-05,0.00153376811984271,1.8504222137565056,0.0
2016-01-06,0.001575647240203773,1.853337826410823,0.0
2016-01-07,-0.006216694226091113,1.8418161918463787,0.0
2016-01-08,-0.004262669643375516,1.8339651378767177,0.0
2016-01-11,-0.0026421676849084363,1.829119494454171,0.0
2016-01-12,0.0035175387144344983,1.8355534930892403,0.0
2016-01-13,-0.007919554241350935,1.8210167276378189,0.0
2016-01-14,0.0012627835108782598,1.8233162775345133,0.0
2016-01-15,-0.004601046110826373,1.8149271152669568,0.0
2016-01-19,-0.00011912630065706586,1.814710909713753,0.0
2016-01-20,-0.0028118920669098907,1.809608138502994,0.0
2016-01-21,0.0013076046017186094,1.811974390432208,0.0
2016-01-22,0.009189147871725756,1.8286248910456695,0.0
2016-01-25,-0.0026993803566770364,1.82368873693505,0.0
2016-01-26,0.008217305227082583,1.8386745439256382,0.0
2016-01-27,-0.0061791424811093315,1.8273131119423331,0.0
2016-01-28,0.0016544507887661791,1.8303363115617088,0.0
2016-01-29,0.00957290335672796,1.847857944182599,0.0
2016-02-01,0.0011054300110326376,1.8499006218102236,0.0
2016-02-02,-0.003500207975367972,1.8434255849001253,0.0
2016-02-03,0.003973863601185068,1.8507511067334532,0.0
2016-02-04,0.0033668473983407277,1.856982303282135,0.0
2016-02-05,-0.008409367520499422,1.841366256614772,0.0
2016-02-08,-0.0028599402544831898,1.8361000591342322,0.0
2016-02-09,-0.002110117937968517,1.8322256714635479,0.0
2016-02-10,0.0034578161131745278,1.8385611709133063,0.0
2016-02-11,0.0024153320242784465,1.8430019065880079,0.0
2016-02-12,0.0032181163616435277,1.848932901178139,0.0
2016-02-16,0.0006069688959304542,1.8500551459398167,0.0
2016-02-17,0.006551891969139245,1.8621765073929644,0.0
2016-02-18,0.004204894143698082,1.8700067624834331,0.0
2016-02-19,0.0010280809948291642,1.8719292808961443,0.0
2016-02-22,0.0024580393005785156,1.8765305566364905,0.0
2016-02-23,-0.0016503147932555307,1.8734336904988773,0.0
2016-02-24,0.0018897577131385818,1.876974026265551,0.0
2016-02-25,0.007317329946842255,1.890708464517389,0.0
2016-02-26,-0.003930039194664753,1.8832779061461513,0.0
2016-02-29,0.00044371392514323815,1.884113542778023,0.0
2016-03-01,0.008221767098831267,1.899604285514498,0.0
2016-03-02,0.0018922397296027987,1.9031987922140723,0.0
2016-03-03,0.005227491872997078,1.9131477484330692,0.0
2016-03-04,-0.00013960372961747958,1.9128806658720785,0.0
2016-03-07,0.0002615136903916654,1.9133809103542896,0.0
2016-03-08,-0.003138711050458584,1.9073753605472241,0.0
2016-03-09,0.00011602922583325848,1.9075966718336819,0.0
2016-03-10,0.0033809628544658327,1.9140461853224542,0.0
2016-03-11,0.004412880906745048,1.9224926431882916,0.0
2016-03-14,-0.002030299006397576,1.9185894082850197,0.0
2016-03-15,-0.0009976182731390032,1.9166753884326635,0.0
2016-03-16,0.00937324676291279,1.9346408598128446,0.0
2016-03-17,0.00441594043898684,1.9431841186206082,0.0
2016-03-18,6.422339812320321e-05,1.943308916507885,0.0
2016-03-21,-0.003128355421020357,1.9372295555242103,0.0
2016-03-22,-0.00023963398914673972,1.936765329477927,0.0
2016-03-23,-0.004391757861268886,1.9282595251167594,0.0
2016-03-24,-0.0008910634780894544,1.9265413234776498,0.0
2016-03-28,0.0013124635174496802,1.9290698386795735,0.0
2016-03-29,0.011885037484293787,1.9519969060221007,0.0
2016-03-30,-0.0014510819391811147,1.9491643985664346,0.0
2016-03-31,0.00285096149395149,1.9547213912121288,0.0
2016-04-01,0.001764908103528015,1.9581712948356187,0.0
2016-04-04,-0.001965541248884553,1.9543224283832374,0.0
2016-04-05,-0.00034856582369809097,1.9536412183762164,0.0
2016-04-06,0.0029972776239798327,1.9594968234853403,0.0
2016-04-07,-0.0009820051322257523,1.9575725875480976,0.0
2016-04-08,0.0006429180472875273,1.9588311462935077,0.0
2016-04-11,0.0006774209170953005,1.9601580994850645,0.0
2016-04-12,0.0023775209538507147,1.9648184164394507,0.0
2016-04-13,0.0011358348096846549,1.967050125591552,0.0
2016-04-14,-0.0036430970049367434,1.959883971170449,0.0
2016-04-15,0.0028679961325394354,1.965504910819992,0.0
2016-04-18,0.002296364864933814,1.9700184272390542,0.0
2016-04-19,0.002164904274871371,1.9742833285537595,0.0
2016-04-20,-0.0051037336527564175,1.9642071122897438,0.0
2016-04-21,-0.0037448110455761824,1.9568515277998417,0.0
2016-04-22,-0.0030489907638033276,1.9508851055654455,0.0
2016-04-25,0.00042766843403625743,1.9517194375435274,0.0
2016-04-26,0.00046899646555924324,1.9526347870614986,0.0
2016-04-27,0.002467947400743367,1.9574537870088282,0.0
2016-04-28,0.0006533115166132142,1.9587326141111192,0.0
2016-04-29,0.0015254109120530768,1.9617204862144786,0.0
2016-05-02,0.0028541889317236085,1.9673196071133672,0.0
2016-05-03,-0.0009835553319375162,1.9653846394241656,0.0
2016-05-04,-0.0002088210250197342,1.964974225789203,0.0
2016-05-05,0.000285747515314419,1.9655357122918793,0.0
2016-05-06,0.002718822867795734,1.9708796557339274,0.0
2016-05-09,-0.0005797523716582209,1.9697370335792628,0.0
2016-05-10,0.004530213568832431,1.978660363015815,0.0
2016-05-11,-0.002388568792774562,1.9739341966212154,0.0
2016-05-12,-0.002037038727858584,1.9699132162164537,0.0
2016-05-13,-0.0016534941187178326,1.9666559762990552,0.0
2016-05-16,0.0032974227355656027,1.9731408724283395,0.0
2016-05-17,-0.004859804388789954,1.9635517937568114,0.0
2016-05-18,-0.007487009830898644,1.9488506621734754,0.0
2016-05-19,-0.0026500055404111433,1.9436861971212818,0.0
2016-05-20,0.003840118627557995,1.9511501826929747,0.0
2016-05-23,-0.0003314951990748688,1.950503385774738,0.0
2016-05-24,0.002667436744099111,1.9557062301754433,0.0
2016-05-25,0.001243747161984804,1.9581386342489,0.0
2016-05-26,0.001248828575716135,1.960584013730564,0.0
2016-05-27,-0.0002478514888257094,1.960098080063793,0.0
2016-05-31,0.0009614246933010023,1.961982566759258,0.0
2016-06-01,0.0016540704453115451,1.9652278241371512,0.0
2016-06-02,0.001830283415088188,1.9688247480305394,0.0
2016-06-03,0.008532221235384566,1.9856231963544364,0.0
2016-06-06,-0.0005196376405525033,1.9845913918016564,0.0
2016-06-07,0.0014892882920624628,1.9875470205259946,0.0
2016-06-08,0.0050167466617835055,1.997518040406356,0.0
2016-06-09,0.0002559753539655013,1.9980293557938014,0.0
2016-06-10,-0.002973105630106998,1.9920890034669718,0.0
2016-06-13,-0.0006196013958300883,1.990854702339806,0.0
2016-06-14,-0.00202751175422039,1.9868182210298673,0.0
2016-06-15,0.0030817968543409707,1.9929411911735846,0.0
2016-06-16,0.0008025543408059221,1.9945406347775319,0.0
2016-06-17,-0.0012252054328610873,1.9920969127557402,0.0
2016-06-20,0.00015625418020118187,1.9924081862257241,0.0
2016-06-21,-0.002202867508785983,1.9880191749680483,0.0
2016-06-22,0.000530714511927044,1.9890742455941932,0.0
2016-06-23,0.0030178436901394795,1.9950769607554788,0.0
2016-06-24,-0.004951653609941611,1.9851980307206425,0.0
2016-06-27,-0.0022744867167249216,1.9806827241696998,0.0
2016-06-28,0.008827194081854076,1.9981665949905212,0.0
2016-06-29,0.006741548544838452,2.0116373320913246,0.0
2016-06-30,0.006531730556272888,2.0247768051214847,0.0
2016-07-01,0.005671820660427068,2.0362609760375263,0.0
2016-07-05,0.0014618329618032305,2.0392376494511315,0.0
2016-07-06,0.0031790561051378424,2.045720500350446,0.0
2016-07-07,-0.001962148408172104,2.0417064931271187,0.0
2016-07-08,0.009261571633016483,2.06061590406681,0.0
2016-07-11,-0.0007778691782065611,2.0590130144669145,0.0
2016-07-12,-0.0029303454778777105,2.05297939499108,0.0
2016-07-13,0.0033005171062806538,2.05975528860309,0.0
2016-07-14,-0.002408553064753502,2.0547942586900825,0.0
2016-07-15,-0.003139520021660319,2.048343190974532,0.0
2016-07-18,0.0020004610385856436,2.052440821721729,0.0
2016-07-19,0.0002969253404676714,2.0530502434115085,0.0
2016-07-20,-0.0004123443565788032,2.0522036797298653,0.0
2016-07-21,0.0018089937681214224,2.0559161033974123,0.0
2016-07-22,0.0013343551371906431,2.0586594256116135,0.0
2016-07-25,-0.002005568569718036,2.0545306429718533,0.0
2016-07-26,-0.00014825823842802566,2.05422604187793,0.0
2016-07-27,0.00501829374733051,2.0645347515794894,0.0
2016-07-28,0.0009459730506135439,2.0664877458165387,0.0
2016-07-29,0.0061484596571219075,2.079193462353629,0.0
2016-08-01,-0.0016015249317561653,2.075863582185725,0.0
2016-08-02,-0.0038418121675445754,2.0678885042175215,0.0
2016-08-03,-0.0006871038625699821,2.0664676500389096,0.0
2016-08-04,0.0020209837592833485,2.0706439475987226,0.0
2016-08-05,-0.002222139412667898,2.066042688073161,0.0
2016-08-08,0.0005218840799814384,2.0671209228606284,0.0
2016-08-09,0.004011450269821859,2.0754130756443923,0.0
2016-08-10,0.001119959284640884,2.0777374537879254,0.0
2016-08-11,-0.00300039593434398,2.071503418778946,0.0
2016-08-12,0.002060740868993771,2.0757722505342846,0.0
2016-08-15,0.0003313185447466338,2.076459992375557,0.0
2016-08-16,-0.001977995741290678,2.072352763353678,0.0
2016-08-17,0.0021524706200845845,2.076813441791248,0.0
2016-08-18,0.002266156038864736,2.081519825113959,0.0
2016-08-19,-0.00402151906983958,2.073148953443014,0.0
2016-08-22,0.0016685736358892228,2.0766081551300006,0.0
2016-08-23,0.0008754706774178472,2.0784261646783038,0.0
2016-08-24,-0.0045573136235059625,2.068954124802564,0.0
2016-08-25,-5.018271881233882e-05,2.0688502990594837,0.0
2016-08-26,-0.003808440478194175,2.0609712058372214,0.0
2016-08-29,0.005041812330484924,2.071362235875586,0.0
2016-08-30,-0.0030561509722626667,2.0650318401645067,0.0
2016-08-31,-0.0009122528129721641,2.0631480090594394,0.0
2016-09-01,0.0016286722802645037,2.0665082010318776,0.0
2016-09-02,0.002062030381994359,2.0707694037270454,0.0
2016-09-06,0.006803275770092737,2.084857419036871,0.0
2016-09-07,4.892894553548688e-06,2.084867620024381,0.0
2016-09-08,-0.005448726985581867,2.0735077455617885,0.0
2016-09-09,-0.01612687823766963,2.0400685386242485,0.0
2016-09-12,0.006076157923916553,2.0524643172405432,0.0
2016-09-13,-0.009972991712179302,2.0319951076151592,0.0
2016-09-14,0.002251611394810893,2.0365703709536658,0.0
2016-09-15,0.0030418304188636475,2.042765272658189,0.0
2016-09-16,-0.0006690487652575017,2.041398563074806,0.0
2016-09-19,0.0006227173321962515,2.042669777341953,0.0
2016-09-20,0.00040245997445041704,2.0434918701683524,0.0
2016-09-21,0.008667890996344352,2.0612046349508875,0.0
2016-09-22,0.0062666890485680304,2.074121563463592,0.0
2016-09-23,-0.0009649861812359023,2.0721200648166462,0.0
2016-09-26,-0.0009798169811347235,2.070089766390189,0.0
2016-09-27,0.0008676084885207713,2.071885793843509,0.0
2016-09-28,0.0019381293477856998,2.0759013765058176,0.0
2016-09-29,-0.0039188006504479594,2.067766332841301,0.0
2016-09-30,-9.628663110738955e-05,2.0675672345871945,0.0
2016-10-03,-0.004176278902422156,2.0589324971660488,0.0
2016-10-04,-0.009222301613037748,2.0399444006762986,0.0
2016-10-05,-0.0022744098732578044,2.0353047309905037,0.0
2016-10-06,-0.002593303305431255,2.030026568504066,0.0
2016-10-07,0.00028590074946857613,2.0306069546214425,0.0
2016-10-10,0.0012621508113951907,2.0331698868368426,0.0
2016-10-11,-0.007110131100068709,2.018713782392721,0.0
2016-10-12,0.0012596130354103618,2.021256580587785,0.0
2016-10-13,0.00127322682821647,2.0238300986928985,0.0
2016-10-14,-0.0038151906395869906,2.016108801044251,0.0
2016-10-17,0.0011377972778477546,2.018402724149924,0.0
2016-10-18,0.004320020018503512,2.027122264323654,0.0
2016-10-19,0.0017207510102454499,2.03061043700788,0.0
2016-10-20,-0.0015286634021897672,2.0275063171487213,0.0
2016-10-21,-9.24222549661402e-06,2.0274875784781425,0.0
2016-10-24,0.001291336198404075,2.030105746580046,0.0
2016-10-25,0.0003516016005883915,2.030819535009907,0.0
2016-10-26,-0.004919407439670051,2.020829106280752,0.0
2016-10-27,-0.006262538970489992,2.0081735852499687,0.0
2016-10-28,-0.00012748230577495911,2.0079175786509245,0.0
2016-10-31,0.002669329425477887,2.0132773721275514,0.0
2016-11-01,-0.0033293943592594827,2.006574377801165,0.0
2016-11-02,-0.001862969766756234,2.002836190400574,0.0
2016-11-03,-0.0029805855775656004,1.9968665657372393,0.0
2016-11-04,0.0024752920064312622,2.0018093935853187,0.0
2016-11-07,0.004689539357916106,2.011196957523583,0.0
2016-11-08,-1.629572569351867e-05,2.0111641836096474,0.0
2016-11-09,-0.00935419086532581,1.9923513699746556,0.0
2016-11-10,-0.01013599376627615,1.9721569089083606,0.0
2016-11-11,-0.004850931330481201,1.9625901111703121,0.0
2016-11-14,-0.0011314686038282201,1.9603695020773393,0.0
2016-11-15,0.004963245698004146,1.9700992975750233,0.0
2016-11-16,-1.969128905179862e-05,1.970060503780294,0.0
2016-11-17,-0.0037678274170404036,1.9626376558009222,0.0
2016-11-18,-0.002816872410386348,1.9571091559367113,0.0
2016-11-21,0.00418872236443274,1.9653069428278196,0.0
2016-11-22,0.0037245804126898735,1.9726268865719998,0.0
2016-11-23,-0.005691699391437724,1.9613992873221642,0.0
2016-11-25,0.0016206251069105365,1.964577980251875,0.0
2016-11-28,0.0026722536407448594,1.9698278309121302,0.0
2016-11-29,0.002255043992404712,1.9742698793283002,0.0
2016-11-30,-0.00835238879869174,1.9577800097026041,0.0
2016-12-01,-0.006281311913467272,1.9454825828037112,0.0
2016-12-02,0.004446836912548491,1.9541338265656432,0.0
2016-12-05,0.0033093026190394725,1.9606006467558503,0.0
2016-12-06,0.0014229942157171355,1.9633905701355152,0.0
2016-12-07,0.008800036934890954,1.9806684796703247,0.0
2016-12-08,-0.0026325278198323365,1.9754543147957275,0.0
2016-12-09,-0.002504106663592659,1.9705075664824245,0.0
2016-12-12,0.0016040038610885682,1.9736682682273665,0.0
2016-12-13,0.0025615164903790705,1.978723852042969,0.0
2016-12-14,-0.010272929789989699,1.9583965608371536,0.0
2016-12-15,-0.0028086835848012692,1.9528960445641992,0.0
2016-12-16,0.0023611406242190075,1.9575071067498964,0.0
2016-12-19,0.004444041957763753,1.9662063504649139,0.0
2016-12-20,-0.0004999815462556206,1.9652232835735508,0.0
2016-12-21,-0.0007745868275586543,1.9637010475048833,0.0
2016-12-22,-0.0010747844246115218,1.9615904922044318,0.0
2016-12-23,0.0017906113233498167,1.9651029383515486,0.0
2016-12-27,0.0013107749233168264,1.967678746004876,0.0
2016-12-28,-0.0017969954867487203,1.9641428361789337,0.0
2016-12-29,0.004942177858442642,1.973849979414716,0.0
2016-12-30,0.00014953225294486727,1.974145133649113,0.0
2017-01-03,0.002834099197448911,1.9797400567880357,0.0
2017-01-04,0.006155172502461531,1.991925698347599,0.0
2017-01-05,0.006892248934057557,2.005654546118757,0.0
2017-01-06,-0.001945661639607174,2.00175222100607,0.0
2017-01-09,0.0018019758435016825,2.005359330152999,0.0
2017-01-10,-0.0005149929181338664,2.0043265842996565,0.0
2017-01-11,0.0011122123066794887,2.0065558209933196,0.0
2017-01-12,0.0009899980076845255,2.008542307258411,0.0
2017-01-13,0.00020818365532460081,2.00896045293781,0.0
2017-01-17,0.004530247544038413,2.018061541095802,0.0
2017-01-18,-0.0035056218980268616,2.0109869803657707,0.0
2017-01-19,-0.003338004692047966,2.0042742963896627,0.0
2017-01-20,0.002412040202375343,2.009108686569142,0.0
2017-01-23,0.004092664938819837,2.0173312952489417,0.0
2017-01-24,-0.0003135269616032915,2.016698807497395,0.0
2017-01-25,-0.0009899521981384107,2.0147023720799297,0.0
2017-01-26,-0.0017908528227467968,2.011094336649896,0.0
2017-01-27,4.070627278739136e-05,2.011176200804565,0.0
2017-01-30,-0.0027513641981315035,2.005642722609537,0.0
2017-01-31,0.00474854000750663,2.015166597318613,0.0
2017-02-01,-0.0018759342454429534,2.0113862772884303,0.0
2017-02-02,0.0021403158043432347,2.0156912791263495,0.0
2017-02-03,0.002713701911730107,2.0211612644039723,0.0
2017-02-06,0.0022888557761053807,2.025787411038444,0.0
2017-02-07,-3.373702898726294e-06,2.0257805766335832,0.0
2017-02-08,0.004430140685000139,2.0347550695850107,0.0
2017-02-09,-0.0017695796978874773,2.0311544083236996,0.0
2017-02-10,0.0017637984019477776,2.0347369552232104,0.0
2017-02-13,-0.0003130528195835758,2.034099975082267,0.0
2017-02-14,-0.0010865816637520564,2.031889759347104,0.0
2017-02-15,0.0010610971481078563,2.0340457917760166,0.0
2017-02-16,0.0031984680653796144,2.040551622284532,0.0
2017-02-17,0.0009738596417261658,2.0425388331563337,0.0
2017-02-21,0.0023898615381037214,2.047420218153777,0.0
2017-02-22,0.00041794858384605615,2.0482759345344923,0.0
2017-02-23,0.002384855351953638,2.0531607763592445,0.0
2017-02-24,0.0035733217072798362,2.0604973803299442,0.0
2017-02-27,-0.0002616226459586646,2.0599583075533117,0.0
2017-02-28,-0.0011101720432584589,2.057671399429988,0.0
2017-03-01,-0.0005573088230501205,2.0565246410041476,0.0
2017-03-02,-0.0053262062618148615,2.0455711665836547,0.0
2017-03-03,0.0015971603680897534,2.048838271781029,0.0
2017-03-06,-0.00350892092622479,2.0416490602947266,0.0
2017-03-07,-0.0037157307698457015,2.034062842060163,0.0
2017-03-08,-0.005340099697474163,2.023200743692634,0.0
2017-03-09,-0.003441224649411684,2.0162384554227306,0.0
2017-03-10,0.0027513295873817234,2.021785791940352,0.0
2017-03-13,-0.0008410297072102418,2.0200854100277144,0.0
2017-03-14,-0.0017003839914218194,2.0166504891351984,0.0
2017-03-15,0.012328297609492639,2.0415123565395863,0.0
2017-03-16,-0.0007333739464509825,2.0400151645659426,0.0
2017-03-17,0.0014335804860117346,2.0429396904970325,0.0
2017-03-20,0.001053986765071721,2.045092921892656,0.0
2017-03-21,-0.00160863543479621,2.0418031129510483,0.0
2017-03-22,0.0022283734025497215,2.0463530127011915,0.0
2017-03-23,-0.00011411910632974642,2.046119484724147,0.0
2017-03-24,0.0013135009581749374,2.0488070646278724,0.0
2017-03-27,0.0012189465703381225,2.051304450972585,0.0
2017-03-28,0.0004921868664721635,2.0523140760824896,0.0
2017-03-29,0.0026011115227805026,2.057652373874152,0.0
2017-03-30,-0.0019095854897400039,2.053723110758073,0.0
2017-03-31,0.0010708651935905505,2.055922371354656,0.0
2017-04-03,0.0025668089273308825,2.061199531251349,0.0
2017-04-04,-0.00031174916557204224,2.060556954017404,0.0
2017-04-05,6.039338542618289e-05,2.0606813980277203,0.0
2017-04-06,-3.258592521697412e-05,2.0606142488177883,0.0
2017-04-07,-0.0012299683334267425,2.0580797585443347,0.0
2017-04-10,0.001852246523139936,2.061891829621443,0.0
2017-04-11,0.003701002988908672,2.069522897445678,0.0
2017-04-12,0.0013729824059900003,2.0723643159726644,0.0
2017-04-13,-0.001011890362595247,2.0702673104935454,0.0
2017-04-17,0.0033572815127597966,2.0772177806615364,0.0
2017-04-18,0.003778602370343831,2.0850667606912645,0.0
2017-04-19,-0.0026529514788284497,2.0795351797450325,0.0
2017-04-20,0.001964820263464548,2.083621092604783,0.0
2017-04-21,-0.0007193964325404867,2.082122143023997,0.0
2017-04-24,0.0023056951741986104,2.0869228820012595,0.0
2017-04-25,-0.00025341414323744316,2.0863940262271146,0.0
2017-04-26,-4.431742644987746e-05,2.0863015626133117,0.0
2017-04-27,-0.00017849381924953112,2.085929170679295,0.0
2017-04-28,-0.0003919974398910453,2.0851114917845943,0.0
2017-05-01,-0.00015740638177406951,2.084783281929077,0.0
2017-05-02,0.0012988908281069411,2.087491187812565,0.0
2017-05-03,-0.004429309961817451,2.0782450422991805,0.0
2017-05-04,-0.002166850353512731,2.0737417962945885,0.0
2017-05-05,0.0028436374729995106,2.079638766175857,0.0
2017-05-08,-0.00254790816303703,2.074340037587349,0.0
2017-05-09,-0.0019883415244081465,2.0702155411548717,0.0
2017-05-10,0.0015592785891737904,2.0734435839231695,0.0
2017-05-11,-0.00043439000173893516,2.0725429007611433,0.0
2017-05-12,0.0022088881714915215,2.077120916259543,0.0
2017-05-15,0.0022170351309844932,2.0817259663021934,0.0
2017-05-16,0.002156290812323769,2.0862147728771068,0.0
2017-05-17,0.00041228849044472327,2.08707489521656,0.0
2017-05-18,0.0010175645603748562,2.0891986286647803,0.0
2017-05-19,0.004212927764998417,2.098000271574079,0.0
2017-05-22,0.002941335216452151,2.1041711936569865,0.0
2017-05-23,-0.002109453343425119,2.099732542697388,0.0
2017-05-24,0.003940040765554265,2.1080055745123767,0.0
2017-05-25,0.0014722107447805027,2.111109002969231,0.0
2017-05-26,0.0002972441246640173,2.111736517716889,0.0
2017-05-30,8.765931340634636e-05,2.111921631090127,0.0
2017-05-31,0.001375874769574681,2.114827370777663,0.0
2017-06-01,0.0022854897161396354,2.119660786984986,0.0
2017-06-02,0.0069336665658976115,2.1343578081147485,0.0
2017-06-05,-0.0019641026689724145,2.1301657102472884,0.0
2017-06-06,0.0010861243041257185,2.1324793349970035,0.0
2017-06-07,-0.00031814198806635885,2.131800903781857,0.0
2017-06-08,-0.0019149154985882433,2.127718685191301,0.0
2017-06-09,-0.004033044616282094,2.1191375008030273,0.0
2017-06-12,0.0005140389446833815,2.120226820007579,0.0
2017-06-13,0.0023245253844639824,2.125155341071508,0.0
2017-06-14,0.0015253780317597276,2.1283970063428552,0.0
2017-06-15,-0.0024205321782422157,2.1232451529009277,0.0
2017-06-16,-5.1236350538511055e-05,2.1231363655679947,0.0
2017-06-19,0.0014265055839740443,2.1261650314490157,0.0
2017-06-20,-0.0016164989518459433,2.122728087904227,0.0
2017-06-21,0.0012655360521593856,2.1254144768284013,0.0
2017-06-22,0.0010189856757800292,2.1275802437353852,0.0
2017-06-23,0.002620073498680292,2.1331546603483122,0.0
2017-06-26,-0.00022863175147069814,2.132666953462159,0.0
2017-06-27,-0.004335495924077878,2.123420784578008,0.0
2017-06-28,0.0036584528912136094,2.1311892194866107,0.0
2017-06-29,-0.00650369752065677,2.1173286094437853,0.0
2017-06-30,-0.0005593747586117165,2.116144229263976,0.0
2017-07-03,-0.0031926496198239618,2.1093881221949236,0.0
2017-07-05,7.147040676193372e-05,2.1095388810220355,0.0
2017-07-06,-0.005364038499936358,2.0982232332471207,0.0
2017-07-07,0.0003192623523298882,2.09889311693228,0.0
2017-07-10,0.00044843033977944036,2.0998343242858666,0.0
2017-07-11,0.0013017178160273923,2.102567716036495,0.0
2017-07-12,0.005940184272090074,2.1150573557142995,0.0
2017-07-13,-0.0005179818334794528,2.113961794427272,0.0
2017-07-14,0.0052001808845502095,2.1249547781413227,0.0
2017-07-17,0.0022746507369684893,2.1297883080934463,0.0
2017-07-18,0.003933845452011031,2.138166566142986,0.0
2017-07-19,0.0021241489056886415,2.1427083503146385,0.0
2017-07-20,0.001511805855008208,2.1459477093442194,0.0
2017-07-21,0.0019005754252262447,2.1500262448244194,0.0
2017-07-24,-0.0004357908470162819,2.14908928306608,0.0
2017-07-25,-0.0024645698353504136,2.1437927024455603,0.0
2017-07-26,0.0038816562978449543,2.1521141688902823,0.0
2017-07-27,-0.0022893356909520907,2.147187257112438,0.0
2017-07-28,0.0022213665271933886,2.1519569470130038,0.0
2017-07-31,0.0006467719392271587,2.1533487723807565,0.0
2017-08-01,0.0019241744399028232,2.1574921910487674,0.0
2017-08-02,-0.0004228048062462214,2.1565799929809533,0.0
2017-08-03,0.0009085786992355932,2.158539415625773,0.0
2017-08-04,-0.002507632331590154,2.1531265923981384,0.0
2017-08-07,0.0010624990081272434,2.1554142872669337,0.0
2017-08-08,-0.00234988366163659,2.150349314449227,0.0
2017-08-09,0.0013848339903005102,2.1533271912708956,0.0
2017-08-10,-0.0034836206719442153,2.1458258161539248,0.0
2017-08-11,0.001895893286914141,2.149894072913658,0.0
2017-08-14,0.003270412756556651,2.1569251139149603,0.0
2017-08-15,-0.002584404185453082,2.1513507476228497,0.0
2017-08-16,0.002931934004333586,2.157658366035054,0.0
2017-08-17,-0.004471462108810428,2.14801047840757,0.0
2017-08-18,-0.001132526820992505,2.1455777989290006,0.0
2017-08-21,0.0027689367639641554,2.1515187681764,0.0
2017-08-22,0.0014436445991883595,2.1546247966261305,0.0
2017-08-23,0.002870205244692739,2.1608090120177517,0.0
2017-08-24,-0.0021384938808501203,2.156188135167866,0.0
2017-08-25,0.0033661631346326853,2.1634462161798003,0.0
2017-08-28,0.001963627105449159,2.167694417811072,0.0
2017-08-29,0.0006897009644088736,2.16918947874158,0.0
2017-08-30,0.0020511095275576735,2.1736387239485047,0.0
2017-08-31,0.005381218678420729,2.185335549249955,0.0
2017-09-01,-0.0009990072536567585,2.1831523831845803,0.0
2017-09-05,0.0021973066366487853,2.187949438404967,0.0
2017-09-06,-0.0006659879603467117,2.186492290421142,0.0
2017-09-07,0.00529057694303374,2.1980600961189656,0.0
2017-09-08,-0.0019887572114776347,2.1936886882515476,0.0
2017-09-11,-0.00038948776427272236,2.19283427334885,0.0
2017-09-12,-0.0010571415364924591,2.1905161371558486,0.0
2017-09-13,-0.0026353409154504237,2.1847433803536473,0.0
2017-09-14,0.0017783282569947267,2.1886285712412126,0.0
2017-09-15,0.0009567671510901793,2.1907225791641136,0.0
2017-09-18,-0.002967765661481908,2.184221027919837,0.0
2017-09-19,-5.5869211280520914e-05,2.184098997213745,0.0
2017-09-20,-0.0030087748945283183,2.177527534983764,0.0
2017-09-21,-0.0022090422007723653,2.172717284765641,0.0
2017-09-22,0.0004086720604363214,2.1736052136151516,0.0
2017-09-25,0.0006827212386276565,2.1750891800588783,0.0
2017-09-26,-0.0015618772169865985,2.1716919578236302,0.0
2017-09-27,-0.00362198918190898,2.1638261130459546,0.0
2017-09-28,0.0011290977905138305,2.166269284329251,0.0
2017-09-29,0.0016703376679736426,2.1698876855138405,0.0
2017-10-02,-0.0017033211789804215,2.166191669863096,0.0
2017-10-03,0.0011152367973318034,2.168607486523401,0.0
2017-10-04,0.0012555070248325,2.1713301884568357,0.0
2017-10-05,0.000660162512086615,2.1727636192486166,0.0
2017-10-06,-0.00014316254169779996,2.1724525608863767,0.0
2017-10-09,0.0016874165313840311,2.176118393251264,0.0
2017-10-10,0.002166687568236597,2.180833361920933,0.0
2017-10-11,0.0021776660105081447,2.1855824886077704,0.0
2017-10-12,0.0006284757811883257,2.1869560742696494,0.0
2017-10-13,0.00312078441447243,2.193781092701366,0.0
2017-10-16,-0.001416768213164693,2.190673013382585,0.0
2017-10-17,-0.00041471747572319195,2.1897645030003403,0.0
2017-10-18,-0.0013598345113977062,2.186786785657327,0.0
2017-10-19,0.000799275177947506,2.1885346300545665,0.0
2017-10-20,-0.0029690624270643506,2.182036734114142,0.0
2017-10-23,-0.0016716403314896294,2.178389153504605,0.0
2017-10-24,-0.0018097474484541631,2.17444681929231,0.0
2017-10-25,-0.0021438912154437967,2.16978504185798,0.0
2017-10-26,-0.004734546481088633,2.1595120937233325,0.0
2017-10-27,0.006899621803313563,2.174411910449705,0.0
2017-10-30,0.0021784116112759655,2.1791486746031254,0.0
2017-10-31,6.0955313348654006e-05,2.179281505293419,0.0
2017-11-01,0.001378516663195356,2.1822856811622597,0.0
2017-11-02,0.00205440966594668,2.1867689899594964,0.0
2017-11-03,0.0006699307289559642,2.188233973702998,0.0
2017-11-06,0.0031844474154751057,2.1952022897250116,0.0
2017-11-07,0.0005552476399739159,2.196421170615647,0.0
2017-11-08,0.0008769344958412112,2.1983472881075556,0.0
2017-11-09,-0.000977930148422665,2.1961974580178123,0.0
2017-11-10,-0.0029614377568889794,2.189693555944055,0.0
2017-11-13,0.0012395313935264635,2.1924077498488503,0.0
2017-11-14,0.001071785335816644,2.194757540325269,0.0
2017-11-15,-0.0008336924923672134,2.1929277874413335,0.0
2017-11-16,0.003245507951948917,2.200044952013524,0.0
2017-11-17,0.0013958529239562062,2.203115891192627,0.0
2017-11-20,-0.002743470568195558,2.1970717075868165,0.0
2017-11-21,0.00406790370843102,2.206009183733798,0.0
2017-11-22,0.0027922157338825387,2.2121688372857085,0.0
2017-11-24,0.0013355781931411043,2.2151233617443333,0.0
2017-11-27,-0.0009475262683583952,2.2130244741714264,0.0
2017-11-28,0.0010503092003429915,2.2153488341372327,0.0
2017-11-29,-0.0046844400292343075,2.2049711653798827,0.0
2017-11-30,0.001118981946205605,2.2074384883058467,0.0
2017-12-01,0.0020214490030406596,2.211900712637306,0.0
2017-12-04,-0.00305799747335736,2.205136725846744,0.0
2017-12-05,-0.0020103691115251343,2.200703587086412,0.0
2017-12-06,0.0004896805462706044,2.201781228821116,0.0
2017-12-07,-0.0018557319156646962,2.197695313123481,0.0
2017-12-08,0.001800290897135709,2.2016518039903747,0.0
2017-12-11,0.0005909979369772694,2.2029529756644757,0.0
2017-12-12,0.00033320327137224826,2.2036870068026464,0.0
2017-12-13,0.0038607562913916538,2.212194905278418,0.0
2017-12-14,-0.0010715206419944223,2.209824492773297,0.0
2017-12-15,0.003614513903340416,2.217811934126368,0.0
2017-12-18,0.0022449753230510405,2.22279086718965,0.0
2017-12-19,-0.005612808740890027,2.2103147671811176,0.0
2017-12-20,-0.002559041763242814,2.2046584793819886,0.0
2017-12-21,0.0008592257987155016,2.2065527788248303,0.0
2017-12-22,0.0014659596872620556,2.209787496246404,0.0
2017-12-26,0.0013410258276092407,2.212750878352398,0.0
2017-12-27,0.003486542883906568,2.220465729181176,0.0
2017-12-28,0.0019131474684255523,2.2247138075696844,0.0
2017-12-29,0.000786610824970585,2.22646379153318,0.0
2018-01-02,0.003123077243304906,2.2334172099335596,0.0
2018-01-03,0.002115112739049546,2.2381411391259025,0.0
2018-01-04,-5.876258482764851e-06,2.238127987230048,0.0
2018-01-05,0.0012506140679072186,2.2409270215766544,0.0
2018-01-08,0.00034994673493542183,2.2417112266710837,0.0
2018-01-09,-0.004852918938459516,2.2308323838046142,0.0
2018-01-10,-0.00181147667975598,2.2267912829649075,0.0
2018-01-11,0.0035256311275902452,2.234642127626775,0.0
2018-01-12,0.0037702508400869056,2.2430672889857535,0.0
2018-01-16,0.0009804988337320936,2.2452666138465864,0.0
2018-01-17,0.0014307231118215746,2.248478968683218,0.0
2018-01-18,-0.003523573815790909,2.2405562870638094,0.0
2018-01-19,0.001165232186909143,2.2431670553660776,0.0
2018-01-22,0.004252734765664387,2.2527066498876263,0.0
2018-01-23,0.005313732082750128,2.264676929486159,0.0
2018-01-24,-1.4697560327334158e-05,2.264643644260366,0.0
2018-01-25,0.0002149588966586652,2.2651304495594613,0.0
2018-01-26,0.0024227527096775253,2.2706183004939047,0.0
2018-01-29,-0.005828122178700171,2.2573848596174337,0.0
2018-01-30,-0.00507263570257889,2.2459339685840773,0.0
2018-01-31,0.004890760119944937,2.2569182928696576,0.0
2018-02-01,-0.005245369105046568,2.2450799233836247,0.0
2018-02-02,-0.010818322720751741,2.22079192423858,0.0
2018-02-05,-0.012780365371233296,2.1924093920333267,0.0
2018-02-06,0.0037269070920055714,2.2005802981450753,0.0
2018-02-07,-0.006537475157025532,2.186194059114912,0.0
2018-02-08,-0.014661783976254006,2.1541405540899996,0.0
2018-02-09,0.0054862796232404976,2.1659587715174995,0.0
2018-02-12,0.006603837065158852,2.1802624103344526,0.0
2018-02-13,0.0035784890125098584,2.1880644554142226,0.0
2018-02-14,0.004424834864436969,2.1977462793021747,0.0
2018-02-15,0.007132492448081201,2.213421688042096,0.0
2018-02-16,0.0002681896942015871,2.2140153049277513,0.0
2018-02-20,-0.0055080130829941315,2.2018204796622602,0.0
2018-02-21,-0.0069413300164235525,2.1865369170760043,0.0
2018-02-22,0.003168172816083323,2.193464243898047,0.0
2018-02-23,0.008514403552267999,2.2121402836480653,0.0
2018-02-26,0.004331220254665147,2.221721550450763,0.0
2018-02-27,-0.009029373943142627,2.2016607957742043,0.0
2018-02-28,-0.0017120332195987437,2.1978914793535504,0.0
2018-03-01,-0.0028604093730260904,2.1916046099651134,0.0
2018-03-02,0.0023144172229488807,2.1966768974203106,0.0
2018-03-05,0.003600757027407059,2.2045865971956395,0.0
2018-03-06,0.0037154524869476846,2.2127776339508816,0.0
2018-03-07,-0.00012420900932623435,2.2125027870331095,0.0
2018-03-08,0.0013780937302664276,2.215551823252117,0.0
2018-03-09,0.004692285988955491,2.225947826030168,0.0
2018-03-12,0.00217109247372696,2.230780564602171,0.0
2018-03-13,-0.0012547295023157268,2.2279815384145722,0.0
2018-03-14,0.000446013550952834,2.228975248371978,0.0
2018-03-15,-0.0017387179133769859,2.2250996891791597,0.0
2018-03-16,-0.0001541559735053072,2.224756676770428,0.0
2018-03-19,-0.005685718665749337,2.212107336206564,0.0
2018-03-20,-0.0017794326839267044,2.208171040112164,0.0
2018-03-21,0.0017467170942366272,2.2120280902149263,0.0
2018-03-22,-0.00672311876335617,2.1971563626565316,0.0
2018-03-23,-0.00632866284357772,2.183251300822657,0.0
2018-03-26,0.010984823714813671,2.2072339314873313,0.0
2018-03-27,-0.005059227358706925,2.1960670331940846,0.0
2018-03-28,-0.001102113701684837,2.193646717626983,0.0
2018-03-29,0.005106191169964358,2.2048478971265513,0.0
2018-04-02,-0.006644356114760663,2.1901981025191612,0.0
2018-04-03,0.001690149870461996,2.19389986555842,0.0
2018-04-04,0.004878644235822557,2.204603122491499,0.0
2018-04-05,-0.000594439155896645,2.2032926200722778,0.0
2018-04-06,-0.0041509634569429354,2.1941468329214056,0.0
2018-04-09,0.0025909957937459427,2.199831858136366,0.0
2018-04-10,0.005231836724312433,2.2113410192390766,0.0
2018-04-11,0.0005888894323973215,2.2126432545967334,0.0
2018-04-12,-0.0016004811660705193,2.2091019607405182,0.0
2018-04-13,0.001018710691281996,2.2113523965260566,0.0
2018-04-16,0.0034648856356655905,2.2190144796801743,0.0
2018-04-17,0.006060719862234096,2.232463304811757,0.0
2018-04-18,-0.0014341594232568783,2.229261596526086,0.0
2018-04-19,-0.005893230996646029,2.216124042985806,0.0
2018-04-20,-0.007439422222166994,2.199637360533339,0.0
2018-04-23,-0.002610764274255717,2.1938946258961405,0.0
2018-04-24,-0.003982996797731869,2.185156350626635,0.0
2018-04-25,-0.002299368634496382,2.1801318706525334,0.0
2018-04-26,0.006087247445459118,2.193402872812927,0.0
2018-04-27,0.004223609424541391,2.2026669498583558,0.0
2018-04-30,-0.003534448625792913,2.1948817366843496,0.0
2018-05-01,0.0005188217475417534,2.1960204890626236,0.0
2018-05-02,-0.0028138354544842703,2.1898412487517254,0.0
2018-05-03,0.001577032544793272,2.1932946996689373,0.0
2018-05-04,0.005621485789362293,2.20562427465501,0.0
2018-05-07,0.0018296484347394976,2.209659791656756,0.0
2018-05-08,-0.0018820555512409215,2.205501089179515,0.0
2018-05-09,0.0021695601366160805,2.210286056423862,0.0
2018-05-10,0.006730196341252687,2.2251617155539276,0.0
2018-05-11,0.0001126531170626971,2.2254123869571534,0.0
2018-05-14,-0.002285244913400264,2.2203267746196413,0.0
2018-05-15,-0.010033686012137194,2.1980487129187667,0.0
2018-05-16,-0.00019334602931296574,2.1976237289278875,0.0
2018-05-17,-0.0018489467755926914,2.1935604396203203,0.0
2018-05-18,0.0003893912012327694,2.194414592754881,0.0
2018-05-21,0.00371080669942514,2.202557641126992,0.0
2018-05-22,-0.0006120009538034127,2.2012096737498155,0.0
2018-05-23,0.003547214128529874,2.209017835804397,0.0
2018-05-24,0.0020996745761405894,2.2136560543924766,0.0
2018-05-25,0.0002904040307122463,2.2142989090332827,0.0
2018-05-29,0.0007841995253867334,2.216035361186811,0.0
2018-05-30,0.004805563225127485,2.2266846592241127,0.0
2018-05-31,-0.0016289478152157477,2.223057506113295,0.0
2018-06-01,0.0018980014613702578,2.2272768725086083,0.0
2018-06-04,0.0020656138269674745,2.231877566412947,0.0
2018-06-05,0.0015777203918630744,2.2353988451616185,0.0
2018-06-06,0.0015454371875735229,2.2388535136659904,0.0
2018-06-07,0.000970193108681669,2.241025633916297,0.0
2018-06-08,3.1483371408180805e-05,2.2410961889586645,0.0
2018-06-11,0.0005972593547832333,2.242434704622489,0.0
2018-06-12,0.0008695202673617425,2.2443845470463932,0.0
2018-06-13,-0.0022335704202023493,2.239371556110551,0.0
2018-06-14,0.002568502254215302,2.245123387000447,0.0
2018-06-15,-0.0022861715490020834,2.239990649789087,0.0
2018-06-18,-0.0005651175059477043,2.2387247918597324,0.0
2018-06-19,-0.0007987987140816027,2.2369365013748124,0.0
2018-06-20,0.0005794118341742316,2.238232608856005,0.0
2018-06-21,-0.00043960378259874644,2.237248673334816,0.0
2018-06-22,0.0017794126925264886,2.241229662020486,0.0
2018-06-25,-0.0047252140153219435,2.2306393722099513,0.0
2018-06-26,0.00015506921056987477,2.230985275696466,0.0
2018-06-27,-0.003497595405066667,2.223182191847419,0.0
2018-06-28,0.0021876033449611393,2.228045632646762,0.0
2018-06-29,0.0016856675431845408,2.2318013768544485,0.0
2018-07-02,-0.0015615702690123662,2.2283162621780117,0.0
2018-07-03,0.0016918454931948712,2.2320862290035905,0.0
2018-07-05,0.005745770806853262,2.244911284896579,0.0
2018-07-06,0.00486702030231366,2.2558373136970635,0.0
2018-07-09,0.0006306796118484004,2.2572600242984593,0.0
2018-07-10,0.00048656076748410104,2.258358318468293,0.0
2018-07-11,-0.003574950182692438,2.2502847999850997,0.0
2018-07-12,0.004557575179772344,2.260540642136931,0.0
2018-07-13,-0.00013513096770977062,2.2602351730924117,0.0
2018-07-16,-0.0016562954342169423,2.256491555894962,0.0
2018-07-17,-0.001674800960997605,2.2527123816686663,0.0
2018-07-18,-0.0012703384054538747,2.249850674613791,0.0
2018-07-19,0.0008424119090861826,2.2517459756157514,0.0
2018-07-20,-0.0015069033987067382,2.248352811952072,0.0
2018-07-23,-0.0027853314213112518,2.2420904042187484,0.0
2018-07-24,0.001254489219365898,2.2449030824596847,0.0
2018-07-25,0.004912725999030337,2.2559316761981876,0.0
2018-07-26,-0.004031348666818466,2.2468372290429124,0.0
2018-07-27,-0.0032966320572788838,2.239430233406162,0.0
2018-07-30,-0.0026227997191149294,2.233556656419007,0.0
2018-07-31,0.005028121846262598,2.2447872514380127,0.0
2018-08-01,-0.0012679573985150544,2.2419409568344597,0.0
2018-08-02,0.0008266319475356554,2.2437942168538676,0.0
2018-08-03,0.0035502012962350254,2.2517601379910266,0.0
2018-08-06,0.0005628686710466707,2.2530275832274134,0.0
2018-08-07,0.0005283988687414115,2.254218080453634,0.0
2018-08-08,6.787936212557244e-05,2.254371095339027,0.0
2018-08-09,4.075620745271069e-05,2.254462974955064,0.0
2018-08-10,-0.00297572147223657,2.247754321072128,0.0
2018-08-13,-0.0031882317207770627,2.2405879594451723,0.0
2018-08-14,0.0015822002002483515,2.2441330181632804,0.0
2018-08-15,-0.0027761703828753787,2.237902922543023,0.0
2018-08-16,0.0027474900672262575,2.2440515385941264,0.0
2018-08-17,0.0039001654549988274,2.252803710884188,0.0
2018-08-20,0.0024855768870745976,2.2584032277190778,0.0
2018-08-21,0.0009811306501661954,2.260619016346227,0.0
2018-08-22,0.0011709115030357903,2.2632660011564485,0.0
2018-08-23,-0.0024039488037906342,2.2578252255603086,0.0
2018-08-24,0.0062736666104028505,2.2719900682900316,0.0
2018-08-27,0.001925379531018026,2.2763645114621935,0.0
2018-08-28,-6.385917025746035e-05,2.2762191447132882,0.0
2018-08-29,0.002895600007245716,2.282810164885213,0.0
2018-08-30,-0.002031749539400135,2.27817206638417,0.0
2018-08-31,-0.0003383662750746502,2.277401209788088,0.0
2018-09-04,-0.004392965815821576,2.267396664124578,0.0
2018-09-05,-0.0007549497002608124,2.265684893692625,0.0
2018-09-06,-0.0001631952384317653,2.2653151447061877,0.0
2018-09-07,-0.004895537742538661,2.254225208916534,0.0
2018-09-10,0.002308944997496065,2.2594300909358913,0.0
2018-09-11,5.609542044301974e-06,2.2594427653039824,0.0
2018-09-12,0.0018868790803503593,2.2637060605910833,0.0
2018-09-13,0.003312350663323166,2.271204248862451,0.0
2018-09-14,-0.003345833417202043,2.263605177789316,0.0
2018-09-17,-0.0008374715631989521,2.2617094728226075,0.0
2018-09-18,-0.0010695573387505264,2.259290444857829,0.0
2018-09-19,-0.0020815084899814817,2.2545877126155234,0.0
2018-09-20,0.005857166920095053,2.267793209184308,0.0
2018-09-21,-0.0019701238202970567,2.2633253757633858,0.0
2018-09-24,-0.002904379401215726,2.2567518201637697,0.0
2018-09-25,0.00014745583689249053,2.2570845913920707,0.0
2018-09-26,-0.0012569314950287291,2.254247590682206,0.0
2018-09-27,0.00020735342492572695,2.254715016640765,0.0
2018-09-28,0.0018225284440346462,2.258824298891785,0.0
2018-10-01,-0.0018704774048869388,2.254599219079098,0.0
2018-10-02,0.0014995282482682948,2.257980054296631,0.0
2018-10-03,-0.00546315146165377,2.2456443672626154,0.0
2018-10-04,-0.006038896889389578,2.2320831524784777,0.0
2018-10-05,-0.0037662250803810887,2.223676624928117,0.0
2018-10-08,-0.0012727286622854078,2.220846487951917,0.0
2018-10-09,0.002156400506935441,2.2256355224443625,0.0
2018-10-10,-0.01196933755879874,2.1989961395933726,0.0
2018-10-11,-0.001718144710868355,2.19521794600691,0.0
2018-10-12,0.003999915369213916,2.203998632007917,0.0
2018-10-15,-0.00040360363192459836,2.203109090155282,0.0
2018-10-16,0.009468125546211667,2.223968403612872,0.0
2018-10-17,-0.0025722867307800684,2.2182477191985845,0.0
2018-10-18,-0.005718688626043494,2.2055622511970565,0.0
2018-10-19,0.0011920126616374455,2.2081913093265126,0.0
2018-10-22,-0.0025318565130102028,2.2026004857780217,0.0
2018-10-23,0.0008500287646696497,2.204472759548008,0.0
2018-10-24,-0.007826918641448216,2.187218530611737,0.0
2018-10-25,0.007034051828717733,2.2026035391167915,0.0
2018-10-26,-0.00689949969877271,2.1874066766621394,0.0
2018-10-29,-0.002813359137566182,2.181252716100779,0.0
2018-10-30,0.004043120425574809,2.1900717835105867,0.0
2018-10-31,0.0009528492059544258,2.192158591670488,0.0
2018-11-01,0.006883326124326905,2.207247934173201,0.0
2018-11-02,-0.006217686556861501,2.193523958365232,0.0
2018-11-05,0.002779574676666244,2.1996210220125647,0.0
2018-11-06,0.002205856682084298,2.2044730707420244,0.0
2018-11-07,0.009220934919020415,2.2248003734580695,0.0
2018-11-08,-0.002586019771500206,2.219046995704666,0.0
2018-11-09,-0.004285093477185364,2.2095381718978038,0.0
2018-11-12,-0.007497524977209971,2.192972104265901,0.0
2018-11-13,0.0001754272769996651,2.1933568113906885,0.0
2018-11-14,-0.0005689683576979299,2.192108860767866,0.0
2018-11-15,0.0028963296721640913,2.1984579307059215,0.0
2018-11-16,0.003789890793216011,2.2067898461767763,0.0
2018-11-19,-0.005405322727881107,2.19486143486558,0.0
2018-11-20,-0.00711815361143156,2.1792380740164,0.0
2018-11-21,0.00241814885553944,2.184507796071031,0.0
2018-11-23,-0.003112094862811804,2.1777094005811057,0.0
2018-11-26,0.005163734689821481,2.1889545141572366,0.0
2018-11-27,0.00043983489788190777,2.1899172927424395,0.0
2018-11-28,0.00969108529552018,2.211139968016541,0.0
2018-11-29,0.0008006824559730341,2.212910388996632,0.0
2018-11-30,0.00236378591516849,2.2181412354056724,0.0
2018-12-03,0.007720371453566577,2.2352661096794773,0.0
2018-12-04,-0.008119425373378716,2.217117033312292,0.0
2018-12-06,0.0046141030003231664,2.2273470396677655,0.0
2018-12-07,-0.0070222480759091765,2.2117060562040765,0.0
2018-12-10,0.0003562153413529806,2.2124938998318595,0.0
2018-12-11,-6.68023027575182e-05,2.2123461001445137,0.0
2018-12-12,5.8844323406068155e-05,2.2124762841539165,0.0
2018-12-13,0.000450728074267423,2.2134735093288356,0.0
2018-12-14,-0.006830738830273034,2.1983538498788824,0.0
2018-12-17,-0.008313873328803012,2.1800770144391026,0.0
2018-12-18,0.003248916695908863,2.187159903049681,0.0
2018-12-19,-0.0060098947843527095,2.1740153021557975,0.0
2018-12-20,-0.004567985019502313,2.164084432823381,0.0
2018-12-21,-0.01034745988728844,2.1416916559620356,0.0
2018-12-24,-0.008921267655627993,2.122585051463373,0.0
2018-12-26,0.017469126016676315,2.1596647572085,0.0
2018-12-27,0.003603869364218512,2.1674479068639863,0.0
2018-12-28,0.002612575964843211,2.1731105291705086,0.0
2018-12-31,0.0038441974876793072,2.1814643952071955,0.0
2019-01-02,-0.002435319885419479,2.1761518315862127,0.0
2019-01-03,-0.002039929256613379,2.1717126357981273,0.0
2019-01-04,0.009652110946945819,2.192674247103735,0.0
2019-01-07,0.0054580583108328334,2.204641991001089,0.0
2019-01-08,0.004331410244643397,2.214191199906682,0.0
2019-01-09,0.0035094239508734887,2.221961735535448,0.0
2019-01-10,0.0008013184801340667,2.2237422345362834,0.0
2019-01-11,0.00020037516714328796,2.2241878172582124,0.0
2019-01-14,-0.0028813950575393155,2.2177790534745254,0.0
2019-01-15,0.004112431112311979,2.226899517054268,0.0
2019-01-16,0.0015409023909575548,2.230330951844519,0.0
2019-01-17,0.002506645252388265,2.235921600336215,0.0
2019-01-18,0.0012509119155269116,2.238718541308259,0.0
2019-01-22,-0.003833818947459239,2.230135699746563,0.0
2019-01-23,0.0007167931374178482,2.2317342457116522,0.0
2019-01-24,0.0016647896670169277,2.235449613823441,0.0
2019-01-25,0.006517677639302902,2.2500195537852465,0.0
2019-01-28,-0.0009495834416962945,2.2478829724734792,0.0
2019-01-29,0.0013040598575623091,2.2508143464223793,0.0
2019-01-30,0.008563438816339641,2.2700890573649066,0.0
2019-01-31,0.005925373821046187,2.28354018363686,0.0
2019-02-01,-0.002870810161193102,2.2769845732741825,0.0
2019-02-04,0.0020118666142145553,2.2815655625182343,0.0
2019-02-05,0.0037173837992586223,2.2900470173772858,0.0
2019-02-06,-0.002687758466985546,2.283891924116535,0.0
2019-02-07,-0.0010351854830364243,2.2815276723518654,0.0
2019-02-08,0.0013134008925103774,2.2845242328330198,0.0
2019-02-11,-0.001429782278290992,2.281257860570589,0.0
2019-02-12,0.0036556861296247606,2.2895974232895746,0.0
2019-02-13,-0.001059736018093324,2.287171054433181,0.0
2019-02-14,0.002581953624122904,2.2930764240261636,0.0
2019-02-15,0.004041297799812674,2.302343428733383,0.0
2019-02-19,0.0033890281445368986,2.31014613541175,0.0
2019-02-20,-0.0010678559595352494,2.307679232093653,0.0
2019-02-21,-0.0038476664534211613,2.2988000521270697,0.0
2019-02-22,0.004195688605987777,2.3084451013132234,0.0
2019-02-25,-0.0006463134680997074,2.306953122153876,0.0
2019-02-26,0.0013262546262975683,2.310012729404784,0.0
2019-02-27,-0.0036747286261884504,2.3015240595011806,0.0
2019-02-28,-0.0016699636568036358,2.2976805979665547,0.0
2019-03-01,-0.0021939285369425993,2.2926396509338964,0.0
2019-03-04,0.0007169446766893128,2.2942833467272004,0.0
2019-03-05,0.0005889960472807293,2.2956346705497648,0.0
2019-03-06,-0.001773820060758588,2.291562627718971,0.0
2019-03-07,-0.0032441977660689486,2.2841283453613177,0.0
2019-03-08,0.0021140255478612896,2.2889570510380057,0.0
2019-03-11,0.005779258462775258,2.302185525446146,0.0
2019-03-12,0.004442709982159315,2.312413468060828,0.0
2019-03-13,0.0037370505785078723,2.3210550741493945,0.0
2019-03-14,-0.0030503204100917475,2.3139751124837695,0.0
2019-03-15,0.0035030409318724254,2.322081062018134,0.0
2019-03-18,0.00010981291713772767,2.3223360565133846,0.0
2019-03-19,0.0003012386220685448,2.323035633827029,0.0
2019-03-20,0.004859250354156408,2.334323845553421,0.0
2019-03-21,0.00455410848408061,2.3449546095830476,0.0
2019-03-22,-0.004133035068131438,2.3352628299484643,0.0
2019-03-25,0.0014448469430135558,2.3386369273094485,0.0
2019-03-26,0.0015050753779228404,2.3421567521666433,0.0
2019-03-27,-0.0011006855148556205,2.339578774156012,0.0
2019-03-28,0.0006092319552946229,2.341004120307157,0.0
2019-03-29,0.0016986979582645917,2.3449807792266117,0.0
2019-04-01,-0.00020764384965227256,2.3444938583902526,0.0
2019-04-02,0.0022960094145793863,2.3498768383615403,0.0
2019-04-03,-0.00042068694281945096,2.3488882758584078,0.0
2019-04-04,0.0009118003536182084,2.351029993018945,0.0
2019-04-05,0.002363146542075395,2.3565858214172635,0.0
2019-04-08,4.4880870791227934e-05,2.3566915870410226,0.0
2019-04-09,-0.0005637594452796851,2.3553629798992173,0.0
2019-04-10,0.003875102877597708,2.3644902537604118,0.0
2019-04-11,-0.002984958122056444,2.3574323493729263,0.0
2019-04-12,0.0009758206373924744,2.359732780510701,0.0
2019-04-15,-0.000471067624548252,2.3586211867952174,0.0
2019-04-16,-0.004946864665086079,2.3469534069879368,0.0
2019-04-17,-0.001323747985283813,2.3438466321438813,0.0
2019-04-18,0.0017127753573744908,2.3478611148968827,0.0
2019-04-22,-0.0015923231070512217,2.3441225613914853,0.0
2019-04-23,0.004650555557597302,2.355024033597054,0.0
2019-04-24,0.0011508794229625613,2.3577343822979033,0.0
2019-04-25,-0.00022804346054985936,2.3571967163903067,0.0
2019-04-26,0.0037133814957704403,2.365949887058841,0.0
2019-04-29,-0.0020562646693562253,2.3610848678966145,0.0
2019-04-30,0.0019251715310812378,2.365630361266756,0.0
2019-05-01,-0.002251178242502261,2.3603049056676695,0.0
2019-05-02,-0.0022697616756138655,2.3549475760500216,0.0
2019-05-03,0.0061656565055480395,2.3694673738925194,0.0
2019-05-06,-0.0007917878212359286,2.3675912584830554,0.0
2019-05-07,-0.0058997872139606305,2.353622973848372,0.0
2019-05-08,-0.001591364035218229,2.349877502895326,0.0
2019-05-09,0.0005166337791522035,2.3510915289901915,0.0
2019-05-10,0.0025722101207044795,2.3571390304157624,0.0
2019-05-13,-0.005859500579345658,2.343327372901443,0.0
2019-05-14,0.002250425852119778,2.3486008574014003,0.0
2019-05-15,0.004556428285739628,2.3593020887799763,0.0
2019-05-16,0.0014271895168370546,2.3626692599881345,0.0
2019-05-17,-0.0031062937900124127,2.3553301151379804,0.0
2019-05-20,-0.005291964554545239,2.3428657916544173,0.0
2019-05-21,0.0032057496555261134,2.350376432858957,0.0
2019-05-22,0.0004187897481445074,2.351360746413319,0.0
2019-05-23,-0.00038555296668393857,2.350454172301795,0.0
2019-05-24,0.0009772499941340662,2.3527511536278896,0.0
2019-05-28,-0.002524956269794043,2.3468105598512716,0.0
2019-05-29,-0.0038448157343882183,2.337787505685127,0.0
2019-05-30,0.004040446399462327,2.3472332107951805,0.0
2019-05-31,0.0006679696689251974,2.3488010913858854,0.0
2019-06-03,0.0014734876388077245,2.352262020760061,0.0
2019-06-04,0.005190333200426361,2.3644710444225137,0.0
2019-06-05,0.0041885394897561296,2.374374724764462,0.0
2019-06-06,0.0036233727291496848,2.3829779693909563,0.0
2019-06-07,0.007359419595537681,2.4005153041546268,0.0
2019-06-10,-0.0013657265446408162,2.3972368566829263,0.0
2019-06-11,0.000660566578140731,2.398820391230338,0.0
2019-06-12,-0.00017307295133014988,2.398405220305517,0.0
2019-06-13,0.0034206433791783702,2.406609309242942,0.0
2019-06-14,-0.0010886034742847717,2.403989465987654,0.0
2019-06-17,0.0021603622145988516,2.4091829539942675,0.0
2019-06-18,0.00512494707440786,2.4215298891260537,0.0
2019-06-19,0.003696286032933732,2.4304805562335616,0.0
2019-06-20,0.007991371307017353,2.4499034288129105,0.0
2019-06-21,-0.0026884278430554936,2.4433170402220927,0.0
2019-06-24,0.002871770538374993,2.450333686114112,0.0
2019-06-25,-0.005215333793767318,2.4375543780349145,0.0
2019-06-26,-0.004589490291692713,2.4263672458814503,0.0
2019-06-27,0.004033190213649049,2.4361532465122577,0.0
2019-06-28,0.0016577876624715715,2.440191871308216,0.0
2019-07-01,-0.0010153411087436282,2.4377142441880544,0.0
2019-07-02,0.007301366514283647,2.455512889341961,0.0
2019-07-03,0.005205811229177057,2.4682958259146863,0.0
2019-07-05,-0.0058161542338360794,2.4539398366964327,0.0
2019-07-08,-0.0023083881081359114,2.4482751911593215,0.0
2019-07-09,0.0013539783653816195,2.4515901028006515,0.0
2019-07-10,0.004743227087884064,2.4632185513846436,0.0
2019-07-11,-0.004961554208348054,2.45099715901494,0.0
2019-07-12,0.002553632841019768,2.457256105853447,0.0
2019-07-15,0.0012509844790666858,2.4603300951029614,0.0
2019-07-16,-0.0038289774460927434,2.450909546658869,0.0
2019-07-17,0.0021123266568381233,2.4560866682277758,0.0
2019-07-18,0.003290535892583879,2.464168509564876,0.0
2019-07-19,-0.006880270731717611,2.4472143630904966,0.0
2019-07-22,0.0017880589519155832,2.4515901266396773,0.0
2019-07-23,0.0010472811952750155,2.454157630877829,0.0
2019-07-24,0.0029077090391966542,2.461293607204746,0.0
2019-07-25,-0.004281218598589556,2.4507562712369917,0.0
2019-07-26,0.0031739400974469395,2.4585348248353402,0.0
2019-07-29,0.0007296476832273496,2.460328689074415,0.0
2019-07-30,0.0011108111436088641,2.4630616495991795,0.0
2019-07-31,-0.005117718340749061,2.4504563938206303,0.0
2019-08-01,0.005439878619174457,2.4637865791645948,0.0
2019-08-02,-0.0012731184281918329,2.460649887067529,0.0
2019-08-05,-0.006006448065795589,2.445870121312752,0.0
2019-08-06,0.007942816733243568,2.4652972194396554,0.0
2019-08-07,0.003950716445248706,2.4750369097069216,0.0
2019-08-08,0.008594701585380532,2.4963091133586546,0.0
2019-08-09,-0.0030518949398819495,2.4886906402072144,0.0
2019-08-12,0.0010064365065149544,2.4911953493209413,0.0
2019-08-13,0.0033767345146750033,2.499607454639791,0.0
2019-08-14,-0.006389410317292829,2.4836364369799333,0.0
2019-08-15,0.004601239402139801,2.4950642428143555,0.0
2019-08-16,0.0031584007890219645,2.502944655687521,0.0
2019-08-19,0.0007519621433679513,2.5048267753155433,0.0
2019-08-20,0.0003597724298852467,2.50572794293094,0.0
2019-08-21,0.0014698832159531078,2.509411070377999,0.0
2019-08-22,-0.0011216195068758095,2.5065964659706927,0.0
2019-08-23,-0.0034983084259510022,2.4978276184333286,0.0
2019-08-26,0.003751371702875192,2.5071978982797796,0.0
2019-08-27,0.0024230698930003403,2.513273014022895,0.0
2019-08-28,0.0017394287630414507,2.5176446733928626,0.0
2019-08-29,0.00277190809955416,2.5246233530548396,0.0
2019-08-30,-0.0013540315020859756,2.5212049335039013,0.0
2019-09-03,0.0008440661227271523,2.5233329971767247,0.0
2019-09-04,0.006413788261690145,2.5395171207343523,0.0
2019-09-05,-0.0027408947048252336,2.5325565717053187,0.0
2019-09-06,0.0001392934733303458,2.532909340306597,0.0
2019-09-09,-0.0038674763937367185,2.523113373225486,0.0
2019-09-10,-0.005885155912900966,2.5082644576381288,0.0
2019-09-11,0.002263444148374122,2.513941774147345,0.0
2019-09-12,0.0014567673202838388,2.517604002369019,0.0
2019-09-13,-0.006859175068243684,2.5003353157642594,0.0
2019-09-16,0.0029987256617649977,2.5078331354386587,0.0
2019-09-17,0.004309693737645365,2.5186411281975185,0.0
2019-09-18,-0.0011030198099842015,2.5158630171388756,0.0
2019-09-19,0.0015692780660816752,2.519811105788938,0.0
2019-09-20,0.0018058517054262702,2.5243615109716786,0.0
2019-09-23,0.000746263377961992,2.5262453495200536,0.0
2019-09-24,-5.867086332804472e-05,2.526097132524419,0.0
2019-09-25,-0.0035228108079616155,2.517198170244001,0.0
2019-09-26,0.0009798604251667203,2.519664673113325,0.0
2019-09-27,-0.0029672592047350482,2.512188174919184,0.0
2019-09-30,0.00012473396861498176,2.5125015301201494,0.0
2019-10-01,-0.0021449034319057786,2.507112456965526,0.0
2019-10-02,-0.003159050531318597,2.4991923620262737,0.0
2019-10-03,0.006169464761810822,2.514611041236782,0.0
2019-10-04,0.005938639907974802,2.529544410719305,0.0
2019-10-07,-0.003912660400761728,2.5196471624715153,0.0
2019-10-08,-0.0034552675516774656,2.5109411073893515,0.0
2019-10-09,0.0023454241139669735,2.5168303292113734,0.0
2019-10-10,-0.0011894019428151104,2.513836806328073,0.0
2019-10-11,0.0006735152251208659,2.5155299136906044,0.0
2019-10-14,0.00155131221995701,2.5194322859853804,0.0
2019-10-15,0.0003494853300492068,2.5203127906093847,0.0
2019-10-16,0.0010057931876242682,2.5228477040448616,0.0
2019-10-17,0.0020657624867621016,2.5280593081916916,0.0
2019-10-18,-0.0003795639734135853,2.527099747955649,0.0
2019-10-21,0.0008032859686098598,2.5291297317244594,0.0
2019-10-22,-0.0005306150325598558,2.527787737469512,0.0
2019-10-23,0.0014485855410067,2.5314494542367445,0.0
2019-10-24,0.001509928886169798,2.535271762891575,0.0
2019-10-25,-0.0002808416125455876,2.534559753081443,0.0
2019-10-28,-0.0012547011100580568,2.531379638145743,0.0
2019-10-29,-0.0005296750518867799,2.530038829504563,0.0
2019-10-30,0.004784247763669466,2.5421431621166173,0.0
2019-10-31,0.002857793163135239,2.549408081465025,0.0
2019-11-01,0.0024856663404508733,2.5557450593211963,0.0
2019-11-04,-0.0024405922138698855,2.5495075278287804,0.0
2019-11-05,-0.007120456225395394,2.5313538710805594,0.0
2019-11-06,0.0015166769339347852,2.5351931171084536,0.0
2019-11-07,-0.0058645919607867025,2.520325243934818,0.0
2019-11-08,-0.0011680379188665352,2.5173814084820254,0.0
2019-11-11,-0.00015327029813785864,2.5169955686830208,0.0
2019-11-12,0.0004256965027486237,2.518067044894043,0.0
2019-11-13,0.0027021201061865896,2.524871164484777,0.0
2019-11-14,0.0035739616308837346,2.53389495714957,0.0
2019-11-15,0.0026937579231487846,2.540720656766818,0.0
2019-11-18,0.001677573529814111,2.544982902487262,0.0
2019-11-19,0.0012456846193430876,2.5481531485453814,0.0
2019-11-20,0.000262187709872283,2.5488212429838026,0.0
2019-11-21,-0.004177256542821597,2.5381741627700656,0.0
2019-11-22,-0.00012812978471506142,2.5378489470610206,0.0
2019-11-25,0.0028683218353632994,2.5451283146107295,0.0
2019-11-26,0.004037235061960992,2.5554035958796657,0.0
2019-11-27,0.0005553099151684587,2.556822636833715,0.0
2019-11-29,-0.0012933157813999618,2.5535158577672576,0.0
2019-12-02,-0.005745885294725958,2.5388436485502632,0.0
2019-12-03,0.0036756754152360016,2.5481756137323677,0.0
2019-12-04,0.00037273353634020845,2.54912540424009,0.0
2019-12-05,0.0001848014825561184,2.549596486394015,0.0
2019-12-06,0.00011873555634077382,2.5498992141512717,0.0
2019-12-09,-0.00036984826393891834,2.5489561383536987,0.0
2019-12-10,-0.0001043200885232215,2.548690231023704,0.0
2019-12-11,0.0028537990957954867,2.555963680900462,0.0
2019-12-12,-0.0029527032985628976,2.5484166785088602,0.0
2019-12-13,0.0032298343704499355,2.556647642287336,0.0
2019-12-16,0.0018106279535584358,2.5612767799758607,0.0
2019-12-17,-0.0008384129463322593,2.5591293723643886,0.0
2019-12-18,0.0001664176181205429,2.5595552565790003,0.0
2019-12-19,0.0030403479357405117,2.5673371951197543,0.0
2019-12-20,0.0012868344185821834,2.5706409329865405,0.0
2019-12-23,0.00019388669116239543,2.5711393460512038,0.0
2019-12-24,0.002190066532399282,2.5767703122831254,0.0
2019-12-26,0.004155912630471742,2.5874791445697674,0.0
2019-12-27,0.001283442077781638,2.590800024179291,0.0
2019-12-30,-0.0014708211569756519,2.586989420690235,0.0
2019-12-31,0.0002738437826619311,2.5876978516589033,0.0
2020-01-02,0.004692973419281141,2.5998418488938695,0.0
2020-01-03,0.0029062012149297795,2.60739751243375,0.0
2020-01-06,0.002089547721219165,2.6128457939641687,0.0
2020-01-07,-0.002720232736796599,2.6057382452992264,0.0
2020-01-08,-0.00032093100206233294,2.6049019831130504,0.0
2020-01-09,0.0019635641346535254,2.6100168752213793,0.0
2020-01-10,0.0025602938142491177,2.616699285282094,0.0
2020-01-13,0.002566131514690026,2.6234140797825236,0.0
2020-01-14,-0.0005284161133509019,2.622027825510775,0.0
2020-01-15,0.003635619985708771,2.6315605222762866,0.0
2020-01-16,0.0023011350288755505,2.6376160983747026,0.0
2020-01-17,-0.00042047189687728637,2.636507054930585,0.0
2020-01-21,0.0024905435833946776,2.643073390658817,0.0
2020-01-22,0.0002636248517346451,2.6437701704895535,0.0
2020-01-23,0.0023047880084733213,2.649863500275657,0.0
2020-01-24,-0.0012893396368006543,2.6464469262326404,0.0
2020-01-27,-0.0024824707215943403,2.6398771992220147,0.0
2020-01-28,0.002315816825550071,2.6459906712573593,0.0
2020-01-29,0.001912483127150269,2.651051083770736,0.0
2020-01-30,0.0015058300635644173,2.655043116192723,0.0
2020-01-31,-0.003149847057371813,2.6466801364459878,0.0
2020-02-03,0.0017853960485882253,2.6514055087034754,0.0
2020-02-04,0.0025969623601158898,2.658291109010982,0.0
2020-02-05,0.00021508006881537645,2.6588628544456396,0.0
2020-02-06,0.003092432051218369,2.6670852071565214,0.0
2020-02-07,0.0007142618820313307,2.6689902044561227,0.0
2020-02-10,0.004526234943254673,2.6810706811827365,0.0
2020-02-11,6.775513300971703e-06,2.681088846812798,0.0
2020-02-12,0.0015308050135710433,2.6851930710613283,0.0
2020-02-13,0.001415490601118563,2.688993936615604,0.0
2020-02-14,0.003156032623419458,2.6974804892037403,0.0
2020-02-18,0.0015030157566945646,2.70153484488239,0.0
2020-02-19,0.0010132687962229742,2.7042722258426184,0.0
2020-02-20,0.001674879185511735,2.7088015551056395,0.0
2020-02-21,0.0007874610604768212,2.710934630850844,0.0
2020-02-24,-0.008054871118919019,2.6890984017875263,0.0
2020-02-25,-0.012337627512055485,2.655921307363008,0.0
2020-02-26,-0.0011897237335103117,2.6527614947493023,0.0
2020-02-27,-0.016972039850981946,2.607738720945267,0.0
2020-02-28,-0.0027070212079167016,2.6006795169229626,0.0
2020-03-02,0.01886558007296546,2.649742844593594,0.0
2020-03-03,-0.0005551823709010889,2.6482717540788543,0.0
2020-03-04,0.015049888925863855,2.6881279498232438,0.0
2020-03-05,-0.00426710231164934,2.676657432834544,0.0
2020-03-06,0.0009299492360105716,2.6791465883692704,0.0
2020-03-09,-0.02714457815284131,2.6064222844183624,0.0
2020-03-10,0.007474529444539538,2.6259040645281515,0.0
2020-03-11,-0.028402563161055133,2.551321658480519,0.0
2020-03-12,-0.046187688429755444,2.433482008634534,0.0
2020-03-13,0.02789076594773865,2.5013536857753933,0.0
2020-03-16,-0.04706078252255956,2.383638023957115,0.0
2020-03-17,0.012937538714770533,2.4144764331740594,0.0
2020-03-18,-0.039968566229631824,2.3179732719448567,0.0
2020-03-19,-0.002472658386287796,2.312241715894791,0.0
2020-03-20,-0.004993511287030017,2.300695510788129,0.0
2020-03-23,0.0018948952811799341,2.305055087854953,0.0
2020-03-24,0.040898460524653416,2.3993282923727404,0.0
2020-03-25,0.010545678303711864,2.4246308366890976,0.0
2020-03-26,0.0328762038953285,2.5043434944469896,0.0
2020-03-27,-0.0033992256422311073,2.495830665823711,0.0
2020-03-30,0.011433771408510499,2.5243674231310895,0.0
2020-03-31,-0.011957256874337283,2.4941829134075024,0.0
2020-04-01,-0.020062605261967834,2.444143106164663,0.0
2020-04-02,0.008566872055088395,2.465081767439502,0.0
2020-04-03,-0.007454864606886505,2.446704916618336,0.0
2020-04-06,0.03197546192369265,2.5249394365181774,0.0
2020-04-07,-5.499658778329586e-05,2.5248005734648094,0.0
2020-04-08,0.01585389163707729,2.5648284881617514,0.0
2020-04-09,0.02195014243769905,2.62112683880517,0.0
2020-04-13,-0.006313849641290267,2.604577438054204,0.0
2020-04-14,0.015058264920479542,2.6437978551223282,0.0
2020-04-15,-0.007285597690127779,2.624536207575884,0.0
2020-04-16,0.0020531235193492897,2.629924704591042,0.0
2020-04-17,0.004993295504972128,2.6430566957968913,0.0
2020-04-20,-0.008168775894346544,2.6214661579728746,0.0
2020-04-21,-0.011844011486193809,2.5904174826871755,0.0
2020-04-22,0.009813503601818901,2.615838553983741,0.0
2020-04-23,0.0001672152324294074,2.6162759620355436,0.0
2020-04-24,0.0032104051314909843,2.624675267809459,0.0
2020-04-27,0.003970617261336448,2.6350968487332262,0.0
2020-04-28,-5.386565109571917e-05,2.6349549075257688,0.0
2020-04-29,0.012219506157272061,2.667152755242414,0.0
2020-04-30,-0.005458947661547378,2.6525929079461936,0.0
2020-05-01,-0.01097728510324679,2.6234746393328177,0.0
2020-05-04,-5.416683899066299e-05,2.623332534004433,0.0
2020-05-05,0.0033721266866944405,2.632178743650423,0.0
2020-05-06,-0.0077640015673630935,2.6117425037591415,0.0
2020-05-07,0.010405199875536675,2.6389182065341896,0.0
2020-05-08,0.005236425657066196,2.6527367055377846,0.0
2020-05-11,-0.0035870447699621194,2.643221220212099,0.0
2020-05-12,-0.008388447783260797,2.621048697026743,0.0
2020-05-13,-0.005523374996683469,2.606571662188496,0.0
2020-05-14,0.005276205256347977,2.6203244692935823,0.0
2020-05-15,0.0015702912801505153,2.624439141958879,0.0
2020-05-18,0.01245424459118312,2.6571245489475097,0.0
2020-05-19,-0.001024898037487773,2.654401267211933,0.0
2020-05-20,0.008352463341529365,2.6765720564900297,0.0
2020-05-21,-0.00391681837186994,2.666088409885536,0.0
2020-05-22,0.0038730806025170927,2.6764143851904594,0.0
2020-05-26,0.003882144522843911,2.686804612636787,0.0
2020-05-27,0.005594702387917025,2.7018364848189727,0.0
2020-05-28,0.000986818684864041,2.7045027075456396,0.0
2020-05-29,0.00414499286007855,2.7157128519584792,0.0
2020-06-01,0.004829512983127282,2.728828422435458,0.0
2020-06-02,0.002997878133131071,2.737009117492144,0.0
2020-06-03,0.002984868571048349,2.745178729985619,0.0
2020-06-04,-0.0028962966086778646,2.7372278781397474,0.0
2020-06-05,0.007115539248817013,2.7567047305396066,0.0
2020-06-08,0.007779388339251042,2.7781502071751243,0.0
2020-06-09,0.00040741987204599706,2.7792820807770564,0.0
2020-06-10,0.0026321918923355586,2.7865976845365914,0.0
2020-06-11,-0.023727787731303226,2.7204778861853662,0.0
2020-06-12,0.006389899426499493,2.7378614662701066,0.0
2020-06-15,0.00609429621340804,2.7545468050368322,0.0
2020-06-16,0.004668049882080985,2.767405166925271,0.0
2020-06-17,-0.0018044339490086575,2.762411567091409,0.0
2020-06-18,-9.57829390751952e-05,2.762146975192578,0.0
2020-06-19,-0.0016157502398118084,2.757684035555015,0.0
2020-06-22,0.0035297445376345216,2.7674179557160374,0.0
2020-06-23,0.002015046217842903,2.772994430800894,0.0
2020-06-24,-0.010028163285891387,2.745186389857955,0.0
2020-06-25,0.004136465496513558,2.756541758641101,0.0
2020-06-26,-0.007237055104675455,2.7365925140354763,0.0
2020-06-29,0.0047984662609151935,2.7497239608839488,0.0
2020-06-30,0.006376104734474808,2.7672564888494398,0.0
2020-07-01,0.004795622430713395,2.780527206138903,0.0
2020-07-02,0.0025235024517073906,2.7875438733606335,0.0
2020-07-06,0.006679913101392931,2.8061644242010026,0.0
2020-07-07,-0.0029620393625183206,2.797852454718821,0.0
2020-07-08,0.003538073465525232,2.8077514622493163,0.0
2020-07-09,0.0008131328994723935,2.810034537336813,0.0
2020-07-10,0.0018954182589552143,2.815360728107176,0.0
2020-07-13,-0.004605989602698396,2.802393205865669,0.0
2020-07-14,0.0058433679321875515,2.8187686204582048,0.0
2020-07-15,0.0030402395768379387,2.8273383523760702,0.0
2020-07-16,-0.00343679177874634,2.8176213791708897,0.0
2020-07-17,0.00382057441328576,2.828386311318477,0.0
2020-07-20,0.004907465219875812,2.842266518769645,0.0
2020-07-21,0.0023850817911878347,2.8490455568892656,0.0
2020-07-22,0.006191083878397702,2.866684236905343,0.0
2020-07-23,-0.0024973860864919706,2.8595250195777298,0.0
2020-07-24,-0.0012873975365606527,2.855843674111792,0.0
2020-07-27,0.007536074077260618,2.877365523592974,0.0
2020-07-28,0.0016553402251918287,2.8821285424867575,0.0
2020-07-29,0.007628863510199715,2.90411590775624,0.0
2020-07-30,0.0004808221608720159,2.90551227104243,0.0
2020-07-31,0.0036042273926102236,2.9159843979592863,0.0
2020-08-03,0.0001780208828913027,2.916503504076308,0.0
2020-08-04,0.007478235537994024,2.9383138042271755,0.0
2020-08-05,0.0009468902221964615,2.9410960648381432,0.0
2020-08-06,0.005615763414276581,2.957612564516934,0.0
2020-08-07,-0.003897048546506049,2.9460866047712555,0.0
2020-08-10,-0.0015125454922417375,2.941630514757455,0.0
2020-08-11,-0.015014370756241388,2.8974637835810135,0.0
2020-08-12,0.004640867854510414,2.910910530113843,0.0
2020-08-13,-0.00024523360643409486,2.910196677026536,0.0
2020-08-14,-0.0010233992395473068,2.907218383960334,0.0
2020-08-17,0.007187348098118579,2.9281135744831066,0.0
2020-08-18,0.0039870423026261426,2.939788087171465,0.0
2020-08-19,-0.009735835047140831,2.911166795281214,0.0
2020-08-20,0.006246836411543749,2.929352378018054,0.0
2020-08-21,0.000598054652054994,2.931104290835236,0.0
2020-08-24,0.0023193630291333256,2.9379025857619334,0.0
2020-08-25,0.0011777017744726004,2.9413625588504124,0.0
2020-08-26,0.003669971666253255,2.9521572761015715,0.0
2020-08-27,-0.002570416397127115,2.944569002632182,0.0
2020-08-28,0.005484935135961974,2.960719772614984,0.0
2020-08-31,0.0007229856048674849,2.962860330390631,0.0
2020-09-01,0.005851749906127454,2.980198248050863,0.0
2020-09-02,0.004515674957971505,2.993655854649377,0.0
2020-09-03,-0.013354466487582387,2.953677177863107,0.0
2020-09-04,-0.006537334116032689,2.9343680032805155,0.0
2020-09-08,-0.011522435765036892,2.900556936451736,0.0
2020-09-09,0.009444901057408583,2.9279524097279026,0.0
2020-09-10,-0.0062616213746955335,2.909618680335059,0.0
2020-09-11,-0.000546933950660175,2.9080273110953088,0.0
2020-09-14,0.007833551805666847,2.930807493689068,0.0
2020-09-15,0.0034056233119177243,2.9407887200123186,0.0
2020-09-16,-0.00241226865844249,2.933694747551932,0.0
2020-09-17,-0.005389195039488925,2.9178844943710507,0.0
2020-09-18,-0.0065023045404279944,2.8989115207748575,0.0
2020-09-21,-0.008393738134718234,2.8745788165937554,0.0
2020-09-22,0.004232751340767726,2.8867461939338352,0.0
2020-09-23,-0.01477952652874047,2.8440814519788495,0.0
2020-09-24,0.002724007369903192,2.8518287508146445,0.0
2020-09-25,0.006536145343897501,2.8704687180258746,0.0
2020-09-28,0.009393602832626857,2.897432761106489,0.0
2020-09-29,3.2455703851269613e-06,2.8974421649284516,0.0
2020-09-30,0.0002488172957715168,2.8981630986525837,0.0
2020-10-01,0.007358513163438302,2.91948926996381,0.0
2020-10-02,-0.0036660054957806942,2.90878640625525,0.0
2020-10-05,0.004719961044318544,2.922515764779018,0.0
2020-10-06,-0.006009596981250559,2.904952622861345,0.0
2020-10-07,0.0037505117147531852,2.9158476817041894,0.0
2020-10-08,0.0054559729367343185,2.931756467743207,0.0
2020-10-09,0.00570802193891537,2.948490997980642,0.0
2020-10-12,0.0071173160738701585,2.9694763403542317,0.0
2020-10-13,-0.004964110115128789,2.9547355328164437,0.0
2020-10-14,-0.0029265287506020365,2.946088414329231,0.0
2020-10-15,-0.0008247303185523053,2.9436586858927978,0.0
2020-10-16,-0.002515458728765768,2.9362540339568617,0.0
2020-10-19,-0.006415859985035063,2.9174154391945004,0.0
2020-10-20,0.001829957297778309,2.922754184868105,0.0
2020-10-21,-7.456810940456582e-06,2.922732390442723,0.0
2020-10-22,-0.002476013031174437,2.915495666957351,0.0
2020-10-23,0.002793070767810671,2.9236388526784087,0.0
2020-10-26,-0.006205825324487074,2.9054952606468025,0.0
2020-10-27,7.024552381983129e-05,2.9056993586833424,0.0
2020-10-28,-0.015766155442859184,2.8598876509241244,0.0
2020-10-29,0.002497595639237196,2.867030493849781,0.0
2020-10-30,-0.00645203839948276,2.848532303010974,0.0
2020-11-02,0.007248177230501127,2.869178969990005,0.0
2020-11-03,0.00825125928197755,2.8928533095977897,0.0
2020-11-04,0.013479204070782916,2.931846669704698,0.0
2020-11-05,0.011059628701507965,2.9642718052813843,0.0
2020-11-06,-0.002445308301297161,2.9570232468286286,0.0
2020-11-09,-0.005403089533345451,2.9410461854738297,0.0
2020-11-10,-0.0014537570289668705,2.936770618909181,0.0
2020-11-11,0.003951869235587838,2.948376352370026,0.0
2020-11-12,-0.00039836284542490996,2.9472018287769126,0.0
2020-11-13,0.007380263383378299,2.9689529545172606,0.0
2020-11-16,0.004444438216912663,2.982148282492533,0.0
2020-11-17,-0.00010534352699874405,2.9818341324744218,0.0
2020-11-18,-0.005608927520651744,2.965109240946767,0.0
2020-11-19,0.0032377996918649676,2.97470967073345,0.0
2020-11-20,-0.001149016230287181,2.971291681041385,0.0
2020-11-23,-0.002328553339965428,2.964372869873485,0.0
2020-11-24,0.002072110620145645,2.970515378379221,0.0
2020-11-25,0.0005130455102932557,2.9720393879573557,0.0
2020-11-27,0.0018108484373106776,2.9774213008386643,0.0
2020-11-30,-0.0031239478356235167,2.9681199920101697,0.0
2020-12-01,0.006527018113678312,2.9874929649615907,0.0
2020-12-02,-0.0001760023095951635,2.986967159299858,0.0
2020-12-03,0.004055032391487065,2.999079407883127,0.0
2020-12-04,0.0011516941365086464,3.0025334300521096,0.0
2020-12-07,0.002468773897358334,3.009946006210168,0.0
2020-12-08,0.001402361701989957,3.0141670392143354,0.0
2020-12-09,-0.007960353847409674,2.9901732030269903,0.0
2020-12-10,0.001980406378042865,2.996094961109718,0.0
2020-12-11,-5.308134634568473e-05,2.9959359243554022,0.0
2020-12-14,-0.0009392839226488037,2.9931218899083696,0.0
2020-12-15,0.007278428635286674,3.014907113980782,0.0
2020-12-16,0.001368997684427567,3.019034514838586,0.0
2020-12-17,0.004601750576474925,3.0329273586576417,0.0
2020-12-18,-0.004172010708775195,3.020273953238385,0.0
2020-12-21,-0.0018036485386361545,3.014826440536346,0.0
2020-12-22,0.00024453000968160943,3.0155636560750385,0.0
2020-12-23,-0.0006501381370041803,3.0136031231376603,0.0
2020-12-24,0.0034634893907529163,3.0240407055825873,0.0
2020-12-28,0.0031330250264318127,3.0335151007941263,0.0
2020-12-29,-0.0007375110114233585,3.0312778500039714,0.0
2020-12-30,0.0029059822069608665,3.0400866895004373,0.0
2020-12-31,0.002186840874219678,3.0467348753342076,0.0
2021-01-04,-0.004775218237576484,3.0321860513924515,0.0
2021-01-05,0.00167999703130281,3.0372801149571487,0.0
2021-01-06,-0.006003363647747728,3.019046217926988,0.0
2021-01-07,0.002558212460269549,3.026769579579818,0.0
2021-01-08,-0.0017292050880816506,3.021535674222358,0.0
2021-01-11,-0.006444544642573935,3.0020632526807023,0.0
2021-01-12,0.001512185543049091,3.006602929330725,0.0
2021-01-13,0.0038448971020544342,3.018163008220737,0.0
2021-01-14,-0.001820574498457142,3.0126682176157833,0.0
2021-01-15,-0.0022708267382611086,3.005826970073712,0.0
2021-01-19,0.004874992580462728,3.020480354250976,0.0
2021-01-20,0.009232381425902686,3.048366580970867,0.0
2021-01-21,-2.8617494808855226e-05,3.0482793443560605,0.0
2021-01-22,-0.0011974874987455142,3.04462906794851,0.0
2021-01-25,0.00430460528580795,3.057734994327726,0.0
2021-01-26,0.0003935345617699093,3.058938318728727,0.0
2021-01-27,-0.010082672090370948,3.0280960467163145,0.0
2021-01-28,0.002158840553769595,3.034633223262675,0.0
2021-01-29,-0.00784844393961144,3.0108160745326153,0.0
2021-02-01,0.009121225242946063,3.03827840611351,0.0
2021-02-02,0.0020481273890034096,3.0445011873324885,0.0
2021-02-03,-0.0022932976123640064,3.0375192400287396,0.0
2021-02-04,0.0002520030021459091,3.038284703996303,0.0
2021-02-05,0.002323167094355344,3.0453431470439103,0.0
2021-02-08,0.00469732087397734,3.0596481009769434,0.0
2021-02-09,0.0013482841544521923,3.06377337602969,0.0
2021-02-10,0.001958277936865621,3.0697730958355254,0.0
2021-02-11,-0.0005430300855519959,3.0681061166886687,0.0
2021-02-12,-0.000954584697975075,3.065177349537914,0.0
2021-02-16,-0.006262945349501434,3.0459803113112285,0.0
2021-02-17,-0.0020564589796715077,3.03971637774813,0.0
2021-02-18,-0.0017996612840571052,3.0342459178685823,0.0
2021-02-19,-0.0014110469453435387,3.0299644544347526,0.0
2021-02-22,-0.002478553363307698,3.0224545258455104,0.0
2021-02-23,0.00028804808200322274,3.0233251380746218,0.0
2021-02-24,0.0025656439878477127,3.0310819140384315,0.0
2021-02-25,-0.017007323649252365,2.9795313229189846,0.0
2021-02-26,-0.0011270577550513833,2.9761732190350703,0.0
2021-03-01,0.00655293032765715,2.9956758747824463,0.0
2021-03-02,-0.0029999310854678385,2.9866890536037003,0.0
2021-03-03,-0.01011217823429851,2.956487121563231,0.0
2021-03-04,-0.009108592182168626,2.929557686081078,0.0
2021-03-05,0.005505435763666827,2.9456861777377537,0.0
2021-03-08,-0.007466841735949206,2.9236912052448125,0.0
2021-03-09,0.013285254093701404,2.96253318579801,0.0
2021-03-10,0.003456663008513605,2.9727736646728515,0.0
2021-03-11,0.005697327116208059,2.989710528682941,0.0
2021-03-12,-0.003022022926667506,2.980675554921162,0.0
2021-03-15,0.005065706843455836,2.995774783477848,0.0
2021-03-16,-0.0009485914981667704,2.9929330169878186,0.0
2021-03-17,0.0017563333058223662,2.9981896049276497,0.0
2021-03-18,-0.011376933600800235,2.964079400869778,0.0
2021-03-19,0.00015164653115862237,2.964528893228999,0.0
2021-03-22,0.006616559243729406,2.984143874280796,0.0
2021-03-23,-0.0016717061729463467,2.979155262545201,0.0
2021-03-24,-0.0024735715846684464,2.971786108741454,0.0
2021-03-25,-0.00011339810434295161,2.97144911383021,0.0
2021-03-26,0.006778702706736542,2.991591683981061,0.0
2021-03-29,-0.004047644148646765,2.9794827854062547,0.0
2021-03-30,-0.0032022831432129556,2.969941637907055,0.0
2021-03-31,0.00334597514115037,2.9798789887981596,0.0
2021-04-01,0.010782162269994316,3.012008527600328,0.0
2021-04-05,0.004280191854681481,3.0249005019663944,0.0
2021-04-06,0.00342220763845226,3.035252339569782,0.0
2021-04-07,-0.000803083740601479,3.0328147777672507,0.0
2021-04-08,0.004708527479609398,3.0470948694889337,0.0
2021-04-09,-0.0004250727112689312,3.0457996326112666,0.0
2021-04-12,-0.0003578070569630193,3.0447098240086232,0.0
2021-04-13,0.005394277848200707,3.0611338347664723,0.0
2021-04-14,-0.003481837865818113,3.050475463068245,0.0
2021-04-15,0.010796476951343795,3.0834098510959014,0.0
2021-04-16,4.992386283132755e-05,3.0835637868263603,0.0
2021-04-19,-0.0019346209070342096,3.0775982598561926,0.0
2021-04-20,0.0003213675615015843,3.0785873001042443,0.0
2021-04-21,0.005037654462890007,3.094096159156011,0.0
2021-04-22,-0.003943998027082951,3.0818930500086945,0.0
2021-04-23,0.003966849460224922,3.0941184557905927,0.0
2021-04-26,0.0012879805659052196,3.0981036202302596,0.0
2021-04-27,-0.0026387626442655743,3.089928460129132,0.0
2021-04-28,0.0005287375992656107,3.091562221485043,0.0
2021-04-29,0.001346390502379849,3.0957246714975666,0.0
2021-04-30,-0.002304878368149535,3.088589402668485,0.0
2021-05-03,0.0017338879619004932,3.093944670653025,0.0
2021-05-04,-0.004325056905346514,3.0805631838904572,0.0
2021-05-05,-0.0014673192256791229,3.0760430143048154,0.0
2021-05-06,0.005575553868037958,3.093193657831474,0.0
2021-05-07,0.005315446579320149,3.109635363479169,0.0
2021-05-10,-0.006153393722925629,3.0905005527529483,0.0
2021-05-11,-0.003808908234855801,3.078729119747741,0.0
2021-05-12,-0.013607994474879842,3.036833790896562,0.0
2021-05-13,0.005796837499595697,3.0544378228956703,0.0
2021-05-14,0.00970214629117458,3.084072425490701,0.0
2021-05-17,6.912079803157722e-05,3.0842855990379383,0.0
2021-05-18,-0.001570095376889985,3.0794429764778806,0.0
2021-05-19,-0.0020603269439935235,3.0730983171409516,0.0
2021-05-20,0.00838963277848745,3.098880483513952,0.0
2021-05-21,-0.0006923556360810684,3.0967349561456494,0.0
2021-05-24,0.006199764090083243,3.115933982323267,0.0
2021-05-25,0.0029403890021000023,3.12509604033616,0.0
2021-05-26,0.00013999761199583183,3.1255335463190645,0.0
2021-05-27,-0.0013432078758242316,3.121335305043496,0.0
2021-05-28,0.0014829522565441428,3.125964096277541,0.0
2021-06-01,0.0020330851651734066,3.132319447508547,0.0
2021-06-02,0.002973085616361379,3.141632101403784,0.0
2021-06-03,-0.006516532832524749,3.1211595526672724,0.0
2021-06-04,0.007722460007222043,3.1452625824889044,0.0
2021-06-07,0.0020184816238405234,3.151611237213811,0.0
2021-06-08,0.0018623103700297905,3.1574805155031767,0.0
2021-06-09,0.0013988427245330698,3.1618973341501433,0.0
2021-06-10,0.004672379136742497,3.176670917286748,0.0
2021-06-11,-0.0023611867196716013,3.1691702041040837,0.0
2021-06-14,-0.00012857623362301507,3.1687627241355294,0.0
2021-06-15,-0.002944754598236357,3.1594314955329112,0.0
2021-06-16,-0.006449637494295626,3.1390543076986637,0.0
2021-06-17,-0.0011396734008404241,3.135476811000386,0.0
2021-06-18,-0.0028663930632805285,3.126489302019258,0.0
2021-06-21,0.004978203229523387,3.1420536011596405,0.0
2021-06-22,0.0015251677413185422,3.146845759953623,0.0
2021-06-23,-0.0012909409301578995,3.142783367961205,0.0
2021-06-24,0.0018439315269525441,3.1485784452957706,0.0
2021-06-25,0.00014019489224349757,3.149019859911629,0.0
2021-06-28,0.0029172877333416003,3.1582064569209987,0.0
2021-06-29,-0.000962069688260403,3.1551680422195267,0.0
2021-06-30,0.00014912851990156462,3.155638567759704,0.0
2021-07-01,0.0017948842677516924,3.1613025737796865,0.0
2021-07-02,0.00513330692438474,3.1775305101717453,0.0
2021-07-06,0.003471400598790572,3.1885609914874307,0.0
2021-07-07,0.002815452323212897,3.19753823293862,0.0
2021-07-08,-0.001107667042705568,3.193996425220203,0.0
2021-07-09,0.0027274409014323014,3.2027078617093774,0.0
2021-07-12,0.0013796799897766582,3.2071265736592784,0.0
2021-07-13,-0.004636110713373082,3.192257979791993,0.0
2021-07-14,0.005434830246243805,3.20960736001438,0.0
2021-07-15,0.0005009283886077964,3.2112151434572955,0.0
2021-07-16,-0.003830116627316915,3.1989158149424477,0.0
2021-07-19,-0.0021009969196003064,3.192194902669193,0.0
2021-07-20,0.005151452405429288,3.208639342779147,0.0
2021-07-21,-0.000300113374922209,3.2076763871970777,0.0
2021-07-22,0.0015637127329559825,3.21269227160694,0.0
2021-07-23,0.002592639405841715,3.2210216241891514,0.0
2021-07-26,-0.00010885855362939567,3.220670988433933,0.0
2021-07-27,0.0008134566546598998,3.2232908646819443,0.0
2021-07-28,0.0011342119204280493,3.2269467596036736,0.0
2021-07-29,0.0017766962658238988,3.232680063861474,0.0
2021-07-30,-0.0015921317421888487,3.227533211319459,0.0
2021-08-02,0.0007667697673982565,3.2300079862091726,0.0
2021-08-03,0.0020241898358550475,3.2365461355445877,0.0
2021-08-04,-0.0011238417977165321,3.2329087697172247,0.0
2021-08-05,0.0017149840339263644,3.23845315664043,0.0
2021-08-06,-0.007475841570921626,3.2142429939065353,0.0
2021-08-09,-0.004017469095014381,3.2013298720146497,0.0
2021-08-10,-0.0028817138430432265,3.192104555406317,0.0
2021-08-11,0.003058601741998082,3.2018679319601224,0.0
2021-08-12,0.0009405517187282414,3.2048794543466683,0.0
2021-08-13,0.00676665471869517,3.226565767029272,0.0
2021-08-16,0.001215841069876017,3.230488758203482,0.0
2021-08-17,-0.0033299033575972803,3.2197315428408597,0.0
2021-08-18,-0.00354246863779889,3.208325744828214,0.0
2021-08-19,0.001840757489048786,3.2142314944703148,0.0
2021-08-20,0.003490056021505289,3.2254493424521025,0.0
2021-08-23,0.005050233783396349,3.241738615687988,0.0
2021-08-24,-0.0010354187272073045,3.2383820588165935,0.0
2021-08-25,-0.0017166121250907496,3.2328230129087525,0.0
2021-08-26,-0.0013518190605171926,3.228452821140624,0.0
2021-08-27,0.0075996351435888565,3.2529878846595826,0.0
2021-08-30,0.003336043077278139,3.263839992372671,0.0
2021-08-31,-0.0004235425310012003,3.2624576173215187,0.0
2021-09-01,0.0029827722571228454,3.2721887853925047,0.0
2021-09-02,0.0018761784820215538,3.2783279955807703,0.0
2021-09-03,0.0003487686012410285,3.2794713734501983,0.0
2021-09-07,-0.006461579132720996,3.258280809657157,0.0
2021-09-08,0.0008025263989270698,3.2608956660220243,0.0
2021-09-09,-0.0008938233265817636,3.2579810014101844,0.0
2021-09-10,-0.006235917390579465,3.237664501025313,0.0
2021-09-13,0.002696585377579927,3.2463951397762876,0.0
2021-09-14,0.001413952819759548,3.2509853893382283,0.0
2021-09-15,0.0013073692885848254,3.255235627793887,0.0
2021-09-16,-0.004358099990957681,3.2410489854338334,0.0
2021-09-17,-0.0054984875282199225,3.2232281180090756,0.0
2021-09-20,-0.0028289550752979287,3.214109750465791,0.0
2021-09-21,0.0009712126341184235,3.2172313344628862,0.0
2021-09-22,0.003805169329152855,3.229473444461574,0.0
2021-09-23,-0.0023541867229389946,3.2218706609565384,0.0
2021-09-24,-0.0032767755430922613,3.2113133139717096,0.0
2021-09-27,-0.003913560471395933,3.1987456451248826,0.0
2021-09-28,-0.01117846062193803,3.162988592891258,0.0
2021-09-29,-8.839419686543226e-05,3.162709003054895,0.0
2021-09-30,-0.0019174352541844047,3.156644713313711,0.0
2021-10-01,0.006300105842626108,3.176531909115154,0.0
2021-10-04,-0.004296680406694481,3.162883366700019,0.0
2021-10-05,-0.00032728305784753,3.1618482085601505,0.0
2021-10-06,0.003099045278527876,3.1716469193223102,0.0
2021-10-07,4.5020521768260324e-05,3.1717897085214832,0.0
2021-10-08,-0.0033830818456166978,3.1610592843404706,0.0
2021-10-11,-0.0029578675175581104,3.1517092897622443,0.0
2021-10-12,0.004186950548473303,3.1649053407016425,0.0
2021-10-13,0.0070584536520529595,3.1872446783621204,0.0
2021-10-14,0.007694893609439979,3.211770187069371,0.0
2021-10-15,-0.0018680075256435474,3.205770576189288,0.0
2021-10-18,0.0020579557622663336,3.212367910219061,0.0
2021-10-19,0.0005965396974868115,3.2142842152004394,0.0
2021-10-20,0.002674232472421531,3.2228799584243206,0.0
2021-10-21,1.1522236416580678e-05,3.2229170932091438,0.0
2021-10-22,0.0018433739981369435,3.2288581347769165,0.0
2021-10-25,0.003025478443386756,3.238626975460438,0.0
2021-10-26,0.0009779058992411271,3.2417940478851826,0.0
2021-10-27,0.001913297835298533,3.2479965654194847,0.0
2021-10-28,0.004780749767484188,3.263524424244403,0.0
2021-10-29,-0.002849241503300806,3.2542258550078103,0.0
2021-11-01,0.001357837400293993,3.2586445645827435,0.0
2021-11-02,0.0022501773967701505,3.265977092926076,0.0
2021-11-03,0.00021757917057819987,3.266687701513083,0.0
2021-11-04,0.004290970426428439,3.280704961832653,0.0
2021-11-05,0.005957155734426983,3.3002486322089974,0.0
2021-11-08,-0.0004155741397327689,3.2988771342227627,0.0
2021-11-09,0.0019305652800982176,3.305245831881403,0.0
2021-11-10,-0.0073816039442062414,3.280847816212216,0.0
2021-11-11,0.00016083714795440962,3.2813754984178485,0.0
2021-11-12,0.0021609632471348283,3.2884664302699784,0.0
2021-11-15,-0.002514499189103958,3.280197584097669,0.0
2021-11-16,-0.0012001681083768506,3.2762607955680605,0.0
2021-11-17,0.0026853283624126284,3.28505863160506,0.0
2021-11-18,0.002308809306878601,3.2926432055473516,0.0
2021-11-19,-0.000584910781352796,3.2907173030372787,0.0
2021-11-22,-0.00863853515530369,3.262290325928825,0.0
2021-11-23,-0.0028164822149249202,3.2531021432459246,0.0
2021-11-24,0.004005056803625784,3.2661310021176213,0.0
2021-11-26,-0.003874147104794362,3.2534775301518883,0.0
2021-11-29,0.0041675600700006865,3.2670365931951935,0.0
2021-11-30,-0.004669575525400774,3.25178091907902,0.0
2021-12-01,-0.0043852504229144745,3.237521045428404,0.0
2021-12-02,0.006575862360944332,3.258810538213802,0.0
2021-12-03,-0.0002925275082676093,3.2578572464871423,0.0
2021-12-06,0.002210715416600853,3.265059441727036,0.0
2021-12-07,0.00762027371807282,3.289940088378774,0.0
2021-12-08,0.0001610827129206044,3.2904700408535565,0.0
2021-12-09,-0.0053702114318811,3.2727995210239027,0.0
2021-12-10,0.0037602530262444422,3.285106075327124,0.0
2021-12-13,0.0006035929135806417,3.287088942074552,0.0
2021-12-14,-0.005960192483083604,3.2674972592707716,0.0
2021-12-15,0.006579427475248034,3.288995520513715,0.0
2021-12-16,-0.002016973673074532,3.282361703137979,0.0
2021-12-17,-0.0018637484008988403,3.2762442067625837,0.0
2021-12-20,-0.004850650260093056,3.2603522919489225,0.0
2021-12-21,0.006128869132024858,3.280334564470575,0.0
2021-12-22,0.006865796405058244,3.3028566737307052,0.0
2021-12-23,0.0008255741892094215,3.3055834269511952,0.0
2021-12-27,0.006633378116065347,3.3275106117163618,0.0
2021-12-28,-0.0014883529889739427,3.322558101351571,0.0
2021-12-29,-0.0008800316079060205,3.319634145203277,0.0
2021-12-30,0.0017937494130013665,3.3255887370026147,0.0
2021-12-31,0.0008209327944489614,3.3283188218576707,0.0
2022-01-03,-0.006388325368839362,3.307056438292412,0.0
2022-01-04,-0.0019271760638459867,3.300683158282747,0.0
2022-01-05,-0.012066493587738161,3.260855486118173,0.0
2022-01-06,-0.0018322677842861762,3.2548807256617462,0.0
2022-01-07,-0.002923727627657538,3.245364340959399,0.0
2022-01-10,-0.00040455062246141926,3.2440514267951492,0.0
2022-01-11,0.00684631830345267,3.2662612354557585,0.0
2022-01-12,0.0019797033352528526,3.2727274637173975,0.0
2022-01-13,-0.004473955401561869,3.2580854270032593,0.0
2022-01-14,-0.003914963198056648,3.245330142460417,0.0
2022-01-18,-0.011277151604601313,3.2087320624369084,0.0
2022-01-19,-0.0009275319114536718,3.2057558610536936,0.0
2022-01-20,-0.004638417303093029,3.1908862275982903,0.0
2022-01-21,-0.003956592296848749,3.178261191730054,0.0
2022-01-24,0.00048519129356087987,3.1798032563889436,0.0
2022-01-25,-0.005446457852166589,3.162484591974839,0.0
2022-01-26,-0.008069435456913202,3.1369651266764156,0.0
2022-01-27,-0.004334583795381014,3.1233676884716486,0.0
2022-01-28,0.011494981768763665,3.159270743107776,0.0
2022-01-31,0.008874253565227558,3.187306912763319,0.0
2022-02-01,0.0015997309122325887,3.1924057461584394,0.0
2022-02-02,0.005578160079258432,3.2102134964484557,0.0
2022-02-03,-0.010796330172444621,3.1755549716167604,0.0
2022-02-04,-0.0018663877311130839,3.1696281547782594,0.0
2022-02-07,-0.0008228033798464984,3.167020174019651,0.0
2022-02-08,0.000644539581172679,3.169061443876179,0.0
2022-02-09,0.008826887283040152,3.1970343920343027,0.0
2022-02-10,-0.013203633217485508,3.154821922538195,0.0
2022-02-11,-0.003511557616530908,3.143743583587307,0.0
2022-02-14,-0.003889856139818043,3.1315148733066764,0.0
2022-02-15,0.004242355384866975,3.14479987229224,0.0
2022-02-16,0.00394542267704201,3.157207437023141,0.0
2022-02-17,-0.005275838967741156,3.1405505189976517,0.0
2022-02-18,-0.0015107011710153717,3.135806085650969,0.0
2022-02-22,-0.002737623314683732,3.1272214298005636,0.0
2022-02-23,-0.009856144856029689,3.096399082391569,0.0
2022-02-24,0.007561255720175755,3.1198117476652496,0.0
2022-02-25,0.008778741101920659,3.1471997672847336,0.0
2022-02-28,0.0031155183579413964,3.1570049259358184,0.0
2022-03-01,-0.000697073539748766,3.154804261337092,0.0
2022-03-02,-0.0005832408306257614,3.152964250679248,0.0
2022-03-03,0.00011753546116836933,3.153334835786499,0.0
2022-03-04,0.0008129185804577888,3.1558982402649147,0.0
2022-03-07,-0.012222122692062576,3.1173264647687327,0.0
2022-03-08,-0.0007675087922711099,3.114933889298643,0.0
2022-03-09,0.006959595886390418,3.1366125703809837,0.0
2022-03-10,-0.005789090800659216,3.118454435404559,0.0
2022-03-11,-0.007309948877222708,3.095658692905803,0.0
2022-03-14,-0.011739262346614834,3.0593179433742033,0.0
2022-03-15,0.0059555318525492534,3.077537808833044,0.0
2022-03-16,0.013638269255985533,3.1195100981153847,0.0
2022-03-17,0.005768140069502062,3.13750386930954,0.0
2022-03-18,0.004635776343419759,3.152048635524273,0.0
2022-03-21,-0.006628816786211425,3.1311542826181546,0.0
2022-03-22,0.0019459445624662869,3.1372473352686585,0.0
2022-03-23,-0.0002837987376669432,3.1363569884351605,0.0
2022-03-24,0.004860777723546719,3.1516021226176365,0.0
2022-03-25,-0.0025095638482968835,3.1436929758664993,0.0
2022-03-28,0.0040128145090722045,3.1563080326521242,0.0
2022-03-29,0.011757966376304912,3.193419796373309,0.0
2022-03-30,-0.0002950621256575664,3.192477539140074,0.0
2022-03-31,-0.0058841104044187326,3.173692648836147,0.0
2022-04-01,0.0012852413875541896,3.1777716099798075,0.0
2022-04-04,0.0027196452026836543,3.186414021294113,0.0
2022-04-05,-0.012557314226758903,3.146401219172173,0.0
2022-04-06,-0.004605760764736955,3.131909647886789,0.0
2022-04-07,-0.0016280663397088002,3.1268106912100553,0.0
2022-04-08,-0.0037517240554128667,3.11507976032312,0.0
2022-04-11,-0.009227513556182038,3.0863353196061505,0.0
2022-04-12,0.0005393300260872758,3.0879998729145877,0.0
2022-04-13,0.007421257688854682,3.110916715714637,0.0
2022-04-14,-0.010588482483377154,3.077976828563047,0.0
2022-04-18,-0.0016309625034282293,3.07295676376924,0.0
2022-04-19,0.003851835529808348,3.0847932878134907,0.0
2022-04-20,0.005419475442961022,3.101511249283407,0.0
2022-04-21,-0.008449337347609082,3.075305534450807,0.0
2022-04-22,-0.012087601981255483,3.0381324651796136,0.0
2022-04-25,0.0019750359348184726,3.044132885973082,0.0
2022-04-26,-0.009651044792666971,3.014753823135725,0.0
2022-04-27,-0.005494034364070158,2.9981906620322056,0.0
2022-04-28,0.010686722059651654,3.0302314923191864,0.0
2022-04-29,-0.019360994096603745,2.971563198285052,0.0
2022-05-02,-0.006136479252496899,2.9533282623712926,0.0
2022-05-03,0.004492239627380601,2.96659532062418,0.0
2022-05-04,0.014465977443289757,3.0095100216156982,0.0
2022-05-05,-0.022170186485548582,2.9427886232063507,0.0
2022-05-06,-0.006831343350717972,2.9226854237126414,0.0
2022-05-09,-0.015348892207900755,2.877825440186473,0.0
2022-05-10,0.0004604768313400537,2.87915061212632,0.0
2022-05-11,-0.002747136253057683,2.8712411931017345,0.0
2022-05-12,-0.00294293939939895,2.8627913042693782,0.0
2022-05-13,0.007917243283743144,2.885456719495863,0.0
2022-05-16,-0.0009730397560702153,2.8826490553933737,0.0
2022-05-17,0.005449691680898386,2.8983586039695006,0.0
2022-05-18,-0.013168818536663782,2.860190645459648,0.0
2022-05-19,0.002982849011385985,2.8687221622988326,0.0
2022-05-20,0.0020462093558730327,2.874592168426729,0.0
2022-05-23,0.0056582352720702805,2.890857287226938,0.0
2022-05-24,0.0031951669510777575,2.9000940588913675,0.0
2022-05-25,0.005170918125538951,2.915090207826257,0.0
2022-05-26,0.007514633925663941,2.936996043598359,0.0
2022-05-27,0.012407419485389176,2.973436585538212,0.0
2022-05-31,-0.008966580955607276,2.9467750256776193,0.0
2022-06-01,-0.004426844766619462,2.933730110076793,0.0
2022-06-02,0.010932854501856992,2.9658041545179796,0.0
2022-06-03,-0.009986359566009129,2.9361865678285994,0.0
2022-06-06,-0.0046193265971023745,2.922623363121774,0.0
2022-06-07,0.0070953345883525976,2.9433603537588597,0.0
2022-06-08,-0.007861802764403097,2.9202202351930437,0.0
2022-06-09,-0.011535441597924107,2.8865342052168983,0.0
2022-06-10,-0.014380308039085202,2.8450249541805235,0.0
2022-06-13,-0.03171757387662874,2.75478766501545,0.0
2022-06-14,-0.0038169790134503084,2.7442726983115744,0.0
2022-06-15,0.01644525294007193,2.789402956971842,0.0
2022-06-16,-0.009981551577960893,2.761560387485111,0.0
2022-06-17,0.0017841286589155153,2.766487366515749,0.0
2022-06-21,0.005119091542105159,2.7806492685950204,0.0
2022-06-22,0.00709792730855649,2.8003861149740987,0.0
2022-06-23,0.006889104369717902,2.819678267195664,0.0
2022-06-24,0.009802612039551586,2.847318479325338,0.0
2022-06-27,-0.003963798044981745,2.836032283903548,0.0
2022-06-28,-0.009356694971995996,2.8094963948923297,0.0
2022-06-29,0.0009226800778795868,2.8120886612447715,0.0
2022-06-30,-0.0011539317521151449,2.8088437028487983,0.0
2022-07-01,0.007528441062983393,2.8299899171208276,0.0
2022-07-05,-0.0012453943492555242,2.8264654636695954,0.0
2022-07-06,-0.005594462532073061,2.8106529085348972,0.0
2022-07-07,0.004860275812206313,2.8243134568827566,0.0
2022-07-08,-0.0024774071529048564,2.81731648252263,0.0
2022-07-11,-0.0042471729371626465,2.805350852202637,0.0
2022-07-12,-0.0018528693668985463,2.800152903545188,0.0
2022-07-13,0.0012156469835353928,2.8035569009758206,0.0
2022-07-14,-0.005222181895527339,2.7889162168844637,0.0
2022-07-15,0.010070486280482432,2.8170019593840134,0.0
2022-07-18,-0.004982078334006046,2.8029674349553138,0.0
2022-07-19,0.012137112801989453,2.8369873668936694,0.0
2022-07-20,0.0014508747477325196,2.841103480223931,0.0
2022-07-21,0.011309385605797029,2.873234615027756,0.0
2022-07-22,0.0010219378506767518,2.8761708822347276,0.0
2022-07-25,-0.002244492024237238,2.869715339629208,0.0
2022-07-26,-0.006034482164561275,2.852398093594848,0.0
2022-07-27,0.012642649499771202,2.888459962925983,0.0
2022-07-28,0.011584501933644409,2.921921332951754,0.0
2022-07-29,0.0056146647415103446,2.938326941637345,0.0
2022-08-01,0.003509082270920727,2.9486377726144135,0.0
2022-08-02,-0.009602525114817823,2.920323404348383,0.0
2022-08-03,0.00965973370079587,2.94853295075459,0.0
2022-08-04,0.004233062219154329,2.961014274190361,0.0
2022-08-05,-0.008516468410611822,2.9357968896608484,0.0
2022-08-08,0.004625672226331534,2.949376923795503,0.0
2022-08-09,-0.0024547230518405933,2.942137020272096,0.0
2022-08-10,0.010005249595102558,2.9715738355029098,0.0
2022-08-11,-0.005626216512083088,2.954855117722729,0.0
2022-08-12,0.01007629294230096,2.9846291034909607,0.0
2022-08-15,-0.0007241365338064853,2.982467824517261,0.0
2022-08-16,-0.0007420936512935877,2.980254554079499,0.0
2022-08-17,-0.007148483289947952,2.9589502541998702,0.0
2022-08-18,-0.0009724985667418778,2.9560726793186003,0.0
2022-08-19,-0.011378947318463103,2.9224356840310857,0.0
2022-08-22,-0.013031054330758254,2.88435326585433,0.0
2022-08-23,-0.0015059139354122314,2.8800096780766284,0.0
2022-08-24,0.0006748392259155883,2.881953221578411,0.0
2022-08-25,0.010009674379135247,2.910800634902311,0.0
2022-08-26,-0.015448290688035701,2.865833740559421,0.0
2022-08-29,-0.00492122155201867,2.851730337790878,0.0
2022-08-30,-0.005936844674552771,2.8348000577217034,0.0
2022-08-31,-0.005277763484680759,2.819838653490689,0.0
2022-09-01,-0.00464214325586039,2.8067485585027727,0.0
2022-09-02,-0.0023223979734974393,2.8002301713383893,0.0
2022-09-06,-0.006421096825349831,2.7822496222749593,0.0
2022-09-07,0.0144483662574858,2.82244858383734,0.0
2022-09-08,-0.0002723206811187373,2.821679972716567,0.0
2022-09-09,0.00802181114107714,2.844314956558259,0.0
2022-09-12,0.00461678481707159,2.857446546664667,0.0
2022-09-13,-0.02374748663158241,2.7895893729972863,0.0
2022-09-14,0.00030927151226925464,2.790452113521283,0.0
2022-09-15,-0.00925599781545064,2.7646236948544107,0.0
2022-09-16,-0.0012845544769085615,2.761072385110218,0.0
2022-09-19,0.0023896717437655035,2.767670441771407,0.0
2022-09-20,-0.010058412486521381,2.739832070841317,0.0
2022-09-21,-0.0051277227660126296,2.7257829715566126,0.0
2022-09-22,-0.010226105981561526,2.697908826006739,0.0
2022-09-23,-0.01076099446482913,2.6688766440634666,0.0
2022-09-26,-0.013743672516844704,2.632196477479603,0.0
2022-09-27,-0.006240152510527869,2.6157711700224557,0.0
2022-09-28,0.02110577850737841,2.670979056962936,0.0
2022-09-29,-0.011451620490775999,2.640392018463786,0.0
2022-09-30,-0.005154903287601459,2.6267810529672504,0.0
2022-10-03,0.017009766338158178,2.6714619848997243,0.0
2022-10-04,0.016775600042109498,2.7162773626861023,0.0
2022-10-05,-0.007711119351449289,2.6953318237507897,0.0
2022-10-06,-0.008745842474353352,2.6717588762041538,0.0
2022-10-07,-0.01671270552432394,2.627106556874155,0.0
2022-10-10,-0.009847571288281995,2.6012359377734238,0.0
2022-10-11,-0.00019726779465799316,2.600722797696594,0.0
2022-10-12,-9.844643778267326e-05,2.6004667658015004,0.0
2022-10-13,0.0071553758736112305,2.619074082957644,0.0
2022-10-14,-0.01385717197999864,2.582781122961743,0.0
2022-10-17,0.014697470242425625,2.6207414716591715,0.0
2022-10-18,0.0059089282156033485,2.63622724488686,0.0
2022-10-19,-0.011917883042528735,2.604808996908771,0.0
2022-10-20,-0.006123735653238219,2.588857835184525,0.0
2022-10-21,0.00936653819656462,2.6131064709832565,0.0
2022-10-24,0.0015265751414720585,2.6170955743638795,0.0
2022-10-25,0.017361865813779576,2.6625332365478216,0.0
2022-10-26,0.001221500265864775,2.6657855216041386,0.0
2022-10-27,-0.0011700192133365372,2.6626665013252273,0.0
2022-10-28,0.007655231979256147,2.6830498310762665,0.0
2022-10-31,-0.007812800743615025,2.6620876973608776,0.0
2022-11-01,0.001235000708992462,2.6653753775545184,0.0
2022-11-02,-0.014225102282412638,2.627460140187781,0.0
2022-11-03,-0.007560600983152074,2.6075949624686845,0.0
2022-11-04,0.010503427719248476,2.6349836476780504,0.0
2022-11-07,0.0011172116938312632,2.63792748222229,0.0
2022-11-08,0.007556857865174585,2.657861925264082,0.0
2022-11-09,-0.00872432685772545,2.634673869085374,0.0
2022-11-10,0.0428210566520727,2.747493388093215,0.0
2022-11-11,0.006064620095448961,2.7641558917067584,0.0
2022-11-14,-0.006838975682774293,2.745251896779979,0.0
2022-11-15,0.008941533192831586,2.769798657737721,0.0
2022-11-16,-0.0001609830639765636,2.7693527670632,0.0
2022-11-17,-0.005438512281065969,2.754291608028923,0.0
2022-11-18,-0.00023221746258580978,2.753652013420485,0.0
2022-11-21,-0.002458432543259545,2.74688234569788,0.0
2022-11-22,0.008439628609671596,2.7700650125300332,0.0
2022-11-23,0.007740660337853367,2.7915071449057995,0.0
2022-11-25,-0.0006207316814154651,2.7897743679820586,0.0
2022-11-28,-0.009947873530540302,2.7620220453906303,0.0
2022-11-29,-1.0354713450400066e-05,2.7619934454438066,0.0
2022-11-30,0.01897236129529814,2.8143949829860118,0.0
2022-12-01,0.009337014410777542,2.840673029499772,0.0
2022-12-02,0.0004114585947223859,2.841841848832556,0.0
2022-12-05,-0.013586915650888126,2.803229983339304,0.0
2022-12-06,-0.0034806902591070638,2.7934728080422584,0.0
2022-12-07,0.005874482834599445,2.8098830161020225,0.0
2022-12-08,0.003047798401275059,2.8184469730662682,0.0
2022-12-09,-0.006018717389338263,2.8014835372585467,0.0
2022-12-12,0.004055134612421588,2.812843930116613,0.0
2022-12-13,0.011483560553292943,2.84514539371507,0.0
2022-12-14,-0.00209962311920342,2.8391716606689306,0.0
2022-12-15,-0.011320719356360476,2.8070301950939656,0.0
2022-12-16,-0.007608071845801576,2.785674107696356,0.0
2022-12-19,-0.008319037235529236,2.7624999810683804,0.0
2022-12-20,-0.001551314161854292,2.7582144757256266,0.0
2022-12-21,0.006104989506030112,2.7750533461553117,0.0
2022-12-22,-0.007888675142464815,2.7531618518044825,0.0
2022-12-23,0.0006136916155762284,2.7548514441492595,0.0
2022-12-27,-0.00578302620529926,2.7389200660560378,0.0
2022-12-28,-0.008971536195085589,2.7143477455479696,0.0
2022-12-29,0.013086173357373054,2.749868170698405,0.0
2022-12-30,-0.0020990011057513275,2.7440961943674385,0.0
2023-01-03,0.0016368162901142097,2.7485877757200194,0.0
2023-01-04,0.010218403905649931,2.7766739557824582,0.0
2023-01-05,-0.009103829151209886,2.7513955904804006,0.0
2023-01-06,0.01917238462384485,2.8041464049934417,0.0
2023-01-09,0.0035239140256024953,2.8140279758398408,0.0
2023-01-10,-0.00028944712763291636,2.8132134635251553,0.0
2023-01-11,0.012009995262083281,2.8470001438933217,0.0
2023-01-12,0.009536532966926525,2.874150654622405,0.0
2023-01-13,2.0941572516489093e-05,2.874210843856762,0.0
2023-01-17,-0.002537872967248042,2.866916461853967,0.0
2023-01-18,-0.0009700187250153702,2.8641354992029138,0.0
2023-01-19,-0.002083612970638235,2.858167749327109,0.0
2023-01-20,0.004537242054276483,2.8711359482375327,0.0
2023-01-23,0.004237966687593367,2.883303726741715,0.0
2023-01-24,0.003137501452172939,2.8923500963714224,0.0
2023-01-25,0.0011749596037810839,2.8957484908946514,0.0
2023-01-26,0.0031096207330836706,2.904753170439733,0.0
2023-01-27,0.0015524058221270814,2.9092625261733653,0.0
2023-01-30,-0.007757215887933919,2.8866947486831624,0.0
2023-01-31,0.009679872350499358,2.914637585365272,0.0
2023-02-01,0.011443041614075583,2.947989904544556,0.0
2023-02-02,0.0065026026086185545,2.9671595113880285,0.0
2023-02-03,-0.014918664222982658,2.9228934549416015,0.0
2023-02-06,-0.0060183792354226995,2.905302373665028,0.0
2023-02-07,0.0032004772904146855,2.9146007279337307,0.0
2023-02-08,-0.0034784491610093393,2.9044624374769725,0.0
2023-02-09,-0.006856164520633909,2.884548965161629,0.0
2023-02-10,-0.00349043925459383,2.874480622221831,0.0
2023-02-13,0.006119737464723121,2.8920716889772624,0.0
2023-02-14,-0.0006747557859767966,2.8901202468716654,0.0
2023-02-15,-0.0016903105722965855,2.8852350460631695,0.0
2023-02-16,-0.008712669282562063,2.8600969473043634,0.0
2023-02-17,0.0007299164140543296,2.8621845790119878,0.0
2023-02-21,-0.014770266154046752,2.8199093509979725,0.0
2023-02-22,-0.00019736505089741618,2.8193527994453866,0.0
2023-02-23,0.005594804820586635,2.8351265280786584,0.0
2023-02-24,-0.010306120258433984,2.805907373132403,0.0
2023-02-27,0.004314711741326027,2.8180140546203307,0.0
2023-02-28,-8.207429045985204e-05,2.817782768116292,0.0
2023-03-01,-0.003997913243038678,2.806517517071634,0.0
2023-03-02,0.0011755754102584226,2.809816790053163,0.0
2023-03-03,0.01354219816325522,2.847867885826505,0.0
2023-03-06,-0.0015737995027334528,2.843385912763941,0.0
2023-03-07,-0.010091302961686338,2.814692444081249,0.0
2023-03-08,0.0016322526576668245,2.8192867333036156,0.0
2023-03-09,-0.0053303626932757475,2.8042589124787667,0.0
2023-03-10,0.0023147780428186965,2.8107501494357514,0.0
2023-03-13,0.007496452916810073,2.831820805591913,0.0
2023-03-14,0.003206376304725325,2.8409006887221917,0.0
2023-03-15,0.0027047351448894613,2.8485845726581194,0.0
2023-03-16,0.004607238187159218,2.861708680280622,0.0
2023-03-17,0.0019092407946030565,2.867172371235284,0.0
2023-03-20,0.0019134828681010296,2.8726586564475354,0.0
2023-03-21,0.0002631384671794995,2.8734145634431227,0.0
2023-03-22,-0.0018232560609169474,2.868175592924798,0.0
2023-03-23,0.0025444459719486806,2.8754735107590568,0.0
2023-03-24,0.0024794805144275622,2.8826031912987364,0.0
2023-03-27,-0.006250874992653241,2.864584399096505,0.0
2023-03-28,0.000462625485958712,2.865909628846207,0.0
2023-03-29,0.007246984739713691,2.886678832191854,0.0
2023-03-30,0.006985629181680136,2.9068441000801517,0.0
2023-03-31,0.009081710100049836,2.93324321550312,0.0
2023-04-03,0.0018441806117827503,2.938652645770794,0.0
2023-04-04,0.0027046199410335897,2.946600584316317,0.0
2023-04-05,-0.001816625650651535,2.9412477141126234,0.0
2023-04-06,0.0024691817189731596,2.948510189199282,0.0
2023-04-10,-0.004336807291731595,2.935723068711018,0.0
2023-04-11,0.0015856866388611751,2.94037820555647,0.0
2023-04-12,-0.0005581254509094274,2.9387371056446496,0.0
2023-04-13,0.005577569179464392,2.9551281151516418,0.0
2023-04-14,-0.007212852680145404,2.9338132114060973,0.0
2023-04-17,-0.000790934730613993,2.931492756644062,0.0
2023-04-18,0.0015030533297549498,2.9358989465930883,0.0
2023-04-19,-0.000945566730636338,2.9331228582246793,0.0
2023-04-20,-0.0006611939472352668,2.9311834951443236,0.0
2023-04-21,-0.0013306799282040566,2.9272830281014524,0.0
2023-04-24,0.0026125112350207785,2.9349305879004532,0.0
2023-04-25,-0.002922607166137653,2.9263529387321388,0.0
2023-04-26,-0.0032255566486660697,2.916913821554268,0.0
2023-04-27,0.007009714689908089,2.937360555218413,0.0
2023-04-28,0.006944237633136355,2.957758284928051,0.0
2023-05-01,-0.007964262064875202,2.934201922822328,0.0
2023-05-02,0.002808247675021469,2.9424418885501376,0.0
2023-05-03,0.0009045129176377953,2.9451033652477294,0.0
2023-05-04,-0.001421450645670036,2.940917046167633,0.0
2023-05-05,0.0046930281079005515,2.9547188525283015,0.0
2023-05-08,-0.00326651507404159,2.9450672188569627,0.0
2023-05-09,-0.0023691797754422095,2.938089825164729,0.0
2023-05-10,0.006106531785984387,2.9560313640721745,0.0
2023-05-11,-0.0014094859653469294,2.9518648793513895,0.0
2023-05-12,-0.003845243625441891,2.9405142397408977,0.0
2023-05-15,-0.00021770510284938038,2.9398740747859047,0.0
2023-05-16,-0.007137257643368061,2.9188914360750995,0.0
2023-05-17,0.003608762910659133,2.929425023229848,0.0
2023-05-18,-0.0010795978334589423,2.926262422321489,0.0
2023-05-19,-0.00022167904413127049,2.925613731264831,0.0
2023-05-22,0.0008826351106198255,2.928195980664157,0.0
2023-05-23,-0.0046139707778856676,2.9146853699774504,0.0
2023-05-24,-0.0072676005910497915,2.893502600859878,0.0
2023-05-25,0.0013618473829852956,2.89744310980452,0.0
2023-05-26,0.008892742128892878,2.923209324213149,0.0
2023-05-30,0.004643138638945277,2.9367821903761286,0.0
2023-05-31,8.839185284871542e-05,2.9370417779953493,0.0
2023-06-01,0.006124781713392369,2.955030517768685,0.0
2023-06-02,0.001595268321147994,2.959744584341707,0.0
2023-06-05,-0.0005896497837251796,2.9579993715876682,0.0
2023-06-06,0.002386450843177526,2.965058491682112,0.0
2023-06-07,-0.0051856089252188126,2.9496828579038494,0.0
2023-06-08,0.007277410483108038,2.971148910855803,0.0
2023-06-09,-0.0013320674148742107,2.967191140206913,0.0
2023-06-12,0.003821117859617057,2.978529127265655,0.0
2023-06-13,-1.8405869656845653e-05,2.9784743048467694,0.0
2023-06-14,0.0032883427465726367,2.9882685492229655,0.0
2023-06-15,0.008763474696663137,3.014456165040915,0.0
2023-06-16,-0.0029466401283932547,3.0055736475397232,0.0
2023-06-20,-0.0029874716152837044,2.996594581580054,0.0
2023-06-21,-0.0022348527553672504,2.9898976339226913,0.0
2023-06-22,-0.003983214773683422,2.977988229495449,0.0
2023-06-23,-0.002832726463659993,2.9695524034292897,0.0
2023-06-26,0.0016128323304096387,2.9743417935523864,0.0
2023-06-27,0.0047887887156005116,2.9885852879696886,0.0
2023-06-28,0.0014012355316602304,2.9927729998645884,0.0
2023-06-29,-0.002864566908910321,2.984200001363296,0.0
2023-06-30,0.00776202093527964,3.0073634242489393,0.0
2023-07-03,0.0004451737478025908,3.0087022234955167,0.0
2023-07-05,-0.0032414292608869133,2.998949728070983,0.0
2023-07-06,-0.006586773323383754,2.9791963260039562,0.0
2023-07-07,6.495194691261141e-05,2.9793898306055655,0.0
2023-07-10,0.0028011112631991797,2.987735433017536,0.0
2023-07-11,0.0053435951146340865,3.0037006814812277,0.0
2023-07-12,0.010047813559181412,3.0338813059163376,0.0
2023-07-13,0.008103867337200504,3.058467477536296,0.0
2023-07-14,-0.0030362156220489628,3.049181310801472,0.0
2023-07-17,0.0015730951945286398,3.0539779632687405,0.0
2023-07-18,0.0036349692277111295,3.0650790791873304,0.0
2023-07-19,0.0033396537026730566,3.075315381883124,0.0
2023-07-20,-0.008614989703814468,3.0488215715322187,0.0
2023-07-21,0.00025717446615226847,3.0496056505922713,0.0
2023-07-24,-0.00043334214952674144,3.048284127924435,0.0
2023-07-25,0.0003555908615932579,3.0493680699038648,0.0
2023-07-26,0.0023444461639866715,3.056517149177935,0.0
2023-07-27,-0.012089361087865222,3.0195658096902704,0.0
2023-07-28,0.006852400034440431,3.0402570825485875,0.0
2023-07-31,0.0019009697366053763,3.0460365192540126,0.0
2023-08-01,-0.0057209937748185224,3.028610163289491,0.0
2023-08-02,-0.008388608855291649,3.0032043372544943,0.0
2023-08-03,-0.006082850971147483,2.9849362928350716,0.0
2023-08-04,0.0032887450537056467,2.9947529873037593,0.0
2023-08-07,0.0021201658867877893,3.0011023604267963,0.0
2023-08-08,-0.0013792150622205512,2.99696319484803,0.0
2023-08-09,-0.0018555477537471193,2.9914021865237674,0.0
2023-08-10,-0.0033230226019605874,2.9814616894463946,0.0
2023-08-11,-0.0022501017785362815,2.9747530971963334,0.0
2023-08-14,-2.4225663593474556e-05,2.974681031828527,0.0
2023-08-15,-0.005883748006817208,2.9571787582365885,0.0
2023-08-16,-0.006658961800897922,2.9374870178470647,0.0
2023-08-17,-0.004791882222294402,2.9234109260280228,0.0
2023-08-18,0.0012651247964432788,2.927109405680734,0.0
2023-08-21,-0.00018134694571508847,2.9265785833302402,0.0
2023-08-22,0.0005589444048705039,2.9282143780548067,0.0
2023-08-23,0.012294773391330671,2.964216110274227,0.0
2023-08-24,-0.0075326496440913104,2.9418877088461604,0.0
2023-08-25,0.0026585235253194783,2.949708786528976,0.0
2023-08-28,0.004376191107889227,2.962617275891447,0.0
2023-08-29,0.011059513600214066,2.9953823819463974,0.0
2023-08-30,0.0021952867487138733,3.0019581051968154,0.0
2023-08-31,-0.0010748096943107438,2.998731571523435,0.0
2023-09-01,-0.00287989515166584,2.9900955390094572,0.0
2023-09-05,-0.006861236529936754,2.969579786269205,0.0
2023-09-06,-0.00299559805591032,2.9606841188345863,0.0
2023-09-07,0.0004814758243064654,2.962109616661213,0.0
2023-09-08,0.00047317044611616677,2.963511199389974,0.0
2023-09-11,0.0022145149020741106,2.9700739391034863,0.0
2023-09-12,-0.002310398907551303,2.963211883519235,0.0
2023-09-13,-0.0005250578027174713,2.9616560259986877,0.0
2023-09-14,0.0023339985677533343,2.9685685269215467,0.0
2023-09-15,-0.0046936364692207605,2.954635145422207,0.0
2023-09-18,0.0011350554033076748,2.9579888200088207,0.0
2023-09-19,-0.0031426742674985075,2.9486928246606308,0.0
2023-09-20,-0.002758520759949104,2.9405587942890916,0.0
2023-09-21,-0.014496646735358706,2.8979305522437304,0.0
2023-09-22,0.0006649890934320307,2.899857644454496,0.0
2023-09-25,-0.004323467260262517,2.8873202048692748,0.0
2023-09-26,-0.008275110215933537,2.8634273119452898,0.0
2023-09-27,-0.0041857905671188606,2.8514416049133184,0.0
2023-09-28,0.004359753491611648,2.863873187406466,0.0
2023-09-29,-0.0011619950510536464,2.860545380935854,0.0
2023-10-02,-0.007487680690871787,2.839126530521658,0.0
2023-10-03,-0.01181613885869097,2.8055790171996207,0.0
2023-10-04,0.007929714928913714,2.8278264590165554,0.0
2023-10-05,0.00013087043441160906,2.8281965378936875,0.0
2023-10-06,0.0029870825315064103,2.8366445943676966,0.0
2023-10-09,0.010326420592225896,2.8659369795198018,0.0
2023-10-10,0.0016755812400098408,2.8707390897577354,0.0
2023-10-11,0.00788116302244439,2.8933638525190197,0.0
2023-10-12,-0.009641634550717523,2.865467095630775,0.0
2023-10-13,0.004251179113111736,2.8776487094970293,0.0
2023-10-16,0.0014429114177679087,2.8818009016762876,0.0
2023-10-17,-0.0032699253505049236,2.872377627852788,0.0
2023-10-18,-0.007015324276068449,2.8522269673500764,0.0
2023-10-19,-0.006654654167391583,2.8332463832754535,0.0
2023-10-20,-0.002146799175897579,2.827163972274723,0.0
2023-10-23,0.00199919095509421,2.832816012916663,0.0
2023-10-24,0.00543447639478746,2.848210884669635,0.0
2023-10-25,-0.01190850261395636,2.8142929579044473,0.0
2023-10-26,0.0019353404187172213,2.8197395728159913,0.0
2023-10-27,-0.0008788802200978274,2.817261359479616,0.0
2023-10-30,0.002605308016236846,2.824601193083303,0.0
2023-10-31,0.0018861298315502734,2.82992875765581,0.0
2023-11-01,0.00904765418274446,2.8555329744168834,0.0
2023-11-02,0.014857908943900183,2.897960223337074,0.0
2023-11-03,0.010369015334915965,2.9280092173328325,0.0
2023-11-06,-0.004496143911058931,2.914844466518797,0.0
2023-11-07,0.002272903877401311,2.9214696278087695,0.0
2023-11-08,0.0022168765260295042,2.927946165248167,0.0
2023-11-09,-0.008803215621133453,2.9021708238284165,0.0
2023-11-10,0.006229244436251849,2.9202491552858025,0.0
2023-11-13,-0.001122488508784783,2.9169712091662054,0.0
2023-11-14,0.02129910002297869,2.9791000707143858,0.0
2023-11-15,-0.003159077920763448,2.9696888614572474,0.0
2023-11-16,0.004126068362399496,2.981942000714677,0.0
2023-11-17,0.0017517711468251623,2.987165680673035,0.0
2023-11-20,0.004678571052643465,3.001141347556082,0.0
2023-11-21,-0.0006368343390020514,2.9992301176897596,0.0
2023-11-22,0.0014475208846099347,3.0035715659228663,0.0
2023-11-24,-0.0007306715408104958,3.001376941658859,0.0
2023-11-27,0.004454173263006261,3.0147455945846,0.0
2023-11-28,0.00462561277473425,3.0286906403194838,0.0
2023-11-29,0.0035783301492833125,3.0395282953505913,0.0
2023-11-30,-0.002707304938691743,3.0312993653852955,0.0
2023-12-01,0.010814532774559488,3.0640814517217563,0.0
2023-12-04,-0.0054092860336043685,3.0475069587191315,0.0
2023-12-05,0.002193929957522489,3.0541929755316235,0.0
2023-12-06,0.0007329687887730335,3.0564316036575776,0.0
2023-12-07,0.0029680234459849852,3.065503164318283,0.0
2023-12-08,-0.00324665407168237,3.055550535988094,0.0
2023-12-11,0.0002466676721274985,3.0563042415258743,0.0
2023-12-12,0.0027185318753134846,3.0646129020271187,0.0
2023-12-13,0.018661284565064884,3.121802515473616,0.0
2023-12-14,0.010716898091452529,3.1552585548935865,0.0
2023-12-15,-0.003892277491082355,3.1429774130418293,0.0
2023-12-18,0.0009227282736715414,3.145877527164354,0.0
2023-12-19,0.005123934333558844,3.1619967970349623,0.0
2023-12-20,-0.004809243799811944,3.1467899835437967,0.0
2023-12-21,0.005042448470287383,3.162657509882633,0.0
2023-12-22,0.0007591857838827182,3.1650585545034255,0.0
2023-12-26,0.004191344831296295,3.1783244063165936,0.0
2023-12-27,0.006119867860791772,3.19777533170198,0.0
2023-12-28,-0.0021019022411769978,3.191053920565495,0.0
2023-12-29,-0.0047821828004776384,3.17579371739117,0.0
2024-01-02,-0.004706724456629119,3.160846131432316,0.0
2024-01-03,-0.006140371724080634,3.141437361222699,0.0
2024-01-04,-0.003930568834267151,3.129089725435875,0.0
2024-01-05,-0.001656195697960175,3.1239073404940765,0.0
2024-01-08,0.007744865011185556,3.1481015811536546,0.0
2024-01-09,-0.001718364480095061,3.142691995216869,0.0
2024-01-10,0.0013181331197921614,3.1468344816210703,0.0
2024-01-11,0.0011157171437418817,3.150345458800733,0.0
2024-01-12,0.0021380321833227994,3.157080998780234,0.0
2024-01-16,-0.007444412273147086,3.133578386245595,0.0
2024-01-17,-0.006112912688867697,3.1144230951667526,0.0
2024-01-18,0.0019228233528252037,3.1204115806247175,0.0
2024-01-19,0.00687942383812018,3.1418782144372135,0.0
2024-01-22,0.0018751295313540611,3.147769643061023,0.0
2024-01-23,-0.0014112344977783992,3.1433274019496755,0.0
2024-01-24,-0.002766066613159368,3.1346327489689134,0.0
2024-01-25,0.004800791441466584,3.149681467042304,0.0
2024-01-26,-0.0017395725573990523,3.1442023675976887,0.0
2024-01-29,0.006190679245896197,3.163667115939673,0.0
2024-01-30,-0.0006333196534468455,3.1616635033781852,0.0
2024-01-31,-0.0042811632477816886,3.1481279057856697,0.0
2024-02-01,0.011381436331007688,3.183958123107238,0.0
2024-02-02,-0.005141453069555782,3.167587951841851,0.0
2024-02-05,-0.008781487826551457,3.1397718168032207,0.0
2024-02-06,0.004960066330245733,3.155345293276401,0.0
2024-02-07,0.001687797380986955,3.160670876798503,0.0
2024-02-08,5.428244280215877e-05,3.1608424457345894,0.0
2024-02-09,0.0015437094640508853,3.1657218681324437,0.0
2024-02-12,-0.0009503108349712408,3.1627134483406523,0.0
2024-02-13,-0.013258678163150461,3.1207800486068358,0.0
2024-02-14,0.005240315920583216,3.1371339219801886,0.0
2024-02-15,0.006909736912306147,3.1588106920397427,0.0
2024-02-16,-0.004141005315799112,3.145730040172403,0.0
2024-02-20,-0.00011284022384887293,3.145375075290502,0.0
2024-02-21,-0.0010851225510225687,3.14196195786488,0.0
2024-02-22,0.007823186561780132,3.166542112431273,0.0
2024-02-23,0.002694017364731155,3.1750728318683152,0.0
2024-02-26,-0.0027856124988683423,3.1662283093030457,0.0
2024-02-27,-0.0004997859777408908,3.1646458727917297,0.0
2024-02-28,0.0018292346258372977,3.1704347526007535,0.0
2024-02-29,0.004187491195380977,3.183710920212799,0.0
2024-03-01,0.009147601511194897,3.212834239037745,0.0
2024-03-04,0.0020480870037654086,3.2194144030879706,0.0
2024-03-05,-0.001779048325716348,3.21368690928437,0.0
2024-03-06,0.004899756234910985,3.2294331917551875,0.0
2024-03-07,0.004630000717819771,3.244385469751165,0.0
2024-03-08,-0.00026531539049585995,3.2435246843533387,0.0
2024-03-11,-0.0013034438946758764,3.239296931906288,0.0
2024-03-12,5.224090836537798e-05,3.2394661557204762,0.0
2024-03-13,-0.0014989539027587817,3.234610345283504,0.0
2024-03-14,-0.0070071141539435056,3.211945061350576,0.0
2024-03-15,-0.003393511480622946,3.2010452889097523,0.0
2024-03-18,0.0017637888381461936,3.2066912568607315,0.0
2024-03-19,0.001969199516884859,3.213005871734541,0.0
2024-03-20,0.006305769975089054,3.2332663476903094,0.0
2024-03-21,0.001253392089427513,3.2373188981535166,0.0
2024-03-22,-0.0015527463106696504,3.2322921631779473,0.0
2024-03-25,-0.0019291289648898091,3.2260566547429743,0.0
2024-03-26,-0.0004736003765517388,3.224528793096511,0.0
2024-03-27,0.00795966184978393,3.250194951914451,0.0
2024-03-28,0.0013242134919538018,3.254498903921256,0.0
2024-04-01,-0.005249138551757085,3.2374155882580316,0.0
2024-04-02,-0.0024391687949639196,3.229518985178823,0.0
2024-04-03,0.0026837936520969774,3.2381863477305726,0.0
2024-04-04,-0.003717361152834067,3.2261488395958815,0.0
2024-04-05,0.0028689958307174385,3.2354046471659563,0.0
2024-04-08,0.0024979785415073785,3.24348661854767,0.0
2024-04-09,0.00487925151218907,3.259312405535984,0.0
2024-04-10,-0.015473399350362113,3.2088797630775363,0.0
2024-04-11,0.004720028752297711,3.2240257678219284,0.0
2024-04-12,-0.006757421299056279,3.202239667429742,0.0
2024-04-15,-0.006980811265777612,3.1798854366836284,0.0
2024-04-16,-0.0036050536810225686,3.168421778984882,0.0
2024-04-17,-0.0011438486265877151,3.1647975840845395,0.0
2024-04-18,-0.001798119528631431,3.1591068997444314,0.0
2024-04-19,-0.001735137305908116,3.153625415509333,0.0
2024-04-22,0.0009223140643340733,3.156534048583699,0.0
2024-04-23,0.005496050960782109,3.173882520574159,0.0
2024-04-24,-0.001190438041361347,3.170104210082856,0.0
2024-04-25,-0.0023210644252819046,3.162746193976396,0.0
2024-04-26,0.00465601225876916,3.1774719790269255,0.0
2024-04-29,0.004169454903949099,3.19072030515204,0.0
2024-04-30,-0.012100461437863433,3.1521111171405396,0.0
2024-05-01,0.00218530964105447,3.158999455954502,0.0
2024-05-02,0.0064612660301172214,3.17941059182842,0.0
2024-05-03,0.007719078263709947,3.203952711019212,0.0
2024-05-06,0.004873942888993621,3.2195685935517564,0.0
2024-05-07,0.0017299244811485176,3.2251382040804786,0.0
2024-05-08,-0.002967022165768607,3.215569147541305,0.0
2024-05-09,0.0069771811362847325,3.238004755939949,0.0
2024-05-10,-0.00026613935399801003,3.2371429954459607,0.0
2024-05-13,-3.914744165793571e-05,3.2370162695794082,0.0
2024-05-14,0.0049636710322572,3.2530837534676644,0.0
2024-05-15,0.010991252267874563,3.2888392176505516,0.0
2024-05-16,-0.0019008885687151894,3.2825875007773777,0.0
2024-05-17,0.0010393823417087361,3.2859993642607996,0.0
2024-05-20,0.0001279640557195344,3.286419854066542,0.0
2024-05-21,0.0011809094231945566,3.2903008182407825,0.0
2024-05-22,-0.004517081559374483,3.275438261089912,0.0
2024-05-23,-0.008432420958555828,3.247818386848642,0.0
2024-05-24,0.0036636911100264014,3.25971739019952,0.0
2024-05-28,-0.0018081850481904416,3.2538232179532347,0.0
2024-05-29,-0.007314815341705638,3.2300221019593525,0.0
2024-05-30,0.002578351462154238,3.23835023416873,0.0
2024-05-31,0.004633039722634347,3.253353639439436,0.0
2024-06-03,0.005416311328496334,3.2709748156123366,0.0
2024-06-04,0.002203791562936097,3.2781833623135594,0.0
2024-06-05,0.007001966879511795,3.3011370936414455,0.0
2024-06-06,0.0008536010476412059,3.303954947722985,0.0
2024-06-07,-0.010795088468841307,3.2682884617652497,0.0
2024-06-10,0.0010567825050855073,3.271742331833216,0.0
2024-06-11,0.002929420840859384,3.2813266420060105,0.0
2024-06-12,0.007007416337520445,3.3043202639259444,0.0
2024-06-13,0.0023268417799484076,3.3120088943703774,0.0
2024-06-14,0.0027816768530043723,3.321221832848792,0.0
2024-06-17,-3.930712351885024e-05,3.321091285171975,0.0
2024-06-18,0.003518742144776016,3.332777349043758,0.0
2024-06-20,-0.0017083273965355777,3.327083874191833,0.0
2024-06-21,-0.0020927558104720106,3.3201211000821904,0.0
2024-06-24,0.0006466699154502736,3.3222681225132655,0.0
2024-06-25,7.108434224259441e-06,3.32229173863769,0.0
2024-06-26,-0.004371633831565622,3.3077678956747305,0.0
2024-06-27,0.004339640990371818,3.322122420821436,0.0
2024-06-28,-0.0033273041831835687,3.311068708993589,0.0
2024-07-01,-0.0026095574679213945,3.3024282849172337,0.0
2024-07-02,0.004598538546180683,3.3176146286814228,0.0
2024-07-03,0.006407907465410728,3.338873596227906,0.0
2024-07-05,0.006708815291077447,3.3612734824652546,0.0
2024-07-08,-0.0006143659359383047,3.3592084305362553,0.0
2024-07-09,-0.000546155954538774,3.357373778849381,0.0
2024-07-10,0.004901431344889073,3.3738297159255417,0.0
2024-07-11,0.004832812038871023,3.3901348007937675,0.0
2024-07-12,0.004000759856570682,3.403697916013147,0.0
2024-07-15,9.796939786130276e-05,3.4040313742484805,0.0
2024-07-16,0.007636857147901299,3.4300274755805904,0.0
2024-07-17,-0.004736747156497828,3.4137803026889246,0.0
2024-07-18,-0.005498803964176416,3.3950085940276713,0.0
2024-07-19,-0.005793465796686714,3.3753397278587145,0.0
2024-07-22,0.004555359118562294,3.3907156124662614,0.0
2024-07-23,-0.0007218056951694141,3.388268174626483,0.0
2024-07-24,-0.011785227545406063,3.3483366632036526,0.0
2024-07-25,-0.0029025005035606677,3.3386181143526135,0.0
2024-07-26,0.008193621463941453,3.3659734873942773,0.0
2024-07-29,0.0012003665134697472,3.370013889253772,0.0
2024-07-30,0.00051589051254404,3.3717524474463794,0.0
2024-07-31,0.010347520432348017,3.40664172478915,0.0
2024-08-01,-0.0030060952431401333,3.396401035305179,0.0
2024-08-02,0.0012705376764118037,3.4007162907847377,0.0
2024-08-05,-0.011977564173409158,3.359983993176306,0.0
2024-08-06,5.383339579950741e-05,3.3601648725244906,0.0
2024-08-07,-0.004258096985377338,3.345856964610423,0.0
2024-08-08,0.009183534346892439,3.3765837569647124,0.0
2024-08-09,0.0038377783031947887,3.389542336846112,0.0
2024-08-12,0.002616001991793279,3.3984093863505693,0.0
2024-08-13,0.008823941060000465,3.4283967504734787,0.0
2024-08-14,0.0011398861902563173,3.432304732584063,0.0
2024-08-15,0.0034260779266180597,3.4440640760657955,0.0
2024-08-16,0.0048683176241654386,3.460830873906062,0.0
2024-08-19,0.005323098737547424,3.4792532183618166,0.0
2024-08-20,0.0016456160060036862,3.4849787331468924,0.0
2024-08-21,0.0024576767279773926,3.4935436842768435,0.0
2024-08-22,-0.006578521355776537,3.47056133254249,0.0
2024-08-23,0.00993781230089813,3.5050511196440524,0.0
2024-08-26,-0.002251139721998391,3.4971607598409866,0.0
2024-08-27,0.0011944955919423877,3.5013381029529302,0.0
2024-08-28,-0.0046003558797836075,3.4852307016239004,0.0
2024-08-29,-0.0008344440890702548,3.482322471465884,0.0
2024-08-30,0.0010508223478348788,3.485981773741268,0.0
2024-09-03,-0.004652610980563937,3.469762856662714,0.0
2024-09-04,0.0030828753550509597,3.4804597030613906,0.0
2024-09-05,0.0021445155100985186,3.4879236028768785,0.0
2024-09-06,-0.00664654630013034,3.4647409571590395,0.0
2024-09-09,0.005408784244376047,3.4834809934589654,0.0
2024-09-10,0.005096672940874292,3.5012351567783777,0.0
2024-09-11,0.0034821265905987803,3.5134269008177355,0.0
2024-09-12,0.004955354155139646,3.530837175409482,0.0
2024-09-13,0.004771440482345318,3.547684354844801,0.0
2024-09-16,0.0025124665404260837,3.5565977930823416,0.0
2024-09-17,-0.002489028097663021,3.5477453212432732,0.0
2024-09-18,-0.004096636035684498,3.533211499914837,0.0
2024-09-19,0.007779448587074522,3.5606979371256853,0.0
2024-09-20,0.0002775950872355021,3.561686369380161,0.0
2024-09-23,0.0010174238139319253,3.5653101139101255,0.0
2024-09-24,0.0037566330616862903,3.5787036757592046,0.0
2024-09-25,-0.0034226926563745153,3.5664548729688432,0.0
2024-09-26,0.0019051798846465434,3.573249611052323,0.0
2024-09-27,-0.00039447604820687376,3.5718400496664984,0.0
2024-09-30,-0.0005488878293926358,3.569879510134699,0.0
2024-10-01,-0.0018388598237783493,3.5633150021277826,0.0
2024-10-02,-0.001688737912117863,3.557297496990871,0.0
2024-10-03,-0.0039562803260685675,3.543223830889553,0.0
2024-10-04,-0.0016536869052331538,3.537364448038101,0.0
2024-10-07,-0.005999844156263576,3.5161408126259652,0.0
2024-10-08,0.003080489621691135,3.5269722479076644,0.0
2024-10-09,-0.0004003669623700301,3.5255601647424064,0.0
2024-10-10,-0.0011560809719113746,3.521484331720619,0.0
2024-10-11,0.0036116800014967115,3.5342028062570785,0.0
2024-10-14,0.0022442039673774283,3.542134278216397,0.0
2024-10-15,0.0012039685350564572,3.5463988964343143,0.0
2024-10-16,0.003200016239932754,3.557747430496184,0.0
2024-10-17,-0.0033071706295015185,3.5459813526868627,0.0
2024-10-18,0.004517445745537529,3.5620001310623133,0.0
2024-10-21,-0.006635980570090044,3.5383627674019253,0.0
2024-10-22,0.0011818154239493922,3.542544459095969,0.0
2024-10-23,-0.004730902929335076,3.5257850251371323,0.0
2024-10-24,0.004435565257755708,3.541423874700946,0.0
2024-10-25,-0.0016547800197139195,3.5355635972317527,0.0
2024-10-28,0.0007153017049962018,3.5380925919009747,0.0
2024-10-29,0.002166876895977346,3.5457592029941933,0.0
2024-10-30,0.00040318320869343893,3.547188793566911,0.0
2024-10-31,-0.009654735445378329,3.512941624190212,0.0
2024-11-01,-0.00339661707128118,3.5010095066990736,0.0
2024-11-04,0.004345980268806435,3.5162248249360912,0.0
2024-11-05,0.006724211193405161,3.5398686632624554,0.0
2024-11-06,-0.006638638530639396,3.5163687547611184,0.0
2024-11-07,0.010320560208076118,3.5526596502084278,0.0
2024-11-08,0.0027613287038387585,3.562469711275518,0.0
2024-11-11,-0.0053155809814888905,3.5435331150311318,0.0
2024-11-12,-0.006952784091511469,3.5188956943611993,0.0
2024-11-13,-0.0025925707475773774,3.5097727083202224,0.0
2024-11-14,-0.0031790330179108095,3.49861502499511,0.0
2024-11-15,-0.004925425574845557,3.4813828570744603,0.0
2024-11-18,0.006227467532811198,3.5030630557861766,0.0
2024-11-19,0.004126077384412202,3.517516965036826,0.0
2024-11-20,-0.0007148953298093813,3.515002308585996,0.0
2024-11-21,0.0022374982684786326,3.522867120165155,0.0
2024-11-22,0.002510303503540645,3.5317105858394133,0.0
2024-11-25,0.004711100421810374,3.5483488290700733,0.0
2024-11-26,0.0009136340296642953,3.551590721309431,0.0
2024-11-27,0.002484667157090767,3.560415242130097,0.0
2024-11-29,0.004488886466038497,3.576397541923972,0.0
2024-12-02,-0.0018439567484054703,3.5698028195415605,0.0
2024-12-03,-0.001271391814643863,3.5652642014569027,0.0
2024-12-04,0.004531543952864578,3.5814203528893795,0.0
2024-12-05,-0.000821796997081542,3.5784771523980883,0.0
2024-12-06,0.0018114291160562651,3.584959310103084,0.0
2024-12-09,-0.0019324567111432267,3.5780315314251,0.0
2024-12-10,-0.00201293045627296,3.5708292027819897,0.0
2024-12-11,0.0022247419663777857,3.5787733763641856,0.0
2024-12-12,-0.006195917270384724,3.5565995925947775,0.0
2024-12-13,-0.002771416647127614,3.546742773276693,0.0
2024-12-16,0.0030144944279189567,3.557434409603997,0.0
2024-12-17,-0.0023159370952949704,3.5491956152907163,0.0
2024-12-18,-0.021113553368207277,3.4742594842530683,0.0
2024-12-19,-0.004885354132509623,3.457286496324262,0.0
2024-12-20,0.008743397181757179,3.487514925332751,0.0
2024-12-23,-0.0004658430915552847,3.4858902905980886,0.0
2024-12-24,0.004963638121019978,3.503192988530195,0.0
2024-12-26,0.0018484753563586254,3.5096685544380612,0.0
2024-12-27,-0.006804167107784448,3.4857881831007287,0.0
2024-12-30,-0.002519216651016787,3.4770067274679435,0.0
2024-12-31,-0.001056546735297842,3.4733331073614284,0.0
2025-01-02,-0.00037001310628888284,3.4720479285891974,0.0
2025-01-03,0.0043971151659023405,3.487314923192737,0.0
2025-01-06,0.0009755871174859099,3.4907171027064203,0.0
2025-01-07,-0.007052708677738953,3.4660980919046307,0.0
2025-01-08,0.001419724321709434,3.471018995667138,0.0
2025-01-09,0.0,3.471018995667138,0.0
2025-01-10,-0.009004729333829564,3.4397634090985747,0.0
2025-01-13,-0.0005031775227841706,3.4380325974674206,0.0
2025-01-14,0.0028922870217009677,3.4479763745292606,0.0
2025-01-15,0.011263086592661758,3.4868112310050354,0.0
2025-01-16,0.003219338602479971,3.4980364570005706,0.0
2025-01-17,0.002801442137073812,3.5078360037282326,0.0
2025-01-21,0.009788497940570406,3.542172449226585,0.0
2025-01-22,-0.0004998416020085689,3.540401924074973,0.0
2025-01-23,0.0006430396339320438,3.5426785428322027,0.0
2025-01-24,0.002043244325646676,3.5499171006624346,0.0
2025-01-27,-0.0027238968923888746,3.540247492503702,0.0
2025-01-28,0.0017046352433428974,3.5462823231495806,0.0
2025-01-29,-0.003641615350260946,3.53336812700524,0.0
2025-01-30,0.00562090706410924,3.5532288608704223,0.0
2025-01-31,-0.002563709259224334,3.5441194151396656,0.0
2025-02-03,-0.0013964937098980834,3.5391700746692956,0.0
2025-02-04,0.005879744593538433,3.559979490781445,0.0
2025-02-05,0.006934020946217673,3.584664463138629,0.0
2025-02-06,0.0005221281972419833,3.5865361175324852,0.0
2025-02-07,-0.005249939412525592,3.567707020214605,0.0
2025-02-10,0.0040358301509787475,3.5821056797766455,0.0
2025-02-11,-0.000599758014962759,3.5799572831847555,0.0
2025-02-12,-0.003825546903742913,3.566261988684536,0.0
2025-02-13,0.010026139046854121,3.6020178272605974,0.0
2025-02-14,-0.00020702121162638476,3.601272133165698,0.0
2025-02-18,0.0005248093498241152,3.6031621144524437,0.0
2025-02-19,0.000673560644406615,3.6055890626481557,0.0
2025-02-20,0.0013085131985260817,3.610307023525092,0.0
2025-02-21,-0.004552985203083712,3.593869349068393,0.0
2025-02-24,1.5363119492614596e-05,3.5939245621126434,0.0
2025-02-25,0.0017524129691654095,3.600222602125492,0.0
2025-02-26,0.0009385864154882739,3.603601722152581,0.0
2025-02-27,-0.009116346213326229,3.5707500412384996,0.0
2025-02-28,0.0064268089194542966,3.5936985694526733,0.0
2025-03-03,-0.0006238501992273937,3.591456639884157,0.0
2025-03-04,-0.002611372039489135,3.582078010433726,0.0
2025-03-05,0.0051142529821980864,3.600397663581053,0.0
2025-03-06,-0.010489099608039357,3.562632733859199,0.0
2025-03-07,0.00275646917604927,3.572453021175666,0.0
2025-03-10,-0.00887855835069086,3.540734788572056,0.0
2025-03-11,-0.002090059621720597,3.5333344417592403,0.0
2025-03-12,0.0009091038635180848,3.536546609751345,0.0
2025-03-13,-0.0037547185837703,3.5232678724733417,0.0
2025-03-14,0.008056575040422079,3.5516533444754312,0.0
2025-03-17,0.006064521225744718,3.5731924215694892,0.0
2025-03-18,-0.002331576177452707,3.5648612512419033,0.0
2025-03-19,0.004983498462651878,3.5826267318070344,0.0
2025-03-20,-0.0014431628313902461,3.5774564180689454,0.0
2025-03-21,-0.0033691376850335936,3.5654034748342642,0.0
2025-03-24,0.00455734614099465,3.581652252601389,0.0
2025-03-25,0.00022096877069502363,3.582443685896704,0.0
2025-03-26,-0.005525271690942635,3.5626497112146227,0.0
2025-03-27,8.308738667281435e-05,3.562945722468758,0.0
2025-03-28,-0.002195582315367303,3.555122981849892,0.0
2025-03-31,0.005443221692551084,3.5744743043843843,0.0
2025-04-01,0.002681388852819336,3.58405885993885,0.0
2025-04-02,0.0034887403172410847,3.5965627105828837,0.0
2025-04-03,-0.015868754001179763,3.539489741678828,0.0
2025-04-04,-0.02414125409260924,3.454042020466775,0.0
2025-04-07,-0.012567271782375156,3.410634135647825,0.0
2025-04-08,-0.009924671171247915,3.376784713366087,0.0
2025-04-09,0.04371734060372577,3.524408760825766,0.0
2025-04-10,-0.01375305941239606,3.4759373577445603,0.0
2025-04-11,0.010320452532802962,3.511810604252159,0.0
2025-04-14,0.006577248055876658,3.5349086537215832,0.0
2025-04-15,0.0011915918507922063,3.539120822066653,0.0
2025-04-16,-0.00019242663400499682,3.5384398009595257,0.0
2025-04-17,0.0006023450355575194,3.5405711626072525,0.0
2025-04-21,-0.00680982107108101,3.516460506500468,0.0
2025-04-22,0.007438100830755981,3.54261629431519,0.0
2025-04-23,0.0029491306517260146,3.553063932616059,0.0
2025-04-24,0.012152300785767067,3.59624183423627,0.0
2025-04-25,0.0019711160884809814,3.6033304443738015,0.0
2025-04-28,0.0046287926913483185,3.620009513999232,0.0
2025-04-29,0.0024172781157034418,3.628760083776061,0.0
2025-04-30,-0.002524379750463629,3.619599715301286,0.0
2025-05-01,-0.0011244457482119247,3.6155296717911867,0.0
2025-05-02,0.00382600836065998,3.6293627185436743,0.0
2025-05-05,0.0011698926128656528,3.6336086831775085,0.0
2025-05-06,0.0016156350182620766,3.6394792686087114,0.0
2025-05-07,-0.000449889392796457,3.6378419054904616,0.0
2025-05-08,-0.00408929191131957,3.62296570801168,0.0
2025-05-09,0.0021954405080603506,3.630919713686363,0.0
2025-05-12,0.0037230762288978786,3.644437904561425,0.0
2025-05-13,0.002391680094338447,3.653154234152817,0.0
2025-05-14,-0.004957144800545668,3.635045019635395,0.0
2025-05-15,0.0073492251380254114,3.6617597838715534,0.0
2025-05-16,0.0015207816584306144,3.6673285209884443,0.0
2025-05-19,0.002484270982970646,3.6764391588181566,0.0
2025-05-20,7.972430777913875e-05,3.6767322603851853,0.0
2025-05-21,-0.009653626223880468,3.6412384614181437,0.0
2025-05-22,-0.0005085311463782355,3.639386778249122,0.0
2025-05-23,0.0023661811053456994,3.64799822647886,0.0
2025-05-27,0.008328956275473212,3.678382244200206,0.0
2025-05-28,-0.0031285756285679978,3.666874147158444,0.0
2025-05-29,0.005325866897822856,3.6864034307972777,0.0
2025-05-30,-0.0005844779676840856,3.6842488092119816,0.0
2025-06-02,0.0045288753832284645,3.7009343129497103,0.0
2025-06-03,-0.0005648666524408902,3.6988437785734507,0.0
2025-06-04,0.005107531163824841,3.7177357384426344,0.0
2025-06-05,-0.0025279172850819903,3.7083376100080585,0.0
2025-06-06,-0.0016095884411346517,3.7023687126551645,0.0
2025-06-09,0.0017725985545386236,3.7089315260835862,0.0
2025-06-10,0.0038693993639984103,3.7232828633717276,0.0
2025-06-11,0.0006474337057821855,3.725693442193636,0.0
2025-06-12,0.006158451106023977,3.74863794309342,0.0
2025-06-13,-0.004831370541669405,3.730526884163774,0.0
2025-06-16,-5.227517390760106e-05,3.7303318702221375,0.0
2025-06-17,-0.001449871723725668,3.72492336752339,0.0
2025-06-18,6.277142409764902e-05,3.725157186267824,0.0
2025-06-20,-0.00022628899595088237,3.7243142241883844,0.0
2025-06-23,0.006550899864981863,3.7487118337367704,0.0
2025-06-24,0.003716818178221601,3.762645114025318,0.0
2025-06-25,-0.0015588384850530046,3.7567797580159787,0.0
2025-06-26,0.0038248366120063326,3.771148826777683,0.0
2025-06-27,-0.002055076430435135,3.763398827708109,0.0
2025-06-30,0.0067187920628064,3.7886843218808894,0.0
2025-07-01,0.0009464203173867175,3.792270009699282,0.0
2025-07-02,0.0017246044993043663,3.798810175620587,0.0
2025-07-03,-0.0002073177168062379,3.798022614968397,0.0
2025-07-07,-0.005249040750411743,3.7780866394914425,0.0
2025-07-08,-0.0019329989540650544,3.7707836019689385,0.0
2025-07-09,0.004546189915463045,3.787926300353603,0.0
2025-07-10,0.0008310617968424472,3.791074301191082,0.0
2025-07-11,-0.0020368474151652716,3.783352461300001,0.0
2025-07-14,0.0006356534052329443,3.785757362175223,0.0
2025-07-15,-0.005263345049446935,3.7658316149046107,0.0
2025-07-16,0.0035973179829071333,3.7793785086935077,0.0
2025-07-17,0.000990790699551769,3.7831230817700074,0.0
2025-07-18,0.001319366673696254,3.788114408286586,0.0
2025-07-21,0.005824520729706045,3.8101783591841496,0.0
2025-07-22,0.0047153472154102954,3.828144673100345,0.0
2025-07-23,-0.0005429087179009418,3.8260663399839325,0.0
2025-07-24,-0.0015995128029223787,3.819946497888298,0.0
2025-07-25,0.0007141594570478776,3.822674548805182,0.0
2025-07-28,-0.005250934058823806,3.8026019368210617,0.0
2025-07-29,0.004369523436704478,3.8192174951044593,0.0
2025-07-30,-0.0066230184683318954,3.7939227470998063,0.0
2025-07-31,-0.0019436174305214327,3.7865488127184914,0.0
2025-08-01,0.002655279268633279,3.7966031572805705,0.0
2025-08-04,0.007193854155297635,3.8239153666795893,0.0
2025-08-05,-0.0005583356436234532,3.821780338432173,0.0
2025-08-06,0.0015321941863023492,3.827636048048043,0.0
2025-08-07,0.0012600394716522495,3.832459020551702,0.0
2025-08-08,0.00017581111838893548,3.8331328094582853,0.0
2025-08-11,-0.0034783642941406817,3.819799777159166,0.0
2025-08-12,0.0039020564871052876,3.8347048516590734,0.0
2025-08-13,0.004100050209581985,3.8504273340898036,0.0
2025-08-14,-0.003981511428192697,3.8350968136556998,0.0
2025-08-15,-0.0005303933969450642,3.833062703629092,0.0
2025-08-18,-0.002263581418082458,3.8243862541188123,0.0
2025-08-19,-0.00011810528322461766,3.8239345738971093,0.0
2025-08-20,0.0010310374725052834,3.827877193735206,0.0
2025-08-21,-0.003639552844980437,3.8139454324045117,0.0
2025-08-22,0.011559201312351913,3.8580315954520006,0.0
2025-08-25,-0.0039756564661416055,3.842693387192963,0.0
2025-08-26,0.002501124063944926,3.852304440094034,0.0
2025-08-27,0.0016725491491854233,3.858747608607716,0.0
2025-08-28,0.0034623847419979897,3.87210807745098,0.0
2025-08-29,-0.001296906513388249,3.8670863152647907,0.0
2025-09-02,-0.00312667613832876,3.8549951887579947,0.0
2025-09-03,0.005052585906129614,3.874472883116911,0.0
2025-09-04,0.004287234516570662,3.8910836569949274,0.0
2025-09-05,0.006239932122412209,3.9153637548972036,0.0
2025-09-08,0.004114179114649966,3.931472262683859,0.0
2025-09-09,-0.0016591962201640414,3.924949178765934,0.0
2025-09-10,0.0017202788644757605,3.931701185882306,0.0
2025-09-11,0.0055797843526101815,3.953639230638431,0.0
2025-09-12,-0.0008079712548249435,3.9504448037881272,0.0
2025-09-15,0.004009982498853967,3.966286018314006,0.0
2025-09-16,0.000584686772660381,3.9686050532855024,0.0
2025-09-17,-0.0026658562033528704,3.9580253228855433,0.0
2025-09-18,-0.00038952350200924246,3.9564835790007318,0.0
2025-09-19,0.0013549533416397364,3.9618444296472415,0.0
2025-09-22,0.0035230102642539174,3.9758020482382657,0.0
2025-09-23,0.0009968568267416933,3.979765353651826,0.0
2025-09-24,-0.005005128784657753,3.95984611552408,0.0
2025-09-25,-0.00244855981993998,3.950150195432462,0.0
2025-09-26,0.003755307275314576,3.9649842231999544,0.0
2025-09-29,0.004870911014264345,3.984297308524124,0.0
2025-09-30,0.0021013768061279303,3.9926698184769744,0.0
2025-10-01,0.002280652807002237,4.001775712105918,0.0
2025-10-02,-0.0001472954256782344,4.001186268848934,0.0
2025-10-03,0.0005633490771828203,4.003440333441127,0.0
2025-10-06,0.0009185735568966596,4.007117787868039,0.0
2025-10-07,-0.0006652939610173603,4.004451876602686,0.0
2025-10-08,0.0032826928560266283,4.0175972621703115,0.0
2025-10-09,-0.0047819696917366095,3.9983852338290093,0.0
2025-10-10,-0.005352128140660897,3.97698536370183,0.0
2025-10-13,0.00866658630926534,4.011452250607038,0.0
2025-10-14,0.0024622076016949934,4.021329278832319,0.0
2025-10-15,0.005824440117447413,4.0447512704094155,0.0
2025-10-16,0.0027377656070267653,4.055824851326521,0.0
2025-10-17,-0.0002635456855904078,4.054755956185443,0.0
2025-10-20,0.00925612931988247,4.09228730167646,0.0
2025-10-21,-0.00820357371146671,4.058715921148657,0.0
2025-10-22,-0.0012332854412852312,4.053710365892792,0.0
2025-10-23,0.0013301930546556207,4.059102583267088,0.0
2025-10-24,0.002988614037113632,4.071233674225525,0.0
2025-10-27,0.0014907808108811094,4.0773029912636725,0.0
2025-10-28,-0.0017144356950547779,4.070312717475896,0.0
2025-10-29,-0.006094119733208364,4.045507744423997,0.0
2025-10-30,-0.0017623630791828715,4.038378090938676,0.0
2025-10-31,-7.355960715893506e-05,4.038081029432747,0.0
2025-11-03,4.9020769200019965e-05,4.038278979270902,0.0
2025-11-04,-0.005960191888315952,4.014210061655894,0.0
2025-11-05,0.001042780769055729,4.018396002711138,0.0
2025-11-06,-0.001976860402746028,4.010452194770825,0.0
2025-11-07,0.002530705767141872,4.020601469268978,0.0
