,AAPL,AMZN,BTC-USD,GLD,GOOGL,JNJ,JPM,META,MSFT,NVDA,QQQ,SPY
2022-09-30,0.08802235868400751,0.0847356684721432,0.11015500407162378,0.05685893193210203,0.09027311617033566,0.04210114906845895,0.08677503373861872,0.09726990414528049,0.07858706644495485,0.10630732328692831,0.08116079246600463,0.07775365151954186
2022-10-03,0.053105208342859984,0.08640918114560746,0.1296983829707323,0.02221453920540971,0.10122903571292373,0.05781142188363494,0.07341134621821795,0.1185069251317764,0.0694600666489651,0.1345931029221269,0.08549685706193949,0.06806393275580608
2022-10-04,0.07556877486768676,0.07184221962247389,0.11063700547730397,0.05311156378425264,0.11915841654513386,0.04432088645357204,0.04571919972154198,0.11252473932856838,0.0953926508321815,0.10734572026567978,0.09071190048162425,0.07366692261998094
2022-10-05,0.08591088914866479,0.09932977227901842,0.11121414656422174,0.022902405104943856,0.10550761191897179,0.050639972972943155,0.056429118790651406,0.09567650633021037,0.09806636017279238,0.10727777913750854,0.09145352943285016,0.07559190814722339
2022-10-06,0.1024838715341274,0.10586059011935912,0.10565125852686719,0.0,0.11230219750210611,0.0437839215988539,0.06214981457887533,0.12190789285740912,0.078414646936479,0.10344528830070719,0.09284768500382337,0.07115283304139226
2022-10-07,0.1169000384964881,0.07815227720069493,0.17614325244346538,0.0,0.11249425964423669,0.08963650966604794,0.10693193710196253,0.13930609214835032,0.0,-0.02230688797261089,0.07751908465410208,0.08060966067204119
2022-10-10,0.09902635599023339,0.08516818561284316,0.12543485248078018,0.0,0.0962799929778171,0.07123763207695945,0.08626816006997787,0.12412569937756461,0.06835776312559684,0.0785414640429407,0.08878186386497874,0.07677803038030799
2022-10-11,0.09770129269779777,0.09575031897276735,0.1224758306057625,0.01057824952344302,0.09868402302352705,0.05941910265597033,0.07234003426949404,0.09284410085524943,0.08060225575376824,0.09940111235517723,0.09047273573296442,0.0797309435540786
2022-10-12,0.08787716781773311,0.09783666787448544,0.12331848116909155,0.021628770874710965,0.09840500387808791,0.0623574337423055,0.046932009345354436,0.09588861801335911,0.08632043368438513,0.11195540819722861,0.08987138407749397,0.07760862132576424
2022-10-13,0.07503035163622952,0.09609575934547489,0.12748351268767547,0.03183599299252808,0.10298575925746306,0.0496287151454745,0.012665772061248134,0.10443816456864362,0.09782362778681673,0.13396264817147796,0.09632825510417684,0.0717214412427912
2022-10-14,0.06560485429315022,0.07042105294474472,0.1571770798531273,0.049457437926219205,0.08244934462052922,0.07203495020177872,0.12685732824562682,0.11502785883059827,0.08756366758971593,0.03179113111824102,0.07372893000536819,0.06788636437090043
2022-10-17,0.06799468761253774,0.037180427374374006,0.17767242416198256,0.054583162151434196,0.09392989352732076,0.051382058399412386,0.07071801297476878,0.1137256242141394,0.09709128984705559,0.08178593688159135,0.08514887850157071,0.06878760435381252
2022-10-18,0.08313451622904025,0.10085024251876147,0.09966499241304883,0.04704379337643716,0.1019679207035399,0.03581413167395615,0.07429759072653767,0.08900186334881197,0.09034464290848544,0.10460170042518808,0.09262860279545711,0.08065000288073577
2022-10-19,0.09746091256746317,0.10088858344322012,0.10747182948172317,0.05011736821160953,0.08565258569590394,0.02979624495174953,0.04877712860738449,0.1033777583807859,0.08472991337228626,0.11853928238886273,0.09729029936068165,0.07589809353832952
2022-10-20,0.09379711101710989,0.10346786955411097,0.12943860163078347,0.06240344707505858,0.09893915587837014,0.02735852807469286,0.0,0.09980274177020858,0.09208267942688404,0.13159926991712337,0.09435324457117468,0.06675735108448343
2022-10-21,0.08204307905545964,0.10078260823958614,0.14331309767407646,0.06188456460048617,0.105245547385094,0.009832674481005773,-0.04467293683141956,0.09379176792160888,0.08829697138753097,0.12449696880615138,0.09070780909633537,0.05493197452124564
2022-10-24,0.089402561131571,0.09943889754968183,0.1246116643032535,0.0522834552919912,0.08987733265113522,0.042077704148297715,0.07282827185125515,0.07990870839507576,0.0893016303001038,0.09675751937747168,0.08893989310602418,0.07457236189413899
2022-10-25,0.09013335801551077,0.08697323780466364,0.17298373512756726,0.05647812113822958,0.10691616643471144,0.03823826906999882,0.019865720237047302,0.07464655921252535,0.09682349793878865,0.08622005496028441,0.0928578255786996,0.07786345448197321
2022-10-26,0.07185858314588904,0.0360531906957065,0.25,0.07914101680717972,-0.1260771770790726,0.018738818113631872,0.02914717302243399,0.01347030888206268,-0.0931492264287043,0.12509252523129527,0.05924003790870176,0.07493010382686334
2022-10-27,0.04877438894955269,0.0842005863729153,0.18678671910554853,0.10157134945127143,0.08445990951654651,0.038384820198963096,0.07997306485058207,-0.09416781445653759,0.05049363675483614,0.095321978172053,0.06842522044601862,0.06744051172517503
2022-10-28,-0.1410952228390594,0.13137890248118894,0.18910383885298193,0.07884265384424133,-0.029512509909295444,0.0,0.06200511871069815,-0.07572589324922474,-0.030645340306494257,0.17903758295034555,0.04010759416347952,0.04254534269299071
2022-10-31,0.09478130541202874,0.09224639197641372,0.13092245445195208,0.047927890073480334,0.08155969952922955,0.017518536523566164,0.05673424635509498,0.13301333467451107,0.08022737753992976,0.11706892232220382,0.08091600307046883,0.06708383807112092
2022-11-01,0.048510975494875166,0.12912685735690096,0.1454316400625157,0.04923469443875403,0.10268759609650879,0.0,0.03506360432695201,0.1772879969868377,0.10667971271463668,0.06921437493283279,0.0816792292256779,0.055083318363508244
2022-11-02,0.03833578156498559,0.14342453685311807,0.10962834683466718,0.058566146486761526,0.12139908573973024,0.0,0.06760659990998724,0.19960790244006826,0.09189371669081811,0.09268976489103373,0.047278548724605594,0.02956956986422442
2022-11-03,0.06220467644339403,0.134898921315478,0.10618790182936125,0.05340678774786691,0.12022409330858483,0.0,0.03956850538742507,0.19153768482520384,0.10065764499360307,0.07161973624797267,0.07255737443715984,0.04713667346395048
2022-11-04,0.07433521549126483,0.13281757252432985,0.12009565275740837,0.014322193491940156,0.08883193355344424,0.015704918079752616,0.026606202642093138,0.1890871812200083,0.08410450432899653,0.10779660940325854,0.08543758746023328,0.06086042904727014
2022-11-07,0.07192880404457509,0.10778765695494372,0.07186078113560829,0.042173613220583744,0.09817933176843106,0.018205764562031396,0.0608580756102265,0.1404622668125928,0.09924496778616448,0.12143942616882036,0.09391298770127005,0.0739463242347525
2022-11-08,0.10336781522090585,0.12921699882514404,0.0,0.019821570286096452,0.11852355690664797,0.033725659073041946,0.0632928092048154,0.11065330911647364,0.11390911649453712,0.09262897210225073,0.12055821853404784,0.09430197423603902
2022-11-09,0.10041415211629404,0.1419454551986129,0.18863009539444528,0.0474490447006819,0.12324164399172256,0.037982786981974305,0.06467013836300334,0.038967244232208695,0.09790136933326753,0.011546655901326152,0.08497243428408684,0.06227897950237646
2022-11-10,0.0,0.04726473614573479,-0.03400363028049469,-0.0810299664735794,0.03509983792901039,0.028571205213665962,-0.03945838287472725,-0.16553840041160583,-0.04260488972067833,-0.1790822595357895,0.0,-0.036606792360544205
2022-11-11,0.10257629456579756,0.07726402011170364,0.10619184280868338,0.04798473043316326,0.0895275428511525,0.014979403645647382,0.0782210937104976,0.010259088864419974,0.11514059563135244,0.12890396350077982,0.12530263344133913,0.10364879043546334
2022-11-14,0.11027774806434003,0.07678634126479818,0.18955527316950438,0.012030483075613978,0.1007675608307138,-0.018123133835313762,0.08370624933920005,-0.02988351041098762,0.07662508276830356,0.10862517444671373,0.10663759531975196,0.08698184747475897
2022-11-15,0.12363100856503821,0.07632416308296588,0.21602689179954537,-0.01941431642755249,0.055351502935307016,0.030668941751901498,0.08712722860392501,-0.06360808462431093,0.05931577874250949,0.09443747197464575,0.09244513334765361,0.08164947814464477
2022-11-16,0.11015971801432194,0.07682604550883537,0.18692604399185384,-0.016903633836718314,0.11475174174841546,0.03707476050511878,0.06085905511704854,0.05230932152979095,0.0799194036848449,0.10709079014604798,0.08357197349734703,0.07360751241965688
2022-11-17,0.10611751945911514,0.08882122683073368,0.20283034993603088,-0.026789736624889388,0.0934820381075349,0.047039634495160056,0.07917651353224962,-0.0405286388316801,0.10471737935774926,0.06829470153749656,0.07088302634433737,0.07131923494302306
2022-11-18,0.13626616078959672,0.10467259001367281,0.17700344405970986,-0.018856081255227124,0.07726954187183299,0.051736973515242306,0.06646169267659666,0.0,0.10771486192127891,0.10433975239562192,0.08570537317393831,0.06997352832728239
2022-11-21,0.09457880356911155,0.12549697923006092,0.1536215151902976,0.0,0.06807084084197403,0.0466975192485238,0.07817200072374762,0.08399801055643191,0.10195671270438347,0.088796877732452,0.08383495990475022,0.0747757802982669
2022-11-22,0.09173533273910789,0.19085826662046793,0.14185346247080022,0.0,0.05788106974133578,0.05057160661322377,0.07978379160230233,0.025904784132276062,0.1553047629672749,0.019361416446835106,0.09976976714912338,0.08697573951725264
2022-11-23,0.09353337467601493,0.1388156181155289,0.07103023101037538,0.013422921481531755,0.10949035058667289,0.02540324285315356,0.059724047276175314,0.10008743812758161,0.12342300300043939,0.09600576382825542,0.09511400388980472,0.07395000515446615
2022-11-25,0.07682905720900157,0.12407001110529998,0.08216063830989899,0.028459429119248803,0.09050141320856159,0.01612196524959868,0.06753974497050154,0.1485785621667701,0.10258783445869744,0.11306341080706678,0.08297196071712189,0.06711597267823266
2022-11-28,0.09550227351539077,0.1478066316804079,0.10397577813770495,0.04119773385199221,0.0894605069889958,0.016228037503478458,0.08003545043009291,0.0782649013126506,0.08424059717424741,0.11264181014500588,0.0844423921951777,0.0662038870648554
2022-11-29,0.11028714582804403,0.1358209980223361,0.07986167159033823,0.033534905419001705,0.10229853967349094,0.02089202686805207,0.03737769861681246,0.12196042687454435,0.09198669350128946,0.11070014546798608,0.09109672573427186,0.06418302240383271
2022-11-30,0.06041076390552198,0.1767509957400263,0.06836054365291411,0.041665614017673595,0.07794350726853132,-0.026616693326749093,0.07945566737406722,0.25,0.02907297396599559,-0.11990678024628137,0.04332931101181557,0.02447838092570425
2022-12-01,0.0913036538318368,0.10416336643254877,0.0837439105145934,0.01888368515755942,0.1243507737885113,0.010132372411595283,0.053001736678221736,0.1787189613676413,0.11253445274622857,0.06702017021155698,0.09188230052509808,0.06426461633460838
2022-12-02,0.11634086172849582,0.0838280963456594,0.0694288547746927,0.03892437195344809,0.10032893161456304,0.018744189241233562,0.06138691593885333,0.13294206865617123,0.10363667640626932,0.11283288173417898,0.09170490162018968,0.06990124998624488
2022-12-05,0.117387794139586,0.06881236418565168,0.10465470810495309,0.027717778825301697,0.09508209898514125,0.019221993759101053,0.0809879587464001,0.14478378586806204,0.08922344108831382,0.11275273733214954,0.07763121339771838,0.06174412556762139
2022-12-06,0.1259744187016525,0.10716049861043855,0.10243373777636931,0.0,0.09941904311680264,0.03372399372434102,0.07205383396861317,-0.0268873747569433,0.10530781037191346,0.1481636197780673,0.09733906344459316,0.0815366057502656
2022-12-07,0.13192044652671375,0.14703127151373427,0.13874769329796255,0.0,0.11160869076245288,0.0,0.05833937355246885,0.07112190413594174,0.10265997137123034,0.07802895024506883,0.0923376140425628,0.068204084551864
2022-12-08,0.10059602739353994,0.17217657430463987,0.09744757912893046,0.01931827296609949,0.10711209979798716,0.01710539471091434,0.03428845619401075,0.1551586937003317,0.0850400797940805,-0.1018741701215508,0.0639948946375942,0.0458877572503208
2022-12-09,0.09722101162596529,0.13532138004378388,0.12883315021141856,0.018027745988727147,0.0896041383407465,0.024913889409490828,0.04756459823153076,0.17381536074997375,0.08974254129381007,0.06588327252987176,0.07318186660755671,0.055891044967124534
2022-12-12,0.11151246919256587,0.1690691981562785,0.10679622881261654,0.026794501266813445,0.10278683372840111,0.0,0.03443130065836235,0.16967694517609924,0.08957583515824687,0.06579240295506408,0.07788200390949372,0.04568228098605828
2022-12-13,0.10043613741781343,0.1562951529920277,0.09240244919656201,-0.013438703792838836,0.09556502053517295,0.013517279755218428,0.04272455572254138,0.16301963509300987,0.1118131091961731,0.08476048136969482,0.07505169345800615,0.05097578147094132
2022-12-14,0.07582272750956248,0.11056350493975366,0.11486718670733304,0.01918235505195597,0.09304585184452288,0.02008884701879165,0.04507968648684211,0.18948422090826839,0.10644938054853548,0.10547269949317072,0.06878821736417663,0.05115532212708702
2022-12-15,0.08559873469752781,0.0908494370249013,0.08947255528616044,0.03549708442821114,0.09059806499304844,0.03174807716387304,0.07975792703859999,0.11450061445204651,0.09303057663486418,0.13750040010838968,0.0793673940793961,0.07207913409298139
2022-12-16,0.10546560326312968,0.12519597843942618,0.04282168844331903,0.0,0.11337007102927471,0.031110166866936788,0.06722938793619317,0.145139829405062,0.09470773286834538,0.11412174574971058,0.08685507535483179,0.07398272064377069
2022-12-19,0.11296282020511579,0.09775265651580084,0.0910659898890294,0.0298589448734365,0.11988942008602212,0.02284426631955805,0.0442443638227048,0.10961160424401174,0.09926404266888778,0.10508904666252507,0.09298906673662943,0.07442777797627848
2022-12-20,0.10746474635677507,0.13337496958720194,0.13173342359777143,0.0,0.11207068998121363,0.02127720506146994,0.0412472337135488,0.13342943400454782,0.08343719269558536,0.0875013414987561,0.0847529399563668,0.06371082354676309
2022-12-21,0.10078660674695426,0.16816703489827586,0.1471559588806228,0.030925343996747973,0.11131982397803952,0.0,0.0382240390246478,0.16651721010699574,0.08022015318391816,0.033865714246329844,0.0734698708121507,0.04934824412531734
2022-12-22,0.0922595870962637,0.08853856314322728,0.15798599965683222,0.031520610890019125,0.10417207177795589,0.028639373172746497,0.05847717173577497,0.13886712730465406,0.08088502546512122,0.08253609577206855,0.07366774074773638,0.062450633237600126
2022-12-23,0.09779390810986303,0.13062951875393217,0.14180890122968065,0.015441814303212282,0.10047902995822024,0.022246418158067723,0.04793275843172583,0.13869683399008212,0.08196735643139678,0.0920402959997572,0.07443088324122633,0.056532281392835636
2022-12-27,0.09758441487266532,0.10058403341015798,0.13451033817744967,0.008933316251115273,0.0911009220798763,0.02421745103401144,0.05297173309988923,0.13333300164084122,0.08617232402259403,0.1279681059382528,0.07917208693824478,0.06345227253490195
2022-12-28,0.09073602657502101,0.11592946061958183,0.1228631828651575,0.023370984515773487,0.09578938922681617,0.026099704744134356,0.05730646304786591,0.12638450589259026,0.08692508432503199,0.10933447173587171,0.0822597922713705,0.06300093418078528
2022-12-29,0.08385486273688154,0.16468903413655797,0.1603328552501764,0.011192818078100512,0.10118440389730914,0.01618244259035615,0.06721224459572989,0.1565916681925126,0.08073057316115256,0.04329981929354634,0.06939519922933074,0.045334078838346135
2022-12-30,0.10112200298882035,0.1425428683647395,0.13630020306909435,0.01162913336558031,0.10760433742163547,0.02326961568857681,0.059858162431406646,0.15570868887965533,0.08501182919226583,0.03766285085292273,0.08030765032698339,0.058982657418319276
2023-01-03,0.06846240227248387,0.1547753245669422,0.14595760240776437,0.0,0.11493822655922928,0.0,0.062299346915016804,0.16481799815740159,0.08794267358307184,0.06171494998012384,0.07967031140445198,0.059421164153514214
2023-01-04,0.08314883047502399,0.13122870462796182,0.16569011073466722,0.01020651678940946,0.10306777561870327,0.00928984465182938,0.07120856828688507,0.19423181531750985,0.060359037247668376,0.030473873832540875,0.08292306341071698,0.058171859007083715
2023-01-05,0.0986180366077626,0.09100381334101516,0.1555955924239309,0.016244918289438987,0.08718059995493584,0.024270695613867004,0.07152779056209119,0.17929957635018123,0.08696920935208466,0.053524527169827855,0.07625875646241641,0.05950648387244819
2023-01-06,0.10986233979381028,0.11915663464580144,0.18467438825890153,-0.048703812331589755,0.1087921782326625,0.0,0.05982608065051814,0.18361311043127612,0.08080715715840114,0.0,0.06576919270811378,0.03879510578892532
2023-01-09,0.11272382080572564,0.14019669303650184,0.15936542862143524,0.0,0.10769626914934749,0.009260698030024054,0.06420664680386821,0.15087088767143203,0.07308469298940821,-0.034185523811623625,0.08700868926384069,0.06140064981679298
2023-01-10,0.10636576152238918,0.13693510286203164,0.16784034452923638,0.0,0.11294823764057149,0.012317497667864727,0.044743368776996945,0.1345523442688442,0.08466057153318089,0.054199258528693395,0.08812141472863314,0.057316097941558036
2023-01-11,0.09904647288108154,0.10848153391399884,0.16334995849432563,0.0,0.10623805248156286,0.020087843003882312,0.047881163631166936,0.14454987834682084,0.08644094502079878,0.08440801846713582,0.08317785990566096,0.056338273853565476
2023-01-12,0.09607541889088693,0.12643619388692567,0.14903015505036615,-0.016037347302834414,0.10741061664990659,0.028584253606634354,0.04387109792017193,0.12180600885241152,0.10287176545431848,0.06599840457386072,0.08346604915966721,0.05841268865201581
2023-01-13,0.0955301926469343,0.06598429256938158,0.16651124150361432,0.0,0.10106921510912795,0.03887800564541642,0.013584180345260908,0.16382120621319624,0.1102181811418955,0.11059987214470916,0.07893378023542819,0.054869832445035426
2023-01-17,0.10814427330958798,0.09206052364865534,0.133609674350524,0.014482520324270337,0.09918529556668187,0.04717358184579327,0.04342335595780163,0.142249384082954,0.10332726932259391,0.08596792824567501,0.07833409138698048,0.05204210195848216
2023-01-18,0.10965172301028303,0.04877612294324494,0.1562731375442484,0.0,0.10016419839727522,0.06330266331558833,0.022233124540996477,0.14735835714377288,0.08984226101034246,0.15886006115773485,0.06350908006330584,0.04002927087320757
2023-01-19,0.10977070858323607,0.07907261151824127,0.06521885807136635,-0.0540336059924557,0.12627248600709778,0.07356717540396253,0.0471681923212563,0.1631742796911196,0.08868177501395248,0.08536135856769606,0.0609691421554642,0.046709806674151665
2023-01-20,0.14639323987757583,0.04892540411259795,0.07601051458122945,0.0,0.15571588589222396,0.09674632241032805,0.04861668976687334,0.25,0.05972223208040207,-0.01998304356454171,0.050876725808579625,0.03876834551648019
2023-01-23,0.10775630652980388,0.10989419233707619,0.11605199010967339,0.0,0.1425078477228693,0.05528548558373595,0.02111296598931983,0.15924427035760397,0.09500468161680636,0.043282955846599816,0.08826118312607814,0.06159812078043315
2023-01-24,0.11934211275692015,0.07538874065857391,0.06680276351430632,0.0,0.07058981075957017,0.05991551876803601,0.04913942769211526,0.17040093351279773,0.09690385706291066,0.12821273646231468,0.09558914418877207,0.06771495462368304
2023-01-25,0.1163257429013341,0.09997415294212493,0.06050537824953317,0.0,0.040947981814819644,0.08262553731427737,0.0826850887716244,0.15882216510538197,0.10512470484734214,0.09025502540052871,0.08570985352105316,0.07702436913198041
2023-01-26,0.10331176913499218,0.14383477437302075,0.13208124418194583,0.018254550246337296,0.01803544399962119,0.08728697822475594,0.08484738128578836,0.08256517827757844,0.07700289545917723,0.10027424243177646,0.07733397815831605,0.07517156422669005
2023-01-27,0.1039370781796472,0.13233913785254892,0.07576436090577467,0.0,0.08824065288165323,0.06382863138117767,0.06110096191616553,0.10783915846822205,0.10863236738689656,0.09428553041619701,0.09652393981114929,0.06750818080056788
2023-01-30,0.08045481050491346,0.14483774871180768,0.11906251005048989,0.01669394799528369,0.08918747474906118,0.058301930081175436,0.06707592978795142,0.12741885587462518,0.08120034942919524,0.09144530241408814,0.0642692702877247,0.060051870113683986
2023-01-31,0.10689934343099594,0.14251746237277985,0.16606386005878448,0.0,0.0840926244854927,0.08393651247024536,0.07758201658725739,0.10314006358385086,0.08246729522943497,0.03624599799513817,0.059075117111206055,0.057524796575307846
2023-02-01,0.12572527588683516,0.1455230061821952,0.12224905098467712,0.0,0.11827974552916357,0.07442701952964006,0.05369658515156751,0.06781997289798455,0.11475583505382586,0.02112948710227982,0.08228693042972854,0.0741070912521026
2023-02-02,0.11123024723572646,0.058804417968531184,0.1326761215918843,0.022097733209499225,0.029405236339873145,0.08846001285030179,0.047706857924962244,-0.07629671261000966,0.09999885705926145,0.15625251678673144,0.09744079509976004,0.07963049132345906
2023-02-03,0.16117258354478367,0.0,0.09209755592825526,0.04362462060725742,0.09388618837749838,0.07391687540732551,0.014648806894018453,0.20580593982599196,0.08160021242462348,0.11027029579458239,0.07404575626914722,0.04893116492651623
2023-02-06,0.14041591828028133,0.023800233747016827,0.14131956445411945,0.043258252046810906,0.05611141921178463,0.11927681563257542,0.06248807202462034,0.1085227143521136,0.06160418916094475,0.12445221952838785,0.06028724310981433,0.05846335845153039
2023-02-07,0.1106896698474884,0.062283530831336975,0.049657244235277176,0.05892675742506981,-0.053920648992061615,0.16959644854068756,0.08116602897644043,0.14309905469417572,0.0,0.116661936044693,0.041351448744535446,0.04962076246738434
2023-02-08,0.09147164013313443,0.07532954234281482,0.05368425334137716,0.037202907411971325,0.0,0.11240803271363377,0.052924497117573875,0.13938177977523816,0.13664291078762858,0.1857675907358799,0.0640187524732055,0.05116809316754248
2023-02-09,0.06697091665599905,0.09878807740066704,0.1343011188262335,0.05662742916476875,0.12070892890486633,0.10301431735438675,0.04190279299419818,0.07052930318696761,0.0744346724221757,0.13562558472611128,0.050852620539768974,0.046244237823856844
2023-02-10,0.08177976070740033,0.10709385717473952,0.1383426529641832,0.05572137751128946,0.10889885317190978,0.12141464496917266,0.0,0.08070564437346352,0.06732374598983784,0.13334379727442988,0.06232975790528414,0.04304590795828971
2023-02-13,0.11594908684492111,0.06480517238378525,0.07131890952587128,0.08720473945140839,0.11662213504314423,0.18478728830814362,0.0,-0.04169042408466339,0.02545817196369171,0.0484512560069561,0.033525753766298294,0.04784227907657623
2023-02-14,0.13406234219588078,0.08563952771240264,-0.024391262399800794,0.06400101007637424,0.10749330691759583,0.1444021038565008,0.05237432845254708,0.056619166490798005,0.15269668868861033,-0.030422427860822616,0.07345418133510147,0.07444365401356542
2023-02-15,0.08158659126957249,0.06294467193719343,-0.25,0.0519326380784616,0.05057011420640115,0.074638734626304,0.048804574984925575,0.06053915938187128,0.07946546045565366,0.11677807002774525,0.06377362700472161,0.05021551215505278
2023-02-16,0.10109384140965376,0.10516579186740196,0.017357202368251057,0.05930493759964434,0.10404825328199034,0.10827579029526642,0.05440984804653302,0.10523075703053127,0.07656271816528422,0.13545074725822698,0.0743690792492205,0.05873103342799613
2023-02-17,0.08997694104136097,0.11971830250670963,-0.05598329906654872,0.050796967893699654,0.12932174725384546,0.09602407272597419,0.03385603250478512,0.06484920154642455,0.0887874552481983,0.139988229264875,0.07525402964754889,0.055443721300029516
2023-02-21,0.08103866372076303,0.11856868998448727,0.06553631203207708,0.05408350784714606,0.12836400373806056,0.07861048887543412,0.04585664559579411,0.051114217912201165,0.09329519806856827,0.1426734373714311,0.08028590472535072,0.060572930128686545
2023-02-22,0.07383090243472754,0.08080092576511028,0.08891260034065267,0.06340695788377165,0.12609496659639755,0.10392761846881733,0.058080100264799026,0.0670773862544948,0.09858552811924123,0.10385704494520089,0.07129562250557527,0.0641303464212118
2023-02-23,0.06717403087661099,0.07287340413418389,0.07617145474890356,0.059451174344088815,0.11948242730614701,0.1156234132869922,0.03776162197226265,0.0481899671957145,0.0740232111340345,-0.22192866658010282,0.04938277494221708,0.05793785347874198
2023-02-24,0.08745018341041606,0.1050531735278459,0.09931814345173559,0.0689227769190779,0.13138942081069027,0.10684001037462502,0.04643575326786106,0.06813324871604474,0.09709542227004933,0.03616827997966205,0.07781556974298383,0.0753780175290082
2023-02-27,0.07932159226099358,0.09897864710265382,0.014662544639394428,0.06514886837449248,0.11378179518057707,0.1260560774673455,0.0630571807692459,0.08037018666090616,0.11084473969275148,0.09918041757714897,0.07113766787349937,0.07746028240099101
2023-02-28,0.0831475972678035,0.07798490701765902,0.05191633319062716,0.06952594628107986,0.10400606919228071,0.12034298013966621,0.06777511100346363,-0.027468086099936357,0.10834111860243156,0.13298284634000823,0.07409936848033703,0.08240963638470673
2023-03-01,0.09362256786764621,0.10086167352652288,-0.01681457449059494,0.06950945714616666,0.09738302586322062,0.1315633007674492,0.06214235966821248,0.021539653168935684,0.11260767430701928,0.13301139183638114,0.08057952919775951,0.08036479216009136
2023-03-02,0.09338908369831368,0.11287911265398277,0.0479179817595472,0.0906239676543285,0.08802029492339106,0.18101731955630487,0.06247596357561185,0.033944909435246653,0.0855160498949528,0.057375872253862606,0.06878399858411512,0.07805544601034288
2023-03-03,-0.017602110731083014,0.035720765341282934,0.13701565848110034,0.0699712030124239,0.11392767977437071,0.2094461130393976,-0.02573811897820148,-0.14538905588229328,0.08855486341386073,0.06486510736696148,0.02982470323700575,0.06194462074201876
2023-03-06,0.045149230023980795,0.09713431066292527,0.07004376843123765,0.061033487786173346,0.10188220785932695,0.16755558041063695,0.02855924800630588,0.10698010432028712,0.08612831691180665,0.1119357647932031,0.06095387191971217,0.06264410887440414
2023-03-07,0.07598056452273443,0.10319169648259817,0.06741097012906773,0.03380332115548945,0.1064397599761122,0.11531823331093609,0.03542846102019299,0.14146319495041734,0.08968347062147647,0.11624585314226347,0.06513482437543669,0.049899650313275
2023-03-08,0.061207387649881456,0.12036250878839376,0.11036733193657769,0.038258275808114015,0.10771664758535937,0.12592075418073498,0.04858823638021573,0.15401836688253867,0.10122736573641254,0.03585344079746938,0.0532381028884772,0.043241581365825205
2023-03-09,0.060231779634562464,0.09295183151258787,0.14332122739181824,0.0356148219926079,0.09799486724124554,0.09496322736170118,0.07338276518860984,0.12589745547449385,0.07768359412985945,0.09588849193263874,0.05511861679889103,0.04695132134098367
2023-03-10,0.06299014827634637,0.09945375289787205,0.13622818583887403,0.04442697265230768,0.09264452564748817,0.12078447787767957,0.0,0.12069823974221282,0.08258974235685872,0.11269531579760361,0.06508522033995236,0.06240341857280461
2023-03-13,0.018705397786264576,0.08034861677032726,-0.19160375286883646,0.0827145758595228,0.08885101777865531,0.148494877625184,0.07117630392201511,0.09444867025647528,0.03836842212535675,0.08464353523326507,0.04096635800320314,0.05967847177089424
2023-03-14,0.039202493904524065,0.14943381491653612,-0.14534068722802646,0.07983054734898959,0.13824339704080502,0.22023718619838387,0.038622601361663005,0.0,0.0842627362182328,-0.0276686026561308,0.022678041998996108,0.05447989112771216
2023-03-15,0.05445210825443756,0.13563243333615976,0.053900680621794046,0.0,0.1493308594356898,0.12251070217370681,0.055730295272291556,0.14060418815974268,0.11062364467514937,0.05760792624668082,0.060522395799279545,0.059084766025068056
2023-03-16,0.04807140659280616,0.14656925345681315,0.03049412931731428,0.0,0.17390399526668746,0.12561286667421914,0.043439943207896806,0.18003177351425395,0.1075869552179827,0.04331349066529564,0.05036515662063817,0.05061102946609253
2023-03-17,0.05578590941190393,0.11289621706342196,-0.041713322046672954,-0.05935950945932858,0.14837355387770856,0.058665886058970246,0.06646881294311531,0.10253520835409143,0.12663883035282353,0.11939207752502647,0.06366878711373407,0.04450188579320297
2023-03-20,0.03606382403350215,0.08376232358310369,0.18691286766099693,0.031811048380122775,0.12161371174698125,0.09265486872706524,0.07335254623206104,0.06664162582379701,0.06406793878698984,0.14849876367805737,0.05146395278453337,0.0431565285627893
2023-03-21,0.0786544926192316,0.06123600120149391,0.14385255223043486,-0.03572412855669104,0.07364861495836236,0.1462756261224783,0.06064627457666196,0.0972736992904602,0.015499731969108645,0.17478814275730478,0.04596353139673407,0.06643720432103827
2023-03-22,0.06185395088945437,0.0960638035125094,0.13735755113307005,-0.0940035092744539,0.11517894474234877,0.050585988245218594,0.06804009313823935,0.12236556343201914,0.047052494830634436,0.1263620802316787,0.04476080067985976,0.03637521989051351
2023-03-23,0.047498402049316865,0.11707396387004444,0.030158911184250164,-0.04809239789213358,0.06539377971312998,0.12364342579593121,0.13563316310650927,0.14702391422093083,0.034735297230298015,0.20872302194804132,0.0,0.042023722989414335
2023-03-24,0.03721526818996971,0.0896615453309144,0.14461204213151835,0.0,0.10467788135301341,0.10536858134260513,0.08969267908262478,0.12259552251391083,0.07761485796646692,0.1582340025404543,0.03774432052858599,0.03258329901993619
2023-03-27,0.05795289631123154,0.11462007585681662,0.08672361069674209,0.0,0.06645311037729577,0.14582238392591912,0.048490926557917896,0.15022934054693957,0.08358149493513498,0.14143154984233572,0.04999088775495459,0.05470372319471211
2023-03-28,0.04262069409947844,0.12759420517901343,0.08788254920870966,-0.029664768688579708,0.06763565655564041,0.10137875147823958,0.10758324741946486,0.1397573701608109,0.06424517478195234,0.13319081011686357,0.0437809222809179,0.054665850030329206
2023-03-29,0.0,0.1613138206645837,0.05433669728866024,0.023912230923414577,0.1087465800130588,0.15077938266699237,0.1473476293557875,0.1281297716869051,0.05269377783300794,0.13876172505525564,0.0,0.03397838451233415
2023-03-30,0.03949911623498051,0.1624376946880917,0.12527300606463315,0.0,0.08998579633741235,0.09845249452007145,0.08492370739303712,0.10467549602317938,0.07591405988916713,0.1183969463637814,0.052085823023554544,0.04835585946209128
2023-03-31,0.047139509543689936,0.1632339039938445,0.08194661063772987,0.026265233711741283,0.08408409223112479,0.09700901213934758,0.07168498945012633,0.11903574973921024,0.08511194159085428,0.13077550550747505,0.05757059067338793,0.036142860781468215
2023-04-03,0.06080555321302516,0.11031506892026693,0.09411170668347987,0.015190433212807528,0.1155379685581036,0.09585724231462278,0.07550186731642763,0.12637726718287898,0.07609839074090621,0.12495317238719565,0.06212199884363864,0.04312933062664699
2023-04-04,0.06066587942012765,0.11359747496422239,0.08122400912189491,0.0,0.13753321617500971,0.10711017995063901,0.07591515800935181,0.14491531299788557,0.06709312216003124,0.13545179559898946,0.049155869685318966,0.02733798191652927
2023-04-05,0.049330115987113496,0.09884276918918963,0.12110409975076403,0.04388165076873779,0.15445173433860518,0.0,0.08681377722735273,0.16820029502865558,0.07782618505670968,0.1489288959809425,0.05062047667192937,0.0
2023-04-06,0.02153004677479824,0.10647043179871558,0.14968078672784435,0.033139000676939576,0.13813759490679905,0.12072596213248071,0.12437561675719534,0.1378883649332178,0.0,0.13251328740399074,0.0355389078880186,0.0
2023-04-10,0.052887483434613254,0.14051168226988087,0.031349156136894984,0.029869939388134918,0.14232776775372194,-0.01821454042216844,0.12654334904518738,0.16648840172700552,0.08663049057194877,0.11313416654927072,0.06171457832267995,0.03032844437849303
2023-04-11,0.04826568380181085,0.0977531533001129,0.19015883559427793,0.0,0.10371360757230105,-0.03347770562846499,0.11412147157210575,0.13630526908396665,0.06875980553732094,0.12476429855451594,0.056550114835749225,0.02613005451937373
2023-04-12,0.050635741227653255,0.10274039518517167,0.20658115630473375,0.0,0.09927683539473248,-0.02330528598402486,0.11519635495119059,0.13267176694063348,0.04887212403078729,0.13170309387920937,0.059044777943663466,0.02997246815819955
2023-04-13,-0.045705563813893506,0.043280248921103805,0.2370201627157055,0.0,0.09377512082761039,-0.06280601223420121,0.1635783552096421,0.15201880267413678,0.0,0.1561017364955846,0.028958483954295556,0.016755513153826583
2023-04-14,0.057171975033377495,0.123843670256287,0.17745760979822284,0.02225675257516434,0.13328947843934813,0.0,-0.023674691426518776,0.171498283688426,0.06920243466159647,0.10083233652856671,0.07089505472434456,0.04987771286814766
2023-04-17,0.060526440576041216,0.12416528904672039,0.13560813898431134,0.02102597042181681,0.08910725482981792,0.0,0.17121555535099348,0.15112337194965936,0.05239003110450261,0.09138810832922108,0.06548422395507719,0.037965615451838575
2023-04-18,0.06712676594709992,0.14704707169548512,0.08342381919340365,0.0,0.11351377149545044,0.0,0.08698933170670274,0.1701208946263164,0.08489202385843977,0.11659939739370365,0.08014518262104597,0.05014174146235233
2023-04-19,0.06259446526968569,0.13176600701455388,0.10320209411452017,0.031328691500016534,0.09820035282677048,-0.024852144243162275,0.07681059820519125,0.14541884527720672,0.07756409214007848,0.1346446523367034,0.07035430503701633,0.04326375203509482
2023-04-20,0.06830599177523038,0.1435580095387847,0.13439667403400166,0.0250066924154615,0.09304570639372992,0.02100103034983778,0.04966444031024523,0.14491936848136314,0.08228008306017531,0.12056897414221122,0.07179416792255552,0.04545886157640364
2023-04-21,0.06061730434710279,0.12276566309611936,0.1453513494705615,0.04311684440110444,0.10865181778574101,0.04711165825246604,0.0421013026597127,0.13766216540349055,0.07617202341133705,0.11077332427621661,0.06505974272445637,0.04061680417169157
2023-04-24,0.046546080239518485,0.14278188386831178,0.11130617768878893,0.033649336727195715,0.12028252941975211,0.04614127214185433,0.051823258902163834,0.13932699467389065,0.08205080639323127,0.10898642440871566,0.06973753359835749,0.04736770193821973
2023-04-25,0.06571619016230314,0.08666156242733267,0.06987396950199949,0.03637119218629014,0.12308264893939856,0.05646469400259561,0.049444139997931146,0.15051578035915447,0.10553896806533969,0.1292134126005793,0.07871518602184062,0.048402255735235176
2023-04-26,0.06197432544245357,0.04412651659628379,0.0964398044869309,0.05326791986578857,0.12878158436311404,0.05444280326027018,0.06261000487399816,0.15148762676104433,-0.1457350416425669,0.07284897011552362,0.06723191938153952,0.06105348321048639
2023-04-27,0.0,0.045868515968322754,0.14246901869773865,0.06621631979942322,0.10200370103120804,0.05761406943202019,0.09510128945112228,-0.10676536709070206,-0.020169410854578018,0.13154597580432892,0.03078729286789894,0.02680753730237484
2023-04-28,0.05929964120089815,0.05228782051568998,0.12196200323086173,0.03643421354453675,0.10493694158557829,0.02862526250593561,0.10577295581490624,0.14698272477132643,0.1145183191546083,0.09683318617160006,0.07442722549178961,0.05791970601226883
2023-05-01,0.06567101561925413,0.07400616973150734,0.1100372665481469,0.037293722740303896,0.09950490358961832,0.032277446380441034,0.13172649617067048,0.1244655979792691,0.09279199237444864,0.10130575211577715,0.0715402449870133,0.05937939176354972
2023-05-02,0.07063720938478481,0.03039156490499357,0.10888620497034136,-0.0272151256537651,0.11425212748202578,0.020436807581487772,0.1195398201173641,0.13751699456378788,0.07991305266737489,0.15911777866127153,0.07336267068571313,0.05873064332709007
2023-05-03,0.06461785292029024,0.06575670604386162,0.11407158603894214,0.023138381283220204,0.10775045091957874,0.04795416566680172,0.11763489112604922,0.09931221974043691,0.0756956641700843,0.15177458634771882,0.0689372787612564,0.06335621698175968
2023-05-04,0.06250075371722826,0.0838468487333247,0.14384290294868865,0.029753503695894714,0.10260833134604642,0.0505169925043919,0.1307972446517136,0.09049063978171241,0.04761172181151824,0.13304520434195247,0.0596539772548933,0.06533187921263532
2023-05-05,-0.20652587711811066,0.09745015949010849,0.16802379488945007,0.03462187945842743,0.09329687803983688,0.04285214841365814,0.12845121324062347,0.08088108152151108,0.0,0.05130443722009659,0.0,0.0
2023-05-08,0.05389397213306061,0.12171603974827264,0.128763136176492,0.0,0.049655079398996535,0.05523002534718835,0.1459073271490529,0.058651424805147685,0.08827587377089878,0.17053523548214108,0.06363029440622495,0.06374159158252443
2023-05-09,0.05688798510604964,0.10657864438900107,0.12599761905628679,-0.018679731156025718,0.09447402311150072,0.059479847892016206,0.13291460060669094,0.06348299052181512,0.06610229210274367,0.15739073181692656,0.05917413535571453,0.05883739888522904
2023-05-10,0.0,0.07113470882177353,0.1562449336051941,0.0,-0.02155761420726776,0.06116713955998421,0.17362761497497559,0.09869709610939026,0.0,0.16031460464000702,0.025777403265237808,0.055112335830926895
2023-05-11,0.042573479940307586,0.15694210519048843,0.14454686284927062,0.028817372403708765,0.0718472701311661,0.06317164585746933,0.12899807168856625,0.05655611386042689,0.06940597529518133,0.13994913805095976,0.046399232405922794,0.05079273232653213
2023-05-12,0.0422008815050044,0.10698263302065551,0.12991559886856333,0.020911980279271433,0.18517983479830896,0.05622443874459725,0.12075641685007382,0.0833647397427054,0.05632729712832882,0.11701744238567659,0.04140347866636086,0.03971525801045362
2023-05-15,0.048368388534696605,0.06730905649259222,0.16204528881534488,0.02935521749609009,0.1485154319316943,0.08917224697581182,0.15130863490303664,0.052106504602819445,0.06360797558523497,0.11682132138734458,0.028158693913824567,0.043231239361509854
2023-05-16,0.04144879322888185,0.05111796507666227,0.17982135156891113,0.05624469064358004,0.0,0.08603949279006326,0.15887152674364927,0.10999824414315201,0.04814608385517981,0.17427220784630099,0.039903238731415255,0.05413640537220413
2023-05-17,0.034439916842681814,0.10318912168187525,0.1842273670790208,0.05663113505984157,0.11519546230188862,0.08382396405317377,0.12257257269493334,0.08976459393690353,0.04920473814301352,0.1609511282066678,0.0,0.0
2023-05-18,0.0,0.10749951183891833,0.16134839210976568,0.07002268677075593,0.07363869046978348,0.07623973371413124,0.1765404523534506,0.09005966441041192,0.04639747806873726,0.17586636250946883,0.0,0.022387027754576735
2023-05-19,0.04509511823163273,0.10177075464798353,0.13226320555709895,0.03446291395249734,0.08348535208384894,0.05644177437361841,0.1314506732319114,0.10591595912145024,0.06558700715684858,0.17014660105726906,0.04221484078284872,0.03116579980299212
2023-05-22,0.0666518622185632,0.07420643531705652,0.19194975716240992,0.08518507287869101,0.029789994798805952,0.08957660020398218,0.1555263161215563,0.11220501268820957,0.06204766390732735,0.10863043570375781,0.0,0.02423084899964018
2023-05-23,0.06389378159529908,0.049522349870092915,0.17809582799653798,0.081613982769914,0.0911167113349165,0.078041979914993,0.12455284959929001,0.12023402985849374,0.07665820355302395,0.09149893711569475,0.018484769028418887,0.026286577363325195
2023-05-24,0.04888065904378891,0.03432633727788925,0.18311001360416412,0.10934635251760483,0.05932037532329559,0.10488808900117874,0.15069107711315155,0.10176081955432892,0.08120198547840118,0.08633952587842941,0.0,0.032315827906131744
2023-05-25,0.023130755784519435,0.08188076588344297,0.13018020040082084,0.07519759540912212,-0.028169357147726715,0.06622451224980618,0.0975668660171913,0.11277064376859515,-0.08887606507682856,-0.20628369834961768,-0.08971953991232906,0.0
2023-05-26,0.018675165520991143,-0.05170764799675594,0.16653326439857682,0.07401878440451447,0.055183731801678015,0.07165125103371987,0.11780053878706129,0.11707352381151023,0.057281648650114925,0.2370639463509686,-0.033010497244108705,0.0
2023-05-30,0.034238785273338665,0.10239395855941377,0.14552360396033817,0.05953298503597458,0.06786171513932472,0.06198555858513607,0.10645865329728656,0.1707701195842459,0.09324076209480477,0.06600229941288036,0.06000783583731775,0.031983723219938705
2023-05-31,0.048199804554154235,0.10424269265287893,0.15411797108075065,0.07319422574809314,0.06508786400009002,0.07049258318570208,0.09677975473330183,0.1390166361918426,0.0681775736663444,0.12240981058598054,0.030443244152127742,0.027837839448733873
2023-06-01,0.0,0.08086394218671923,0.19620778138266626,0.10455961544210872,0.06669760022515696,0.11109978272418185,0.12853337726252986,0.1563511048466742,0.040773705947478714,-0.08344590375791504,-0.03146718622456916,0.0
2023-06-02,0.03854039956862111,0.09782995509338728,0.1590514318258433,0.06584671008017096,0.05550716733257296,0.06797068359898371,0.12152614610684948,0.1785074831752354,0.0568978306622484,0.1583221925560874,0.0,0.0
2023-06-05,0.056980179688249664,0.12326090602322515,0.09390399297019023,0.06575492701326145,0.06712814358178744,0.10979490877214658,0.13565538741304958,0.15031088094293635,0.08687716915114538,0.06076480460309856,0.015742351142146588,0.033826348698763005
2023-06-06,0.028018790257313873,0.13323387165349862,0.051200160187645026,0.10255431990549717,0.08994879498037109,0.10970041602124282,0.12920383470531238,0.1465322442055175,0.09966519025118586,0.10994237783241566,0.0,0.0
2023-06-07,0.035645142368510185,0.0840277441041911,0.1433109792347284,0.09109844784397152,0.0922246341462135,0.08021823407042825,0.12139966071014538,0.1336715439676947,0.0934054434819482,0.107265610414835,0.017732559657333582,0.0
2023-06-08,-0.03478947742404566,-0.05181944489019563,0.19648582654307653,0.07228506795633208,0.0975816414615504,0.06990871801597891,0.15568817856884778,0.10651107855221503,0.05607991008806717,-0.04173726084360427,-0.07884610833433227,-0.038267287321754266
2023-06-09,0.04909824952483177,0.06372247636318207,0.23745155334472656,0.12159699201583862,0.0690825954079628,0.08518528938293457,0.1431349515914917,0.11848986893892288,0.05724173039197922,0.0378747396171093,0.0,0.0
2023-06-12,0.026454569771885872,0.0,0.2090587317943573,0.11874787509441376,0.022839903831481934,0.05446271225810051,0.13134150207042694,0.08859942108392715,0.042098917067050934,0.03253445029258728,-0.05688304454088211,-0.045136939734220505
2023-06-13,0.07920501186625177,0.11043530003919151,0.22277057228131392,0.10931308820316454,0.05863116306877962,0.04352310645051249,0.1127466895662385,0.14904826356443424,0.08814679283279471,0.0,0.0,-0.026180012127318703
2023-06-14,0.047541908866340646,0.11747289826821712,0.17810281560006958,0.10013956913684813,0.08099331516998258,0.055576894119870664,0.11102069633153758,0.14287513683181927,0.09491683591954557,0.052914007178398025,0.0,-0.018445922577370866
2023-06-15,0.02155088680538944,0.09148809542509258,0.1810267244466844,0.10397704450551694,0.04598396613316907,0.04526157129993388,0.08948704102603663,0.09313809348115132,0.032401120833809346,0.20965084803793163,0.0,-0.08603460800528473
2023-06-16,0.044256850417733536,0.08672430729008716,0.18796856338090948,0.0885759834367448,0.06728094498758463,0.0627891601004354,0.09550423264751184,0.13443955235611574,0.08409849309017191,0.11073180343584643,0.01826033335011147,-0.0193697755067476
2023-06-20,0.03493960196206234,0.0893327810965071,0.17872661848285043,0.09321766536072809,0.08633497330685899,0.04391907607392063,0.11297540315607205,0.14420820289673297,0.0908680184412843,0.08323953867956735,0.0,-0.04223812054341578
2023-06-21,0.03812782421630947,0.0857360127872898,0.22474463787193152,0.07695829087612796,0.0945499199513913,0.020572573057930834,0.08536712950592949,0.12636912334656394,0.07400188338787679,0.14349806254765618,0.0,-0.030074542450992694
2023-06-22,-0.02695504703802124,-0.07851199168571267,0.25,0.10513832261625725,0.0,0.0,0.09549314135243034,0.10007569715983196,-0.020638112655293958,0.11754877920049127,-0.08835881703053568,-0.05812374879530785
2023-06-23,0.05402621626853943,0.09964359551668167,0.12876975536346436,0.11205082386732101,0.060543131083250046,0.05458703637123108,0.10415442287921906,0.10654196888208389,0.07162607461214066,0.13941434025764465,0.0,0.0
2023-06-26,0.04343390518086321,0.09534067307725463,0.16607299488358182,0.10130421128152006,0.09447531580010103,0.024013317384559283,0.08416373680116321,0.09537514361979701,0.08617193978270504,0.17379138485869272,0.03585737732976198,0.0
2023-06-27,-0.020930128172039986,0.048817023634910583,0.08294835686683655,0.1323481649160385,0.1051359474658966,0.032858263701200485,0.13434787094593048,-0.03896697610616684,0.0,0.030296627432107925,-0.08638204634189606,-0.04699601233005524
2023-06-28,0.03274865075945854,0.08989246189594269,0.1742781698703766,0.13311035931110382,0.032952409237623215,0.059755392372608185,0.14419010281562805,0.0784362405538559,0.05515719950199127,0.10764380544424057,0.0,0.0
2023-06-29,0.050538625568151474,0.1138315349817276,0.06716622412204742,0.1377100646495819,0.08966918289661407,0.0706017017364502,0.06709042936563492,0.12421330064535141,0.09642529487609863,0.14413383603096008,0.023227406665682793,0.0
2023-06-30,-0.04012690582113015,0.03247852528398547,0.1745216819534402,0.14349655086186902,0.08534735314737495,0.09767906552424328,0.19840835143794125,0.045693332853539645,0.061175381965919616,0.03253191162229643,-0.04956475739732502,-0.038976182130935004
2023-07-03,0.05415457683118956,0.08059950801482489,0.12447285455989224,0.1301636160219464,0.08313613150781965,0.05686977019270973,0.18654988478957074,0.09423077273239758,0.09574718277736316,0.09407570257228608,0.0,0.0
2023-07-05,0.03455708552616985,0.09845959604557798,0.17555562543364664,0.12244094872910347,0.059377168562635786,0.05320464445400038,0.14448188075914692,0.04338725990537665,0.09713208332063528,0.15175262703175485,0.019651080231952205,0.0
2023-07-06,0.0,0.11326335966998982,0.13046699891867372,0.10765333931216088,0.09807935874118237,0.06063311476176034,0.09614379725883616,0.13392221644730587,0.07275881477865556,0.15589725530446874,0.031181744806966536,0.0
2023-07-07,0.030401325808628893,0.06509496412832774,0.12469206561800464,0.11069489077125345,0.10659928551869254,0.08058808544583178,0.07302919093514945,0.1412577406575389,0.10794478620519386,0.1382158887369165,0.021481776174462244,0.0
2023-07-10,0.04193873641844342,0.09654808128486683,0.15665984451765516,0.11180639795654129,0.10202866089402227,0.06496835395280567,0.09289485152732135,0.08383761352160575,0.09614411459620846,0.13363748217159083,0.0,-0.019535863158938963
2023-07-11,0.033782559351136145,0.047012178612582334,0.18965957283603693,0.11016803268800861,0.07352428271673991,0.09151637109980441,0.11192849177667578,0.09708336007930206,0.07788714441605075,0.132855490666918,0.0,-0.03458251575674504
2023-07-12,0.0,0.04402045160531998,0.20476298034191132,0.1026885062456131,0.05769478157162666,0.1096872016787529,0.15131114423274994,0.07884067296981812,0.04788345471024513,0.07620760798454285,-0.05898439884185791,-0.04208976402878761
2023-07-13,0.020263609670151235,0.05280680018004085,0.141965060105341,0.08986574582098401,-0.05636349077396503,0.09263984891755185,0.08371606356214344,0.20675539275517327,0.06209410475556958,0.0999381368142459,-0.05938807546583439,-0.03420367117899946
2023-07-14,0.03293556585821906,0.12390960248331259,0.09221706837772191,0.031064314382036065,0.12855347723196286,0.07436136783878845,0.0410399996004731,0.1434236127790973,0.0942043896832699,0.21710154053030306,0.021189061234815697,0.0
2023-07-17,0.0,0.1320553473026069,0.13461535867864632,0.019717988487489253,0.12295559342472491,0.08958332423440718,-0.018083843261499703,0.10043449297643808,0.1305898330734258,0.19708159943101106,-0.0179529810246332,-0.0369296381051176
2023-07-18,0.05080557394572427,0.11578317621491618,0.14842288183192323,0.0,0.09254460717184693,0.0839466948575982,0.08753701230473773,0.11401132612349903,0.0,0.2398586243678756,0.0,-0.06709010318187879
2023-07-19,0.02263802472403672,0.03962724452199258,0.13304864954091294,0.041362557919083116,0.08170180655877972,0.07802921409254969,0.03257524201252224,0.10719647147555278,0.14464847044800486,0.25,0.0,-0.04208120600716166
2023-07-20,0.03884686624707155,0.06835219569840122,0.12709536280577802,0.0,0.07865114136435186,-0.25,0.0,0.10000756257657377,0.07018618297392894,0.1875427387588521,0.01862882129457868,-0.021847930694297468
2023-07-21,0.04079180955886841,0.06885238736867905,0.15884888172149658,0.0,0.060844097286462784,0.06783339381217957,0.04489927366375923,0.1681746244430542,0.08097299188375473,0.20793777704238892,0.0,-0.05416516587138176
2023-07-24,0.0,0.09651956707239151,0.16528140008449554,0.0,0.08922193944454193,0.05220860242843628,-0.0929330363869667,0.1446763277053833,0.054733723402023315,0.14671283960342407,0.0,-0.0733402669429779
2023-07-25,0.0,0.0835413783788681,0.16228854656219482,0.02135639637708664,0.15666809678077698,0.0,0.02810308337211609,0.030243923887610435,0.0,0.11969184875488281,-0.0287574864923954,-0.06213265284895897
2023-07-26,0.0,0.10705099999904633,0.1569075584411621,0.0557791143655777,0.0,-0.03809324651956558,-0.030594630166888237,-0.020304443314671516,0.05236261337995529,0.20588484406471252,0.02370866946876049,-0.05227692797780037
2023-07-27,0.0328267551833392,0.08113691034728895,0.13176623167094903,0.02051166020730247,0.18799077247696847,-0.07548353487338304,0.0,-0.14735862642113493,0.10093724901858535,0.17351000692519059,0.02605439218956636,-0.022423860686291614
2023-07-28,-0.03391234576702118,0.0,0.16961872577667236,0.0,0.12717416882514954,-0.09886755049228668,-0.03627672791481018,-0.061909787356853485,0.0,0.2265194058418274,-0.0602259486913681,-0.11129835993051529
2023-07-31,0.022969511000671104,0.08581535203301852,0.14261905133766284,0.04847529245018836,0.1502743252943415,-0.05446765455281476,-0.023816428029962103,0.11006380791414479,0.07438134686121117,0.21592871108710077,0.023551484702672106,-0.04763703473621201
2023-08-01,0.041135595479421264,0.11025579841992032,0.14403270354364392,0.046917374601621355,0.09205999920442463,-0.13085899354497468,0.018138108323296088,0.03304574575255739,0.10029243717022493,0.2207588872424787,0.034305064718300075,-0.028199291999136643
2023-08-02,0.04224975336989632,0.11801073218565127,0.14975936622179836,0.05657039485397107,0.06343128186571675,-0.07565289261396047,0.036137326820712475,0.08660851730796998,0.12552842765692165,0.1923925898467437,0.05365871725665794,0.0
2023-08-03,0.039747051894664764,0.08768507838249207,0.1599988043308258,0.06680861115455627,0.04519687965512276,0.0,0.0,0.05206473171710968,0.14382286369800568,0.18116582930088043,0.03884847089648247,0.0
2023-08-04,0.08908145436253091,-0.24670823290800079,0.13699708691802912,0.057435666478037765,0.07740509717299271,0.03494370677010364,0.016818088383298412,0.05054978258074423,0.11329612299880094,0.13253327374909027,0.04423148767837122,0.0
2023-08-07,0.15379912023863712,0.12785643944461322,0.15574658458644652,0.07314663297959496,0.041869859017577796,-0.08611154107430379,0.0,-0.045475034512983646,0.1282048522097691,0.14696034840814487,0.0,-0.040829587527928986
2023-08-08,0.08980614422259041,0.1283203895720021,0.1312172727902717,0.06342308907336314,0.12446331855576837,0.0338467692224216,0.035744930664879784,0.054654017832566605,0.12396190339090393,0.16047790444964619,0.05408426022558618,0.0
2023-08-09,0.10295792154299235,0.06940859986979196,0.13813079508594356,0.058881505099169555,0.08774884063021753,0.032388146057556466,0.051725754283793016,0.09094345076300461,0.11641653895397847,0.16093550896868564,0.0654745549810382,0.02498838376382866
2023-08-10,0.12065406222016796,0.03978689274489636,0.15683450879121122,0.06732653153074838,0.09548039327783005,0.037290228359080094,0.04256751334360034,0.06533267657969578,0.12034094798300891,0.17831520348895022,0.05789925372355205,0.018171787957258618
2023-08-11,0.11743936054573853,0.07069546482630659,0.15508214000025808,0.06888066886571557,0.09829844438699545,0.0,0.0,0.08714932443594683,0.12407543930415166,0.1834388173658274,0.07285313202677418,0.022087208242285702
2023-08-14,0.12788125872612,0.05674232542514801,0.195122629404068,0.0891205370426178,0.10764273256063461,0.027376290410757065,0.020286839455366135,0.038596682250499725,0.13898171484470367,0.04019123688340187,0.050601471215486526,0.0
2023-08-15,0.10909947963262195,0.0878530123489713,0.14674906041262287,0.07241973565877703,0.09847668383516861,0.022549284734697406,0.06047899949611314,0.07873999612386748,0.1308184616491812,0.08902568632155718,0.07130293869361003,0.03248666109281179
2023-08-16,0.10009901208837041,0.0825105320556994,0.11810373004184109,0.06600761335263004,0.09152532218360866,0.01967901484967456,0.052240560702189666,0.10771316929871551,0.11788352695371822,0.13334756026660197,0.0746281025829237,0.03626185562402675
2023-08-17,0.10352446242092807,0.08406858701231283,0.08020443037502895,0.06421093572594948,0.07348754831277218,0.0,0.06262399192999767,0.1381821612737568,0.11518547938781303,0.15075990204913545,0.08304157829564035,0.04471092321666522
2023-08-18,0.08674564732418404,0.08365986524380485,0.13182124476228543,0.06283371022985461,0.07757087101941079,0.02949034798242715,0.04122495198275087,0.1158661059181063,0.11118677744752134,0.14804585596054945,0.07559833415010399,0.035956287979001196
2023-08-21,0.10653906630472042,0.09029717200084772,0.15129026239892995,0.08099373472479167,0.08494023582014706,0.06683915528596962,0.04695874976814278,0.0676991453205791,0.14268921103210752,0.06072213522083752,0.06695314919515977,0.03407798292776668
2023-08-22,0.08649061080533987,0.08868978604995113,0.1322218849731187,0.0633267727118928,0.06566533598594732,0.057617742353972864,0.06430885806047527,0.0769432475504787,0.1351907085156434,0.11091677651647484,0.07668189324422536,0.041946383232479706
2023-08-23,0.08601331975484551,0.10926505914556874,0.17617672762207118,0.06276915511834485,0.06270112457924737,0.08391604338011956,0.052073341366425385,0.054169639779925415,0.18087966610601927,0.04297570295934416,0.07207930449981802,0.016980915688270544
2023-08-24,0.04890877943243728,0.1028615795592238,0.16588867170868374,0.06746521428841742,0.08267850908150312,0.0670777327074807,0.06235786582544745,0.09160373941426882,0.09321575581229795,0.12595458043076319,0.053850937327707085,0.038136634411769434
2023-08-25,0.02694493527362148,0.09614748576890939,0.19623814730115094,0.05268613878599983,0.09724459846588693,0.05832775442075318,0.07870930143162877,0.12089671540548735,0.10716285378373296,0.12164289859308905,0.04399917076974012,0.0
2023-08-28,0.07833337625979937,0.10563196005423166,0.18572822551533147,0.02887131154794093,0.08783157382367472,0.09955476977824224,0.06856205782744804,0.07641282848162903,0.14424776533956402,0.03603628069623852,0.06515331999539475,0.023636530680505245
2023-08-29,0.07764098793268204,0.11435818672180176,0.10662004351615906,0.0,0.08684201538562775,0.12707944214344025,0.07088074088096619,0.09261523187160492,0.19150513410568237,0.0208694227039814,0.05174382030963898,0.0
2023-08-30,0.07696059912413328,0.08660511119940913,0.10394627615235941,0.0,0.12003641114502017,0.07963096159691718,0.05479431288919173,0.09822904089824441,0.13156189955760536,0.14590619092215812,0.08237632738555378,0.019952869129407406
2023-08-31,0.08938850832411845,0.07978158020616276,0.06578598452474274,-0.015437711533095935,0.1325621826860836,0.10094787568752939,0.0684370662099377,0.11256495130077604,0.12480884734028574,0.14235209959277614,0.06793319259449151,0.0
2023-09-01,0.04657321251247648,0.15513716863795876,0.09561871152327574,-0.033397736147414446,0.09699069093362761,0.10203223147646272,0.048698873664171846,0.1162655654399638,0.11876776698864049,0.1145834751279705,0.04235082389582686,-0.029583743652210732
2023-09-05,0.03687389675647898,0.13853382303891165,0.13101829278558885,-0.02696609325069074,0.08063999613561117,0.10605155006986881,0.07456724077876825,0.12560435677035675,0.13956172764781877,0.09181907088845838,0.02460869512091967,-0.02375525675652795
2023-09-06,-0.05204926832775368,0.10394190473972297,0.15262877465144756,-0.022243282824964072,0.0738929622180058,0.10564108637916002,0.06870308603116584,0.13635429137305655,0.13908723255982924,0.1030118118843645,0.024744505318895695,-0.017701793691634056
2023-09-07,0.021011628255054017,0.07227261151057482,0.1989259256184019,-0.020884912251593418,0.06314775667703307,0.09878858776666342,0.09794690005853414,0.14698395191084607,0.11237285675134269,0.13909823832355883,0.02856663087639763,0.0
2023-09-08,0.03003601648940223,0.12467846086047758,0.1804868778203053,0.0,0.07238166031982667,0.11687423807550558,0.08859962912170903,0.12842693888586462,0.09588970167942382,0.13535914251124018,0.027267334236244983,0.0
2023-09-11,0.08651445423014625,0.0839880408840797,0.14064178741524888,0.0,0.09157565666376924,0.11583799282333102,0.09375017050214002,0.08291118318632686,0.14534452389512245,0.13135642687215635,0.028079763527679245,0.0
2023-09-12,0.0918241830096916,0.12346372582651742,0.11661563504149429,0.016658450121872292,0.08135549973089193,0.12018748468346976,0.0903458606220285,0.10456920515307833,0.06493027306283078,0.125157265216784,0.047436414829316036,0.017456002702025054
2023-09-13,0.11859257093468345,0.06661670331402818,0.20317157973496847,0.019423582900409502,0.05896766863671916,0.11671694878510669,0.1169307609351397,0.08297082331038981,0.056783810345193475,0.11539012458139603,0.044435426521965554,0.0
2023-09-14,0.11041813414439837,0.11734750584886865,0.17939180655899736,0.020882694000125643,0.06594681283271793,0.08498555604485064,0.06965911564208739,0.1007597090287461,0.09534546381369871,0.10697989291072858,0.04828330917478064,0.0
2023-09-15,0.14651029044406794,0.0671922612922561,0.210340471265682,0.017362174709919725,0.09579270685001749,0.08124471792313262,0.09528110952890755,0.04745505860505081,0.04640336766830546,0.1269045626362052,0.04895931149892422,0.016553967577530863
2023-09-18,0.17015197231438556,0.06595671970975339,0.17943314132904958,0.023035661139208793,0.08817690918103298,0.07252806395926155,0.06932396484519714,0.05307000367293158,0.07577562313734554,0.14728280178974273,0.05526513892209112,0.0
2023-09-19,0.15385682262381245,0.0801713223348452,0.13722488859364,0.0,0.07867331205532714,0.09230274259250114,0.05073261920637829,0.0973331637601195,0.08774395359948066,0.1326284324831347,0.06381433080517976,0.025518411945581236
2023-09-20,0.09829418871171254,0.10095108739284568,0.13537755693753625,0.0,0.06552045520493226,0.09943455960822545,0.0502280822345139,0.1060176756898244,0.08562463013825954,0.1472183416689197,0.07253761292318818,0.03879580949004208
2023-09-21,0.1077912290450901,0.11510828404065415,0.06482231949516572,0.0,0.09466194573918126,0.08671008392731039,0.04296619524498245,0.10475201879685218,0.09981270494629893,0.15061481811382488,0.08181954243068591,0.05094085821995401
2023-09-22,0.1125802222301699,0.11103885823993144,0.07679587239979174,-0.01625438299228134,0.07772720873000553,0.08073127659789295,0.04984971051690184,0.10755837592281382,0.11401775108981478,0.11304627108096119,0.08336137676405951,0.05703869343537594
2023-09-25,0.1189798868254129,0.08452353165970389,0.09393182910056427,0.0,0.06105058061723572,0.08463982735367152,0.0578862189048815,0.12925512426505326,0.11602199790668681,0.10829123839234542,0.08661615604186498,0.05880360893257973
2023-09-26,0.07774448322628655,0.09517021151460046,0.1018938385857596,0.014044975286046778,0.07937586026790715,0.0857235314426491,0.06356602045062218,0.11898013083662941,0.1035412939431447,0.11340546038736825,0.08325255237858611,0.06330164168039971
2023-09-27,0.08634064758820284,0.09970633774778538,0.12793560817575775,0.026766032638714958,0.05325208678417819,0.07622614713389993,0.06450960673470883,0.1072595531729444,0.10193893577276383,0.1117458742727032,0.08125045707725825,0.06306871290108243
2023-09-28,0.08417500927564736,0.08997840698820696,0.13658758860298034,0.03333420038224803,0.054422610669841054,0.07584633654859411,0.07663243139457994,0.09708244096152428,0.09718954741496587,0.11502231072914686,0.07846237394068124,0.06126674309158397
2023-09-29,0.09353177805726964,0.08616323088897299,0.1335659187622163,0.0450810789100445,0.06288878670899535,0.07997364800719371,0.04243106853735548,0.0837046235695405,0.10002394737244383,0.12532133336684764,0.08215879522331855,0.06515579059580152
2023-10-02,0.10500956831876648,0.08268689896442027,0.12077755247459415,0.054354506289723756,0.03752163995039963,0.08464841526389408,0.05444407472527065,0.08099259979050892,0.10580239093579873,0.12727061025533806,0.08205609077551426,0.064435652255771
2023-10-03,0.11015230287100045,0.07323571884800814,0.12562259799067732,0.07294336505913777,0.06649326760095861,0.10938461234756666,0.07683427805689264,0.08029354890858478,0.061638477116332635,0.08894761468984717,0.06714405454915265,0.06731016196184118
2023-10-04,0.12284839021887219,0.06551302175263304,0.11838309110447583,0.08436267539853128,0.039958231962402134,0.12238233161729971,0.09108497163402628,0.08118767465711896,0.06136590307201324,0.08747946577834731,0.060052392429118064,0.06538185037516198
2023-10-05,0.11361957894411154,0.07554613938014368,0.07228430513890763,0.07468083177658617,0.061958810410859114,0.1158474327174468,0.08821408283731384,0.0838924572920226,0.07901954241268623,0.10191849013936495,0.06765343130775718,0.06536489764280028
2023-10-06,0.12128508967930658,0.07115284424336608,0.07194529361839341,0.08017992451033408,0.04406239141270697,0.12323318514388958,0.10401850219528075,0.06361772612778033,0.07386014271363855,0.12400145338834315,0.05978859003937772,0.06285485692758279
2023-10-09,0.10536715477472831,0.08107027445190257,0.06931819813291475,0.06450312319792821,0.05865635067155845,0.11028364796985667,0.07747070304028265,0.11223086841831448,0.09209440064668234,0.0975762120208179,0.06915272523351249,0.062276341441501175
2023-10-10,0.08967202057417281,0.09669915242974897,0.07099130281004505,0.06950249752041167,0.05895380908228699,0.11555787046949804,0.08642100205174129,0.1168857597284768,0.0787379162214362,0.08684591731094134,0.0683531412473716,0.061379610553869236
2023-10-11,0.08575118644420136,0.12579306081251007,0.07587007376821187,0.061146248694250456,0.0279834481910892,0.0935453955706535,0.0939453938533796,0.12591750894055725,0.06257695477175057,0.128671708974496,0.06540351078572286,0.053395509193177274
2023-10-12,0.08901020389982033,0.13455359204733755,0.0919205617647398,0.04236758285275284,0.06050385576541127,0.10332316739782911,0.07775027888050917,0.1039980093189586,0.06791464457190051,0.14786001788049416,0.049403097014781974,0.0313949886054647
2023-10-13,0.07117298643740347,0.10924494665674866,0.1401848295626661,-0.14411243599894338,0.05186821116751209,0.16723564696797663,0.06708270102668965,0.058688874291051026,0.05594380257855847,0.0749479724832617,0.035395205959354664,0.024122386869834166
2023-10-16,0.09262546896934509,0.08619623631238937,0.12440032511949539,0.0,0.02236521802842617,0.23764720559120178,0.11562302708625793,0.0,0.02134811133146286,0.07893608510494232,0.0,0.0
2023-10-17,0.07818641488936705,0.12918073027688823,0.19065436381783923,-0.047912977653711,0.07255458108600207,0.12492336830766713,0.056334303113413184,0.09081510786436017,0.07558947093377415,0.047069739705505265,0.05215119257571421,0.034627749775758304
2023-10-18,0.08972734451577324,0.08877803974334074,0.14590144817867703,-0.12296061092954443,0.08681022953615813,0.08499773484623467,0.03784772462588524,0.09065305061580577,0.06799459118085505,0.11974946461155281,0.0465329538269974,0.018046807389175475
2023-10-19,0.09994840367436797,0.09644304642773917,0.1306730231685315,-0.08891803786487916,0.07242527887692818,0.11091216486262459,0.03963630424440554,0.09455659945226302,0.056796908909383985,0.125133559703822,0.05514223190234716,0.029414440912707715
2023-10-20,0.086309174048092,0.09382418934788879,0.12110555699421834,-0.06221822515113225,0.06689699433926471,0.13178499812863878,0.04672340976530204,0.09561451877030365,0.050576110960581254,0.13527210623176097,0.06407053082658251,0.04560418543623469
2023-10-23,0.11279708512680182,0.11859090300388146,-0.03057096168626926,-0.09524492586021853,0.056401010713297686,0.1323516829039742,0.07209086215842042,0.07101242583881714,0.03872965970246179,0.12994487648001346,0.0771631467945433,0.06510245973130097
2023-10-24,0.08861992201819231,0.11521372167718769,0.19168848036617395,-0.07587930528325999,0.03482934553981968,0.09874820306713582,0.052782868104469825,0.06284664164378936,0.04386676128868948,0.12217328073906596,0.06194842161724362,0.051403048654972326
2023-10-25,0.11665801350520619,0.022787286853011002,0.12255058451488124,-0.12657884494460123,0.0,0.17044450638644318,0.10329897966649797,0.09231567276963305,0.018109693885654875,0.08958688761969306,0.06460068254492093,0.07306884730945726
2023-10-26,0.07607606020505768,0.08985910328841311,0.09740637563250175,-0.07255224973352163,0.10894902608209833,0.08743335303085426,0.08471413970771838,0.11493981178146642,-0.016363956352223544,0.11219428430983662,0.07426324867779736,0.0652483911985109
2023-10-27,0.10955533090425816,0.0,0.06220091319625748,-0.13568805788978947,0.1156810127126367,0.1124077129305173,0.07050691074038673,0.05484586986323579,0.0,0.14225963857335366,0.09730192993147081,0.0995526232580939
2023-10-30,0.12955293682259617,0.12733128178607764,0.02122380150331521,-0.05446296844024079,0.07977722923269492,0.1157378562473037,0.0671053962211983,0.053457400623345835,-0.02233526170135136,0.13411071400496263,0.10182627283392241,0.09307888058299102
2023-10-31,0.10401766758109621,0.11888772799906623,0.061593634839436216,-0.041246411682989384,0.0853456873001824,0.11634944678302366,0.07540427646149231,0.06750901979099647,0.046691587529856186,0.10793614271451363,0.0884803882937499,0.08653800902359741
2023-11-01,0.12630120569751305,0.09358127847728678,0.029580807609983214,-0.0379413434128447,0.09120605081667546,0.1383224591858969,0.09874758322291016,0.038518269842342086,0.02529939927289381,0.11268939280765503,0.1050702926772117,0.1027419169767869
2023-11-02,0.11562338765544364,0.10249231203243,0.07035627342207439,-0.031497452024530255,0.07775566654539752,0.11527447347171836,0.07276962384699355,0.0639768825980031,0.060337640179324706,0.12431960444972409,0.09167565131731924,0.07392103245704117
2023-11-03,0.09322455468716377,0.08187596678809372,0.040073406189475094,-0.026253141826690567,0.08324791102699323,0.12622755575310385,0.0943995905735416,0.0677429567975975,0.04675987775635021,0.15400187466422993,0.10284444248620955,0.08334872145055079
2023-11-06,0.07557701734230939,0.0785587393139741,0.037403725044260185,0.0,0.09913130862407077,0.12662653758062647,0.09672830155936506,0.08968033509605605,0.05699896022464303,0.20036422557815642,0.08704427008287939,0.051886579553659114
2023-11-07,0.1150890573992116,0.0864481354466075,0.06831580551539135,0.0,0.12142510669774502,0.11253610029614834,0.08471696195541105,0.09795270981520438,0.05714337286553529,0.19903971505100146,0.05733303495774402,0.0
2023-11-08,0.11863775066836894,0.1359214794860865,0.09936636147338762,0.026575275511552175,0.11615181451021935,0.09419098569657446,0.048510439366633844,0.10852776128871865,0.05499373176073859,0.14889177897802022,0.04823262125969965,0.0
2023-11-09,0.09442970156669617,0.08823272585868835,0.07478690147399902,0.0,0.13575807213783264,0.07932376116514206,0.04547608271241188,0.12253732234239578,0.05179070308804512,0.20259331166744232,0.0,-0.024415062740445137
2023-11-10,0.0,0.02358817122876644,0.14780107140541077,0.06049806624650955,0.06157974898815155,0.10140137374401093,-0.032570309937000275,0.054898399859666824,-0.09382040798664093,0.14031217992305756,-0.1099889948964119,-0.13273857533931732
2023-11-13,0.0730720737489965,0.11759887756206668,0.12351982686656728,0.02677687810493201,0.10791282633523643,0.10974553491643649,0.02880556625481847,0.130629388259336,0.05351814873975954,0.18590712649730032,0.04251375271455028,0.0
2023-11-14,0.0,0.06769979000091553,0.14401055872440338,0.030082853510975838,0.10329548269510269,0.17228110134601593,-0.0721614882349968,0.08072642236948013,0.0,0.13017353415489197,-0.06412792950868607,-0.10893166065216064
2023-11-15,0.0634682563603397,0.10411931149487164,-0.18014732842656603,0.04814513177301541,0.10715168994247447,0.14355895426315737,0.02689883548643247,0.10893058626165791,0.02962137243903042,0.11621021915500966,0.05269513835882141,0.019053176038623523
2023-11-16,0.05685444176197052,0.10159702599048615,0.06677700579166412,0.022192467004060745,0.12234273552894592,0.19883011281490326,0.0,0.06433133780956268,-0.020209219306707382,0.03179711848497391,0.0,-0.024016182869672775
2023-11-17,0.07751434296369553,0.1012229174375534,0.0,0.050775229930877686,0.1315910816192627,0.1551312357187271,0.0,0.09047263115644455,0.05640804395079613,0.12763158977031708,0.0,-0.03853398934006691
2023-11-20,0.034942444413900375,0.16632381081581116,-0.081882543861866,0.041154101490974426,0.07336093485355377,0.13178296387195587,0.0,0.07618033140897751,-0.08010566234588623,0.07419576495885849,-0.03187515214085579,-0.06535868346691132
2023-11-21,0.05987377134966245,0.143210854009109,0.12637411714399716,0.0,0.11873427517692094,0.13077582814556044,-0.038859123094832596,0.12173573121450436,0.04502068244708471,0.16218792283034816,0.02796412217068307,-0.02526357241729712
2023-11-22,0.03461054340004921,0.10811637341976166,-0.12649782001972198,0.02183590643107891,0.22638535499572754,0.09119074791669846,-0.06336256116628647,0.07229463011026382,-0.020427169278264046,0.10123365372419357,0.0,-0.050123944878578186
2023-11-24,0.054516393691301346,0.16994449496269226,-0.03064834140241146,0.0,0.15151652693748474,0.045745667070150375,-0.04415695369243622,0.1313656121492386,0.0608726367354393,0.1192726269364357,0.022171158343553543,-0.03399771824479103
2023-11-27,0.03821177035570145,0.1891019195318222,0.08998569846153259,-0.02588021755218506,0.11182330548763275,0.04514247179031372,0.0,0.1086835265159607,0.05182470381259918,0.09973800927400589,0.0,-0.030995268374681473
2023-11-28,0.04130302369594574,0.18835484981536865,0.029475320130586624,-0.059048186987638474,0.15025685727596283,0.0,-0.030532818287611008,0.0762215107679367,0.03343632444739342,0.1363081932067871,0.0,-0.03288614749908447
2023-11-29,0.06051711365580559,0.16748502850532532,0.07093122601509094,0.0,0.12427273392677307,0.026097578927874565,0.0,0.10560739785432816,0.07310653477907181,0.14543716609477997,0.034831758588552475,0.0
2023-11-30,0.048880014568567276,0.16193194687366486,0.09938568621873856,-0.02292899787425995,0.12728558480739594,0.0,0.0,0.13095025718212128,0.05144114047288895,0.1444602757692337,0.04280809685587883,-0.02166561968624592
2023-12-01,0.038793926791221484,0.15739882598362812,0.0,-0.15762588424768242,0.1556488181184013,0.04684602477833174,0.044895085251366554,0.13665142714952627,0.07152534010373143,0.1531030757961462,0.03751159177996445,0.0
2023-12-04,0.04740355897879891,0.12414902915885699,-0.17200888578741608,-0.03037721360418141,0.13133504819983693,0.08306811721058552,0.026451000979283747,0.12302916452332568,0.073537765625661,0.14119913864874148,0.047441077283312254,0.0
2023-12-05,-0.053587380796670914,0.12617380917072296,0.16872525215148926,-0.03980874642729759,0.17317409813404083,0.0,0.0361948199570179,0.1536814570426941,0.022033628076314926,0.0959755927324295,0.043566834181547165,0.0
2023-12-06,0.033363304973319866,0.1146612267254582,0.25,-0.035293958304467445,0.15741643245583223,-0.042574464864570054,0.01716363217107071,0.1249310138533461,0.05366973845849009,0.11125314710367552,0.05206008759900424,0.0
2023-12-07,0.0,0.11050688475370407,0.18190978467464447,0.0,0.1297660619020462,-0.0428767167031765,0.0,0.09179775416851044,0.04121370241045952,0.08546286821365356,0.0,0.0
2023-12-08,0.0,0.1431698203086853,0.08395455777645111,0.03272891417145729,0.15391656756401062,0.0,-0.02821994759142399,0.13764169812202454,0.024334045127034187,0.0898142009973526,0.04985334351658821,0.0
2023-12-11,0.04634454846382141,0.15097564458847046,0.14525391161441803,0.05625548213720322,0.15750399231910706,0.0,0.0,0.11720568686723709,0.0702972337603569,0.13168513774871826,0.049397170543670654,0.0
2023-12-12,-0.022868851199746132,0.12538839876651764,0.0,0.0482231043279171,0.16410984098911285,0.042727839201688766,0.0,0.03869519382715225,0.032835088670253754,0.08531083166599274,0.04793863371014595,0.0
2023-12-13,-0.0632916174909021,0.1342121910357569,-0.13155345294650939,-0.05303059013904199,0.1592823095690792,0.04901421952689378,0.02420531650368311,0.11993805003050016,0.04816290279013324,0.12901505983638167,0.032317201472393337,-0.0559770886587251
2023-12-14,0.02377568744122982,0.15428824722766876,0.05820966884493828,0.03617599233984947,0.1747002899646759,0.06053849682211876,-0.049491237848997116,0.13356681168079376,0.08722318708896637,0.1647704690694809,0.05643947795033455,0.0
2023-12-15,0.022014982998371124,0.10468610376119614,0.15611068904399872,0.05625767260789871,0.18016767501831055,0.05239356309175491,0.031413402408361435,0.11227937787771225,0.0,0.16438141465187073,0.0,0.0
2023-12-18,0.02382902428507805,0.11194886267185211,0.05947084724903107,0.022161882370710373,0.18536090850830078,0.04419077932834625,0.0,0.05069420114159584,0.0,0.15516085922718048,0.0,-0.07489698380231857
2023-12-19,-0.022353603150488174,0.1679841339817127,0.09584010300763474,0.0,0.20990785626082448,0.035996746525397166,-0.031113104929569563,0.1542404515095538,0.04066697467408907,0.1727052903026471,0.0,-0.06919173565808323
2023-12-20,0.026073547080159187,0.14492669701576233,0.0,0.03540220111608505,0.23571628332138062,0.04835665598511696,0.0,0.1797664612531662,0.07398077100515366,0.11784840375185013,0.0,-0.027238525450229645
2023-12-21,0.0,0.08335038274526596,0.12090549618005753,0.0,0.2389070689678192,0.0,-0.07210524380207062,0.10523564368486404,0.03566553816199303,0.030093755573034286,-0.08746619522571564,-0.12308803200721741
2023-12-22,0.03468105728849729,0.12120756041707546,0.15257336757354464,0.0,0.2295379888046952,0.04634537076364735,-0.035182412017667614,0.13703311231556498,0.05533523861633745,0.12455399813420208,0.0,-0.06354989406876795
2023-12-26,0.040413837511429664,0.11637809282341773,0.17963716342826536,0.0,0.1855669204234186,0.05773471837104457,-0.058716675884519585,0.09947057338253959,0.06863079440352676,0.134865996077985,0.0,-0.05858522769385313
2023-12-27,0.03798965737223625,0.12103263288736343,0.05847311019897461,0.0,0.14291083812713623,0.0624360516667366,-0.0522468164563179,0.10063439607620239,0.07549721747636795,0.1715162843465805,0.0,-0.04274342954158783
2023-12-28,0.037123821675777435,0.12000137567520142,0.11900727450847626,0.0,0.12397007644176483,0.052393361926078796,-0.04154391586780548,0.12713439762592316,0.06348402798175812,0.1743941754102707,0.0,-0.03752487525343895
2023-12-29,0.05885827913880348,0.12412071228027344,0.14532622694969177,0.0,0.1348389983177185,0.04635811224579811,0.0,0.10860258340835571,0.06796570867300034,0.1755465716123581,0.0,-0.027766933664679527
2024-01-02,0.09706214123800791,0.12322088565901686,-0.17469957642981068,0.0,0.12879276487743532,-0.046259396979292364,-0.08158801461554166,0.0953980646824461,0.08027898590490772,0.13183580281513987,0.04086436679840153,0.0
2024-01-03,0.11401448398828506,0.1299130618572235,0.09006897360086441,0.03394974023103714,0.13094745576381683,0.05438820645213127,0.0,0.0964597538113594,0.06601537764072418,0.1482059210538864,0.05656011775135994,0.0
2024-01-04,0.13141009211540222,0.1505773365497589,-0.0205331239849329,0.022714806720614433,0.1317567527294159,0.03986716270446777,-0.060246776789426804,0.08115085959434509,0.08331843465566635,0.12211214751005173,0.056259121745824814,0.0
2024-01-05,0.1241087093949318,0.12284431606531143,0.07058976590633392,0.04149705171585083,0.14502260088920593,0.0,-0.04935295134782791,0.09097854793071747,0.08206438273191452,0.11900412291288376,0.04445071518421173,0.0
2024-01-08,0.02382931113243103,0.05872282758355141,-0.08617822825908661,0.06506158411502838,0.13372565805912018,0.0,-0.02070203796029091,0.12600332498550415,0.03279846906661987,0.03791389241814613,-0.04627138003706932,-0.07665857672691345
2024-01-09,0.06264706973528847,0.09056843389049418,0.15497703261326942,0.05061481181431272,0.17333623114644034,0.0,0.0,0.11924154500490866,0.07795784299560432,0.24639132922212761,0.02426570357755409,0.0
2024-01-10,0.06611027122622333,0.1348608453304783,0.13534431110376907,0.06199731463656995,0.20798301064575095,0.0,-0.032394107889481806,0.03906840667067062,0.062426255472242356,0.21442622141099948,0.023444407945582824,-0.02194484766823133
2024-01-11,0.07005755024839908,0.14116079666955508,0.14605600398762442,0.05094338180524726,0.1597007422663284,0.0,0.0,0.12763445663787354,0.09328012596716967,0.18645857305979557,0.024708369358007,0.0
2024-01-12,0.07386780645910473,0.1458017142381528,0.1501961081317298,0.04945838189520232,0.15997833307861753,-0.040353521690995334,0.0,0.09489445308259621,0.0828761661822717,0.15865421074546338,0.021497296353030045,-0.022422008142836153
2024-01-16,0.09653902798891068,0.1309201419353485,0.12041567265987396,0.07139034569263458,0.1690412163734436,0.0,0.0,0.09940942376852036,0.10581659525632858,0.05257730558514595,0.0,0.0
2024-01-17,0.09171900153160095,0.11331053823232651,0.11965104937553406,0.0741652324795723,0.1448088437318802,0.0,0.02282606065273285,0.042486123740673065,0.07664395868778229,0.19110572338104248,0.0,0.0
2024-01-18,-0.07674460858106613,0.06847013533115387,0.1921040564775467,0.03506575524806976,0.12138978391885757,0.0,0.0,0.0,0.022790538147091866,0.05489121749997139,-0.08324068784713745,-0.08691652119159698
2024-01-19,0.06668932992982131,0.10391400999415447,0.13167458258880066,0.06171811814205245,0.15652449956562198,0.0,-0.10482730965454146,0.06920562400719366,0.05436823331681636,0.03489002442136374,-0.10393803717657524,-0.11225023120305869
2024-01-22,0.08535968823409897,0.11911807618187938,0.16583456303929456,0.05903898758870286,0.15648982628677618,0.0,0.0,0.11315836287421333,0.06308977218845807,0.1872963745278939,0.01869813765406116,-0.0319162114246216
2024-01-23,0.09423958510160446,0.1290193796157837,0.1654532104730606,0.059601157903671265,0.141964852809906,0.03383202105760574,0.020707868039608,0.07286598533391953,0.0239546075463295,0.10639450699090958,0.0,-0.05516405031085014
2024-01-24,0.05690617114305496,0.13923007249832153,0.12767474353313446,0.06983363628387451,0.09285975247621536,0.03675955533981323,-0.048460040241479874,0.053594838827848434,0.026691239327192307,0.03551922366023064,-0.052442073822021484,-0.0639830157160759
2024-01-25,0.0,0.12633143365383148,0.1435389667749405,0.051242321729660034,0.05265918746590614,0.0,-0.12644433975219727,0.08462907373905182,0.039433661848306656,0.14357024431228638,-0.048217929899692535,-0.10283184051513672
2024-01-26,0.0,0.09576217085123062,0.0,0.06910762935876846,0.11862600594758987,0.031717125326395035,-0.03526727482676506,0.07006054371595383,0.0350373350083828,0.10366924852132797,-0.034543782472610474,-0.06974956393241882
2024-01-29,0.0,0.07410429418087006,0.02257157489657402,0.05563753470778465,0.051154885441064835,0.0381772555410862,-0.07270355522632599,0.0,-0.03692224994301796,0.0,-0.11873111128807068,-0.13159631192684174
2024-01-30,0.047432620352462394,0.07153740606450763,0.1535296751587745,0.07050421441723356,0.05234861132294839,0.0464033481424087,-0.23965805562502876,0.07759888203210442,0.034001243132028916,0.11000856106021809,-0.02340799155199197,-0.07356939114029266
2024-01-31,0.08721090108156204,0.058057427406311035,0.18295101821422577,0.06382300704717636,0.025823183357715607,0.04097024351358414,-0.042622290551662445,0.062376681715250015,0.0,0.11366543918848038,0.0,-0.029402444139122963
2024-02-01,0.043894559144973755,-0.10785561054944992,0.1556338667869568,0.027774212881922722,0.0,0.05198218300938606,-0.06476082652807236,-0.046721138060092926,-0.08363544195890427,-0.038154251873493195,-0.08937904238700867,-0.16678816080093384
2024-02-02,0.07252085867117115,-0.20283938249054856,0.11681757974654025,0.026703902296983214,0.0,0.04113230659967533,-0.07636814544004385,-0.22071162649322246,-0.03817049048894466,-0.0534263973222417,-0.06649702567828447,-0.08481228477234434
2024-02-05,0.10670940277870952,0.14145640550356464,0.16069699674474494,0.03028514852146435,0.026479355796115364,0.057906557158981575,-0.059191683308261724,0.25,0.03381948963647868,0.09092337714949063,0.0,-0.03508336694223119
2024-02-06,0.16033333474760045,0.060148649079738555,0.17689927301408767,0.021749555486914526,0.08939208142958137,0.0,-0.08274768073345495,0.06352083266873639,0.03766173671007998,0.24202427557171494,0.0,-0.06552258055809114
2024-02-07,0.1609683334827423,0.0,0.19526401162147522,0.051331065595149994,0.10646439343690872,0.062084536999464035,-0.06565925478935242,0.0,-0.05219429358839989,0.0,-0.036501456052064896,-0.10323552787303925
2024-02-08,0.11051397428106993,0.0500676961351601,0.24280332468215055,0.045681851108029664,0.10369841305133251,0.060028559983486704,-0.02690972126676171,0.14177666661848087,0.038893611462659426,0.13048076913904502,0.0,-0.049145412271823494
2024-02-09,0.1220584437251091,-0.0718841627240181,0.25,0.05844205990433693,0.08263621479272842,0.05725886672735214,-0.04678230360150337,0.1097046360373497,0.0,0.0,-0.0468241348862648,-0.10013113915920258
2024-02-12,0.10133423336964245,0.07716077286890966,0.23797291367260506,0.05564461555329384,0.1056984736595684,0.04553757391601082,-0.05473405521063673,0.07238259089873872,0.03865562563233653,0.14314485181184244,0.0,-0.06773429340641536
2024-02-13,0.10278015824720547,0.053823082620571075,0.25,0.06496809142356212,0.10698746660397232,0.06877513844785417,0.0,0.10465345257810661,0.05284280459112442,0.09867138868548414,0.0,-0.032255515676861524
2024-02-14,0.11748717725276947,-0.04686141386628151,0.1198655441403389,0.07796262949705124,0.07004815340042114,0.07418767362833023,-0.09286914020776749,-0.060156531631946564,-0.029183819890022278,0.0,-0.09622586518526077,-0.13905863463878632
2024-02-15,0.1087867573932209,0.03542416729986266,0.2365923702750453,0.0727447832611962,0.08833445108257669,0.017620085921947803,-0.16520759119149275,0.0,0.023995487814672388,0.10974579574595071,-0.041124672270799224,-0.10042383774323539
2024-02-16,0.14154446125030518,0.053948115557432175,0.16754992306232452,0.11432605236768723,0.12855014204978943,0.07644646614789963,0.0,0.13425526022911072,0.049558185040950775,0.05780263990163803,0.0,-0.04442071542143822
2024-02-20,0.1400057164968496,0.08279770706519403,0.17502373926080486,0.10822914754739674,0.07953122689044081,0.051462147723014766,-0.05949253697698055,0.07619163561377262,0.04849133916597305,0.1318699405999305,0.020709978848631367,-0.02619488381101111
2024-02-21,0.14965993389075588,0.03185742085805453,0.16271805972624673,0.09925468606749173,0.05714261687326787,0.06614511135873499,-0.08137698705605491,0.07508643957675604,0.04711147362128856,0.16580147006061496,0.022439255412539,-0.041406545498194794
2024-02-22,0.10226315736185813,-0.06396125072058702,0.08885462310166893,0.04972395091396073,0.04031270945613426,0.02336751815754882,-0.07070499578915947,-0.05724914781785516,-0.039494327803818,-0.25,-0.09757917572720247,-0.10803984048153387
2024-02-23,0.1614091396331787,0.06805454194545746,0.17423370480537415,0.07532698661088943,0.11771782487630844,0.04633394256234169,-0.07628396898508072,0.06394656002521515,0.03444289788603783,-0.0853058323264122,0.0,-0.047306254506111145
2024-02-26,0.16027091443538666,0.09449554234743118,0.0,0.06970775127410889,0.10939735919237137,0.021512499079108238,-0.05494343489408493,0.10098499804735184,0.05890323594212532,0.08508870005607605,0.020676257088780403,-0.028068294748663902
2024-02-27,0.1634212245983241,0.08893294344472054,0.25,0.05032329228753195,0.07054407631937608,-0.022480394568946665,-0.08487626865234683,0.04381169089004383,0.04126162469444862,0.12073594966965752,0.0,-0.05475732805055253
2024-02-28,0.17008874751559785,0.06929790153293179,0.14810983227811111,0.0417871370963495,0.13203486674719353,-0.024181411054441534,-0.109195583204329,0.08348712512986986,0.032420660162754036,0.11918718986168032,0.027884184449401536,-0.04232536096733993
2024-02-29,0.17408473789691925,-0.03589075431227684,0.25,0.0363394059240818,0.10351810604333878,0.0,-0.12754979729652405,0.03290722519159317,-0.03179320693016052,0.0,-0.02580975368618965,-0.06705944985151291
2024-03-01,0.17263346910476685,0.03318008780479431,0.10837731510400772,-0.025732574984431267,0.15297582745552063,-0.043506138026714325,-0.0462278313934803,-0.03575177490711212,0.0,-0.05501379817724228,-0.059476591646671295,-0.10820905864238739
2024-03-04,0.12748655676841736,0.11274547874927521,0.0,0.02609982155263424,0.15671496093273163,0.0,-0.10595614463090897,0.1977260857820511,0.036067571491003036,0.06567426770925522,0.025460779666900635,-0.045326124876737595
2024-03-05,0.12100082202001336,0.0800284019087642,0.1687419868959313,0.022380219740056984,0.1258372392115684,-0.02170685257555747,-0.08324973568266854,0.15308369697989244,0.04014022727008521,0.1598679437388377,0.023962873976624378,0.0
2024-03-06,0.18039284646511078,0.07277756184339523,-0.07369118183851242,-0.06320849061012268,0.17382599413394928,0.0,-0.06392820924520493,0.10500572621822357,0.03148825466632843,0.11266379058361053,-0.032132647931575775,-0.07347259670495987
2024-03-07,0.19897861829192864,0.0,0.14385917097285073,-0.08565963279809433,0.1225482128402341,0.030636734460176365,-0.024731762169918403,0.0449948443907754,-0.060094416687706695,0.11920585171634787,-0.07207175509678689,-0.09721900057518058
2024-03-08,0.18511828638619038,0.05905669450713739,0.08730388781705986,-0.11173936609898774,0.13705763856000772,0.025675397905643518,-0.052435868606435156,0.14260538657704674,0.033172634999674225,0.14427652297877264,0.02155831556304444,0.0
2024-03-11,0.22297644950591292,0.09086395569162509,0.045567446300862624,-0.10202198882302826,0.15781274190962793,0.023957178181591494,-0.043158196772501524,0.14887809378800332,0.05232713039411992,0.06750896026799377,0.02447450883412798,-0.020453349530605174
2024-03-12,0.18574644510822624,0.0,0.17533864869398255,-0.0820502576285306,0.14867971157173468,0.037287523460834124,-0.06145472802190851,0.0,-0.04455488944518933,-0.1723769636314895,-0.02908468301474966,-0.06342614942335481
2024-03-13,0.15925348408908796,0.05653955958323277,0.0751303705454605,-0.18383136027703656,0.1614289265329434,0.0324758862316643,-0.06533670958841338,0.06956372965286288,0.05746836643726909,0.08555290519124163,0.03418147877052927,-0.019237223100258265
2024-03-14,0.17049756994094964,0.07801949746579434,0.16047157411620538,-0.10335533519669744,0.1451887247555473,0.03323401391140559,0.0,0.11471381856728283,-0.018457993674239136,0.12009656568932986,0.03742429218242984,-0.018540614500118627
2024-03-15,0.16959235541856144,0.08644666831349436,0.1122978110326899,-0.08374284050215601,0.1239028410452305,0.04171448024656249,-0.10151482359108065,0.13405867998350554,0.034750430076300576,0.05728393862033957,0.05469513117007898,0.0
2024-03-18,0.19723644852638245,0.08843762427568436,0.1401994824409485,-0.09711110591888428,-0.0597715824842453,0.07065694779157639,-0.12399358302354813,0.06408458948135376,0.0,0.022719500586390495,0.0,-0.05410356819629669
2024-03-19,0.17277074136852347,0.05485682203861946,0.25,-0.05122692214658433,0.15454679202207636,0.06963722244573935,-0.050625554825969164,0.1014346318279784,0.0,0.0,0.036869165062184975,-0.04431651697110402
2024-03-20,0.2024993747472763,0.05849092826247215,-0.12262710928916931,-0.11927665024995804,0.06340043991804123,0.08986769616603851,-0.10065146535634995,0.11329150944948196,0.0,0.03458806872367859,0.0,-0.07351144403219223
2024-03-21,-0.04543566703796387,0.11337947845458984,0.0,-0.03904552757740021,0.10286353528499603,0.09700705856084824,-0.09589817374944687,0.16730254888534546,0.032725945115089417,0.09218473732471466,0.05658167600631714,-0.038481295108795166
2024-03-22,0.0,0.10883277654647827,0.15669550001621246,0.0,0.0,0.10973163694143295,0.0,0.18530277907848358,0.057138655334711075,0.07019900530576706,0.05347958952188492,-0.03297048062086105
2024-03-25,0.08145314161061305,0.0824197625472534,-0.18159125307366641,-0.03772620249563351,0.11570159835318516,0.08752614804211828,-0.025474422771139132,0.1457955311692699,0.03318676101888954,0.14452724734524044,0.03415068382130837,-0.030447247751682786
2024-03-26,0.11492267085362748,0.09655260134812729,-0.08544231199154066,-0.04209544141916112,0.06626036834674366,0.09721023177411983,-0.08285563022237237,0.15168671456260147,0.020499297571033182,0.1778576608105846,0.028657750847635798,-0.03595932025245251
2024-03-27,0.10231092435110861,0.06145068124942016,0.057993990671010194,-0.059433947672281856,0.08764073727298476,0.07906074135246959,-0.16674216700613576,0.12625137842314513,0.025975795825599272,0.156490978213676,0.0,-0.07664865796216867
2024-03-28,0.13872604674131567,0.08984210188349492,0.034391483694644016,-0.11030060650724033,0.10471603995476624,0.10065816281639656,-0.057879868090881435,0.1464513271052627,0.046599559109635175,0.1029879635680204,0.02909636531140798,-0.038350475216934576
2024-04-01,0.14944162964820862,0.11117104440927505,0.11581677198410034,-0.10836639255285263,0.08170685917139053,0.08622636646032333,-0.020160343497991562,0.12560704350471497,0.03861846402287483,0.09060723334550858,0.02808811143040657,-0.03244573250412941
2024-04-02,0.11827330301957487,0.08582067434525688,0.1716780404359376,-0.11646016647485026,0.14224362375521646,0.04724154279507629,-0.03629670725465857,0.0948860956075111,0.05982188183922342,0.08946905181459473,0.03780891265809983,0.0
2024-04-03,0.15670515186999218,0.08495671828078749,0.10917707434412423,-0.09370605128511386,0.10868733729490893,0.03808065288479159,-0.032966560289899784,0.13607009840738735,0.07652608037828187,0.10526129734358027,0.03256626855071203,-0.02529670907042044
2024-04-04,0.1566046103478259,0.09526156232180266,-0.08032616078711634,-0.06558538264047069,0.06441761743545941,0.06375189026892823,0.0,0.18391594234901248,0.08096207936737286,0.15312754728378447,0.056047207198226916,0.0
2024-04-05,0.18004439570166353,0.0,0.0,-0.25,0.048671697034249325,0.07608811775346479,-0.08118499551747865,0.20672520703749092,0.03333963060333798,0.050715469081069935,0.0,-0.05395530747495355
2024-04-08,0.1275005410221429,0.0909140557082669,-0.09328536816028687,-0.11515592151720515,0.0808623251630228,0.0784004812582009,-0.046768291338125004,0.18160073461659848,0.07024404364255732,0.06357146602915292,0.05169677154444076,0.0
2024-04-09,0.13512035182411353,0.09019851102090916,0.07925928829394427,-0.11105329034178311,0.12772821483169644,0.08010575079581216,0.0,0.15195100823277907,0.06421151222985787,0.10454935086564879,0.05582272156345559,0.0
2024-04-10,0.13088434981835417,0.1009817189762001,0.03979218325730419,-0.07527925600073945,0.14495069656613704,0.09879246922571228,0.0,0.1658698384947444,0.08114191382325833,0.059684807954283665,0.07359945276850836,0.029023313114758004
2024-04-11,0.03861939591892239,0.07735710978291452,0.09255674186344602,-0.25,0.11878567225380363,0.11476370938557193,0.0,0.18604572347521944,0.047942157850374006,-0.02858615939766522,0.026951132735617764,0.0
2024-04-12,0.1528430629250022,0.07491910789793295,0.12300411010004642,-0.05062696930666189,0.10100954364975619,0.09764091995117588,0.06969133817085597,0.13175007651097637,0.057529555711027254,0.0713482889324042,0.043442838558796944,0.026194188285363736
2024-04-15,0.035506816732399804,0.0611086570007126,0.15399667964056496,-0.16317343856282893,0.07323209586628661,0.09318557719297185,0.05988869586626673,0.11220630112488794,0.05886017075747741,0.09676752912741593,0.05223747829359869,0.03983655983458856
2024-04-16,0.0513618817159464,0.07059988966598742,0.12471322382357616,-0.0836051955682797,0.08872646956883506,0.10732737740935692,0.09583068370807855,0.13858011923810878,0.06302656506966602,0.06808265637440844,0.062056086131337694,0.04608985172641888
2024-04-17,0.06614867744253848,0.07595685322051397,0.13578917643808192,-0.03851674444572953,0.07181794497227618,0.10382657954189135,0.08475531792432331,0.1293617830355952,0.07390431599886076,0.09576835497757966,0.07152150217703805,0.05263274982557161
2024-04-18,0.08951009977208924,0.08713500321019735,0.036665153663629366,-0.07227896865229005,0.0891919755606789,0.1205140203511974,0.0693725353923513,0.13389355287320995,0.08677213381421477,0.07746531848066637,0.08037027738578396,0.05683096084369133
2024-04-19,0.10202557628680213,0.09764852960340412,0.027784447016671283,-0.06646128135878207,0.0912126702812488,0.12457967158142447,0.0,0.10466582712757569,0.09727237963603577,0.1334240767531929,0.08829595807138953,0.06662958228347324
2024-04-22,0.14420421779133288,0.08444823067812376,-0.03928597627901777,0.0,0.0947300300476613,0.16385622542245745,0.0,0.1616178536723449,0.11636057117889557,0.04527774416827164,0.09107019130091515,0.05914895946097956
2024-04-23,0.1544149736251286,0.08828718074192911,0.08514962150381429,0.0,0.1010057110975396,0.12094994983274554,0.03855892004823884,0.13503844687519329,0.10415700547775178,-0.026816546133167137,0.09267619232170189,0.052945452342789946
2024-04-24,0.14174741903350438,0.08321708489552,0.10409487481112512,0.0,0.09828362934312791,0.06803914006336888,0.0494357349364253,0.13230324793259607,0.10274790837677698,0.07120369055754211,0.09340353676444664,0.0555237332855666
2024-04-25,0.1694684354968141,0.11522834878502097,0.10568180432317076,-0.03223723229819329,0.09173565036169468,0.06605742837935649,0.04950811777283005,0.0825702115970335,0.08516662822297254,0.0398000015108187,0.10245174320114722,0.06009439805094774
2024-04-26,0.14063755269968747,0.042413620616053097,0.12009184372114534,-0.024576312476301536,-0.22371670188527246,0.07248308857264794,0.032732625931947874,0.13034082623827142,0.06352248418422586,-0.030993096954184004,0.08552681915673072,0.032965027563532055
2024-04-29,0.10819903016921521,0.09793433741783422,0.11394312611453389,0.0,0.04526164809842335,0.07684297296989438,0.020261731362683884,0.16278042867865863,0.09442522127594696,0.1385490149660487,0.10028286983538807,0.041519619111372696
2024-04-30,0.06934583685078716,0.07449752425439328,0.140690735397298,0.04759898967789823,0.04402292258391023,0.0809606814292411,0.02543749784516247,0.17368899684816294,0.09623793783185647,0.15124708957894892,0.06411049009295418,0.03216129760938703
2024-05-01,0.09104083677017238,0.0,0.22776424032240913,-0.02649818642230437,0.0,-0.1252309699665817,0.0,0.1686062719204532,0.07964615216670533,0.15997564763370872,0.08649558164480291,0.03474211315286226
2024-05-02,0.055155880749225616,-0.034493107348680496,0.1623132824897766,0.0,0.0,0.08991102129220963,0.027455709874629974,0.1858694851398468,0.13044899702072144,0.04950001463294029,0.05571967363357544,0.0
2024-05-03,-0.06527778506278992,0.13077250123023987,0.04944194108247757,0.0,0.08453962951898575,0.07118330895900726,0.05245768278837204,0.15913774073123932,0.12981140613555908,0.12219905108213425,0.07725881785154343,0.020047316327691078
2024-05-06,0.11956986365563532,0.0815191414650349,0.14146078302156043,-0.036690731022192044,0.06533645487203474,0.05066783413627803,0.018723893246965276,0.08914333878119896,0.12199730647075833,0.14658254909702037,0.09703322927175972,0.031274874959561876
2024-05-07,0.023247250218991225,0.09044440827280617,0.17735727963418577,0.0,0.047700602751778794,0.061588102491339135,0.05607381140179475,0.13204161218936206,0.09797856980948012,0.19780605028155077,0.0822441883418207,0.0335181246068905
2024-05-08,0.04079058253504706,0.06992786574600242,0.20502651586447146,0.0,0.1164860791971613,0.0914486679355353,0.01823731017271464,0.15113630186783528,0.08337288737304534,0.1672052207687027,0.056368568539484534,0.0
2024-05-09,0.03043480809773934,0.025649640139404847,0.16660211803342093,-0.08186114021452338,0.06757787535807029,0.0902904373315501,0.0864889643193979,0.14014054418217017,0.0801980029971298,0.17180000519561153,0.03985917221617435,-0.01909729191480734
2024-05-10,0.05415430459689303,0.05396795066032316,0.15543930756439767,-0.043016319213038466,0.07911535143961065,0.08984294189458726,0.1434892658543305,0.12750113095180804,0.0762624132409254,0.13879732438983422,0.0384136901942516,0.0
2024-05-13,0.0,0.04696073966522368,0.16085946379056013,0.0,0.07076513459730006,0.0955296300733242,0.10763698764428564,0.12550221119520535,0.09249469259559942,0.23167349027430076,0.04614921088393585,-0.022428439280264893
2024-05-14,0.08327512982605009,0.04089374579870987,0.19054012637722634,-0.05082723523539316,0.05581331726343701,0.09309152153812328,0.04745768934766409,0.07981125650147801,0.05994991851251828,0.22175215195034242,0.036634905843934334,-0.03995300180512312
2024-05-15,0.06632902934711137,0.07110348837207123,0.0989382215648149,-0.07170284833201775,0.05434853497143642,0.07043586168885675,0.08014144640108989,0.10646818173635264,0.058074673322483686,0.2238403931633373,0.0333054628056741,-0.06531185829475399
2024-05-16,0.07120083051837851,0.06802211377996202,0.20888143946663149,0.0,0.06663672895399592,0.060714769748940176,0.04583062492596907,0.11303514609113108,0.0751586038834554,0.22484099312497285,0.05163628229097967,-0.014042467215583821
2024-05-17,0.05803614698179807,0.0653358515945905,0.18593169861624084,-0.08376304795411214,0.0864932171651226,0.06688723803937408,0.03883745599776604,0.10536352104886154,0.04898640881870722,0.186786244585616,0.02737996532380726,-0.046199203874003704
2024-05-20,0.057817768305540085,0.10831388831138611,0.2453727126121521,0.0,0.12135139852762222,0.0,-0.04521903768181801,0.15315121412277222,0.033143337815999985,0.16022764146327972,0.0,-0.06598515063524246
2024-05-21,0.05351363138665064,0.08417478041837757,0.25,0.0,0.07360817937414245,0.0,-0.08256796734390617,0.12423278211290184,0.06574746609938861,0.19064544284552254,0.018961144278541876,-0.04909010209750275
2024-05-22,0.07263414554608802,0.10600673791114117,0.1696668941567497,0.0,0.09211496589866999,0.0,0.041215618193456885,0.1599217227915845,0.08268339338781198,0.21916519269010268,0.019214175827347166,-0.03737715359704793
2024-05-23,0.06750752489772005,0.11979107953877106,0.1926740616410705,0.03654195382356311,0.09628397802801272,0.0,0.08832888918410213,0.25,0.06614219892663627,0.028165823150158927,0.022181723892097674,-0.021197891744423963
2024-05-24,0.0,0.10088466650039642,0.16551134399609546,0.0,0.030284998711074547,0.05098613042286386,0.04761291315851983,0.21326666054527038,0.030069247042201052,0.25,0.0,-0.04110012040263788
2024-05-28,0.04370217712786491,0.08626918888401049,0.1990728521627417,0.0,0.051462461479093974,0.08134097278960646,0.08936872026799057,0.22551215453760726,0.05838132934523513,0.1323294336295474,0.03256070977630212,0.0
2024-05-29,0.04920215750098891,0.08560397477346211,0.15558163316047885,0.039278415834045094,0.07669504218169687,0.07322924785721477,0.07735972269031126,0.11631942116374079,0.05693224970717455,0.22709321591138093,0.03049426176673908,0.012210657452766786
2024-05-30,0.055537504696919565,0.09525983551653304,0.19666868276333066,0.04674619101769148,0.09217925083401442,0.11141415408103739,0.08495673595021001,0.11259412718786936,0.02546348616364515,0.12478640055506002,0.03238428107939694,0.022009350154291982
2024-05-31,0.05731330750258528,0.10450840967421113,0.18781997198066955,0.061731298025001644,0.07660616148247829,0.13809178833083954,0.08161310422764724,0.13840852052724614,0.0439572743099048,0.0764940052578795,0.03345615868153691,0.0
2024-06-03,0.06769819659768168,0.07703944193165876,0.19693552367150355,0.03856538930320046,0.07003149296650277,0.1419679217045089,0.09232268593738774,0.17085541176965383,0.07271208315904444,0.016034873654346086,0.032304542923620075,0.02353243638089172
2024-06-04,0.06206313473816872,0.0788584432100995,0.1851083742501488,0.044351907090109596,0.06169590072070167,0.09772729622704063,0.060448757965339175,0.14963302091516237,0.06560223937446293,0.1362287981463442,0.03787840649294099,0.020403720869481435
2024-06-05,0.05975543120496283,0.10604737648343329,0.220902825066257,0.02493028202834292,0.07820004769822715,0.08267328324844443,0.07073902852119937,0.17891049091309535,0.08900848768922719,0.06894634404400214,0.019886403102808356,0.0
2024-06-06,0.05312656731959077,0.1010616213402552,0.15448017896070568,0.03214007382179621,0.07908148310696002,0.06861540610750243,0.0582773002129829,0.15690866987077018,0.08920706262654841,0.14593015844890075,0.04518221813939461,0.01598926004459282
2024-06-07,0.0360998758278394,0.12482283504653068,0.15671565290952613,0.02982558120561116,0.1024394247570661,0.09587514736656291,0.055430293080438564,0.15265327116331057,0.10488546493983486,0.09860206101773022,0.0426503926855494,0.0
2024-06-10,0.05902283283564711,0.10316078731880857,0.1673477635875235,0.0,0.0943701715227894,0.09985356761018822,0.08983462190735686,0.15618411016916306,0.09640415489276156,0.10849395000770092,0.025328040148060782,0.0
2024-06-11,-0.16672196495118533,0.09494063127930935,0.11857179369481496,0.0342609911387147,0.07529131582077848,0.0765830209603755,0.06662831429766582,0.168404066847879,0.08001095480152912,0.10605218248046681,0.012534763727280946,0.0
2024-06-12,0.05183652322084098,0.08719915621889923,0.1500552240583325,0.06019247974998267,0.10156594806931805,0.08394324684073612,0.10506559884595228,0.18062415914108765,0.08856686964427868,0.0566717987110617,0.0,-0.03427899549951015
2024-06-13,0.13989277748413653,0.052186609863199764,0.1405404292778901,0.06981957827766545,0.08878417865962399,0.07414289469517535,0.0672193483177743,0.12261466109738316,0.09351664532546682,0.1143801485675511,0.023349834511583997,-0.013552893922549441
2024-06-14,0.09465437026648973,0.05157851850302615,0.15943075445996263,0.04667834097326198,0.07042652101760571,0.09000447253723722,0.0954502355187025,0.12262530989457485,0.05797589870800187,0.18792771740316108,0.0,-0.023247860717976254
2024-06-17,0.0,0.06943230975646464,0.1570713186476369,0.07735711877724041,0.08693345667953367,0.09463137035911744,0.10162315860437089,0.13800683421569643,0.019282160441507157,0.16818507696247087,-0.02889143741810479,-0.05858575813785679
2024-06-18,0.07099975263313374,0.08593542868802924,0.1610197699740864,0.07438073024340242,0.09535545678453564,0.10016392300860501,0.12383496741390591,0.121750868277266,0.044528109319035135,0.0824230257111811,0.0,-0.03960796794681941
2024-06-20,0.04814723113275052,0.07249138650971974,0.16942677768981038,0.07091389559399153,0.0812353152333694,0.08888021801915945,0.13978333155462935,0.12965785560842144,0.018778873688115767,0.147671177612636,0.0,-0.033013937357396224
2024-06-21,0.03440105993620111,0.1255478009290925,0.16247072477246205,0.06912453304697944,0.07553292699986931,0.1188184292340446,0.10437462437838317,0.12253683358564776,0.0,0.12327125887374779,-0.025668703584694627,-0.03825310465887763
2024-06-24,0.0,0.07006748188971007,0.146533055475621,0.06087674981465909,0.12101316218113913,0.11561057685268,0.07947566202155511,0.13765757977316967,0.03382800021463982,0.2048206986760049,0.0,-0.030117033100821207
2024-06-25,0.0,0.07540603721607152,0.13885482613441447,0.09186401969956859,0.10130953401943968,0.07588470034825096,0.1186652502728832,0.20157597848121003,0.0,-0.07328050444409792,-0.06708197541452258,-0.05607717396954104
2024-06-26,0.0,0.0,0.18074223293410613,0.09859350730180602,0.16894659544998927,0.06662528692324024,0.11132071517771354,0.24630080750949784,0.04258439161443826,-0.0476403300324181,0.0,-0.03724613305679058
2024-06-27,0.05169632722510606,0.14709113262551518,0.15120248473963352,0.062494608496469824,0.11015591416167739,0.060431788093939634,0.07874417116519002,0.1983395369301491,0.039052547576257986,0.07556735127973656,0.0,-0.025224137706324735
2024-06-28,0.08712039147725197,0.06107276077409188,0.17194863048172312,0.10281876986930823,0.10458361380529718,0.07466919852039981,0.10172497085893122,0.10490693661841194,0.05909886295627296,0.10469813339337845,0.02735773124493304,0.0
2024-07-01,-0.05223401198371942,-0.03644071380139021,0.149049535925339,0.11935073274176858,0.07996313505936074,0.10812343603704912,0.16143775924590786,0.132329217262561,-0.04171848235268205,0.0868177320347521,0.0,-0.0325352435554699
2024-07-02,0.0,0.0577960885223657,0.1565930231637989,0.1039741895371559,0.07502616135166425,0.09859751896520882,0.15341905016091562,0.1238986583734954,0.05355438237886889,0.10615128226215961,-0.020802494907280245,-0.05018715037708666
2024-07-03,0.07811855637402049,0.06722911314759315,0.14884361135109828,0.08901597023141868,0.11380285859936325,0.09555075156959691,0.13433073265070894,0.14187832481285337,0.06131012987884972,-0.028396879477319312,0.0,-0.04152307190717792
2024-07-05,0.0475321039557457,0.0,0.1953687071800232,0.12758873403072357,0.10457184910774231,0.12444882094860077,0.07673677057027817,0.047762732952833176,0.041783858090639114,0.09069374948740005,0.0,-0.0630255937576294
2024-07-08,0.10176690469203842,0.06207465577382066,0.15801438432220746,0.07716506262946257,0.1432126934698767,0.1039884850847882,0.03517365234984739,0.14781644416274328,0.06802636320209944,0.05603520374670607,0.0,-0.046726150566409816
2024-07-09,0.09093806147575378,0.054062459617853165,0.16951748728752136,0.07412432879209518,0.12239500135183334,0.11030766367912292,0.05225016176700592,0.13439621031284332,0.05134093016386032,0.039923202246427536,0.0,-0.07085796445608139
2024-07-10,0.0,0.046500561994145276,0.18000350012155467,0.06596217106632014,0.08117579343681032,0.11648595666805128,0.08863216021573715,0.11116342640331045,-0.03838938608831479,0.0759811439493708,-0.07419106168547804,-0.12151483837090708
2024-07-11,0.09620962533605096,0.05745758016152051,0.2000828638825792,0.050507021789619876,0.07716387242489567,0.1327501900070581,0.07184267645336209,0.08455535353369739,0.03125144371990011,0.14214870856221104,0.0,-0.056030664129105054
2024-07-12,-0.037637202929418766,0.053101698749045564,0.193265631380834,0.08384111328629576,0.07068890942875569,0.09446146038452927,0.05210513605110217,0.12462748961365276,0.02757852346424628,0.06138610420601614,-0.07948091342446145,-0.12182581708164214
2024-07-15,-0.03639749065041542,0.09368865936994553,-0.08893885463476181,0.06480024755001068,0.07875728607177734,0.07791033387184143,-0.0544593445956707,0.13711030781269073,0.031553804874420166,0.08563834428787231,-0.07368016988039017,-0.12191556394100189
2024-07-16,0.06428185718997495,0.07720198789060977,0.20786529675709092,0.0,0.10091212897170937,0.03224548673650348,0.0657490027340299,0.12638077477766563,0.058231963269115006,0.11359956713346633,-0.034749526723477385,-0.118782407816357
2024-07-17,0.07238754640519965,0.08983278303921997,0.09926024492749777,0.0545793753670392,0.1043461086463769,-0.033734955938644784,0.09951265695112198,0.14895564033917857,0.07183701437158062,0.1610175701570575,0.027368703597615115,-0.03716740025946774
2024-07-18,0.1113361157800646,0.1690251226042606,0.10106802866284288,0.026259391041626185,0.1610107669202334,0.09821533423574945,0.0,0.0894826150667347,0.10313051511836585,0.06861136631454576,0.03736826247388477,-0.03449248178169177
2024-07-19,0.06294608861207962,0.15505149960517883,0.030550358816981316,0.024429626762866974,0.1478354036808014,0.0,0.0,0.1200379803776741,0.11057864129543304,0.11840283870697021,0.06156453490257263,0.0
2024-07-22,0.06442416459321976,0.15084125101566315,0.23205220699310303,0.0,0.09508483111858368,0.0,0.023141518235206604,0.10389181226491928,0.0550309382379055,-0.06339017301797867,-0.025870388373732567,-0.08802711963653564
2024-07-23,0.05965869873762131,0.09469126909971237,0.14033721387386322,0.04663432016968727,0.14019368588924408,0.02145891822874546,0.05460948869585991,0.1134970560669899,0.07373267412185669,0.04726513847708702,0.04091126471757889,0.0
2024-07-24,0.09935069932968318,0.09799770241234734,0.061783250952969895,0.06342102694545745,0.08773158461367996,-0.08837007360480842,0.06272262195496033,0.10371451316637592,0.07930182038053929,0.14351951058519152,0.08189365152415118,0.03019354452983551
2024-07-25,0.08077707285135483,0.09786963243033807,0.08156722920010433,0.05536088975240987,0.13134486020718203,0.022847841654718853,0.047836517537164704,0.12133960683288518,0.10642717952304462,0.1358330787953817,0.08552845312804776,0.03326763808736805
2024-07-26,0.08758767504375871,0.09903844670450122,0.14067894707906156,0.0605277197001938,0.15280620405709264,0.12352598100484857,0.030145408653410918,0.050461949057532575,0.06304580597035148,0.12779769598647434,0.0643841667427742,0.0
2024-07-29,0.07013310447771695,0.10289876951426313,0.185473264506612,0.08436768076045109,0.08468867043266654,0.031125666113802616,0.07247712967089576,0.08856719241839493,0.0709028331800707,0.11859228539705642,0.06575971762358782,0.02501368590448203
2024-07-30,0.0601797096372616,0.0998244056965371,0.11051196629130171,0.07176066507646994,0.08701993411745548,-0.07308869737701096,0.01909846684575898,0.10045024746671537,0.08737688252165345,0.1683729340315691,0.08358794166722298,0.03872814927104332
2024-07-31,0.02533598057925701,0.030815092846751213,0.15891914069652557,0.10076512396335602,0.12539662420749664,0.0,0.08996915817260742,0.060535527765750885,0.13808831572532654,-0.15354423224925995,-0.044725023210048676,-0.045488156378269196
2024-08-01,0.07097386063566302,0.08363441589413544,0.13481550936715067,0.09603132614176439,0.11803548678062585,-0.11256511788518356,0.07969542096704715,-0.05393021174979304,0.11003955211558936,0.05931833113593814,0.054059408408288684,0.02690135891882069
2024-08-02,0.037792277548410885,0.051333380147622766,0.07653738108230182,0.06583803913711113,0.11313353345163983,-0.06705242079356355,0.11023220508339644,0.1036273917053478,0.11044433735341001,0.11523554251864017,0.09623589012021669,0.05253760105833889
2024-08-05,0.06281641846711851,0.1253032570877812,0.1381530702162323,0.0404224212114258,0.09761613194386379,0.011814485729535269,0.09697654834515584,0.05270130999027534,0.09285543287350538,0.12652401274286307,0.09062833928024148,0.06418857211200203
2024-08-06,0.11833097772102898,0.13321337272068243,0.10095972773023325,0.06597035489650756,0.151378856863659,0.025845591468582334,0.02940326225773947,-0.08102312693495789,0.10523758604402916,0.05743967580038795,0.08729738257893445,0.043900084983257315
2024-08-07,0.03593248805858229,0.11766318718601038,0.15049520756750853,0.046533937616090475,0.10851746369385241,0.0,0.061964374479003055,0.08448160560535095,0.10559587021643548,0.12693576655574793,0.09534699730835806,0.06653310171306046
2024-08-08,0.02259295992553234,0.18819859623908997,-0.029062341898679733,0.03423880413174629,0.1571868360042572,0.0,0.08974383026361465,-0.04391033947467804,0.16465047001838684,0.0,0.04064815863966942,0.0
2024-08-09,0.03464617834746558,0.13491607459522825,0.09808585008645081,0.05957514659395192,0.12299985575901123,0.015923254457371232,0.08013558088906854,0.11781284933261334,0.11806067026347598,0.08265009976111352,0.0804096451281291,0.054784794786120465
2024-08-12,0.0692941294712434,0.1284147861900641,0.13643256144830035,0.04019518759944656,0.11670047629662869,0.0334439932863732,0.0886676780144437,0.09410468853502191,0.11803318740021532,0.02638438985397043,0.08765716553944025,0.0606717563648521
2024-08-13,0.09141558924036526,0.13488273669803316,0.12998838207196428,0.08713154935328088,0.13920021741425656,0.05539710141493107,0.10204477156301449,0.03636627425837518,0.13424270951389086,0.0,0.059126040430662254,0.030204628041225996
2024-08-14,0.09449126824899072,0.10570390620774643,0.10977708840193655,0.043215335451743886,0.08577434502490809,0.03033031539112907,0.07026855763258284,0.1064971938222893,0.10865195579548909,0.11635733242563656,0.0831514667087058,0.045781234888841685
2024-08-15,0.1202320519285259,0.0371365776967344,0.19126580109984653,0.03814178251372817,0.13234907633112322,0.03552959066464925,0.12129955746888155,0.06121307263545975,0.1422525423594696,0.09280303130567875,0.02777691599590285,0.0
2024-08-16,0.10440595918724398,0.11290081367697408,0.10042944987581588,-0.019094229397334784,0.1156630429968992,0.03351034007293614,0.06460963366349988,0.09490640293025915,0.08488259329961222,0.1660150472441672,0.07725436519956612,0.02632812245569137
2024-08-19,0.11624972993369981,0.08261352386873531,0.17184916022298022,0.06863617688201386,0.15212783474956623,0.04412107640809101,0.07962776906725949,0.05714264455964738,0.0632834847200964,0.11052082406898658,0.021169481035703413,-0.032658294483220295
2024-08-20,0.07824159638688304,0.07700999119626821,0.16159375110173815,0.028936244764759436,0.15122861524970713,0.029154277818663296,0.05621279103825071,0.09510526119379291,0.06687874831306638,0.21327228175606341,0.04236644118080735,0.0
2024-08-21,0.11287517845630646,0.09261913597583771,0.15356889367103577,0.03361894562840462,0.15985432267189026,0.0,0.03640615567564964,0.12591643631458282,0.10643995553255081,0.09987673908472061,0.0,-0.06775175034999847
2024-08-22,0.10437137579918927,0.07181898636722796,0.2247351872581802,0.031394767448632815,0.11336725604644518,0.0,0.0,0.17967630993001693,0.03428834461704574,0.19713266423856798,0.0,-0.043215108294693924
2024-08-23,0.07682741433382034,0.031859129667282104,0.04835044965147972,-0.04244546219706535,0.09700749814510345,0.0,0.04393667355179787,0.15847574174404144,0.032086875289678574,0.0,-0.05254063755273819,-0.12388885766267776
2024-08-26,0.09503499738665641,0.08594968882700774,0.18190435920026357,0.0,0.12333193432498972,0.01760289105674766,0.04458817812778923,0.11191336081989468,0.07617430532018242,0.2075075994531255,0.03725507323866843,-0.018737612244674642
2024-08-27,0.12370973069981839,0.10973916221342132,0.08825186867496748,0.029459435904937666,0.129641624173445,0.022274196899003097,0.05104171462529628,0.14514007914940497,0.1136442026961572,0.1176656678065889,0.03956521831054993,-0.02986709884640975
2024-08-28,0.10889169169233422,0.11349399034476083,0.09227362208468133,0.037234428152995915,0.10228667172938082,0.0,0.043559102384173674,0.13221818815785055,0.10987359501780745,0.19257254012193695,0.06759617031407825,0.0
2024-08-29,0.09688320846547116,0.1357950088090367,0.12877025662268152,0.0,0.12290748270584571,0.0,0.052293812345365065,0.14794334380954582,0.1353990492346407,0.09871620342187784,0.08129163458553548,0.0
2024-08-30,0.09599178586351778,0.15032886691522207,0.1309853767750385,0.029801006689697453,0.11582401183411221,-0.016890048794195874,0.0438885742371563,0.1174695176647833,0.1323151442320544,0.09216405675468228,0.07434161023953985,0.0
2024-09-03,0.09127774384597925,0.17489237842114153,0.1675158751449414,0.040354994584762986,0.055500508203847686,0.0,0.04471837116646095,0.13150578615510103,0.09565659051013285,0.12560488642915638,0.050300193430299386,0.022672672108176552
2024-09-04,0.08895615958857332,0.0926529649994202,0.13945930353779043,0.03012259659168195,0.10321538591757483,0.02313200587871459,0.026418806096295638,0.12088359363600124,0.1022453070113381,0.17002277698775267,0.07623543907642866,0.02665566067842836
2024-09-05,0.08747904120970479,0.0952110526112997,0.11938507614989241,0.012242691503137226,0.13085020585133986,0.013399836494659853,0.040387051717748944,0.11531021158864843,0.11226572337257712,0.14095993239560456,0.09077650507744359,0.041732672027943535
2024-09-06,0.10785227056712839,0.03961859304921697,0.14662604732708276,0.035441835597137476,0.07783248601457322,0.0,0.06164561932125594,0.10052482936657031,0.0991146948307867,0.1785810672586852,0.09134203185314732,0.06142052481441568
2024-09-09,0.11314614064142556,0.06653737820086902,0.0911359515596023,0.020959337024525283,0.1396913533026064,-0.032460902578813955,0.0,0.10717315969162163,0.1285728104685005,0.16004379610501185,0.0956621795152606,0.04461699091176293
2024-09-10,0.08178267889477771,0.11499033711939893,0.1328247131877304,0.017939399265925787,0.11957198657020243,0.013499530393756102,0.032019124976349414,0.0892515602389079,0.1299477189986637,0.12461868023095313,0.09165258606351782,0.05190168405981669
2024-09-11,0.071401375426815,0.13873092093919354,0.11551026849775979,0.021345780755668932,0.1268641634588744,0.021985573853831344,0.03357303475774985,0.08552766579598746,0.1518355513565353,0.08765239557905867,0.09554202884743204,0.05003124073109367
2024-09-12,0.06939412575025974,0.13176322676653004,0.1086851026743999,-0.011492854173300883,0.14596977462510982,0.015222464839230494,0.0459219920407707,0.0929932944323468,0.12337896482846465,0.10787045304264106,0.09727629599414861,0.05003145083279726
2024-09-13,0.07093321513507803,0.10368753340857553,0.11893237459998185,0.011343995790689926,0.15909658857824205,0.011853038850257411,0.06212118664393958,0.1042398632507536,0.09910989447787762,0.11359508691218824,0.09331066116650659,0.05177656118590959
2024-09-16,0.06433825046988517,0.08910864818282019,0.08479719060963246,0.027194711215198442,0.16426695973593133,0.016408849737601514,0.05958807978376855,0.13367414428903515,0.09192767813451984,0.12334889142813708,0.09086647774928042,0.05448011866418984
2024-09-17,0.07458321042646979,0.08999358346022744,0.06966303008010775,0.01241751560622608,0.16138885703773323,0.034346802103609464,0.07772724500229806,0.14877364262725093,0.07450439138436395,0.127382166269209,0.08386696164640384,0.04535259435610043
2024-09-18,0.07132349920413195,0.10992893233198385,0.1483987418670508,0.0,0.13864199175788175,0.034821872796177246,0.0822287613429447,0.12909277961721535,0.05112630717271688,0.12109013883338618,0.07684654912772858,0.0365004259487827
2024-09-19,0.08506327655470168,0.11935598285700404,0.19414090586623542,-0.054738030369617434,0.14661065587353264,0.0394535865018587,0.07644354519604325,0.10228815507868615,0.020309610551475545,0.10571282026994891,0.055883430880896215,0.0
2024-09-20,0.09128884643204405,0.12076261205896059,0.1458126319505481,-0.01405390374859545,0.11303341264349255,0.027820528124511485,0.06729837695244222,0.1349199051573839,0.04971777205787819,0.12242015666288264,0.08019404178375406,0.032677812427506794
2024-09-23,0.07977692699426334,0.13209535257294702,0.1580400862649371,0.017213742499451925,0.0862378399982821,0.038305752991910094,0.07962518160963403,0.11835668996518747,0.0407611530471962,0.1437492670503377,0.07890939392029188,0.02692861308556112
2024-09-24,0.07310099420699777,0.127115398595994,0.1616496794706178,-0.019889322288648727,0.07840025128149422,0.04218894990871145,0.08083728608140575,0.11016025648027089,0.0468893523090081,0.15078117669807067,0.08217980337497718,0.02680752930380342
2024-09-25,0.07367819049089135,0.09187528243152016,0.15256864642183224,0.012601493160627366,0.08697848607639168,0.053848266999812114,0.07408230049955848,0.08796020268396539,0.04950379713265242,0.20912816307354642,0.07932439173894304,0.028450779290259364
2024-09-26,0.06981167848435872,0.0856002422755129,0.11995536865740486,-0.014650789857497824,0.0995571043910996,0.04366480382140692,0.07307558560566682,0.10863485909702351,0.07478504456991657,0.20755301959628744,0.0807306395617084,0.02198086408211644
2024-09-27,0.07597604554399487,0.07625860579465094,0.19917378258579932,0.0,0.11874561941009942,0.051747904893597194,0.06771245113244814,0.09422654366738172,0.06769526112239356,0.1443641823554342,0.07397700537423735,0.030122598119963307
2024-09-30,0.062164610778373756,0.09560332505858928,0.11639750341686254,0.0,0.14562539621149526,0.061410517143335445,0.08771057910430159,0.0992124772391542,0.08060192388534886,0.14735589472512495,0.07418982165067727,0.029727950786736637
2024-10-01,0.03498393397010388,0.10073782914914071,0.10195195298221893,-0.04523160874117596,0.15198416951427937,0.06909801882420491,0.0793918400396394,0.11265939175006663,0.06198999793337113,0.12959018855465865,0.07109585971589973,0.0412852088252407
2024-10-02,0.03801435251979742,0.11473455803678595,0.1367824557217513,0.0,0.1049469593236264,0.07694723939316331,0.0819957299222713,0.11474006120766528,0.0877554006353962,0.13584760073988855,0.07190661564172232,0.03632902685793194
2024-10-03,0.06149087058594878,0.10444294181540954,0.1493605959372694,0.0,0.080887897015021,0.06933757955639305,0.08684230379102274,0.07662060739439125,0.08477934277619847,0.1682244222335889,0.07692519316538468,0.041088245729372155
2024-10-04,0.05957050934155335,0.080470232297606,0.16707600472786469,0.0,0.10064511631646993,0.061287000817269434,0.025008514500760342,0.10085189933503866,0.0823500508933442,0.21092072703262596,0.0787345482129537,0.03308539652451376
2024-10-07,0.055475059796958166,0.06737842123040146,0.1827007243049786,0.012634299807779324,0.03689340769513217,0.06430161551162306,0.0944582520792629,0.08717516865653709,0.07827990513887181,0.20982917424951272,0.07029774274466749,0.04057622878427522
2024-10-08,0.030556301427566025,0.0829806419387592,0.18539636128323264,0.022515296864809485,0.05537067538462784,0.07048026123883139,0.11093255062713238,0.05284274024601224,0.07217020530389212,0.22566754439977527,0.06453394303032797,0.026553478255033448
2024-10-09,0.054113060170124405,0.0853415647754523,0.12146550900155634,0.02295495693608394,0.06223482017528322,0.06858595087979155,0.08619826133797474,0.07365960006387408,0.08006955042778412,0.2230722055561216,0.08511827764578897,0.037186243030164774
2024-10-10,0.07491959393035216,0.10459095907801377,0.13255632811004422,0.0,0.08082840276327828,0.07345050939444399,0.08583697022091508,0.07001933214168274,0.08152862372276315,0.17051435378012827,0.08327459806137459,0.04248032879700375
2024-10-11,0.07353894452242787,0.12947749037499628,0.15248634034659375,0.0,0.11568354589965711,0.07497817027557085,0.0,0.04776234389612216,0.08872178742442821,0.2040531750705664,0.08039810360248288,0.03290009858715447
2024-10-14,0.038850245811488555,0.10400139599471286,0.16731498966778527,0.018662721692367372,0.12199705955723943,0.06880509829966464,0.09987916124819403,0.058784425465673744,0.07417305613348692,0.15604459350692912,0.06480285861806237,0.02668439400439569
2024-10-15,0.06470372571736428,0.10029914134782103,0.25,0.0,0.1286835199627912,0.054962339162990106,0.05408585444258615,0.06916217988308869,0.07895834165080327,0.1103456857508909,0.057828785987483665,0.030456535633921963
2024-10-16,0.07085846033168938,0.10998948944643071,0.25,0.0,0.12718241771849195,0.08598041978940577,0.059773698930534476,0.08533990355920165,0.0812498557643601,0.07193111353833612,0.056953904669251126,0.0
2024-10-17,0.05542430988951513,0.10497816043015273,0.2074800721859055,0.0,0.09691890783021535,0.06452715698570212,0.06446157249591092,0.06645500267279635,0.07611382212798701,0.17365865375220757,0.06599587610791721,0.023986465521690106
2024-10-18,0.041382597005096736,0.11268069098322564,0.18577403296562017,-0.027065998222826293,0.09539193227772841,0.04461369742424112,0.06217386148041937,0.06507225685420566,0.0773449180763317,0.20436292596473898,0.06787908883389339,0.016257999911672524
2024-10-21,0.07077588234239265,0.1241501102847935,0.17816614192794727,0.0,0.1038025991858651,0.022803190957927825,0.05653958852628262,0.06969919534370173,0.07644591946264022,0.19395113653539234,0.0793232279500862,0.024343007482970542
2024-10-22,0.0706439514838395,0.1238474404125662,0.15086935862992382,-0.05321664131046537,0.11161914698486333,0.0,0.03707720696534636,0.052733979487590545,0.039440589389797644,0.25,0.08033789966927994,0.021277988757277214
2024-10-23,0.05662610635379143,0.10575953138684259,0.17838217781582077,0.0,0.10073701364456039,0.0,0.07470783469911103,0.08808485659237007,0.0803794588453299,0.199686764706454,0.0802780447007942,0.0353582112549256
2024-10-24,0.05210592046755132,0.09428035025619838,0.1693761489472886,-0.08461165027994774,0.10742314763632603,0.027552644477314984,0.07634697845689256,0.0759751803114933,0.05819276100427078,0.17080195374626705,0.06019230948699639,0.023140954929452836
2024-10-25,0.059171266920041134,0.12003198802225891,0.18718982487974475,-0.04543157166742464,0.09310894495659171,0.029097592508856036,0.08445579234241492,0.04977029079840768,0.04342625196828905,0.17543867534356278,0.0768544466642415,0.036023353928166905
2024-10-28,0.07718454124549134,0.1401600789054942,0.11897838177520438,-0.03079985016931356,0.1381908236762343,0.0,0.050942139977734384,0.05700182052373363,0.06525329195815914,0.19277494814668322,0.09226158376270291,0.036452539859248935
2024-10-29,0.09389934182131306,0.1061113789139796,0.20022747376616193,-0.06618160754252272,0.12173984893913939,0.048033748560051104,0.07266932801458141,0.0,0.02619830523051895,0.16086182599875937,0.06867663804960936,0.03540050316336313
2024-10-30,0.07238637421571871,0.10609302764427121,0.2149429947475001,-0.030392110011121635,0.10947857506299373,0.04468328756816447,0.05458055591972491,0.07102746631916956,0.04981237570366643,0.1479601806992597,0.06595184073930664,0.032691211369102906
2024-10-31,0.10231956002175287,0.059601468144259505,0.15412086444349218,0.0,0.07795396497082117,0.07874429921217983,0.08803064563015653,0.07227416958856565,-0.06275110668063662,0.18371983199074207,0.0705508080146565,0.04993328130273706
2024-11-01,0.1284337189777062,-0.23150736683798467,0.13569317098191436,0.0,0.024474884138365807,0.0870818460753365,0.0869563543818369,0.06051561717936532,-0.0452620449955712,0.1353649730062993,0.03991411452677584,0.024795908898843918
2024-11-04,0.12516591034971145,0.07819751973909911,0.14131536485365578,-0.022538562109179105,0.051706422985550005,0.08782361283259077,0.09870080186445897,0.0844722438863725,0.06392580961193418,0.1200154255520987,0.07585538423168063,0.050282941983668804
2024-11-05,0.12895695865154266,0.032245635986328125,0.06241613253951073,0.0,0.03273576498031616,0.09619183838367462,0.08594565093517303,0.0,0.09516637772321701,0.11913631111383438,0.06372357904911041,0.0
2024-11-06,0.1098780723676061,0.022551163482125106,-0.1295926918275064,0.030077272266135137,-0.07761119903352837,0.08199888421950885,-0.25,0.04551718785233574,0.07161656365204137,0.11185252021476826,0.02682595704324448,-0.03757520678210748
2024-11-07,0.07135836229524382,0.1328853392344087,0.15568578745919767,-0.03546881916499298,0.08628337048847584,0.0697499984446351,0.016726898434026343,-0.03292865950871303,0.09540530326182163,0.17692802002513935,0.08859964500387299,0.03797979667947254
2024-11-08,0.10164770357093751,0.09794394067876325,0.14845686415479545,0.023102709437108918,0.07888131602934571,0.08446438830297513,0.0,0.06903391029481103,0.09066663369453316,0.19240726306960607,0.0894144457052327,0.023980825061891052
2024-11-11,0.12734604996633928,0.056779268683754554,-0.1333420419637751,0.08980043710826416,0.0,0.12499331481776535,0.0,0.09082324735921633,0.10483779363501998,0.20869530871876452,0.06338253774710072,0.0
2024-11-12,0.09941562384723382,0.0,0.25,0.08720647044093988,0.038332704423811245,0.10851351365822685,0.06452313507165507,0.04598227217663076,0.04941892907595656,0.107734836914903,0.024957550456152035,-0.025016688402447914
2024-11-13,0.12007115910021045,0.0,0.09625038392143594,0.11799707696998961,0.05171999970695329,0.1314179650354543,0.07174626732912928,0.07676017919212369,0.09275748757166809,0.17963444240717488,0.0,-0.06164503876586047
2024-11-14,0.09205787960126412,0.09577733473170755,0.19887213467922868,0.09077437341838022,0.03502530867868658,0.12117682388676795,0.07486555517700415,0.05831884805757682,0.07521430552383111,0.1279372143306107,0.0,-0.029980221914942144
2024-11-15,0.1123715192079544,0.059503886848688126,-0.026241052895784378,0.11690879613161087,0.0709223523736,0.1447627991437912,0.07003065198659897,0.10018081218004227,0.05936933308839798,0.1663128137588501,0.043628182262182236,0.0
2024-11-18,0.06842461151267297,0.04909473192916502,0.21789389501662562,0.04311765894928238,-0.024994279157364033,0.1677064780620482,0.11188600064837577,0.07566465796082636,0.04553887344206196,0.15297578109945711,0.0,-0.042703032222120595
2024-11-19,0.12369973212480545,0.0,0.07554087042808533,0.0749797523021698,0.0,0.14114314317703247,0.10957799106836319,0.05031147971749306,0.07066106051206589,-0.021850571036338806,0.0,-0.022648192942142487
2024-11-20,0.10914536126887746,0.07475594788172832,0.11706520787134915,0.07389487677899584,0.07036359236817612,0.13118265512185248,0.08855440593982075,0.07684883056522097,0.09248549351030384,0.10974674220275064,0.055956886490924417,0.0
2024-11-21,0.10175987665796768,0.11703071229178949,0.06897265649441099,0.05803742454207618,0.0972179932091348,0.12586049947590808,0.021401847290345093,0.10782804267108616,0.09950964776733298,0.14222317530686157,0.06015812429308696,0.0
2024-11-22,0.07428613455440164,0.104802824729548,0.16606998579416138,0.024905093226434253,0.12355572736322537,0.11773066966889376,0.04054414595946452,0.09710583944500842,0.07401481890386499,0.1204755014988625,0.05650925885613519,0.0
2024-11-25,0.09570913966156763,0.043995027453996735,0.11868081053615089,0.0,0.04942791932805503,0.12282139356374591,0.10281733500747565,0.09481603079130563,0.11545687950188553,0.18854135604203426,0.06773410811378273,0.0
2024-11-26,0.14126907289028168,0.0,0.06663446128368378,0.0,0.05215783044695854,0.12061195075511932,0.12636391818523407,0.11583146452903748,0.10306468605995178,0.13633428514003754,0.0624786913394928,0.0
2024-11-27,0.11103763989081514,0.09801299318857097,-0.10530048904356037,0.0,0.08379376446618872,0.08737046129091286,0.0968856089913408,0.12448826183547665,0.10409822422350268,0.12498580315943676,0.06402675391019504,0.0
2024-11-29,0.08033225685358047,0.10404527932405472,0.034488189965486526,0.02307470329105854,0.11647950112819672,0.08866013586521149,0.09604289382696152,0.12348520755767822,0.1234830990433693,0.07338076084852219,0.028763845562934875,-0.04164525121450424
2024-12-02,0.10024591535329819,0.10345686972141266,0.13790926337242126,0.0684160441160202,0.06757967919111252,0.06799736618995667,0.10900203883647919,0.06386882811784744,0.09454275667667389,0.10276179760694504,0.025346320122480392,-0.030622435733675957
2024-12-03,0.08631449989174181,0.10777629329505405,0.09093503175255897,0.05074869683701794,0.08775642639700228,0.04129646017279122,0.08816929410002348,0.13442240651004161,0.13119244961999627,0.10132210193330128,0.04277129399782574,-0.037295045492645354
2024-12-04,0.09753702580928802,0.1049535945057869,0.0,0.0693441778421402,0.03769026696681976,0.06735201179981232,0.08200547099113464,0.22120359539985657,0.10660094022750854,0.06567908823490143,0.0,-0.08322904258966446
2024-12-05,0.043841187171479244,0.14652388674879357,0.1156483762193274,0.07810850839068623,0.08347821686138293,0.0837011488054128,0.043726965241513836,0.07121635863982326,0.12004594557715882,0.1454043665209861,0.03364723381212152,-0.034657806011314275
2024-12-06,0.0437663197517395,0.09590715914964676,0.0,0.08808884024620056,0.03667384386062622,0.12834525108337402,0.09366180002689362,-0.02963053435087204,0.12713158130645752,0.15765033662319183,-0.031187597662210464,-0.06556010991334915
2024-12-09,0.0,0.17202028323066423,0.11162693290564056,0.0752937849087704,0.0632755738933495,0.14075008055177338,0.11508676613062503,0.083462605219721,0.07258740128053204,0.13505091904458194,0.0,-0.030845652834341725
2024-12-10,0.08380238846669442,0.07667359199525588,0.12182011976531687,0.09516205341023166,-0.1671957346779107,0.13521025887518395,0.1033717045762873,0.0,0.055824926043041435,0.13844506724211256,0.0,-0.022494154947965212
2024-12-11,0.06378640234470367,0.0,-0.06301067024469376,0.13258764147758484,0.0,0.12433099001646042,0.11376332491636276,0.02266225591301918,0.0,0.0,-0.09466114640235901,-0.0618533231317997
2024-12-12,0.02440729570811046,0.10366633705225681,0.09927964712875503,0.04747138536067935,0.180191446052543,0.1301566192793983,0.11046008540206373,0.11333180892847321,0.06945069743512323,0.09935460491581218,0.022230072736784682,0.0
2024-12-13,0.05136829614639282,0.0773298442363739,0.1055593192577362,0.04696985334157944,0.0,0.1740950345993042,0.13379518687725067,0.06677453219890594,0.06606849282979965,0.1591365486383438,0.0,0.0
2024-12-16,0.02268313616514206,-0.021963922306895256,0.02969791740179062,0.04206843301653862,-0.13777226209640503,0.14065919816493988,0.1325426697731018,0.031092360615730286,0.0430651493370533,0.18200567364692688,-0.023569423705339432,0.0
2024-12-17,0.04680661431507594,0.09302145614385615,0.17292821829153618,0.06192589796964208,0.10084222130884027,0.10410159698202988,0.10968913686981514,0.06862230248378315,0.06650386803080997,0.1484222074888502,0.02713648011576102,0.0
2024-12-18,0.019995611555481924,0.0821884230501426,0.19967830942098397,0.08002565434722754,0.02940105673144743,0.14507950241036013,0.1423590254963736,0.07977381702415551,0.0,0.18835193211805445,0.0,0.03314666784577288
2024-12-19,0.0,0.0,0.20557202398777008,0.08800879865884781,-0.029962828382849693,0.16331519186496735,0.10946333408355713,0.10372380167245865,0.03952016308903694,0.1717587262392044,0.03126228228211403,0.04206772521138191
2024-12-20,-0.03797409310936928,0.0,0.10609132051467896,0.1019454300403595,-0.031122246757149696,0.18109577894210815,0.0867467001080513,0.1405152976512909,0.0726395770907402,0.17252399027347565,0.0,0.0
2024-12-23,0.04777481679032985,0.059164522429470394,0.1257932925446014,0.1027478437041176,0.03902356119689425,0.15889242362795622,0.10937501196109313,0.05102203291909914,0.0768648551006757,0.1775375041324684,0.01671632103225476,0.03508781456103916
2024-12-24,0.030596463812052346,0.044404813854778936,0.0,0.11337546194085368,0.10091474877378888,0.15774365023602993,0.11937940188809394,0.08536880274104812,0.07133998301015632,0.2141787440629295,0.03064180051295953,0.0320561291673088
2024-12-26,0.03427095200925426,0.07701481885799812,0.06032747225069544,0.1001194275300401,0.08641492952539771,0.11627091831479495,0.12220268750181917,0.09203775259920234,0.07725764871078095,0.13969503568625277,0.05290091122301452,0.0414874457907497
2024-12-27,0.024490243239532358,0.09158731257536112,0.10882658014743478,0.09247534777341362,0.07904988387408839,0.10971824253577661,0.11627515180511241,0.10458074679008436,0.08349463679248754,0.09807213270064559,0.05269252170003216,0.03873720006603103
2024-12-30,0.02679633237902668,0.09266203294387816,0.11785885091913592,0.0903723642891036,0.0738452613735405,0.09294700962691717,0.10659146418320123,0.106833209842665,0.0963057553377757,0.09192841338969118,0.06012311352107648,0.043736192193988374
2024-12-31,0.028322777673422398,0.09038880785099379,0.07699817764547937,0.09498894566095469,0.08063877875921477,0.10107875224391179,0.10436214086614622,0.1114516398082891,0.10243712843073803,0.10263453448606649,0.06497685662087878,0.0417214599539046
2025-01-02,0.07826619275993443,0.07089568975088921,-0.02165534788513491,0.1213069152278377,0.07635915260929935,0.14157526872778595,0.1301953916817527,0.05046705440519553,0.120783185968491,0.06725589293503034,0.06805157124558583,0.05318833680306305
2025-01-03,0.07318222123449904,0.020291131772798617,0.029109291175806188,0.12040976285305427,0.050094650807871316,0.1695774081687385,0.1568506034823123,0.10852947204439369,0.11079670177773844,0.16115875668278765,0.0,0.0
2025-01-06,0.03338282038524558,0.034282701629526326,0.027705508035379696,0.09628772674609208,0.0,0.14509781575166722,0.160288616877725,0.025376067031810418,0.10850776084995667,0.25,0.04294028752963838,0.046680869805007214
2025-01-07,0.06711619154358431,0.08139393811549954,0.10586352340795274,0.08314242915545715,0.0835798728278151,0.12152303841068333,0.13389011858497107,0.08999540390451902,0.09996179595558383,-0.027726576495907075,0.05749306684586872,0.04831404475215815
2025-01-08,0.07167674295175015,0.08410371774006016,0.1504950560520327,0.10681332185776642,0.10275925435642616,0.024032851240694094,0.1639555252804689,0.08937791706135878,0.10696118446159901,0.0,0.05992188786639679,0.039902541131446805
2025-01-09,0.06471632123228546,0.0683310401861457,0.14179009285436206,0.09513626999149467,0.07605577484220642,0.07158903400637047,0.13296580429826685,0.06581702734161729,0.10167533019743018,0.08603580878623557,0.05490123484682656,0.04098626141675876
2025-01-10,0.09019887454541028,0.08784708209008031,0.04341518671533064,0.08401561379886686,0.08674122728860326,0.11083659277594701,0.10823966498756185,0.059098455771031864,0.09907229343148077,0.10849191457130505,0.07079383132760676,0.05124926269677533
2025-01-13,0.09831662130015274,0.07850436744365534,0.0666034488840133,0.0694324502016928,0.07857185273044578,0.11638099558441055,0.08339657706163127,0.08350693785870436,0.09498590306603408,0.1259962226068712,0.06507755226340955,0.039227070998979034
2025-01-14,0.08326646262150307,0.07422040513039242,0.05760124135586757,0.052937449342731466,0.0744884723852635,0.12417276093859783,0.1266558028070491,0.08011810938446949,0.09068507531566138,0.12847734742081754,0.06146055812119151,0.04591631517645492
2025-01-15,0.03278867155313492,0.03744444623589516,0.09677689522504807,0.10622710734605789,0.0,0.16258758306503296,0.22771820425987244,-0.05408964678645134,0.0799456313252449,0.15942388772964478,0.0,0.020287107676267624
2025-01-16,0.05718612475758425,0.07031976124414459,0.14954305373067395,0.07263537060428422,0.06304660748506491,0.08233220185024898,0.14562018247933906,0.06294349488639146,0.08894776621917985,0.10243932917020863,0.05751000110198173,0.04747610647089838
2025-01-17,0.053780906559549584,0.05494992419340315,0.11594316454261476,0.0715701393672706,0.06685118696326775,0.08183017939627685,0.15707163664091972,0.08861546807864452,0.10749285760661954,0.1183568826898727,0.04447910861897044,0.039058545342590394
2025-01-21,0.08064490717319484,0.08188824742864255,0.17597396165517834,0.028758470322876713,0.07735200473872232,0.03625459655307863,0.13283046093398904,0.07464968750692484,0.08678401165748327,0.13204692950596852,0.06246267422600918,0.030354048297931736
2025-01-22,0.07070910783847624,0.13344887753934315,0.16110836906447273,0.0697975507009779,0.10564115777642998,0.0,0.12953663838911395,0.08916305354133754,0.0,0.15544481281958195,0.05627573444707422,0.02887469788319236
2025-01-23,0.07605178590440448,0.13124224627130754,0.11495706213894705,0.048801642913746016,0.09681404524015724,0.0,0.08568661205968801,0.0910242709723021,0.1109479633073131,0.1851686420334596,0.059305729158674846,0.0
2025-01-24,0.09822230298424439,0.11446143991036345,0.15516756052753788,0.03499431924120859,0.09525641357584724,0.0469456222660534,0.11428616473787417,0.13996952552156255,0.06965432199454859,0.08504795210300113,0.04599437713775859,0.0
2025-01-27,0.020444479775718626,0.1224844492561478,0.20946363462096337,0.040938131723602715,0.08361608871697156,-0.11357309606802303,0.12032841895565993,0.18739271118355585,0.04348287511431322,0.028852775568053508,0.029423339016990374,0.0
2025-01-28,0.0,0.10350832389480415,0.16957903806999425,0.0,0.0,0.024315310883685017,0.12504772925612026,0.15711210503426576,-0.07879400954943848,-0.24341676611595295,-0.043299142012313226,-0.05492757518342593
2025-01-29,0.10989949007501523,0.121104701717449,0.14426733021916746,0.040304755183833356,0.06809332448526305,-0.018810974498718644,0.12455922933641979,0.14972268103235073,0.06879463710252115,0.1074006914236044,0.04704218492565719,0.0
2025-01-30,0.09072638541951775,0.11465728029605637,0.25,0.0,0.056115978273181565,0.0,0.15038817997619222,0.08469454511962317,0.0,0.16545449216089478,0.07544741968722594,0.0
2025-01-31,0.04103179301200614,0.04563122733248788,0.17413585011716648,0.0540859496964861,0.12083824273699005,0.030027046909221797,0.12072158165629442,0.09016518956121827,0.025709969554474382,0.19881872884527887,0.07086510790144032,0.027969312676935285
2025-02-03,0.02752664084852248,0.08613756906668177,0.16732928090227853,0.04180077755292178,0.11589927965402835,0.0,0.11380713674184813,0.04447465554448394,0.0793158864627169,0.21791400937627162,0.0717223799598199,0.034072383890426605
2025-02-04,-0.07460416922377741,0.07257886042326432,0.17971942527847876,0.03664430279183255,0.058606923333766395,0.0,0.11047892680897792,0.08311653246907424,0.10652680999768127,0.1934723457498821,0.058196000863887806,0.02605570305937725
2025-02-05,0.06623170812869252,0.08539660899157671,0.20967106694638252,0.03778180118967668,0.0,0.03569333598050036,0.06967070354301504,0.09364128869906027,0.1393305723684098,0.11123482192579506,0.10017412972390728,0.05117396250298376
2025-02-06,0.09049556977330801,0.04692691500947486,0.22367489227731763,0.02331382438255402,0.04645881858197174,0.048481167682302845,0.0,0.0534790522066121,0.16488905557904682,0.13893769001641026,0.1053622415648458,0.057980772926155916
2025-02-07,0.07404685086819211,0.06424872969485583,0.1851254534029802,0.0,0.12721172509017645,0.020759661452295755,0.05313243976174606,0.07795622518271196,0.13982513470428884,0.14157910604240984,0.07131440844079011,0.04480026535955287
2025-02-10,0.09340465068817139,0.0,0.22023825347423553,-0.09296201169490814,0.11043775081634521,0.0,0.04138445481657982,0.08297136425971985,0.16333889961242676,0.12142544239759445,0.03983036056160927,0.026031143963336945
2025-02-11,0.07100712916157084,0.07131973739590407,0.1696921114207617,0.0,0.11441727468885614,0.026724737501603573,-0.06080449809435402,0.07454199578499145,0.14266096299935563,0.15516342219574256,0.07145198024328761,0.042216150513572394
2025-02-12,0.13100741799314786,0.0987449454006442,0.1526978057773536,-0.02227106836204186,0.12653069631314381,0.0478525898104915,0.0,0.07151813134102504,0.12886347742032783,0.1195977700102618,0.06135324192042542,0.039562855651137055
2025-02-13,0.1761917527889985,0.09982508972854663,0.1814702144867898,-0.06135939337333686,0.11942572038313708,0.0,0.0,0.10469998651907514,0.14497972858497088,0.06371879377457988,0.04832932036056522,0.0
2025-02-14,0.1550760347599055,0.09643346805018863,0.15622072494595368,0.0,0.11438868015543223,0.03812092602792757,0.0,0.07492230629645989,0.11868438721912707,0.14017440261888747,0.07094643230663204,0.03503263761948592
2025-02-18,0.09302253667957076,0.09831468900270526,0.13892069552683467,-0.09316931171962282,0.11513582552317721,0.02177051417071345,-0.02589514619402762,0.05928935973460139,0.10620559080332259,0.16817712559259687,0.057724468340663006,0.02237473671216432
2025-02-19,0.07166365964403883,0.11273540659320287,0.1704703402534691,-0.020149964228536942,0.12227280997715816,-0.027591496557293135,0.019201760817213233,0.0912101034720222,0.12194323570887657,0.16170028179734605,0.05642330818123757,0.024637632769605334
2025-02-20,0.05485251372496832,0.11351489573579554,0.1835697745629067,0.0,0.11806356424733741,0.038304392323660515,0.04395390632486564,0.09053868734798871,0.14277194137832425,0.14187199075651646,0.047732963451572186,0.024825370146064243
2025-02-21,0.06226459183595134,0.13866969714409558,0.15086881200026522,0.0,0.12725911449183544,0.033423595707382736,0.0719466801593683,0.11052854185038748,0.10587836310176618,0.12468241365142337,0.045546974878682644,0.028931215178841688
2025-02-24,0.04978082613345671,0.13951469545611125,0.11486068014474332,-0.032006798049167964,0.11390273278153878,0.05003103934205246,0.07190735119480143,0.12521683501662498,0.10110008733107614,0.10582541712247515,0.060659212731523256,0.03519432469642854
2025-02-25,0.06481927476427127,0.10748617172944316,0.13957036775087986,0.0,0.1131994084399951,0.026714767044023972,0.08039323974390736,0.1164379359441246,0.0973590358480908,0.1344407703685897,0.07246629340418506,0.047112734962489126
2025-02-26,0.03741828167425692,0.1165832276111652,0.18006792973425276,-0.019814934786632446,0.13802521844261345,0.019661645586664646,0.060073978355815,0.04473485312086504,0.11966329079063966,0.11815591596304618,0.08398750121676403,0.061813222717284684
2025-02-27,0.06199671881443307,0.12039161180284469,0.14890973672710717,0.021422191728870343,0.1406038429371365,-0.044139234240357574,0.05825199415877974,0.08736437118535079,0.11995204941145224,0.040549555256558185,0.08755224580939205,0.06886644792771766
2025-02-28,0.0560778313978833,0.11629142254229251,0.1937841105364362,0.03177236002173938,0.1412322747463145,-0.039883185379441216,0.0,0.06804658409754732,0.17138968613817937,0.05714274819216399,0.08054930911219867,0.043830487835803504
2025-03-03,0.07733955777090604,0.1015267463392559,0.1631634893735378,-0.030201485811946087,0.12655907511478123,-0.021873280566917938,0.04982898908656523,0.0816779997451386,0.10968597365617733,0.09512530724183048,0.08598504829506928,0.057033046997874065
2025-03-04,0.08365464102388984,0.10031792167423682,0.15417246366100731,-0.01639341992717674,0.0982827363927619,0.0186262461682172,0.07959906939884524,0.09352058647977927,0.11112539039014933,0.09181124604324763,0.08694719960525332,0.06554907923543539
2025-03-05,0.10274839739425111,0.08771232306311504,0.17644972236575932,0.0,0.1453625612295465,0.0,0.059223054201512575,0.025741923216870456,0.13440943401126434,0.1212802626274674,0.09082428022534637,0.05624804166486689
2025-03-06,0.10305218716995491,0.07956169500493017,0.1306475631935713,0.01792909346000171,0.15120883590897383,0.0,0.07800747030942845,0.07117320428208927,0.10622237006685206,0.12248505315106398,0.07579440619844632,0.06391812125468796
2025-03-07,0.115317959156627,0.1071748573934128,0.08008088205271374,0.0,0.15421485512560143,0.0,0.09275851565382376,0.0784947798324646,0.10345179763650783,0.12125705671209837,0.08266064242069945,0.06458865401605104
2025-03-10,0.04473169100681509,0.13228733959396632,0.07459094306971406,0.02087403397128179,0.06677483257542824,0.0,0.13372616897146555,0.12955287407375604,0.07810156403254682,0.14761043458752104,0.09454420009587153,0.07720591802163347
2025-03-11,0.10945700577086165,0.11126425540965489,-0.0379128830834354,-0.0338927666903141,0.10166793687598154,0.02631728574073089,0.1141544297883688,0.0676518065463774,0.0926548955796464,0.1244677732032596,0.09627891734320486,0.08428004396816449
2025-03-12,0.11788471743328964,0.12642851422160042,0.08187116188877668,-0.01726244151230528,0.10868204341525292,0.03753633442081025,0.10168699561510092,0.029193798883769866,0.11626682053182,0.09351782389117819,0.09076335746599302,0.07890599072010282
2025-03-13,0.11663294689584416,0.09095203543426163,0.09686974357891534,-0.05697823528483765,0.0860596739184449,0.016581578850988887,0.09513605447218945,0.06436880490157085,0.10039390880377018,0.11074381869551575,0.08726088700438109,0.0780223121592801
2025-03-14,0.12235832565322795,0.12201070628706727,0.09087893633679289,0.0,0.14416463980344835,0.023129307817137998,0.06384129065597137,0.017189089632151093,0.1418078305750097,0.1069464186303149,0.0914043188673099,0.07626913574156857
2025-03-17,0.10717806521746297,0.10222567525410696,0.10814161021371715,-0.02411847237046114,0.11921217721626877,0.0185990773364096,0.0636713822203824,0.05188130714784938,0.11898277286734776,0.11044240046014929,0.0942042409232394,0.08134281877260517
2025-03-18,0.120245526231741,0.10917694128686078,0.10698971051829301,-0.056550077040043285,0.1068868865348282,0.0,0.07399129928128427,0.08050371671505745,0.09578477186025366,0.088956154463346,0.0850081557687941,0.07590676029949824
2025-03-19,0.13530060630489932,0.12166719791295134,0.04553156586591816,-0.038445648556386186,0.1325999234845603,0.03196372762538502,0.06758054397778986,0.07885143876062144,0.11055543392194797,0.08332456894169438,0.08362894814572647,0.07055039650211957
2025-03-20,0.10945526036663998,0.1140126339236541,0.07879821918167064,-0.03096870953849723,0.12443262237191292,0.02190878912657881,0.07636547503437419,0.06974359852795445,0.10155486138864839,0.11949777903873618,0.08532345898066701,0.06793859252066589
2025-03-21,0.10826453909680414,0.11998079870160627,0.0733911126897016,-0.0270703544966026,0.13895573335112477,0.013510134522153988,0.06315422040888248,0.06428151652059698,0.10733975955980368,0.1334350045000527,0.08639225989357187,0.06422456625909892
2025-03-24,0.13477243556416568,0.10955404565464814,0.05360316882014307,-0.03493551650633004,0.17070658654946996,0.02455025504783895,0.041783683165724166,0.04294818195829131,0.13035219636715123,0.1311283410398142,0.08062788680361122,0.04503770252281201
2025-03-25,0.0977899119343159,0.10830781268856388,0.10141832141657833,-0.039910286410748334,0.1362977281754301,0.0318315727140905,0.057619746472684356,0.0747773363308287,0.09026237269557125,0.1312455025173556,0.07877559517613839,0.05176381346769473
2025-03-26,0.14922211253569592,0.08056022200987467,0.13828424608303005,-0.037156865681579034,0.06983963860736653,0.026768354852900043,0.07479622827792984,0.08938228979856327,0.11597372373939166,0.0919532823078815,0.07325829185098978,0.05280474425479768
2025-03-27,0.1171216493931965,0.0698077800369629,0.1319697025293527,-0.09286189187497268,0.10627079436049239,0.0,0.02887080633997987,0.0764443608996592,0.11704479298610386,0.14962518497140706,0.0689998656361564,0.040983170971716436
2025-03-28,0.10326964408159256,0.02673749439418316,0.11604268848896027,-0.04681921750307083,0.09115462750196457,0.03560514748096466,0.0226517952978611,0.09436720609664917,0.08084157109260559,0.22967486083507538,0.08497887849807739,0.0605931393802166
2025-03-31,0.037573433864367296,0.09131457336278917,0.1206313723282422,-0.0649196324719848,0.1285071577664001,0.0,0.0,0.08600464077658254,0.1134794463176226,0.22518725176359047,0.0894431381457316,0.04293935320268923
2025-04-01,0.09210315710476687,0.09597428099196172,0.07345611951647078,0.0,0.14536229669014708,0.0,0.07037056663153893,0.08068999871143376,0.09445461770962725,0.18752007877497123,0.09178132654317556,0.0682875573259068
2025-04-02,0.07412849039116759,0.12175296624983095,0.07622300533555947,-0.023646923215004587,0.13201103992482768,0.0,0.054878132407775254,0.09732435844607366,0.10767857282949317,0.15502178214991844,0.09351755283320855,0.06381717621714061
2025-04-03,-0.10359019913695665,-0.10605586148689539,0.1905776251489647,-0.031273250300230884,0.13719111771516637,-0.10799592749049636,-0.07822776966449335,0.021586899426240095,0.13950173359289925,0.08399961603765693,0.0,0.0
2025-04-04,0.1064536057202406,0.09323663580277845,0.124172882604778,0.0,0.10145729853374354,0.03516211894242922,0.08631589133199896,0.11364724482014062,0.07041413424390267,0.11350507330560203,0.08154846760260448,0.07408664709178145
2025-04-07,0.13390904525621597,0.0677188879745529,0.05728866757407203,0.03753881461099375,0.1331833614457468,0.08349603067746668,0.044006264477544445,0.07700489066452772,0.105292768950118,0.09149480091267037,0.08628284101907867,0.08278362643701268
2025-04-08,0.1163124707482336,0.08919011164578236,0.08174525473753953,0.0,0.10519603483952837,0.05817563059094225,0.08177205646616782,0.0999157661631563,0.08889676924556603,0.10550721380772557,0.08938399935863357,0.0839046923967246
2025-04-09,-0.041360452629971685,-0.0559182320150807,0.02269189723705318,-0.19362134412850154,0.10155961025988185,0.10808630175462673,0.10496400173381294,-0.10815542367223936,-0.028075654051676495,0.03529647301481771,-0.09204869491746634,-0.10822191458487149
2025-04-10,0.14703704790021682,0.053186696323719716,0.12138051504835766,-0.0713478889660296,0.08329951810995112,0.1321286398123192,0.0869245381464707,0.030245474996424968,0.08115995684853682,0.12942870909383059,0.042965482769849406,0.02089553198429338
2025-04-11,0.10238956949289693,0.07903329464095732,0.12144659727286285,0.06370382237747818,0.1051745936447598,0.07969434312372667,0.07383764368211519,0.08479054795854331,0.09528359159372947,0.06158363253519522,0.07081550755324448,0.06224685612449057
2025-04-14,0.0636446179304118,0.08612817718075487,0.14132198052086714,0.04738697388701328,0.10830107060736359,0.052125980773107525,0.0919791628691851,0.07710701594911579,0.08970378649309844,0.10015946032533186,0.0739332999433061,0.06820847352044448
2025-04-15,0.07293780496752109,0.09591745753042029,0.1232837153168382,0.0,0.09193787741573455,0.07610356881102656,0.08996280927652292,0.0946860467823957,0.08460388068257998,0.09884063557879376,0.08628863794359168,0.0854375656945753
2025-04-16,0.06421301459935379,0.1009764779632097,0.12512028473780007,-0.10069488310310436,0.08196960142525911,0.07324827581387122,0.08834743487860731,0.10983522186632899,0.05020613213084477,0.05564683068952879,0.07125409354661465,0.07848774924547725
2025-04-17,0.030233354393932755,0.12156676013243503,0.1465671523926407,0.03480815653665991,0.09753694984507923,0.04101549846616504,0.08761220853875645,0.12530560563836862,0.0746460508435836,0.08652668457018776,0.07583521408754364,0.07834636455464727
2025-04-21,0.0678711022841613,0.09787225577447414,0.11622876688918511,-0.0819527301367219,0.08029932042053012,0.061459802056315044,0.08205597638635519,0.10618943360782797,0.07326477523833803,0.09026849344884502,0.07315547069777525,0.06938187305947094
2025-04-22,0.02861039684285019,0.10904695932302227,0.12800757878712724,0.026235567404583875,0.11240254339361144,0.06311714816602827,0.08339352559738021,0.13351581886733463,0.07879616789669301,0.12025147194666261,0.06636911719140098,0.050253704583305275
2025-04-23,0.06217524852695995,0.09720940073391983,0.14349959376811797,0.0,0.11783188751411112,0.03796623890393108,0.09421518072080103,0.10729371765851832,0.0811343596191871,0.10703921310252298,0.08035163926341037,0.07128352018852027
2025-04-24,0.06459860336406413,0.10043182252090858,0.06594649724074235,-0.05885288446517172,0.12106489494825438,0.028139161006624048,0.09516938641407964,0.10513359786536465,0.08786967338524035,0.11921628835361966,0.08223143161394299,0.0713457588219875
2025-04-25,0.07374659333925025,0.10103421389970081,0.07765971237571856,0.0,0.12195998645961624,0.03870877063335873,0.08424087309841743,0.09425448777662641,0.11296684935042654,0.11429287382993593,0.09737311343293743,0.08376252580401165
2025-04-28,0.06910525010652929,0.08769726055399088,0.0968891809708581,-0.048676363176341476,0.10078126330934378,0.04783033594676839,0.07309481377195737,0.10407666887455376,0.09372777950369648,0.11848303302923568,0.08418624555130994,0.07545180520541486
2025-04-29,0.09220546496293104,0.08364827424807908,0.10857593725113755,0.0,0.09128726329998525,0.07907254939165217,0.09635646519770014,0.09971811322809791,0.0819599473601038,0.10547640377060227,0.08328308198277534,0.07841649930693544
2025-04-30,0.08544575552746268,0.07618437577718491,0.0868565998186066,0.022474074789740027,0.0830377799312922,0.10163172893423983,0.0954055576356427,0.09396359326938111,0.07542909585041704,0.1224153509485915,0.08254005328054362,0.07461603423689776
2025-05-01,0.10432141231574724,0.040020547837188926,0.1052390322865603,0.055482750155982224,0.0950531118664936,0.09113411618085063,0.10623351892617537,0.028604219666778993,-0.08606631712547226,0.13101627766743712,0.08007415144711642,0.07675454452419692
2025-05-02,0.05088042959257903,0.10897498349785802,0.11190149178138721,0.02233586416361469,0.09988961911923319,0.060029533398937025,0.08740405945037635,0.08346110138669027,0.1216477583982302,0.1203214628486693,0.07426528467840804,0.05888841168401667
2025-05-05,0.054969521675868785,0.05956374313670663,0.07848747839048449,-0.054122664460060414,0.09827129219323023,0.08401230359452701,0.12056177485697292,0.09996403386354716,0.06655386882856426,0.12736111602629585,0.08113249171943794,0.07499971125430431
2025-05-06,0.10228222252883636,0.08515505142793842,0.08656751256708278,-0.05337028241387065,0.09364562887563851,0.10864476942872521,0.08941462908592246,0.06282083963289371,0.0494413729602158,0.13350313535633124,0.0703192408148261,0.06483531490771875
2025-05-07,0.1332605272963286,0.10227226312279968,0.1469073673655559,0.04183243671749842,-0.02548652026666343,0.11762941305221337,0.08723550032070856,0.038664344602468835,0.02923254334962152,0.13487883360686756,0.07584530966293244,0.06675494063634167
2025-05-08,0.1188229852615038,0.13428084457370817,0.059577143130388394,0.03723383053172168,-0.014410954253433278,0.06619465979781537,0.08451914595652772,0.1110612738482958,0.028834428909625218,0.16211714228392707,0.09640923586773906,0.08653835558531443
2025-05-09,0.12587057655905937,0.12054407398370788,0.13827376810352454,0.0,0.055557930792471705,0.05704845321297853,0.09612052958741468,0.06857215226506089,0.04788545945350696,0.1055231127570821,0.09758641706404517,0.0870175262211482
2025-05-12,0.17497142694763107,0.05781929065276296,0.1096201825959828,0.03970966052993324,0.07371690346272203,0.07654494222005095,0.11425305964734124,0.024323725965230747,0.03233909422971349,0.10427655607801233,0.09898711001001984,0.09343804766059931
2025-05-13,0.12673735363675923,0.11678702046375675,0.06586371030514643,0.011722686274168179,0.08077249781082727,0.026672347425144544,0.09782109999609087,0.11200350630434035,0.055601465742372035,0.10669359627242744,0.10861838164220876,0.09070633412675817
2025-05-14,0.10707004441238542,0.06861194037858218,0.08765955272194695,0.035138475153778125,0.10467997973596259,0.05768224654008968,0.10638643970289816,0.0749406385947199,0.046564008860090544,0.1266119153315375,0.10192422510175013,0.08273053346625883
2025-05-15,0.10820384183527972,0.05336333908744027,0.09096273838505455,0.0,0.10746175479526196,0.06908811358597053,0.11533185040417147,0.0628914423677217,0.06913692595915523,0.1342509133041318,0.09960543807308901,0.08970364220272373
2025-05-16,0.10959853217235432,0.04873526400860487,0.09425394333441288,0.03299406313027026,0.09355106823506883,0.11556513425797316,0.10330803138943745,0.05572887027362986,0.06661174968904898,0.09514917181760615,0.09105125949332334,0.09345291219826993
2025-05-19,0.09475102435590164,0.07901858030556161,0.08096996889030544,0.013958064319689285,0.09686472847495492,0.12223550503653391,0.07672471154265752,0.08076787391841936,0.06420530629358934,0.1085657872022908,0.09040488749929136,0.0915335621608048
2025-05-20,0.09499110649998356,0.08450835798744717,0.1131439860144119,0.0,0.07240819365688772,0.1229265340375252,0.07240342465308706,0.09403890379653472,0.07286613126986215,0.1058613523002277,0.08499720604326148,0.08185480374077135
2025-05-21,0.08911828239340594,0.08513705291009452,0.12340694224309341,0.038226447070694086,0.05483511684186305,0.10944931541672553,0.07383285328259911,0.10823541468098238,0.06862019557415495,0.10545448584973528,0.07809988801569004,0.06558400572096168
2025-05-22,0.09516704810429316,0.08385995308269474,0.13257399697702116,0.04488871491803778,0.10332681808613303,0.08549007756157079,0.0673587786224162,0.10505633415195398,0.050197154445942624,0.09511652902794933,0.07280895391961667,0.06415564110237051
2025-05-23,0.08974556711116363,0.10047882258746078,0.08640885331614591,0.0,0.09244995438538013,0.09267735019121488,0.08163450271331812,0.10568061760932117,0.06278688208411529,0.12343535891035767,0.08531941591586308,0.07938267517565914
2025-05-27,0.10952393256474488,0.10903575034345366,0.049426770567633685,0.03972461995332874,0.06183245755737474,0.10117554691212219,0.08920878838588882,0.11129444643913251,0.03326239040057573,0.12200982501535895,0.08687140232957645,0.08663406953080965
2025-05-28,0.1150170720824065,0.09849712012557493,0.06473306351048333,0.02668357746276394,0.08952020883722947,0.07729907716228113,0.07949374575660198,0.10614073901209503,0.051322347527130475,0.12338099943523766,0.08684582506339346,0.0810662240248021
2025-05-29,0.11884024237229285,0.10151734785624572,0.07218005264341285,0.0196865788150375,0.07501852535799668,0.07659076742108864,0.08017300751678474,0.10891632199935102,0.05186406426212423,0.12101358969169014,0.08905460499635703,0.0851448970676186
2025-05-30,0.12390702196706845,0.09759758577363,0.07307738674615695,0.034468261196263054,0.07145869544922213,0.08624010093758588,0.07776837176224785,0.10764869457968382,0.058791981794401586,0.09970866131267457,0.08601109065438614,0.08332214782667935
2025-06-02,0.1362350175161357,0.10338651206987526,0.04855157679104106,-0.010323570718091191,0.0712824304461261,0.08981222737443821,0.08225273730770433,0.11417294593667551,0.06535677675559325,0.09693917913693553,0.09158597483344089,0.09010105111394295
2025-06-03,0.13299700565470254,0.09515686510465216,0.0571321167390519,0.0413028610735202,0.06590620531277668,0.06577276728209759,0.07850632955548094,0.11954383805367647,0.06271157601214412,0.10081103564918022,0.0915493650433651,0.0886100345193521
2025-06-04,0.12506597719894133,0.0967606873139903,0.06169192062878238,0.03386402075898559,0.06008518853983574,0.058163346601729976,0.07754929954218193,0.11128569815587235,0.06300455644216647,0.1286575231932709,0.09504727477467279,0.08882450684957026
2025-06-05,0.1043280847417316,0.09740739845083075,0.07328618569947486,0.045142101479590545,0.08495134659829576,0.06365380128128541,0.07191604102688566,0.1235055243630761,0.059178351678084065,0.11354199204149294,0.08353472797436408,0.07955444466488823
2025-06-06,0.12147779189154732,0.10431508671218861,0.027345839613554593,0.048223157449399506,0.09235189443706232,0.08470702922787096,0.06646298868676709,0.11541532783930081,0.06902217784754196,0.1060645840628412,0.08245130149924682,0.0821628207326788
2025-06-09,0.09990028039506185,0.11898689948224661,-0.04563012269855451,0.033699118338097155,0.12175848129732231,0.08205796259147782,0.07154467676897264,0.10793215537480114,0.06376387153709101,0.0983804635439885,0.07774603427162492,0.07859993370076156
2025-06-10,0.10655254550346023,0.12738396348127995,0.05044316239076779,0.04358752807777154,0.11878278814177032,0.07571621626927764,0.07336011554273114,0.09398062351674209,0.06046952013265073,0.09508940178767943,0.07730686135365528,0.07732727380221385
2025-06-11,0.09556182084522716,0.0943369181956675,0.07082847571743295,0.05044571615060593,0.10091553869318362,0.07622694448568726,0.08031197374319965,0.10360606413810457,0.05737121659164374,0.10624499334001364,0.08364412003123205,0.08050621806800193
2025-06-12,0.11171937345906385,0.08631113376890627,0.07431968126042719,0.05991823519223296,0.08429943020905155,0.07746559707879319,0.0818015897256441,0.09778456350691456,0.054818146734742904,0.104607407729478,0.0847995606186912,0.08215528071605421
2025-06-13,0.10961651727841444,0.09361639571352773,0.053063791312679826,0.07448901612024333,0.07598795835482723,0.09186393850055577,0.07572462487680831,0.09714555985668075,0.06835177512246157,0.10526099130458516,0.0791876360549988,0.07569179550421709
2025-06-16,0.14641764209588448,0.10890387052229653,0.04244497653967049,0.06439788116281296,0.08052445721824941,0.07404342222146826,0.06715757190132156,0.08741998627235428,0.06491825723214477,0.10185000769652773,0.08010685322289837,0.08181507391437118
2025-06-17,0.11918594929248595,0.11226480524509048,0.060907783848976466,0.0478943942493683,0.08640006773467805,0.05367175003734353,0.08333726749893638,0.1061077654739988,0.06701079157701831,0.10445691643274586,0.08046717247668156,0.07829533613267632
2025-06-18,0.1323713076121523,0.1027199496534287,0.05074900836973388,0.05368382835211475,0.07976665313183989,0.06436578517934799,0.08144712515942605,0.10644161877572918,0.06340018829612758,0.10611436824262441,0.08066643198154391,0.07827373524593134
2025-06-20,0.15013836666687277,0.09026342541095328,0.05908658115726281,0.05152788988340648,0.07003214582908537,0.07019406366858315,0.09386970809276309,0.0922370800864012,0.06503834705140477,0.10285082962153894,0.07774039871672904,0.0770211638149991
2025-06-23,0.16368658286797377,0.09478472460886113,0.027883796767953217,0.06002793682917292,0.07969830193500146,0.08490200281946456,0.09758760385685368,0.07559454603195494,0.04875035264814803,0.10257107152712275,0.08082973160047474,0.0836833485070188
2025-06-24,0.1326789123833196,0.08355617838158717,0.05075184987468059,0.05736304720549871,0.06208984687162483,0.09638202862605803,0.09789230813366598,0.08702706780821919,0.06963213239834443,0.08520598142972755,0.08627544589913386,0.0911452009881401
2025-06-25,0.12420553940316273,0.08959125980985617,0.05657518354410152,0.052742916430432725,0.05263425557441743,0.08948320851771396,0.09233855199455182,0.09749059804110431,0.074047935749432,0.08740438845879316,0.09339254888749503,0.09009361358893915
2025-06-26,0.1119069795483997,0.08671439342824994,0.06695207068477882,0.056765757395046315,0.07378627377262191,0.07791508916411978,0.08318669158152714,0.08167456330547444,0.0658551323663659,0.12903172296160526,0.08544090447809384,0.08077042131371696
2025-06-27,0.1051271051175367,0.10256925507031343,0.06267958672195456,0.05138249734374612,0.08937247180213194,0.07498671102300877,0.07852715699178345,0.09583551274464534,0.06566751448629521,0.11358721427102898,0.0820402630567805,0.07822471137077498
2025-06-30,0.1233946075971935,0.09368393853842538,0.06442941939422395,0.0498573175108641,0.08533258199007097,0.0725914855127422,0.0607614987256179,0.10353564606108354,0.05923236272447537,0.12470551062327342,0.082250373026878,0.08022525829515166
2025-07-01,0.15765593253387644,0.07963367155838585,0.06924870612385568,0.07351458202991945,0.07782838884441806,0.06418353909914058,0.07104867083713592,0.08721878166508455,0.061357093767871324,0.10000899299598012,0.07829002763437358,0.08001161290995842
2025-07-02,0.18709170144772336,0.0918460161788092,0.036062206476702524,0.10160304384719808,0.07719007556043808,0.0788220792320557,0.06507950409351435,0.08357545641486898,0.061981565568703385,0.05876556664971143,0.07405751843770528,0.08392526609256964
2025-07-03,0.17717116759389478,0.08097288873801542,0.08301391274599586,0.09148267170933508,0.09691724180546084,0.05549429986740268,0.04219537169963913,0.06821576010869246,0.04508812955330854,0.09857368882442683,0.07908799535161043,0.08178687200221799
2025-07-07,0.10769828753286009,0.09946804534938038,0.08723140512728929,0.08681449333727964,0.08358828123445435,0.04157887541477069,0.05882111567203469,0.08104117813711847,0.07183922297204254,0.12176014058616874,0.08364139309203275,0.07651756154456836
2025-07-08,0.12330826091425943,0.1002707629489836,0.08596798992616382,0.10358607131959656,0.09072878023195921,0.038596273795155234,0.04624394272703599,0.08646595564091278,0.07571685317559229,0.10509075312288589,0.0741341658755706,0.0698901903218846
2025-07-09,0.16832504284803,0.06572650760701765,0.11188965057275814,0.14712723220858362,0.07434656732174598,0.06618586960875991,0.0,0.08169276964548443,0.053226465297266615,0.12694807784804812,0.05594206234480845,0.04858975469749708
2025-07-10,0.13425410769639418,0.08443311135575388,0.08678213054905273,0.12636570144768147,0.08969475926454289,0.04962171089221924,-0.0620294541866993,0.09914968475211325,0.07013007707006691,0.12724103809075885,0.04436874848645544,0.025929476208261863
2025-07-11,0.11320271134970761,0.07200599713637487,0.20800343323132486,0.12419277524464972,0.09450287152408618,0.05212014150653168,0.01538722101289252,0.09525506043553869,0.05162202370455103,0.11592980507209595,0.03468707820636857,0.023090881575878318
2025-07-14,0.09908998511691877,0.1116599594958159,0.17865233206407685,0.13752543350506394,0.13990462034665088,0.04183946104541752,0.0,0.0753758755826491,0.06423464465332582,0.12727394055984592,0.024443747630235293,0.0
2025-07-15,0.113885921807143,0.12184032325345318,0.1540684111675341,0.13752047531597708,0.1523054806895436,0.05026986104744386,0.05150076661429531,0.10370400003377547,0.052052354389297825,0.0,0.035984605239764524,0.02686780044177209
2025-07-16,0.10857745458049024,0.09371816294084888,0.05410694370763836,0.10804242869457359,0.11096741771931501,-0.1980453123067916,0.03993876799905597,0.09087038861761644,0.051453603759345136,0.11416603105632334,0.03011348861800143,0.0
2025-07-17,0.15808102871912347,0.09702987898878422,0.1212101747483291,0.14388704322793497,0.1434916370673799,0.06326253502054173,0.0,0.10434637286399058,0.03246361899795786,0.11678559841235799,0.019442111953600173,0.0
2025-07-18,0.1612961143863123,0.09078787304256689,0.12234624777388456,0.13887252794326294,0.13683135279636902,0.0,0.0,0.08880859566569388,0.07146161897403097,0.12510345731014444,0.040915374097197546,0.02357683801053749
2025-07-21,0.18515743052076217,0.11277055514564127,0.10334451326235114,0.14892146494566808,0.13521331289764665,0.024015797446920624,0.0340461549505599,0.07786132792986543,0.06626453211923054,0.11240491078135419,0.0,0.0
2025-07-22,0.15966293329017964,0.11327680631583589,0.04449963066868291,0.15716808478975872,0.19233414896371262,-0.0323990692966889,0.0,0.10263547321393862,0.06380480812378501,0.1085458843380626,0.025673160999355064,0.0
2025-07-23,0.15847589414563645,0.09999741979124631,0.1310890372577889,0.10831650937234191,0.14986688011303206,0.06812715391119645,-0.0792031316623486,0.08385070058997737,0.046955473766224234,-0.034360218319631965,0.0,-0.03975758107057577
2025-07-24,0.14044144749641418,0.07278116792440414,0.12944354116916656,0.09054858982563019,0.10312779992818832,0.03961999714374542,0.0,0.11632799357175827,0.025075681507587433,0.0,0.0,0.0
2025-07-25,0.12767140567302704,0.12958845496177673,0.13441920280456543,0.09514722228050232,0.13580583035945892,0.0,0.0,0.13463282585144043,0.06133388355374336,0.09379484504461288,0.0,-0.028110817074775696
2025-07-28,0.12310495227575302,0.11327185481786728,0.12916219234466553,0.10750829428434372,0.14440681040287018,0.0,0.0,0.12535053491592407,0.087489552795887,0.049681566655635834,0.0,0.0
2025-07-29,0.11176862567663193,0.12127158790826797,0.13696901500225067,0.11835798621177673,0.10121271759271622,-0.06294264644384384,0.0,0.1232026219367981,0.0483284592628479,0.12049287557601929,0.02035115659236908,0.0
2025-07-30,0.11363080143928528,0.1046094074845314,0.1438668966293335,0.11604417860507965,0.16403231024742126,0.024551918730139732,-0.051249366253614426,0.12653934955596924,0.0,0.03742792829871178,0.0,0.0
2025-07-31,0.08687905592855544,0.04092056097541606,0.1072106328271261,0.08572634432599643,0.08153754531276124,0.03740651077318584,0.014511144414195144,-0.2192917825040324,-0.21803383727819484,0.08828341757197575,0.020199168088560784,0.0
2025-08-01,0.13050991296768188,0.0,0.167390838265419,0.12668323516845703,0.1135660856962204,-0.03583204373717308,0.06473011523485184,0.06483972817659378,0.0,0.13374415040016174,0.05477863550186157,0.03544420376420021
2025-08-04,0.1025615723158092,0.13143987436570673,0.08649834603782725,0.14732700050775108,-0.03357722626876269,-0.03832804598044151,-0.06020213502689158,-0.06207906829214953,-0.1524704597259472,-0.07293086765335854,-0.054547028149610204,-0.05803837567574452
2025-08-05,0.14739356935024261,0.08941692858934402,0.11808139085769653,0.1526368111371994,0.08836100995540619,0.07144401967525482,0.03900541737675667,0.1270778924226761,0.0,0.06663418561220169,0.03590618446469307,0.022063395008444786
2025-08-06,0.0,-0.04508544132113457,0.10686838626861572,0.11924268305301666,0.10049846023321152,0.06189257279038429,0.04843202605843544,0.04650662839412689,0.0,0.06576833873987198,0.0,0.0
2025-08-07,0.1496269404888153,0.06034589186310768,0.07847905904054642,0.09210824966430664,0.11053057760000229,0.033037494868040085,0.08657269179821014,0.11030368506908417,0.0,0.05978062003850937,0.03604275360703468,0.029665322974324226
2025-08-08,0.1842663288116455,0.12125635147094727,0.1314277946949005,0.09802450984716415,0.045064397156238556,0.0,0.04689021036028862,0.03168462961912155,-0.0318598598241806,0.046534448862075806,0.0,0.0
2025-08-11,0.19869941473007202,0.13862788677215576,0.10841692239046097,0.0684831365942955,0.12069221585988998,0.022588511928915977,0.05463221296668053,0.09027789533138275,0.0,0.07973778247833252,0.020729025825858116,0.0
2025-08-12,0.036691270768642426,0.1233016848564148,0.15050636231899261,0.056673258543014526,0.07172833383083344,0.028731681406497955,0.03252492472529411,-0.032174158841371536,-0.0793311819434166,0.048874158412218094,-0.06946302205324173,-0.06330344080924988
2025-08-13,0.028480811044573784,0.07617270946502686,0.1505478322505951,0.06622038036584854,0.0915532037615776,-0.03975674882531166,0.07178442925214767,0.12588034570217133,0.028344783931970596,0.07965705543756485,0.0,-0.03494330123066902
2025-08-14,0.0734599381685257,0.0,0.06004975736141205,0.0855567455291748,0.04750509932637215,0.0,0.0,0.0812179371714592,0.0,0.04791557788848877,-0.027115758508443832,-0.035309068858623505
2025-08-15,0.0,0.12909166514873505,0.07962268590927124,0.08394251018762589,0.04506034404039383,-0.030103586614131927,0.06303433328866959,0.08925549685955048,0.028815852478146553,0.07376796007156372,-0.02352149598300457,-0.039645519107580185
2025-08-18,0.0,0.10646569728851318,0.09948818385601044,0.09701397269964218,0.06315229088068008,0.027022073045372963,0.03255533054471016,0.11532113701105118,0.04594792425632477,0.022088157013058662,-0.03908953070640564,-0.05609467253088951
2025-08-19,0.0,0.09737152606248856,0.1375759392976761,0.10509593784809113,0.06951127201318741,0.0,0.049126289784908295,0.13743336498737335,0.07825461775064468,0.10974128544330597,0.0,-0.03569260984659195
2025-08-20,0.029184389859437943,0.09496966749429703,0.06894975155591965,0.0899556428194046,0.07514147460460663,0.0,0.02894994243979454,0.12263032793998718,0.08477147668600082,0.08938081562519073,0.0,-0.03542383015155792
2025-08-21,0.0,0.08967737853527069,0.1218763217329979,0.11243366450071335,0.039662137627601624,0.03118540346622467,0.05342315882444382,0.13495950400829315,0.06837358325719833,0.07049235701560974,0.024046747013926506,-0.021054860204458237
2025-08-22,-0.04676249623298645,-0.0659245029091835,0.0,0.0924370139837265,-0.1144450232386589,0.02110065147280693,0.0,0.049811333417892456,0.039632540196180344,0.0,-0.06818464398384094,-0.14209502935409546
2025-08-25,0.0357186496257782,0.09501474350690842,0.05183953046798706,0.10359656065702438,0.03584917634725571,0.03575105965137482,0.05803702771663666,0.10226524621248245,0.07172071933746338,0.0,0.0,-0.027406370267271996
2025-08-26,0.027738364413380623,0.10679380595684052,0.050170958042144775,0.08017630130052567,0.09639579802751541,0.029656387865543365,0.0,0.12924720346927643,0.08161765336990356,0.033735595643520355,0.0,-0.05114143341779709
2025-08-27,0.05636655539274216,0.11899762600660324,0.11306281387805939,0.08765369653701782,0.06540513038635254,0.0,0.05441736429929733,0.14419841766357422,0.03525958210229874,0.08237773180007935,0.020585443824529648,-0.04179557412862778
2025-08-28,0.053303662687540054,0.10987778753042221,0.10354823619127274,0.05015400052070618,0.0,0.04815823957324028,0.04048175364732742,0.1475602090358734,0.054118286818265915,0.09280049055814743,0.0,-0.05141902342438698
2025-08-29,0.0792260617017746,0.17618760466575623,0.13950231671333313,0.04209047928452492,0.07080251723527908,0.0,0.05473697558045387,0.156937837600708,0.08186961710453033,0.12461904436349869,0.03401624783873558,0.0
2025-09-02,0.07887882739305496,0.13467784225940704,0.05133189633488655,-0.03529747575521469,0.08811721950769424,0.0294633861631155,0.04907018691301346,0.15204593539237976,0.08207067847251892,0.14860886335372925,0.03957735747098923,0.0
2025-09-03,-0.13909058887423303,0.09105232841578574,0.08532223402374091,0.06207862614836242,-0.25,0.042510750682009525,0.024423231292352836,0.113170489712972,0.06014711378008163,0.0787891769653975,0.0,-0.04675049640981287
2025-09-04,0.03748958185315132,0.0,0.13543188571929932,0.0,0.194247305393219,0.041723839938640594,0.0,0.13973163068294525,0.06969031691551208,0.06589064002037048,0.0,-0.07283788174390793
2025-09-05,0.06842619925737381,0.13680416345596313,0.13226252794265747,-0.12185724079608917,0.10266575217247009,0.052685823291540146,0.0,0.1793191283941269,0.06785376369953156,0.12533670663833618,0.0,0.0
2025-09-08,0.06706598401069641,0.11171719431877136,0.10287732630968094,-0.06509017944335938,0.11294332891702652,0.049295298755168915,0.043603066354990005,0.18779955804347992,0.047285567969083786,0.0946262925863266,0.0,-0.03871095925569534
2025-09-09,0.06239970773458481,0.16227233409881592,0.13714025914669037,-0.025124773383140564,-0.02298184111714363,0.05592605099081993,0.0,0.18027862906455994,0.08868196606636047,0.06757951527833939,0.0,-0.04076022654771805
2025-09-10,0.1027492806315422,0.07728888839483261,0.07917097955942154,-0.09808710962533951,0.1107904314994812,0.05966780707240105,0.0755619928240776,0.16556479036808014,0.1069667860865593,-0.02251085452735424,0.0,-0.044859644025564194
2025-09-11,0.0,0.08349757641553879,0.15250644087791443,-0.07497856020927429,0.031943123787641525,-0.02194877527654171,0.0976237878203392,0.154859259724617,0.12536662817001343,0.12621049582958221,-0.029092414304614067,-0.08558589220046997
2025-09-12,-0.04192779693030521,0.10722125263726988,0.1593606072462282,-0.07854113688693429,0.03873403112320771,0.03729436694334501,0.12046351861084927,0.14439657806198,0.08903839155254115,0.11839130849141953,-0.023052020321395854,-0.041578991194523914
2025-09-15,0.025916353251979902,0.0798933079019286,0.10867951153607083,-0.08736884517149969,-0.10705589791839984,0.04266396418612909,0.0818589091271601,0.14493214973912902,0.11472878402098344,0.09862000575513255,-0.039567319589117106,-0.06871495180246984
2025-09-16,0.07889955881971268,0.13537141836998717,0.08107054428714429,-0.037505177363858694,0.11923357254385664,0.051339183720355,0.0721579658445435,0.19752509560074294,0.07578567831902475,0.09915043648679955,0.0,-0.051961368643974805
2025-09-17,0.09742854627836206,0.1519090862512626,0.12904110763532725,-0.023978164258376792,0.053327821231980634,0.033264142591090035,0.0426215572308915,0.21290671501866262,0.05700043128415244,0.11044819213737461,-0.02729463099936395,-0.060779605083155504
2025-09-18,0.10099810525216343,0.15280807868104868,0.10714762465652364,-0.02739247315489881,0.0,0.06838657203857347,0.04984203986895669,0.18056881770744476,0.0699830076875045,-0.056243236253116946,-0.08976177079875544,-0.09686827390101364
2025-09-19,-0.04302030801773071,0.16407568752765656,0.1190459355711937,-0.08752242475748062,0.0,0.0,0.040022823959589005,0.1838129311800003,0.0,0.09836811572313309,-0.07387536019086838,-0.10700597614049911
2025-09-22,0.0,0.15495477616786957,0.10495640337467194,-0.10361858457326889,0.07301833480596542,0.07116077095270157,0.04022347182035446,0.1422872692346573,0.07770034670829773,0.0,-0.06811294704675674,-0.105964794754982
2025-09-23,0.18833352625370026,0.15474463999271393,0.12940368056297302,0.0,0.04061976075172424,0.021722719073295593,0.0,0.13592298328876495,0.054519910365343094,0.08198896795511246,-0.04388453811407089,-0.0645805075764656
2025-09-24,0.08142363280057907,0.1564241349697113,0.1507958620786667,0.0,0.07898766547441483,0.07187031209468842,0.0,0.13711686432361603,0.04761531203985214,0.07889900356531143,-0.056373681873083115,-0.06757945567369461
2025-09-25,-0.03001733310520649,0.17181946337223053,0.1018180251121521,-0.0622197650372982,0.05619186535477638,0.06979154050350189,0.032792288810014725,0.15196238458156586,0.07809511572122574,0.08380632102489471,-0.037326227873563766,-0.045105695724487305
2025-09-26,0.07006965678686694,0.16734470250014596,0.14612211946019124,-0.07530887940729074,0.0,0.05904456166632044,0.0,0.16372853905286813,0.06930187105390631,0.11609940960077444,-0.05398205366939148,-0.0789982068022443
2025-09-29,0.03562479323291821,0.15632983638364326,0.11826475386314406,-0.12499146558700101,0.04742460310069859,0.062321151231251676,0.043010397033953915,0.15176124819659137,0.09179736463590955,0.09306623037124946,-0.03208102055361029,-0.0433271358100286
2025-09-30,0.020482969966024587,0.15452814949162552,0.19610086352401682,-0.05440915728044706,0.0505700227714195,0.040511550660607604,0.03995224341874002,0.1543722208294947,0.10141655425209514,0.1443363542733296,0.0,-0.043319913532199446
2025-10-01,0.02320168479915041,0.15201893999554658,0.17726900354931446,-0.031200538112311566,0.0,0.0913730773436143,0.045326494862024405,0.14386621482802503,0.09352837091147116,0.17490397649668812,-0.023173915593127002,-0.044137783508726984
2025-10-02,0.027029433398998274,0.16986919429964692,0.25,-0.036171433390141776,0.0,0.05044926101809258,0.05505335438782583,0.13618811578652146,0.07031665616940366,0.12315136969964445,-0.023153231163474685,-0.04173055402453481
2025-10-03,0.05297422777914238,0.16174650504689783,0.24384683820214306,-0.10769415945837613,0.03346854382758013,0.0,0.02041703952064413,0.1479805278553385,0.06656306097236811,0.11746731349780902,0.0,-0.04784178383970074
2025-10-06,0.06272434907316217,0.1408874374688297,0.17045678785065385,-0.15242021375697995,-0.04404722587390955,0.03814602319326526,0.04140075709511462,0.1397121409645104,0.026930402385021597,0.07111939542990225,-0.051063544455772755,-0.061091722452877695
2025-10-07,0.07140237092971802,0.20423544943332672,0.10284002125263214,-0.056404341012239456,0.060985516756772995,0.0,0.07661432772874832,0.20215700566768646,0.07731901109218597,0.08580028265714645,0.0,-0.04896833375096321
2025-10-08,0.05568729177121688,0.2109464671890438,0.0,-0.12240263357403669,0.06032972101962814,0.0,0.08225404968644921,0.1986292098485468,0.047749656829062716,0.04235038752979802,-0.08820375962729862,-0.0914468229249191
2025-10-09,0.083350540228478,0.22876558264077623,0.09769896485595182,0.0,0.07478667407508376,0.0,0.05820195487859533,0.2071111777102881,0.05370635343981762,0.1273713839044276,-0.024067131499442663,-0.04494023676713884
2025-10-10,0.13582563400268555,0.0,0.027317412197589874,-0.15263871848583221,0.12223456054925919,0.0,0.09407173842191696,0.09512659907341003,0.056887973099946976,0.0,0.0,0.0
2025-10-13,0.06095977673497152,0.023813646911073256,-0.026926082437336362,-0.24451134930573856,-0.09332179028766573,-0.0512329655464503,0.0,0.11839125680321665,0.04113395262254762,-0.08567756214313729,-0.1423096687825023,-0.11172194842536042
2025-10-14,0.06408284604549408,0.13441626727581024,0.11032510548830032,-0.048679791390895844,-0.027433887124061584,-0.044565215706825256,0.06293173879384995,0.17921923100948334,0.09325048327445984,0.0643719956278801,0.0,0.0
2025-10-15,0.06001339401378931,0.15978912140662846,0.1660536914870109,-0.09997669981360065,-0.04196305432684848,-0.046146858336747414,0.030528682538038827,0.18688982042437718,0.10952037263879484,0.09911830501416392,0.0,0.0
2025-10-16,0.07645929438653694,0.14389745986421837,0.15833256107478433,-0.08074185239827314,0.05680543385022259,-0.04133013793581852,0.06286621532749286,0.16085196564770968,0.09416091176950094,0.06731005324147459,0.03149483354069739,0.025749280963270664
2025-10-17,0.029539610855875,0.1724718001260524,0.1925226771077592,0.0,0.07178780728267528,-0.04250052038703523,0.080113299258881,0.1925013252591723,0.11344067470658892,0.10512228501596071,0.0,0.0
2025-10-20,-0.03893920759334744,0.14845413993723355,0.09167497185502382,-0.22051488318064788,0.05228000484145964,-0.018750976510162342,0.023398245321554777,0.17629022795219662,0.09962140590648955,0.11226080814242281,0.0,-0.017815128759461563
2025-10-21,0.10624278297774761,0.18418997708399737,0.11788500621528607,-0.029802751506760157,0.07235464982977223,0.0,0.06074370643078552,0.18428794982464883,0.10111297109921259,0.1166777473241023,0.02670245770768734,0.0
2025-10-22,0.0924756158457987,0.12335008779181907,0.15306565075347112,-0.04389261125855666,0.03262684006679031,-0.04035447278904072,0.08331728588821614,0.17317399488143415,0.10264424873334943,0.12453516363687878,0.030564028354644935,0.0
2025-10-23,0.06036753667359167,0.13683251378183386,0.14431762560717132,-0.07416165011639415,0.039318104336024874,0.0,0.08448993764786786,0.1817634568655059,0.10757160805087375,0.12273936483113734,-0.019573209857360985,-0.02886499223223828
2025-10-24,0.0486685204750365,0.19592899977145192,0.17261626185124274,-0.02135619391421209,0.0,0.0,0.04351294421519887,0.21325210209092874,0.10066553470633183,0.12427806772378598,-0.031416563836124935,-0.04830481141568638
2025-10-27,0.04226511495404057,0.1866549628159363,0.13278610279594574,0.07602387170183737,0.035883527212836254,0.0,0.07493521794251991,0.14960829247262197,0.05602613321772372,0.13270386689715538,-0.05071330539600609,-0.062399604593376665
2025-10-28,0.10530159025121524,0.14434841758649494,0.12320832368719722,0.07011097261323805,0.13261234679789033,0.037042624126770285,0.07951053377944894,0.12422036912721636,0.04170215425235923,0.10915676192671112,0.0,-0.03278590585145829
2025-10-29,0.09145974512822404,0.1287683065050371,0.11318265556206777,0.06080659509010103,0.031262246622017736,0.03028016474339891,0.07267998023265049,0.09153366352485061,0.05615617542378452,0.25,-0.0183550871104719,-0.05498251662389256
2025-10-30,0.09158669412136078,0.03587324172258377,0.15669526159763336,-0.040224589407444,0.11397141963243484,-0.03244466334581375,0.039232686161994934,-0.15414971113204956,-0.028135741129517555,0.18783147633075714,-0.021343694999814034,-0.05003019794821739
2025-10-31,0.07350807434490653,-0.25,0.09960567849761973,0.02435058419168793,0.14275052865220125,0.020086023298468137,0.050734313645340395,0.1150875587583543,0.0,0.044576787076546276,-0.08271119471751837,-0.08427194404999189
2025-11-03,0.06850943714380264,0.08387131243944168,0.15821126103401184,0.04296587035059929,0.0840706080198288,0.06680849939584732,0.04810132458806038,0.180642768740654,0.0,0.0,-0.09223518520593643,-0.08579166233539581
2025-11-04,0.03830021619796753,0.14769381284713745,0.1794220358133316,0.09915748983621597,0.10455747693777084,0.04060827195644379,0.0,0.23109279572963715,0.05870649963617325,0.06769305467605591,0.0,-0.02029365859925747
2025-11-05,0.055648744106292725,0.0,0.11185184866189957,0.0,-0.0642194077372551,0.06080421805381775,0.0,0.22214454412460327,0.09262166917324066,0.05682945251464844,-0.07190970331430435,-0.056505247950553894
2025-11-06,0.06630750088179624,0.06162447856907663,0.18113444339435242,0.026125224668985866,0.08920523335359476,0.033194917870749366,0.022121464948811845,0.24924342166430466,0.12176492256427793,0.12244037349292142,0.02683801859112885,0.0
2025-11-07,0.08567315216613272,-0.020742897770094883,0.18920869830532433,0.0,0.10658044132333852,0.052372151914674495,0.03222042997197034,0.25,0.12270071204213787,0.0923625995248861,0.03577670980075916,0.0
2025-11-10,0.05297521014051691,0.022873761402612824,0.19252613243091954,-0.11502468244853326,-0.09189562373073375,0.0,0.0,0.20201643951475617,0.06973477454842578,-0.12973953046923725,-0.0690586257125895,-0.054155219601675034
2025-11-11,0.0,0.12342300129087216,0.1534512053637149,0.0,0.10263273293960588,-0.12985121927240925,0.04209586049769149,0.22504299733135266,0.12198639675631835,0.06687303045366899,0.03464355609436631,0.0
2025-11-12,0.08779429484912049,0.09616581650049333,0.1728538049117345,0.0,0.11567991394584051,0.027432474120448944,-0.024873843246668092,0.19897288035580238,0.12165243832114155,0.10649667710948783,0.04807785663926236,0.0
2025-11-13,0.07103536493360171,0.09748683452265243,0.16126344022098765,0.05920830246058195,0.1087197312549441,0.0,-0.018227470754047435,0.18027917181826478,0.0914468351471607,0.12867948443659108,0.06099177451898477,0.02266158993218337
2025-11-14,0.07124364847770001,0.12869250560892945,0.15988025433054023,0.062404778900041036,0.10617229608149906,-0.028075428912073958,0.05170438780887097,0.20014474507362204,0.054580434356517306,0.08627607923331558,0.05082544121689041,0.0
2025-11-17,0.07086610381963585,0.10258726033418597,0.15907278142751913,0.044220511978443774,-0.03543195404845865,-0.10465332039829595,0.06581348444868668,0.15755933249255624,0.06861849930999152,0.09995719229443734,0.057442223621362296,0.03377733582642661
2025-11-18,0.05535930973134671,0.13774609625150216,0.15798253041709454,0.0,0.05034497461813131,-0.021645577744357523,0.0815237828474618,0.1668420394788933,0.06705929783182242,0.13899550134000513,0.07506417967508333,0.047436710064301765
2025-11-19,0.05223191506751652,0.1335737880924894,0.1785765039102207,0.04834411076654744,0.015140448005345546,-0.09308470025728212,0.07827944193420834,0.17178881223955167,0.09087861608171612,0.053555268145082935,0.05150988965378094,0.03303650584625827
2025-11-20,0.060689889898483194,0.12614499990714398,0.13413157894653382,0.05862852681936076,0.07584358162383208,-0.03849528269849417,0.07434328734112348,0.14493535419405768,0.0868057943122916,0.0840047997709802,0.06660438629954976,0.04937251818814929
2025-11-21,0.025964572914208006,0.10178991645304607,0.1731880415981219,0.07470441126727886,0.0,-0.06475096717589937,0.09598230338277218,0.16706155509238252,0.10455769738228192,0.11411518702692143,0.051632666277583054,0.02625268142950472
2025-11-24,0.06361459383759414,0.07695903207565767,0.17069787247929602,0.07003050434163598,-0.03558380548283287,-0.10315372495695727,0.11154307232786234,0.17589945510471805,0.10603954567749244,0.06290614220859204,0.0,0.023572251507361187
2025-11-25,0.07385542959161427,0.06413704424068994,0.13709527398426985,0.07287502245129204,0.16478130428031165,-0.05682717713395922,0.07148722381284729,0.11618904369887752,0.08569767868000519,0.07533024575251714,0.04512091834512901,0.03660363802848684
2025-11-26,0.07055423008723112,0.08551189978275917,0.14702619541428308,0.07063913910987553,0.11093278091752878,-0.046647003521688664,0.09283205976118229,0.12331062405724981,0.09750016858998818,0.06049576237052013,0.05390713293649011,0.040643003451203134
2025-11-28,0.0609414601532204,0.07434277411344048,0.16247257094661322,0.07991547392064315,0.046947086179151463,-0.042518633938754054,0.11083083696938484,0.11180159261807338,0.13001574019633208,0.09130929371810825,0.05709779287714857,0.03180674436913013
2025-12-01,0.051490379216847564,0.13507856613531077,0.09885899990657343,0.11113460785754985,0.06511549047271176,-0.046466886912783806,0.0834673324488223,0.11854389883194925,0.1165369185623135,0.08493119478768625,0.06361024433540806,0.024765480532043433
2025-12-02,0.10843894630670547,0.18228976428508759,0.0,0.12163503468036652,0.0,-0.0818331316113472,0.08520670980215073,0.08188056200742722,0.13872070610523224,0.15221068263053894,0.03555678576231003,0.0
2025-12-03,0.0965184090478366,0.1495934852201587,0.18001009805617088,0.08910445418229922,0.0,-0.050650255341148726,0.03442343076473745,0.10239331811599395,0.08481653196732461,0.16376171461046815,0.048728302693861726,0.0
2025-12-04,0.06908666342496872,0.14485761523246765,0.18388770520687103,0.0962895080447197,0.07268083840608597,0.0,0.07432538270950317,0.04657524824142456,0.08858032524585724,0.14198924601078033,0.04508347809314728,0.0
2025-12-05,0.049201163502551035,0.06133796388823328,-0.02442134423223181,0.08864322556802931,-0.0722252424306914,0.13895679026330074,0.13990781715292533,0.07260742785269873,0.050062954717541616,0.052631682112065405,4.388267082369573e-06,-0.25
