date,FXE,GLD,HYG,IEF,QQQ,SPY,TLT,VNQ
2022-01-31,0.0,0.0,0.039247823103605424,0.12715847641854025,0.20780172109066256,0.29780727511704436,0.17416834465667763,0.1538163596134697
2022-02-01,0.03297183555807842,0.0,0.049874115871728034,0.06370787433822196,0.3427688866029577,0.34380652613716844,0.06752784851773819,0.09934291297410727
2022-02-02,0.013833629218270787,0.0,0.01806551846971122,0.024255027294596384,0.4177220500690702,0.4197165926864965,0.0255484265157519,0.08085875574610296
2022-02-03,0.02259565857588687,0.0,0.0,0.0,0.40383449686079265,0.4814744435222453,0.0,0.09209540104107529
2022-02-04,0.08509283166464146,0.0,0.036945669056220494,0.030266904231861024,0.340386106636715,0.39755257230761337,0.0028676097397795602,0.106888306363169
2022-02-07,0.08978451856440421,0.0,0.012102700869819863,0.0,0.3512043243180341,0.4489223353347005,0.0,0.09798612091304133
2022-02-08,0.09578247422082187,0.058030221717898935,0.031985259027223184,0.008544626793284068,0.31857338883692277,0.3982101508278471,0.0,0.08887387857600221
2022-02-09,0.07955437449243279,0.0816008967024979,0.039926793958139556,0.015384389502974726,0.32253826537596336,0.3664937965464791,0.0,0.09450148342151252
2022-02-10,0.06268290223949055,0.09157684941469664,0.0,0.0,0.3525116082441259,0.43662145920270884,0.0,0.05660718089897809
2022-02-11,0.0,1.0,0.0,0.0,0.0,0.0,0.0,0.0
2022-02-14,0.14225871569359635,0.6162913568694386,0.10205155219451532,0.0647657313103086,0.0,0.0,0.0,0.07463264393214115
2022-02-15,0.14069287322497376,0.6294838774355023,0.11126787828839116,0.05853926440576938,0.0,0.0,0.0,0.06001610664536349
2022-02-16,0.1194004955695851,0.6384124436415661,0.1213967386004768,0.05375929097462982,0.0,0.0,0.0,0.0670310312137423
2022-02-17,0.0,1.0,0.0,0.0,0.0,0.0,0.0,0.0
2022-02-18,0.0,0.9177796175723173,0.04340457406630092,0.038815808361381765,0.0,0.0,0.0,0.0
2022-02-22,0.0,0.8493642879596601,0.03540136653477021,0.06307151559957967,0.0,0.0,0.05216282990598998,0.0
2022-02-23,0.048490750661047584,0.5411997970975371,0.14353669749112438,0.14321709872400495,0.0,0.0,0.12355565602628603,0.0
2022-02-24,0.03255361207288273,0.4220882883846368,0.19881820758478572,0.17922115715378767,0.0,0.0,0.153157942069678,0.01416079273422908
2022-02-25,0.07120649032681507,0.23949323083176047,0.2085008050327645,0.1610962019096374,0.0,0.0,0.14001689405527348,0.17968637784374908
2022-02-28,0.125,0.125,0.125,0.125,0.125,0.125,0.125,0.125
2022-03-01,0.0,0.30466141883035824,0.0,0.0,0.0,0.0,0.6953385811696418,0.0
2022-03-02,0.08061389051798014,0.1497288869337567,0.12643384174564304,0.12602656633968984,0.1321207323548879,0.13199680622913076,0.12289387134614024,0.1301854045327713
2022-03-03,0.0,0.4316394283096282,0.0,0.0,0.0,0.23468593413892797,0.0,0.3336746375514439
2022-03-04,0.125,0.125,0.125,0.125,0.125,0.125,0.125,0.125
2022-03-07,0.0,0.9242722580063144,0.0,0.00031410836413615657,0.0,0.0,0.0,0.07541363362954938
2022-03-08,0.0,0.7797862872552979,0.014564237743264007,0.09059735018437994,0.0,0.0,0.032326894022400784,0.08272523079465735
2022-03-09,0.12358689835244352,0.3989381483823346,0.12465569165284515,0.12537095421980035,0.0,0.0,0.0712864802388482,0.1561618271537281
2022-03-10,0.0,1.0,0.0,0.0,0.0,0.0,0.0,0.0
2022-03-11,0.0,1.0,0.0,0.0,0.0,0.0,0.0,0.0
2022-03-14,1.0,0.0,0.0,0.0,0.0,0.0,0.0,0.0
2022-03-15,0.707650793266674,0.0,0.15388478076660767,0.0,0.0,0.0,0.0,0.13846442596671824
2022-03-16,0.27928426230431685,0.0,0.16605928826242916,0.058182174318691805,0.07689045727564349,0.27342889481007565,0.0,0.14615492302884303
2022-03-17,0.16405120185430352,0.0,0.09019948207110173,0.0,0.2827173761556448,0.3834262369470324,0.0,0.07960570297191769
2022-03-18,0.07447637465350244,0.0,0.03259262604075517,0.0,0.4338075842546672,0.4412988818752661,0.0,0.017824533175809044
2022-03-21,0.0627688765085865,0.0,0.03199647424956867,0.0,0.45695808434242585,0.43079131850591146,0.0,0.01748524639350759
2022-03-22,0.07808617720730643,0.0,0.06313940574311647,0.008148729205104342,0.42563515862918566,0.37588077404773046,0.0,0.049109755167556605
2022-03-23,0.0,0.0,0.0,0.0,0.5691796374084106,0.43082036259158935,0.0,0.0
2022-03-24,0.060547542729384465,0.01722133961960309,0.05673390002584149,0.016591844065874706,0.45223078168597197,0.3470537802358304,0.02006093501136632,0.02955987662612765
2022-03-25,0.04034842368364875,0.0361583683513538,0.03550038993481511,0.0,0.4868247322667184,0.37744262662114764,0.0,0.023725459142316337
2022-03-28,0.03937244425832833,0.02063037441307785,0.041209806740949755,0.005560799284991582,0.4686207815269995,0.3487083221700853,0.02089378835502878,0.05500368325053911
2022-03-29,0.05380677529765518,0.02742484410641376,0.055817706727468545,0.033099948225910746,0.38550671436855777,0.29337913855751246,0.052002293074160016,0.0989625796423216
2022-03-30,0.0,0.0,0.0,0.0,0.5217788400520996,0.3477025746695282,0.035951595079907396,0.09456699019846485
2022-03-31,0.0,0.07488341929281563,0.0,0.02029394290213727,0.41082025952499823,0.0,0.29570287829513936,0.19829949998490948
2022-04-01,0.11615857206053176,0.16163305015278326,0.10638305877319863,0.14739754775672437,0.0,0.0,0.2591200454068556,0.20930772584990634
2022-04-04,0.10149525783221837,0.18252757012594714,0.1262600118064598,0.15303460638600952,0.0,0.0,0.2367621154146621,0.19992043843470303
2022-04-05,0.0,0.2422691726524444,0.0047448938411751365,0.113143652893266,0.0,0.0,0.23450425076333406,0.4053380298497804
2022-04-06,0.0,0.24942063643635357,0.0,0.0,0.0,0.0,0.0,0.7505793635636464
2022-04-07,0.0,0.6618228219580482,0.0,0.00444654283205213,0.0,0.0,0.0,0.3337306352098997
2022-04-08,0.0,0.9847259867258435,0.0,0.0,0.0,0.0,0.0,0.015274013274156402
2022-04-11,0.0,1.0,0.0,0.0,0.0,0.0,0.0,0.0
2022-04-12,0.0,0.9587315181136238,0.0,0.04126848188637621,0.0,0.0,0.0,0.0
2022-04-13,0.052408510812861575,0.7885256442487455,0.0616537564267848,0.09706821613626555,0.0,0.0,0.0,0.00034387237534251337
2022-04-14,0.01147729349547828,0.8843802137536476,0.04578801323906684,0.058354479511807146,0.0,0.0,0.0,0.0
2022-04-18,0.0,0.9600797662209378,0.02656316797582397,0.013357065803238139,0.0,0.0,0.0,0.0
2022-04-19,0.08372935216358433,0.5573747040532758,0.13841591824051902,0.09544116141579932,0.0,0.0,0.0,0.12503886412682164
2022-04-20,0.0,0.8149577248042241,0.0,0.0,0.0,0.0,0.0,0.18504227519577582
2022-04-21,0.0,0.5088491364761752,0.011933349972956324,0.0,0.0,0.0,0.0,0.47921751355086845
2022-04-22,0.0,0.0,0.0,0.0,0.0,0.0,0.0,1.0
2022-04-25,0.059500452486878734,0.0,0.16387330644250678,0.25456016943870313,0.0,0.0,0.29007140576665896,0.2319946658652524
2022-04-26,0.0,0.0,0.0,0.0,0.0,0.0,1.0,0.0
2022-04-27,0.0,0.0,0.10210791176635119,0.3472121592290173,0.0,0.0,0.5506799290046315,0.0
2022-04-28,0.0,0.0,0.1977284336012527,0.299754998689909,0.0,0.0,0.4241520843517041,0.0783644833571342
2022-04-29,0.0,0.0,0.0,0.0,0.0,0.0,1.0,0.0
2022-05-02,0.02679969742455584,0.0,0.2912769182651211,0.34722250959671297,0.0,0.0,0.33470087471361015,0.0
2022-05-03,0.0,0.0,0.4196842600421199,0.35080225715043667,0.0,0.0,0.22951348280744338,0.0
2022-05-04,0.037106039939208385,0.0,0.10140981366674857,0.06769223892402947,0.4811080355789832,0.26705249913257817,0.045631372758452055,0.0
2022-05-05,0.0,0.0,0.0,0.0,0.7201409212530977,0.27985907874690236,0.0,0.0
2022-05-06,0.12239619875295617,0.029065610726426886,0.0555239766267511,0.0,0.3273454594275133,0.4656687544663525,0.0,0.0
2022-05-09,0.125,0.125,0.125,0.125,0.125,0.125,0.125,0.125
2022-05-10,0.656718741694407,0.0,0.1583433305265287,0.18493792777906432,0.0,0.0,0.0,0.0
2022-05-11,0.125,0.125,0.125,0.125,0.125,0.125,0.125,0.125
2022-05-12,0.125,0.125,0.125,0.125,0.125,0.125,0.125,0.125
2022-05-13,0.18832849945914315,0.0,0.17640900619391534,0.2586900380294891,0.03243471441625438,0.06020415096246713,0.2328708978976467,0.05106269304108423
2022-05-16,0.0,0.0,0.0,0.0,0.39536797371016563,0.6046320262898343,0.0,0.0
2022-05-17,0.07123481221849771,0.0,0.05261771969684423,0.05681431559626832,0.30619778035413403,0.3428837019728288,0.039048352450909415,0.1312033177105175
2022-05-18,0.0,0.0,0.0,0.0,0.4249705487319773,0.5750294512680227,0.0,0.0
2022-05-19,0.14692536208494067,0.030347381442873578,0.07505348125505924,0.09677200798330877,0.17171579381575988,0.13040480536671362,0.1289732218258982,0.21980794622544597
2022-05-20,0.13283890269618945,0.0,0.0,0.0,0.0,0.0,0.31365667842427836,0.5535044188795321
2022-05-23,0.12010186708574329,0.12296433681639635,0.08635555932171668,0.07927431577803624,0.15853635691704832,0.17602892256395167,0.09904336646567528,0.15769527505143224
2022-05-24,0.10880815438392016,0.15747673053643355,0.040072353958284034,0.010446750289672797,0.13192202310625092,0.28918462219608515,0.06540856954252765,0.19668079598682578
2022-05-25,0.10090120981777238,0.12165306214349603,0.09252961415198624,0.07052326355733034,0.15424209350816936,0.21916093759944086,0.09500504307737358,0.14598477614443114
2022-05-26,0.08723099158546668,0.09541828413482516,0.09247408773633184,0.060139967091924054,0.20884939700816973,0.25807844205872377,0.0740175456783429,0.12379128470621595
2022-05-27,0.056913913203028486,0.05735703012973287,0.07352648281338381,0.03290991783194531,0.29392468541522393,0.33297305682777895,0.04202923982822544,0.11036567395068118
2022-05-31,0.039635972047766484,0.025197909994448753,0.06140030304297841,0.007135052539255085,0.3657735979590666,0.3932398573111608,0.0030335834637117876,0.10458372364161221
2022-06-01,0.03043794414889375,0.025370703110863042,0.061981476578866435,0.0,0.3880212940413955,0.3935692031984614,0.0,0.10061937892151974
2022-06-02,0.03013033573741301,0.04797952701214289,0.057299185499039326,0.0,0.39743125948985425,0.3746531550592842,0.0,0.09250653720226644
2022-06-03,0.0,0.0,0.01045109042599248,0.0,0.495312728155875,0.4408696036936004,0.0,0.053366577724532085
2022-06-06,0.0001376225793784852,0.0,0.040975705332743854,0.0,0.48372570746006055,0.4011688229130918,0.0,0.07399214171472533
2022-06-07,0.0,0.0,0.0,0.0,0.4807254212899535,0.42741753234482427,0.0,0.09185704636522218
2022-06-08,0.125,0.125,0.125,0.125,0.125,0.125,0.125,0.125
2022-06-09,0.125,0.125,0.125,0.125,0.125,0.125,0.125,0.125
2022-06-10,0.125,0.125,0.125,0.125,0.125,0.125,0.125,0.125
2022-06-13,0.125,0.125,0.125,0.125,0.125,0.125,0.125,0.125
2022-06-14,0.5081042970657847,0.0,0.0,0.4918957029342153,0.0,0.0,0.0,0.0
2022-06-15,0.125,0.125,0.125,0.125,0.125,0.125,0.125,0.125
2022-06-16,0.125,0.125,0.125,0.125,0.125,0.125,0.125,0.125
2022-06-17,0.0,0.0,0.0,1.0,0.0,0.0,0.0,0.0
2022-06-21,0.34385660167590476,0.0,0.0,0.6561433983240953,0.0,0.0,0.0,0.0
2022-06-22,0.125,0.125,0.125,0.125,0.125,0.125,0.125,0.125
2022-06-23,0.12993261259648034,0.0,0.06734409549352935,0.38883415750496564,0.0,0.0,0.4026453513485555,0.011243783056469224
2022-06-24,0.09445543339792606,0.006404743898784076,0.0987255292478257,0.14150901617590303,0.1974974163669393,0.18877591558200343,0.1365610402719701,0.13607090505864836
2022-06-27,0.034724589008791024,0.0,0.03889432537541412,0.06878964258637403,0.3209597244168483,0.36906465682115136,0.053838133503940275,0.11372892828748087
2022-06-28,0.0,0.0,0.0,0.0,0.34681523849418533,0.6028160237474977,0.0,0.050368737758316934
2022-06-29,0.0,0.0,0.0,0.01559296798044074,0.2665111027443509,0.6211145566312009,0.0409919791988216,0.0557893934451859
2022-06-30,0.0,0.0,0.0,0.1314072569657457,0.0056994636213924645,0.6045269117109195,0.23400927044122505,0.024357097260717168
2022-07-01,0.0,0.0,0.05143991670859532,0.20875667934741032,0.0,0.35032349431059795,0.27236385561153487,0.11711605402186163
2022-07-05,0.0,0.0,0.004416799528945167,0.22147649131246597,0.06014878964682742,0.33931983252001524,0.32756908219642994,0.04706900479531619
2022-07-06,0.0,0.0,0.0899268605761636,0.18085541574553088,0.18209977792282284,0.24178237393768007,0.21886892934302027,0.08646664247478239
2022-07-07,0.06242482042174224,0.0,0.12448473741348694,0.13934573149656843,0.21553852006972268,0.21000524963454456,0.14607100430057265,0.1021299366633624
2022-07-08,0.0,0.0,0.13165439351734834,0.11121064234326462,0.34475616163070777,0.27643255461258154,0.09801597004374028,0.037930277852357495
2022-07-11,0.125,0.125,0.125,0.125,0.125,0.125,0.125,0.125
2022-07-12,0.0,0.0,0.4656363948340939,0.2582435620514758,0.0,0.0,0.2761200431144303,0.0
2022-07-13,0.0,0.0,0.49241289967138485,0.0,0.0,0.0,0.5075871003286151,0.0
2022-07-14,0.017720212182941775,0.0,0.35839049611858753,0.24203072477911866,0.0,0.0,0.3818585669193521,0.0
2022-07-15,0.15005689812963052,0.0004846894980028776,0.2502876111416935,0.18497097029686144,0.1128241377545585,0.0,0.25032590259901205,0.0510497905802411
2022-07-18,0.125,0.125,0.125,0.125,0.125,0.125,0.125,0.125
2022-07-19,0.1258723438973827,0.08516767383361909,0.11384718768633459,0.08151312094608527,0.21551195582162108,0.19556213128379946,0.08346684943845027,0.09905873709270736
2022-07-20,0.10136294873048782,0.046924638316447075,0.07971896136048845,0.02860290074862166,0.3337015153745104,0.2971569094109591,0.033173511659299014,0.07935861439918647
2022-07-21,0.07289019259076994,0.05287695499027803,0.05510213157985109,0.01117158493721096,0.37887185459936995,0.33932864438595883,0.023870411275843224,0.0658882256407179
2022-07-22,0.012302173382482646,0.030152094110507087,0.0,0.0,0.481463509489173,0.456528343377491,0.0,0.01955387964034648
2022-07-25,0.08922654549644904,0.11246945257011164,0.06431055014281423,0.0512487600128457,0.2406148211231452,0.2714810506246612,0.07242887968275194,0.09821994034722102
2022-07-26,0.05209007368630386,0.23393469300842834,0.0,0.0,0.10093646243066935,0.3829393343063383,0.07113936657607386,0.15896006999218618
2022-07-27,0.09213089874655699,0.1564648739156315,0.07782585156935176,0.08335843612784484,0.1659944141525751,0.21410171892324922,0.08973321413483387,0.12039059242995659
2022-07-28,0.04990321135591966,0.16600269062212827,0.04742193693917136,0.05875956806217129,0.2183297078891531,0.281762698438231,0.05416225938962684,0.12365792730359856
2022-07-29,0.04297723464878493,0.1427969845777801,0.047867784183011165,0.054840695268064565,0.2555417200025521,0.29750267932319907,0.04243333415318946,0.11603956784341869
2022-08-01,0.005733714641751948,0.14710968340492864,0.01174147237887342,0.025953443593947835,0.33187604602442833,0.35306081826577296,0.03161074336537737,0.09291407832491944
2022-08-02,0.058175489459143234,0.1508231555324013,0.06387853621635319,0.06159130821336026,0.26009546934247024,0.24222597492913045,0.06221981880590185,0.10099024750123936
2022-08-03,0.03779888255116372,0.1439637797269291,0.05214777934326982,0.038719876379433596,0.3364912680320306,0.2624511379777011,0.053825335265442066,0.07460194072403004
2022-08-04,0.0067720046466761,0.19223474678946073,0.022231391562551148,0.0014369230224469901,0.4651258346878937,0.2641282033611601,0.027167107154764742,0.020903788775046495
2022-08-05,0.06993754962779397,0.17891830450667756,0.0800352630909371,0.05131305794417299,0.3225467597365836,0.1730701011554491,0.053195534541759244,0.07098342939662632
2022-08-08,0.0,0.38270748417974376,0.0,0.0,0.6172925158202562,0.0,0.0,0.0
2022-08-09,0.0,1.0,0.0,0.0,0.0,0.0,0.0,0.0
2022-08-10,0.13811017098130418,0.1778547554188634,0.11874030793585508,0.08320060896922278,0.16548054308100166,0.087822292410065,0.07643617413929477,0.15235514706439304
2022-08-11,0.22512071426860672,0.15643180339352314,0.05070582097325429,0.0,0.17065816327491712,0.10065350080985984,0.0,0.2964299972798389
2022-08-12,0.10833128854795174,0.08730660524287766,0.0800019730577472,0.006432166621025518,0.2413921771184212,0.28907460817511127,0.0,0.18746118123686542
2022-08-15,0.0,0.0,0.0,0.0,0.3863576969144821,0.46828497657252216,0.0,0.14535732651299574
2022-08-16,0.0,0.0,0.0,0.0,0.35348631156920113,0.4894852916571416,0.0,0.15702839677365726
2022-08-17,0.0,0.0,0.0,0.0,0.0,0.67356906500093,0.0,0.3264309349990701
2022-08-18,0.0,0.0,0.0,0.0,0.0,0.37422569773126035,0.0,0.6257743022687398
2022-08-19,0.125,0.125,0.125,0.125,0.125,0.125,0.125,0.125
2022-08-22,0.125,0.125,0.125,0.125,0.125,0.125,0.125,0.125
2022-08-23,0.0,0.0,0.0,1.0,0.0,0.0,0.0,0.0
2022-08-24,0.0,0.0,0.11176429541298007,0.88823570458702,0.0,0.0,0.0,0.0
2022-08-25,0.0,0.0,0.2678569046260365,0.477621474130414,0.0,0.0,0.2545216212435496,0.0
2022-08-26,0.125,0.125,0.125,0.125,0.125,0.125,0.125,0.125
2022-08-29,0.0,0.0,0.06365688382776385,0.28001532936842904,0.0,0.0,0.6563277868038072,0.0
2022-08-30,0.0,0.0,0.0,0.0,0.0,0.0,1.0,0.0
2022-08-31,0.1451782422491457,0.0,0.0,0.15744647872070655,0.0,0.0,0.6973752790301477,0.0
2022-09-01,0.2376654598888897,0.0,0.2025617511188497,0.22427982618709222,0.0,0.0,0.27314230833822883,0.0623506544669395
2022-09-02,0.125,0.125,0.125,0.125,0.125,0.125,0.125,0.125
2022-09-06,0.21491588234421352,0.0,0.24432056380520012,0.21532944750787195,0.0,0.0,0.1495683700241852,0.17586573631852923
2022-09-07,0.14440673672133883,0.03373170981503016,0.1808277112202237,0.13595468651339693,0.11451901175730865,0.09591519866314833,0.09594356478611837,0.19870138052343506
2022-09-08,0.08582388403638277,0.03653158531534406,0.11778404163889679,0.07726382062605942,0.23081908496844541,0.25759903881180307,0.046991560848133364,0.1471869837549352
2022-09-09,0.04752632029431909,0.02857903428006917,0.07736789204199657,0.0398518424430123,0.31996362421266517,0.3468124731767319,0.023336331234889245,0.11656248231631668
2022-09-12,0.04553340524824058,0.04259576750501428,0.06510728746015935,0.03418596832929293,0.3311021704636979,0.35551454512629627,0.02123964249063955,0.10472121337665916
2022-09-13,0.0,0.0,0.0,0.0,0.46153284301173575,0.5384671569882642,0.0,0.0
2022-09-14,0.03647834474391545,0.03417439067702105,0.06398653045868362,0.03143335714892407,0.34356859501456305,0.36832285067023424,0.03764964949050891,0.08438628179614961
2022-09-15,0.0036588247955165578,0.0,0.04916841333361005,0.0,0.42921288928333734,0.4677432170374923,0.050216655550043725,0.0
2022-09-16,0.12380146874106267,0.0,0.15099979392590712,0.11235134310243348,0.2455931728468318,0.2028280449736711,0.15131379483788673,0.013112381572207038
2022-09-19,0.1331756621452643,0.04729983300886131,0.14932156569599805,0.12194019861930987,0.19596074016428283,0.15399134067730785,0.1600566997486957,0.03825395994027997
2022-09-20,0.0,0.0,0.0,0.0,0.9741969492401589,0.0,0.02580305075984115,0.0
2022-09-21,0.0,0.0,0.0,0.0,0.0,0.0,1.0,0.0
2022-09-22,0.15090192606213726,0.2522853402206016,0.19942390586837375,0.16548950111800365,0.0,0.0,0.23189932673088365,0.0
2022-09-23,0.125,0.125,0.125,0.125,0.125,0.125,0.125,0.125
2022-09-26,0.0,0.0,0.4470341325511933,0.0,0.0,0.0,0.5529658674488068,0.0
2022-09-27,0.0,0.0,1.0,0.0,0.0,0.0,0.0,0.0
2022-09-28,0.125,0.125,0.125,0.125,0.125,0.125,0.125,0.125
2022-09-29,0.0,1.0,0.0,0.0,0.0,0.0,0.0,0.0
2022-09-30,0.04618018907142371,0.9538198109285763,0.0,0.0,0.0,0.0,0.0,0.0
2022-10-03,0.13176670154584214,0.5162392529945943,0.07610338689056308,0.09751021380252635,0.026528886380812126,0.0866390999715901,0.0,0.06521245841407193
2022-10-04,0.0956493488747408,0.17818959122492414,0.08548960068571393,0.08252753402303654,0.17190276127197238,0.22670425647673187,0.059583098790022215,0.09995380865285802
2022-10-05,0.06591738439448441,0.17315285545674075,0.06105050245140918,0.04571521356362524,0.23143988104210075,0.3235643662502967,0.01866598209098179,0.08049381475036116
2022-10-06,0.051515004803711094,0.17629143406600456,0.057055575743319806,0.030582859475924574,0.2605709350218971,0.3595712805790832,0.0037016229193993695,0.060711287390660326
2022-10-07,0.0,0.2788961588283067,0.0,0.0,0.2053212684167836,0.5157825727549097,0.0,0.0
2022-10-10,0.0,0.6913139816145586,0.0,0.0,0.0,0.3086860183854414,0.0,0.0
2022-10-11,0.4484346753328041,0.0,0.551565324667196,0.0,0.0,0.0,0.0,0.0
2022-10-12,0.125,0.125,0.125,0.125,0.125,0.125,0.125,0.125
2022-10-13,0.31401328946636964,0.0,0.28658793764899687,0.18314496201960315,0.0,0.0,0.0,0.21625381086503034
2022-10-14,0.6140215803257151,0.0,0.385978419674285,0.0,0.0,0.0,0.0,0.0
2022-10-17,0.29651067961903993,0.0,0.26298462646831133,0.15847978178258804,0.0,0.0,0.017749194239815084,0.26427571789024557
2022-10-18,0.22581514895517185,0.0,0.19285158031082908,0.029556460721008492,0.0,0.26305384109417573,0.0,0.28872296891881477
2022-10-19,0.20621193972702292,0.0,0.13532529536859392,0.0,0.0,0.38483635804353233,0.0,0.2736264068608509
2022-10-20,0.44787625168663187,0.0,0.20231152050988768,0.0,0.0,0.0,0.0,0.3498122278034805
2022-10-21,0.18845175900970415,0.0,0.13761975677006916,0.009024199487342423,0.21685329266745967,0.310026847977916,0.0,0.13802414408750857
2022-10-24,0.10642517848066105,0.0,0.052107847921373456,0.0,0.3320710143800539,0.46320825509260555,0.0,0.046187704125306026
2022-10-25,0.055186445388125324,0.0,0.005371408153325042,0.0,0.38860756281157516,0.4987928289861279,0.0,0.0520417546608464
2022-10-26,0.11183613801172343,0.0,0.026350874841848906,0.004824314577059404,0.27274534631645947,0.4920929094709222,0.0,0.09215041678198667
2022-10-27,0.13294433311554432,0.07966919847819398,0.08569985752274087,0.08961079715388164,0.019967801750956148,0.37660693451019167,0.06771592545800309,0.14778515201048836
2022-10-28,0.10524796566101577,0.08572492902641977,0.1058441488517088,0.10226599092611027,0.10322260605153516,0.2541414705740387,0.11174781507816049,0.13180507383101112
2022-10-31,0.0,0.0,0.0,0.0,0.0,0.9493626011701422,0.0,0.050637398829857905
2022-11-01,0.10018234234782353,0.07221447889259797,0.14744340758078897,0.14511109386546142,0.0,0.11055852226973252,0.23193015427101082,0.19256000077258484
2022-11-02,0.0,0.0,0.0,0.0,0.0,0.0,1.0,0.0
2022-11-03,0.0,0.0,0.0,0.0,0.0,0.0,1.0,0.0
2022-11-04,0.14956762407480134,0.2610189715199413,0.15226357061941292,0.18175419192858777,0.0,0.0,0.2452135214840665,0.010182120373190084
2022-11-07,0.23864644402205556,0.5698782683321686,0.08483522895600791,0.06680083931241963,0.0,0.0,0.03983921937734828,0.0
2022-11-08,0.0,1.0,0.0,0.0,0.0,0.0,0.0,0.0
2022-11-09,0.0,1.0,0.0,0.0,0.0,0.0,0.0,0.0
2022-11-10,0.1671966644802016,0.392604654418585,0.08896995237179162,0.13187555326437295,0.0,0.0,0.13343740275250446,0.08591577271254433
2022-11-11,0.10617674332556067,0.2403288523822083,0.051900734068775385,0.07175321803925362,0.23407212637965227,0.14579007520154152,0.07865602942155481,0.07132222118145343
2022-11-14,0.0776156963439808,0.2721910334378444,0.0,0.02038940837799012,0.3916509892469706,0.20560422263368971,0.032548649959524216,0.0
2022-11-15,0.08033465977345512,0.19255207136824806,0.03436364220336465,0.05062603633894326,0.3501329614058386,0.20248241303757383,0.06585508162553327,0.023653134247043166
2022-11-16,0.040988840864457685,0.201580175604249,0.0,0.003972178803914656,0.4786222405395129,0.20719298436966477,0.06764357981820106,0.0
2022-11-17,0.09629616391407116,0.15392378841362458,0.05072073663697087,0.07702391995652777,0.33551841401869076,0.1629607152439862,0.12355626181612876,0.0
2022-11-18,0.10361584509474493,0.10258745163055254,0.07870581428497418,0.0922898104640679,0.3001531890881177,0.1640991935036421,0.1388839225396828,0.01966477339421796
2022-11-21,0.07634221774237497,0.0,0.11114925542206834,0.12310075399507522,0.3099577393386589,0.08715734142766213,0.29229269207416053,0.0
2022-11-22,0.05142191080760912,0.0,0.17274218657044169,0.15582103346560303,0.10813846913185376,0.1419586214059875,0.3699177786185049,0.0
2022-11-23,0.016318503066161907,0.0,0.16668472576068832,0.1310067896128796,0.05440820708480769,0.21056430207930263,0.4210174723961599,0.0
2022-11-25,0.0,0.0,0.1678518495125924,0.0854030519862623,0.0,0.19943158665547056,0.5473135118456746,0.0
2022-11-28,0.125,0.125,0.125,0.125,0.125,0.125,0.125,0.125
2022-11-29,0.14655953448863307,0.0,0.26743063745824763,0.2426085470984794,0.0,0.0,0.3156318488580881,0.027769432096551867
2022-11-30,0.14303088996562816,0.0,0.3137795858745857,0.248427662979159,0.0,0.0,0.20413769737617346,0.0906241638044537
2022-12-01,0.125,0.125,0.125,0.125,0.125,0.125,0.125,0.125
2022-12-02,0.06439966601941982,0.24849874056501384,0.0871749380931009,0.08566495626664798,0.09825143690432014,0.2502170097839463,0.1657932523675511,0.0
2022-12-05,0.19391343384827944,0.24174070556120766,0.16330371253750595,0.15192632491858776,0.013622350672167839,0.0,0.23549347246225127,0.0
2022-12-06,0.125,0.125,0.125,0.125,0.125,0.125,0.125,0.125
2022-12-07,0.09917594040056504,0.25720958991003584,0.0,0.159556164695998,0.0,0.0,0.4840583049934011,0.0
2022-12-08,0.16995898175795646,0.21299645516622118,0.13223813153499964,0.1571752988462714,0.0,0.0,0.25372875722105037,0.073902375473501
2022-12-09,0.18378586616867823,0.23815706293782216,0.15621242474046199,0.13878039307820778,0.0,0.0,0.158741081545121,0.12432317152970879
2022-12-12,0.21233714176846832,0.21269641236753978,0.18972122778747422,0.11836533056287611,0.0,0.0,0.09068940542035628,0.17619048209328522
2022-12-13,0.13616317169249376,0.16535979284392727,0.1272947361947356,0.0506406663138519,0.12921212226172868,0.21108109650963758,0.0006392975652143427,0.17960911661841086
2022-12-14,0.044928022569133544,0.044392710688810434,0.0,0.0,0.11611421899910683,0.5688548900783496,0.0,0.22571015766459965
2022-12-15,0.2893125210014628,0.0,0.05182024242914787,0.0,0.0,0.0,0.0,0.6588672365693894
2022-12-16,0.3907309056207402,0.0,0.2240701617261281,0.07131069771533982,0.0,0.0,0.0,0.313888234937792
2022-12-19,0.3392754764709982,0.06317480482196298,0.2516286035933834,0.18876574139317673,0.0,0.0,0.0,0.15715537372047883
2022-12-20,0.3005382123592565,0.2899729742060774,0.2037199402115413,0.11163837117710464,0.0,0.0,0.0,0.09413050204602008
2022-12-21,0.24535313408047904,0.3031401033743872,0.20346296053732132,0.10770755596466017,0.0,0.0,0.0,0.14033624604315223
2022-12-22,0.125,0.125,0.125,0.125,0.125,0.125,0.125,0.125
2022-12-23,0.20474194600615409,0.18308021820097062,0.17943361440284578,0.08595068654839734,0.0,0.14056516886764228,0.0,0.20622836597398989
2022-12-27,0.14422053981997596,0.2347405565812915,0.0,0.0,0.0,0.3193270524129917,0.0,0.30171185118574084
2022-12-28,0.125,0.125,0.125,0.125,0.125,0.125,0.125,0.125
2022-12-29,0.13994333123422437,0.17797990523716603,0.08226383738244211,0.06284693153612525,0.03989213414863453,0.3045533186851054,0.0,0.1925205417763023
2022-12-30,0.11475582520229967,0.15982577682828142,0.05990166111345007,0.04036990193520009,0.13865209650347873,0.326053878778987,0.0,0.16044085963830304
2023-01-03,0.0,0.20111731475807684,0.0,0.0,0.1993203739962665,0.4620680944135807,0.0,0.13749421683207597
2023-01-04,0.04884195197211691,0.16845661511541507,0.0589414493747003,0.06251151078508753,0.1812634594761421,0.26786995278715453,0.07923710935926621,0.13287795113011738
2023-01-05,0.015909825452383057,0.15879326573201843,0.053522616504736976,0.06427244635324456,0.18770023315580212,0.27642268401131,0.1271366752181307,0.11624225357237418
2023-01-06,0.028497899143992766,0.13199435560244224,0.05699606554668468,0.06873230552388425,0.21538699753027687,0.2699613184497148,0.13102540155249293,0.09740565665051153
2023-01-09,0.036017114322968204,0.1211574074731345,0.05572636298420844,0.06918047354272562,0.23978719237817492,0.256691714571516,0.134478346337509,0.08696138838976325
2023-01-10,0.05001271003078234,0.11417281785101853,0.06049593852187869,0.06953437635200249,0.2496497467885025,0.25007801129002194,0.12063293211091994,0.08542346705487348
2023-01-11,0.03873418185853503,0.09480925628077078,0.04667542710022037,0.05709022280436181,0.2858919936430188,0.27359883059926504,0.11475778182139505,0.08844230589243299
2023-01-12,0.03566568700084469,0.08988220373620986,0.03615838530830867,0.05191282323843868,0.2990752888571995,0.2741211657553833,0.12151979165909765,0.09166465444451775
2023-01-13,0.055867584871594086,0.10986320914101917,0.053853686435222876,0.06406657743479453,0.26601913252135906,0.23653017952385783,0.11792279645827339,0.09587683361387918
2023-01-17,0.04335777742562264,0.10926616343185189,0.03920386781132119,0.04883740155613409,0.31071295659880355,0.24945107183667348,0.10832788240637845,0.09084287893321466
2023-01-18,0.0,0.08809298330554635,0.0,0.0,0.48648457375583004,0.2291594402048141,0.15611175432052268,0.040151248413286864
2023-01-19,0.05037439596449191,0.20333655355135336,0.014474559746167464,0.07940700481360158,0.33546548883640204,0.034612190974948796,0.21577101570163987,0.06655879041139498
2023-01-20,0.09828665960149598,0.1547426052648663,0.07234880109193047,0.09723848610303243,0.25107432124612605,0.09344021348613689,0.13940768375890258,0.0934612294475093
2023-01-23,0.08617762939660503,0.1351336247076951,0.04269026318157937,0.06210832460112759,0.37495608989380186,0.14170858386263055,0.08850333938324362,0.06872214497331683
2023-01-24,0.03943124663428953,0.12116169609102277,0.0,0.0,0.6398756913123218,0.1770798491148772,0.0224515168474887,0.0
2023-01-25,0.08778351304971495,0.15198629354804194,0.0,0.02957177062460372,0.48301951435188456,0.1550253236211767,0.07077168150541414,0.021841903299163943
2023-01-26,0.09439977966927349,0.08514462233336163,0.057072668006627435,0.06473121498111173,0.3521473570976608,0.18629294749170439,0.08692149425833992,0.07328991616192053
2023-01-27,0.039263119994941136,0.0,0.0016626478704290062,0.0,0.5869443035990172,0.2758010040790731,0.03327086459505609,0.06305805986148351
2023-01-30,0.0038929235861175915,0.0,0.0,0.0,0.8140353915675651,0.12836350395083618,0.0,0.05370818089548113
2023-01-31,0.07325846619531791,0.0,0.08006378421159294,0.06550311293484014,0.3488469697437847,0.16312362940661135,0.1189682480603386,0.15023578944751453
2023-02-01,0.0832376182927879,0.0067095629581147825,0.08604738216794094,0.07372383559124047,0.30027231625463957,0.1987432524617811,0.12677876466216031,0.124487267611335
2023-02-02,0.061091927352441386,0.0,0.08319575251502125,0.06697839061210306,0.34554934141526433,0.2240158109772516,0.10161961070652377,0.11754916642139444
2023-02-03,0.005509804618097904,0.0,0.06779149232658287,0.023051424477951766,0.467814635854505,0.25408409763841605,0.06597569709518306,0.11577284798926336
2023-02-06,0.0,0.0,0.12819849334184055,0.013918451029221906,0.48280983542985745,0.1496437758341321,0.06463023592105943,0.16079920844388843
2023-02-07,0.032641644279164245,0.0,0.16587875338015443,0.0392639266619575,0.4261914749287028,0.1635371994028446,0.03485174337145888,0.13763525797571774
2023-02-08,0.125,0.125,0.125,0.125,0.125,0.125,0.125,0.125
2023-02-09,0.125,0.125,0.125,0.125,0.125,0.125,0.125,0.125
2023-02-10,0.125,0.125,0.125,0.125,0.125,0.125,0.125,0.125
2023-02-13,0.125,0.125,0.125,0.125,0.125,0.125,0.125,0.125
2023-02-14,0.5216845948075237,0.0,0.3129967497694629,0.16531865542301336,0.0,0.0,0.0,0.0
2023-02-15,1.0,0.0,0.0,0.0,0.0,0.0,0.0,0.0
2023-02-16,0.125,0.125,0.125,0.125,0.125,0.125,0.125,0.125
2023-02-17,1.0,0.0,0.0,0.0,0.0,0.0,0.0,0.0
2023-02-21,0.125,0.125,0.125,0.125,0.125,0.125,0.125,0.125
2023-02-22,0.3159389172226544,0.36985431084069414,0.1624386594507126,0.15176811248593874,0.0,0.0,0.0,0.0
2023-02-23,0.2275116129392242,0.29022192648560513,0.22864408450212656,0.19288730552215538,0.0,0.0,0.0607350705508886,0.0
2023-02-24,0.0,0.42970841640281143,0.5048046165552079,0.0654869670419807,0.0,0.0,0.0,0.0
2023-02-27,0.17312628151825976,0.2655991264782884,0.27090419876011,0.1918766745750196,0.0,0.0,0.09849371866832228,0.0
2023-02-28,0.0,0.7259310405384258,0.2740689594615741,0.0,0.0,0.0,0.0,0.0
2023-03-01,0.1664830220452538,0.3377174254934092,0.1970553190978129,0.1482925513761796,0.0,0.0,0.1345118250731515,0.01593985691419295
2023-03-02,0.15437747495409518,0.3445944727332612,0.19050384204155854,0.12386525759989299,0.0,0.0,0.10025127893269466,0.08640767373849746
2023-03-03,0.07265132143770361,0.25208313106810304,0.10395414524043797,0.05758085601196662,0.1730667085066183,0.17826106630015134,0.07524584047530608,0.08715693095971305
2023-03-06,0.057894615888903815,0.18343093249544865,0.07246498077115301,0.042333528492273176,0.2453667857755295,0.25653346331432136,0.05892505601830951,0.08305063724406095
2023-03-07,0.0,0.13280344219088283,0.0,0.0,0.4564417916367076,0.3857262530722201,0.02502851310018945,0.0
2023-03-08,0.0,0.07144989842163144,0.010823471618766256,0.014496553726969284,0.441083543641315,0.32097393584898887,0.08339469163200988,0.0577779051103192
2023-03-09,0.0,0.0,0.0,0.0,1.0,0.0,0.0,0.0
2023-03-10,0.0,0.6243933485603015,0.0,0.0,0.0,0.0,0.3756066514396986,0.0
2023-03-13,0.0,0.7317094809274574,0.0,0.0,0.0,0.0,0.26829051907254264,0.0
2023-03-14,0.10350222417196514,0.2102918328738332,0.07503238710906693,0.13033113877023247,0.2055292799301384,0.05570849865657107,0.1469998175532662,0.07260482093492653
2023-03-15,0.0,0.3715213616600815,0.0,0.0,0.576213201019881,0.0,0.0522654373200375,0.0
2023-03-16,0.06665291679436386,0.17173386110450176,0.06342801386769975,0.10393939285988997,0.28990474129738575,0.12055744507392488,0.11301970373507424,0.0707639252671598
2023-03-17,0.0,0.2853064325734026,0.0,0.0,0.6827989394042083,0.03189462802238909,0.0,0.0
2023-03-20,0.030967624272845887,0.2207837632953521,0.01874369386479319,0.06728847799536626,0.40284969410315763,0.16161836948223848,0.0760494241129769,0.02169895287326956
2023-03-21,0.07326412888978764,0.13348921587447646,0.06896013478985731,0.07688326814732989,0.30071534575186326,0.19960087050019942,0.07974626118307301,0.06734077486341292
2023-03-22,0.0,0.09902479031805217,0.0,0.0,0.6010966568442259,0.299878552837722,0.0,0.0
2023-03-23,0.0,0.11496944734793722,0.0,0.0,0.595331400865353,0.2896991517867099,0.0,0.0
2023-03-24,0.03137013542694202,0.07663458497903851,0.02147826367606811,0.022811401636914995,0.5157812910900734,0.32416895014712344,0.007755373043839452,0.0
2023-03-27,0.08567827248483068,0.046325845108843855,0.07939607064623692,0.06000057790968253,0.33885269509785865,0.2914858884925833,0.031447390184667454,0.06681326007529653
2023-03-28,0.0614860911461483,0.0,0.03649414597713354,0.0,0.4002930144642411,0.4567947042411404,0.0,0.04493204417133669
2023-03-29,0.10247494073744638,0.0,0.10415649904063701,0.04999397524118084,0.26390962191065237,0.3317421648839939,0.015602504167253466,0.13212029401883607
2023-03-30,0.06517184483614827,0.0,0.07634790379642231,0.0,0.3038793105778869,0.41230632585799765,0.0,0.14229461493154497
2023-03-31,0.04800513418046251,0.0,0.08205477028110056,0.0,0.3071224218790246,0.4035762544972404,0.0,0.1592414191621719
2023-04-03,0.0,0.0,0.020648145847488412,0.0,0.3213626684269831,0.522326170225835,0.0,0.13566301549969342
2023-04-04,0.0,0.0,0.0,0.0,0.2850472470892673,0.5874941474591212,0.0,0.1274586054516115
2023-04-05,0.0,0.0,0.0,0.0,0.0,0.8605730087185486,0.0,0.1394269912814514
2023-04-06,0.07060057609177187,0.0,0.1131537017442894,0.10733049150354458,0.04457874380659572,0.28779313114569427,0.17309959032873257,0.20344376537937156
2023-04-10,0.09392692697550536,0.0,0.14173544741920494,0.12453139843627001,0.04166128592393036,0.21655847026080477,0.1598343687713412,0.22175210221294342
2023-04-11,0.0341460059605085,0.0,0.18177297285393146,0.07563809082989081,0.0,0.170623998013964,0.15108173084677606,0.3867372014949292
2023-04-12,0.0,0.0,0.0,0.0,0.0,0.0,0.0,1.0
2023-04-13,0.19735518083470402,0.13360930678360314,0.1977485341043139,0.1321501369971464,0.0,0.06411999611283903,0.10643714279499174,0.16857970237240183
2023-04-14,0.5146476721599927,0.0,0.48535232784000726,0.0,0.0,0.0,0.0,0.0
2023-04-17,0.4604800918618586,0.0,0.5395199081381414,0.0,0.0,0.0,0.0,0.0
2023-04-18,0.0,0.0,1.0,0.0,0.0,0.0,0.0,0.0
2023-04-19,0.125,0.125,0.125,0.125,0.125,0.125,0.125,0.125
2023-04-20,0.125,0.125,0.125,0.125,0.125,0.125,0.125,0.125
2023-04-21,0.3916578602551152,0.0,0.3591393539239703,0.24920278582091457,0.0,0.0,0.0,0.0
2023-04-24,1.0,0.0,0.0,0.0,0.0,0.0,0.0,0.0
2023-04-25,0.125,0.125,0.125,0.125,0.125,0.125,0.125,0.125
2023-04-26,0.14725296277510086,0.0,0.062128371056070414,0.3768746383788461,0.0,0.0,0.41374402778998276,0.0
2023-04-27,0.190357675325974,0.12555554515327258,0.17291653627614928,0.2356721606404706,0.0,0.0,0.2397244958840826,0.035773586720050925
2023-04-28,0.0007137340225545316,0.0,0.0,0.3473020036804918,0.12491626613015205,0.0,0.5270679961668017,0.0
2023-05-01,0.11315028689434549,0.13451222958473472,0.11912454740554469,0.15493624432361033,0.2625161425316711,0.0,0.14469571882650384,0.0710648304335899
2023-05-02,0.0,1.0,0.0,0.0,0.0,0.0,0.0,0.0
2023-05-03,0.0,0.7084921535803465,0.0,0.1230908936747471,0.0,0.0,0.16841695274490648,0.0
2023-05-04,0.02458420976010458,0.645813426111618,0.0,0.17565255832290405,0.0,0.0,0.1539498058053733,0.0
2023-05-05,0.10449801408666669,0.27162749875508585,0.10087751436843645,0.14151821017347274,0.17382021361751213,0.0,0.1299599828919889,0.07769856610683716
2023-05-08,0.0816931704533264,0.3163527603731181,0.07695750992797386,0.11302657026689669,0.28651137965468,0.0,0.07267703023833391,0.05278157908567099
2023-05-09,0.03291631297945535,0.4706259504977958,0.037433355852947214,0.06838274573974612,0.3906416349300556,0.0,0.0,0.0
2023-05-10,0.02456155680984848,0.3292916408140971,0.04147954285632729,0.05712012391427231,0.42956190290882507,0.09063618020007992,0.0,0.027349052496549606
2023-05-11,0.0,0.23067636982679574,0.0,0.01975413062468856,0.6372659888034615,0.11230351074505417,0.0,0.0
2023-05-12,0.02257294211808862,0.14711576119348438,0.07172811475650864,0.08526541086895072,0.3847026979841461,0.15732586985269822,0.07557836456091087,0.05571083866521254
2023-05-15,0.02025282740541967,0.12557048205327825,0.06792625801552123,0.075415455924442,0.4015558573771723,0.2018271841767244,0.055934368280377865,0.0515175667670643
2023-05-16,0.0,0.0,0.0,0.0,0.8007237940342692,0.1992762059657308,0.0,0.0
2023-05-17,0.06434406741658201,0.02242656182455579,0.08355675760337097,0.0797704859673015,0.4091256238203974,0.24120050131227455,0.06639930073337912,0.03317670132213856
2023-05-18,0.05121370798994306,0.0,0.07389935690845799,0.05373186430968899,0.4417968912838193,0.3026654545738396,0.044704450491778285,0.03198827444247282
2023-05-19,0.04748000909809733,0.0,0.06739123759776926,0.030524664035130582,0.4697745965186706,0.34307262559636603,0.01931589442085263,0.022440972733113525
2023-05-22,0.06298991188801659,0.0,0.08069183089499683,0.03346805348181248,0.431181244176038,0.3247977092298426,0.020142543065276134,0.046728707264017434
2023-05-23,0.0,0.0,0.0,0.0,0.6205690508617934,0.3794309491382067,0.0,0.0
2023-05-24,0.0,0.0,0.0,0.0,0.7085671082002144,0.29143289179978554,0.0,0.0
2023-05-25,0.11173665596802092,0.0,0.11288254539407458,0.05478005276082344,0.43031216868597505,0.20382932455409317,0.04638120353399308,0.04007804910301975
2023-05-26,0.07489465910238118,0.0,0.07706145339974532,0.03320050839560431,0.4942621868909098,0.236412507286212,0.04482008240182616,0.039348602523321306
2023-05-30,0.008930298224692197,0.0,0.016660524687409063,0.0,0.6692779178441901,0.27350656150676944,0.0316246977369392,0.0
2023-05-31,0.0,0.0,0.0,0.0,0.6949132408751508,0.2401769966192986,0.06354088168176686,0.0013688808237837854
2023-06-01,0.05539653708016847,0.0951772827365824,0.05977333373103344,0.06538232002905381,0.3368246660301051,0.20064616990371356,0.10481709268888553,0.08198259780045765
2023-06-02,0.07189391841565664,0.07817748098714931,0.080799016040926,0.07463217095617919,0.25187669279613184,0.23391849849101976,0.09640917973627484,0.11229304257666232
2023-06-05,0.03380969261250133,0.05007442783433357,0.052286282760401495,0.0341178119318181,0.3045760972794278,0.34434949320723196,0.06309795136070437,0.11768824301358137
2023-06-06,0.041920394310944416,0.06518448799280137,0.06441886456987549,0.044269336485377175,0.22635352453581245,0.3431617312787947,0.07551608093640087,0.13917557988999352
2023-06-07,0.0666904208731738,0.0401635665447374,0.08591306853310522,0.05361653158972166,0.04648065718402714,0.3949857473529116,0.07565039927208164,0.23649960865024153
2023-06-08,0.0773946451177273,0.04681154751391014,0.07908317345629517,0.04319521140592592,0.0,0.4279463420676079,0.06335220292571232,0.26221687751282136
2023-06-09,0.10492095928115375,0.08129214621742015,0.10258168032308218,0.07000022037206197,0.0,0.3353468113023276,0.0827353442088127,0.22312283829514173
2023-06-12,0.07906958946005284,0.002853130652670505,0.05262937334739828,0.0,0.0,0.6035433351988224,0.01850189298280267,0.2434026783582534
2023-06-13,0.11192926964665936,0.05002127269753698,0.09575700845060892,0.06877008058336682,0.13344243032237288,0.31965559052828363,0.0692669997423519,0.15115734802881944
2023-06-14,0.08924070556444484,0.0,0.04567353647115534,0.0,0.25172550480240174,0.46403087594147274,0.0018131309901043221,0.14751624623042092
2023-06-15,0.08321732322314275,0.0,0.018234067290839418,0.0,0.33869995600338665,0.4652459217828359,0.0005534302077055203,0.0940493014920897
2023-06-16,0.1240325783368738,0.023010426762059454,0.05692289435032082,0.036593016754717864,0.2610839456379623,0.34770150015309303,0.050056120875996285,0.10059951712897648
2023-06-20,0.15694971368325492,0.0,0.0,0.0,0.39046921492483394,0.45258107139191117,0.0,0.0
2023-06-21,0.6626978609215266,0.0,0.0,0.02678490290463812,0.0,0.0,0.31051723617383536,0.0
2023-06-22,0.4311315997769082,0.0,0.12034571184849531,0.21559317225510874,0.0,0.0,0.23292951611948765,0.0
2023-06-23,0.125,0.125,0.125,0.125,0.125,0.125,0.125,0.125
2023-06-26,0.14280094265854554,0.0,0.0,0.43701646294283425,0.0,0.0,0.42018259439862016,0.0
2023-06-27,0.23239279656782794,0.0,0.18240787890246946,0.26789021526634094,0.0,0.0,0.25201174934473897,0.06529735991862276
2023-06-28,0.11889364416691156,0.0,0.20413152291474335,0.3423051377172869,0.0,0.0,0.27656588296025847,0.05810381224079967
2023-06-29,0.13920379260388488,0.0,0.23982208255050438,0.21898510143780853,0.0,0.0,0.13033636297030562,0.27165266043749664
2023-06-30,0.01348670379194557,0.0,0.2685514256645917,0.13534675447325073,0.004110049173944751,0.13644659327571923,0.0014870688573291034,0.4405714047632189
2023-07-03,0.009961229152730408,0.03025999650926685,0.13298874096765573,0.04297511676494051,0.24265697124121066,0.26135117767001936,0.0,0.2798067676941764
2023-07-05,0.0,0.029010758182085507,0.0936506110193194,0.0,0.3295121504548172,0.2742913249107793,0.0,0.2735351554329987
2023-07-06,0.0,0.0,0.07656925619521855,0.0,0.3974985351366469,0.15399350611681956,0.0,0.371938702551315
2023-07-07,0.030917437743647105,0.1677505701830515,0.10339217871506463,0.0,0.3640313834745662,0.0,0.0,0.3339084298836706
2023-07-10,0.02878071646297838,0.23440465693211165,0.06794067523790558,0.0,0.3580403794544685,0.0,0.0,0.3108335719125358
2023-07-11,0.09762507890055509,0.1968590870277432,0.10746201048903849,0.017812059618838517,0.29267494985274495,0.08609787526253028,0.0,0.20146893884854938
2023-07-12,0.061898035702398095,0.19526121554435535,0.04555328204127212,0.0,0.4037487566523447,0.18042432999720395,0.0,0.11311438006242583
2023-07-13,0.06475920081292766,0.13810268548320975,0.04049918133398251,0.029454492011568346,0.43190733998246666,0.22640611760727944,0.0,0.06887098276856547
2023-07-14,0.0661617072312218,0.10895144441912792,0.030989842295604964,0.035449911473773174,0.4506832111515829,0.23812723833948343,0.018462542421421896,0.05117410266778379
2023-07-17,0.07102587951006757,0.08700430319210697,0.039930480696926174,0.050640078058020455,0.44308502423813506,0.22667008694288374,0.04306798395059498,0.03857616341126508
2023-07-18,0.06151542372324914,0.09209378326374082,0.04243737380562597,0.05435598113364513,0.4344032265543029,0.23777873994759935,0.057927210139762306,0.01948826143207423
2023-07-19,0.027777281257663943,0.07713533044978056,0.019249670274246452,0.03808771902748843,0.49165894291882706,0.28211338003159764,0.06397767604039602,0.0
2023-07-20,0.04612762898176611,0.08878080144259132,0.05929517172368424,0.06971604976296158,0.3361991450174132,0.26648453742169,0.1003777224304424,0.03301894321945118
2023-07-21,0.016505668989450467,0.06381667893112358,0.07864101948454623,0.08495823178413728,0.23433510326582338,0.3249465064531613,0.14954162064159499,0.047255170450162746
2023-07-24,0.0,0.0,0.0963179774827559,0.07901733253423585,0.025960170047427636,0.4865007362387712,0.18395131017980076,0.12825247351700872
2023-07-25,0.0,0.0,0.09553779347772715,0.0438116698543324,0.06181701404470728,0.5259950866643588,0.13546266271908589,0.1373757732397885
2023-07-26,0.0,0.0,0.10821319038712522,0.022664543867753493,0.0,0.5882864370835137,0.10848886886998042,0.1723469597916272
2023-07-27,0.0,0.0,0.23947127182707126,0.0003291698018966997,0.0,0.5855424469267111,0.0,0.17465711144432094
2023-07-28,0.0,0.0,0.13926493492910164,0.0,0.3911842644475058,0.4619135439016806,0.0,0.007637256721711983
2023-07-31,0.0,0.0,0.09643056481501477,0.0,0.5134696576680109,0.3900997775169743,0.0,0.0
2023-08-01,0.0,0.0,0.09107770962781249,0.0,0.6265237836269588,0.2823985067452287,0.0,0.0
2023-08-02,0.125,0.125,0.125,0.125,0.125,0.125,0.125,0.125
2023-08-03,0.29059009573156547,0.0,0.6161536358031358,0.0,0.0,0.0,0.0,0.09325626846529886
2023-08-04,0.125,0.125,0.125,0.125,0.125,0.125,0.125,0.125
2023-08-07,0.3712917475735903,0.0,0.3161143730877654,0.19315224339546835,0.0,0.0,0.0,0.11944163594317586
2023-08-08,0.7058933969939205,0.0,0.29410660300607944,0.0,0.0,0.0,0.0,0.0
2023-08-09,0.3772876403879163,0.0,0.27563541439779427,0.2858216410134986,0.0,0.0,0.01873744097547058,0.04251786322532033
2023-08-10,0.2531761076360549,0.0,0.21791297906949852,0.20275095751154792,0.0,0.0,0.15448481243572146,0.1716751433471772
2023-08-11,0.2675774988736249,0.0,0.22675784220515505,0.1663505958600945,0.0,0.0,0.15157055858575003,0.18774350447537552
2023-08-14,0.26697152205311847,0.0,0.24575673989900518,0.11426424932709454,0.0,0.0,0.167073222729189,0.20593426599159279
2023-08-15,0.4288169180696578,0.0,0.3353975442242864,0.0,0.0,0.0,0.10819844229166964,0.12758709541438612
2023-08-16,0.44905625507722213,0.0,0.36178902026703635,0.0,0.0,0.0,0.12342418341625823,0.06573054123948342
2023-08-17,1.0,0.0,0.0,0.0,0.0,0.0,0.0,0.0
2023-08-18,1.0,0.0,0.0,0.0,0.0,0.0,0.0,0.0
2023-08-21,0.29678651100218795,0.1277566179567139,0.20114199810422015,0.1513092896468004,0.0,0.0,0.11863963140063438,0.1043659518894432
2023-08-22,0.5269849126043176,0.28938404899081316,0.1836310384048693,0.0,0.0,0.0,0.0,0.0
2023-08-23,0.047105628807170806,0.19832558888087468,0.0017337820353095508,0.0,0.5296533444413405,0.14889587652594044,0.07428577930936409,0.0
2023-08-24,0.0473237654003417,0.27837621741824115,0.0321798097633271,0.040684446357400386,0.29477001545431347,0.07669133970900885,0.13855558850944344,0.09141881738792394
2023-08-25,0.0743521448441145,0.18454476266729178,0.07826721690675072,0.08136287096342233,0.19777528360840652,0.13937977049562608,0.13018154756608477,0.11413640294830331
2023-08-28,0.04799725706869341,0.17214544602752763,0.05732167804438349,0.06125460214523618,0.23828161434722891,0.20304394701816403,0.10746675529968569,0.11248870004908068
2023-08-29,0.03413988250273615,0.13969052329852058,0.03905042738585018,0.045257628076627206,0.30281352031111186,0.26972123014339516,0.07831058394792019,0.09101620433383868
2023-08-30,0.03980779281793145,0.12393559483599131,0.03681815791352188,0.042638235193593096,0.32017815558936014,0.2884079605530739,0.06420383025413547,0.08401027284239279
2023-08-31,0.02399082152000154,0.11252170672833185,0.026314583766547005,0.03692990923693424,0.3599586619309653,0.3072155660056471,0.06164509632224263,0.07142365448933027
2023-09-01,0.051342882599976616,0.1137926412024056,0.062063774001741616,0.06357139277848337,0.2857771434980979,0.26191941396038815,0.06922487273805891,0.09230787922084777
2023-09-05,0.010724463028726254,0.09537176666070994,0.03912227710969997,0.0336689103981607,0.39354224355917466,0.3310541542426668,0.01739935814358253,0.0791168268572791
2023-09-06,0.010865256392060497,0.08047270723073055,0.052603827605915074,0.031833058102402716,0.4094901948037185,0.3171308627637681,0.0,0.09760409310140448
2023-09-07,0.0,0.07298037154476514,0.10508548479380883,0.04069022257019985,0.33484124200754145,0.25570252201074123,0.0,0.19070015707294352
2023-09-08,0.0,0.0,0.36975425065287854,0.05126966928086596,0.0,0.0,0.0,0.5789760800662554
2023-09-11,0.17255934921940194,0.10793747319785907,0.26802069844218146,0.16793739662255236,0.002843946922238503,0.023510219259307207,0.0,0.2571909163364595
2023-09-12,0.125,0.125,0.125,0.125,0.125,0.125,0.125,0.125
2023-09-13,0.3428424273804513,0.0,0.3951977993600457,0.24749023025342268,0.0,0.0,0.0,0.014469543006080296
2023-09-14,0.2108026808497098,0.0,0.3360740841852056,0.23982375752175442,0.0,0.0,0.0,0.2132994774433301
2023-09-15,0.0,0.0,0.7394313675319458,0.01148800467154875,0.0,0.0,0.0,0.24908062779650542
2023-09-18,0.16131451861877164,0.4661629664237815,0.31272287671746146,0.05979963823998553,0.0,0.0,0.0,0.0
2023-09-19,0.1775544943121625,0.5356310064056908,0.201879417431719,0.08493508185042772,0.0,0.0,0.0,0.0
2023-09-20,0.1405122265064907,0.674884806529876,0.13911850929159042,0.04548445767204297,0.0,0.0,0.0,0.0
2023-09-21,0.28092663223194964,0.6304305229945517,0.0886428447734986,0.0,0.0,0.0,0.0,0.0
2023-09-22,0.0,1.0,0.0,0.0,0.0,0.0,0.0,0.0
2023-09-25,0.27337156277280616,0.2675122343400044,0.2624391980902258,0.1966770047969637,0.0,0.0,0.0,0.0
2023-09-26,0.125,0.125,0.125,0.125,0.125,0.125,0.125,0.125
2023-09-27,0.16756341500031213,0.0,0.5915993149764893,0.24083727002319855,0.0,0.0,0.0,0.0
2023-09-28,0.0,0.0,0.8164505124774634,0.18354948752253658,0.0,0.0,0.0,0.0
2023-09-29,0.125,0.125,0.125,0.125,0.125,0.125,0.125,0.125
2023-10-02,0.0,0.0,0.8971938013175438,0.10280619868245625,0.0,0.0,0.0,0.0
2023-10-03,0.125,0.125,0.125,0.125,0.125,0.125,0.125,0.125
2023-10-04,0.125,0.125,0.125,0.125,0.125,0.125,0.125,0.125
2023-10-05,0.0,0.0,0.0,0.0,1.0,0.0,0.0,0.0
2023-10-06,0.14357914725516344,0.0,0.12581389679797716,0.10257627833768165,0.4179289669139636,0.12362329009615701,0.0,0.08647842059905712
2023-10-09,0.0,0.0,0.0,0.0,0.6660279067149698,0.33397209328503025,0.0,0.0
2023-10-10,0.05109455605797904,0.06349369941834004,0.050404492389781126,0.04971344611060375,0.3756920278000214,0.29802188279220515,0.03820032504671958,0.07337957038434982
2023-10-11,0.0,0.09427820418199435,0.0,0.00868775751819666,0.43078533537311625,0.3645851960387177,0.03809759345244174,0.06356591343553335
2023-10-12,0.04656728440298625,0.13933248297934606,0.0502406170633801,0.055211884705555006,0.2953252457561151,0.24954677611203224,0.07096701244763562,0.09280869653294968
2023-10-13,0.0,0.35950634364783324,0.0,0.0,0.2807015154104613,0.26918872599524035,0.04771037232917207,0.042893042617293084
2023-10-16,0.05073599593055353,0.26958604764128463,0.05649622596656611,0.06408384519563799,0.17177468404646667,0.20133967252052667,0.08644885963851041,0.09953466906045402
2023-10-17,0.06079977828064702,0.3190482402286138,0.057272382738172985,0.052619548368775644,0.12196403688512024,0.20556346115019844,0.07335558668290362,0.10937696566556834
2023-10-18,0.03787703517260434,0.797526284413692,0.022207965498790914,0.0,0.0,0.05634451156591746,0.008785679362425271,0.07725852398656996
2023-10-19,0.07685313825065601,0.8902758731715676,0.03287098857777638,0.0,0.0,0.0,0.0,0.0
2023-10-20,0.0,1.0,0.0,0.0,0.0,0.0,0.0,0.0
2023-10-23,0.09689622487939217,0.8919234656224218,0.011180309498186014,0.0,0.0,0.0,0.0,0.0
2023-10-24,0.13265991412853612,0.5608088717136961,0.12225387673918432,0.09143760709670112,0.0,0.0,0.09283973032188227,0.0
2023-10-25,0.1358697449342028,0.5242963495394778,0.15568154254078126,0.09984014787060462,0.0,0.0,0.08431221511493357,0.0
2023-10-26,0.0,1.0,0.0,0.0,0.0,0.0,0.0,0.0
2023-10-27,0.0,0.9015429464538421,0.07556992945741012,0.02288712408874778,0.0,0.0,0.0,0.0
2023-10-30,0.14726970602006725,0.27176865133645867,0.20944502273633822,0.19766637909271562,0.0,0.0,0.17385024081442021,0.0
2023-10-31,0.15711830961510034,0.09139400624507696,0.23704033476171757,0.20466992929207167,0.0,0.0,0.17801580780841325,0.13176161227762012
2023-11-01,0.0,0.0,0.23400528745712315,0.19542707165711798,0.16361534302756153,0.0,0.22041423803638288,0.18653805982181426
2023-11-02,0.04281707231221246,0.0,0.08513007195994374,0.08050135083051482,0.2935064190513576,0.274876336008855,0.10857385581071485,0.11459489402640151
2023-11-03,0.030172662688416722,0.0,0.06008250360875102,0.05788543922501093,0.3352973000387576,0.3218234191153025,0.08716041823262816,0.10757825709113314
2023-11-06,0.03043599967717631,0.0,0.051626923851514676,0.047704951068598456,0.35927808011942514,0.3421290005070715,0.07227733733627995,0.09654770743993407
2023-11-07,0.0,0.0,0.021064039080420458,0.020865574319224138,0.44582259420823434,0.3936562186090838,0.05377488942459822,0.06481668435843911
2023-11-08,0.006241000744459419,0.0,0.023937333102651216,0.02931206242937342,0.4391380746587463,0.37274335753128546,0.07063721522507097,0.05799095630841339
2023-11-09,0.037378788988060345,0.0,0.048806903567779496,0.052052901285822684,0.3948014753602899,0.31957948664115865,0.08296014555545066,0.06442029860143829
2023-11-10,0.03787520470937259,0.0,0.04514443369276009,0.042239733212598884,0.4325122755357156,0.3277838955470252,0.06485056843197706,0.049593888870550704
2023-11-13,0.021229054140659658,0.0,0.02038447373863423,0.010583696431924833,0.5419007401807725,0.3787784146789818,0.027123620829026897,0.0
2023-11-14,0.012411239642439386,0.0,0.0,0.0,0.5729886590141726,0.41460010134338804,0.0,0.0
2023-11-15,0.0813823313574862,0.0,0.04841358868095989,0.04666990548569502,0.391093817469134,0.31677256528616204,0.03429152053603189,0.08137627118453078
2023-11-16,0.011257882395557169,0.0,0.0,0.0,0.540560066379319,0.43110072632922075,0.0,0.01708132489590296
2023-11-17,0.1135501735044912,0.06281049393740822,0.04211715251673289,0.05728837745115426,0.3128408187033027,0.28480977729656587,0.034989446565707016,0.09159376002463786
2023-11-20,0.12882705412884643,0.09907900783804477,0.02086114191419278,0.04234110933514926,0.3157149777298699,0.28563928851289255,0.02251400929476936,0.0850234112462351
2023-11-21,0.21822928866587757,0.4185600204880518,0.04609683099650633,0.08282751855202647,0.027283885465079736,0.11841915082984528,0.020202566960092157,0.06838073804252064
2023-11-22,0.18407245071009423,0.4228735941515025,0.09960967875644779,0.11844357652629317,0.0,0.0,0.08684614960288257,0.08815455025277988
2023-11-24,0.19262224681472598,0.44146302966980777,0.12179436248785115,0.10528374352870139,0.0,0.0,0.04313083401967075,0.09570578347924294
2023-11-27,0.0,1.0,0.0,0.0,0.0,0.0,0.0,0.0
2023-11-28,0.1257916513557077,0.6917919333403239,0.06531229581778188,0.06780139391456644,0.0,0.0,0.014544222504559771,0.03475850306706034
2023-11-29,0.0871822855607915,0.591153923157984,0.08296903918054417,0.09590661440477194,0.0,0.0,0.08678665191930904,0.056001485776599434
2023-11-30,0.0746307058948828,0.47158669580888035,0.11986625563337037,0.11727892393745445,0.0,0.0,0.09607703644954338,0.12056038227586863
2023-12-01,0.0,0.5905452938894973,0.08499320185089038,0.08344143933679188,0.0,0.0,0.08174504937785199,0.15927501554496853
2023-12-04,0.0,0.3690846860465135,0.1317735397459521,0.11948625413946913,0.0,0.0,0.12708669547488655,0.2525688245931787
2023-12-05,0.0,0.042332100736032836,0.0,0.0,0.0,0.0,0.4041695206423897,0.5534983786215775
2023-12-06,0.0,0.0,0.0,0.1309181043140475,0.0,0.0,0.6395591306633086,0.22952276502264393
2023-12-07,0.0,0.07745695918943107,0.16293056673293926,0.20129237394256994,0.0,0.0,0.35770439568725376,0.200615704447806
2023-12-08,0.017973124651336093,0.0,0.20038711012281038,0.20569001067562165,0.0,0.0,0.3560832167387171,0.21986653781151477
2023-12-11,0.0,0.0,0.0913041533844145,0.06848310463698866,0.4146191374962532,0.05350183891431451,0.2501568201358926,0.12193494543213639
2023-12-12,0.002600342224809716,0.0,0.05260144861967755,0.038392294795128984,0.504808884053977,0.25589188207443714,0.0866624092181854,0.05904273901378418
2023-12-13,0.03660271361603824,0.0,0.04683555032067995,0.04413406023824044,0.4146572356585494,0.2947428300860307,0.07242398117361495,0.09060362890684633
2023-12-14,0.03560411401761684,0.003744910210954905,0.02523274994203385,0.033416953180917953,0.38490728052880163,0.31922310215142163,0.08937779483764394,0.10849309513060927
2023-12-15,0.04634079301140243,0.03217210507925436,0.03776028318330306,0.048668438404589474,0.34946713099808996,0.27751927209572064,0.10552052355251454,0.10255145367512564
2023-12-18,0.06101487386521863,0.06805508328159741,0.050802698365555315,0.05736726518316951,0.31683738944186945,0.25517687069869227,0.0969979043368603,0.09374791482703702
2023-12-19,0.059531301744017724,0.09378468587380269,0.043531754904330464,0.04716196567572461,0.31940867611557056,0.271229806444879,0.08306838258360918,0.08228342665806578
2023-12-20,0.05029519270109936,0.12745554104062426,0.022371816724210947,0.035536881544820376,0.3448846667682987,0.2655675851471956,0.09736173287716599,0.05652658319658477
2023-12-21,0.09577148675016377,0.15439471251598164,0.07678285977007096,0.0785513401258345,0.22378009673924498,0.18591621088181695,0.09960666829261874,0.08519662492426851
2023-12-22,0.09246188566766375,0.21174645698736247,0.059230387545457945,0.05801982073921764,0.23928893133736454,0.20108112561332703,0.06978717753638324,0.06838421457322343
2023-12-26,0.09487232396253238,0.23106015853728493,0.06427707888467792,0.05808728860217619,0.21966863739901438,0.19446672108222438,0.0590082488367492,0.0785595426953406
2023-12-27,0.08216140409363798,0.28813961769431085,0.03547479791126982,0.03319647751460951,0.23317300842455205,0.2151309384147595,0.05270151503601901,0.06002224091084123
2023-12-28,0.09584632823299678,0.233025987057813,0.062188309662117885,0.06016312377011868,0.17981102323906104,0.19389875464123915,0.07256117364509584,0.1025052997515576
2023-12-29,0.11208869167697418,0.30094394942220043,0.05413784645244525,0.05570236238423413,0.12265773131618495,0.19379100545706854,0.05215249866590226,0.10852591462499012
2024-01-02,0.13467248414281877,0.33661777977098195,0.11055472627587735,0.10608725823039064,0.0,0.0,0.04742388249102887,0.2646438690889025
2024-01-03,0.125,0.125,0.125,0.125,0.125,0.125,0.125,0.125
2024-01-04,0.2933464927668348,0.0,0.3115118457707625,0.39514166146240276,0.0,0.0,0.0,0.0
2024-01-05,0.3470883232188066,0.0,0.3617986356610411,0.29111304112015224,0.0,0.0,0.0,0.0
2024-01-08,0.29449750425387927,0.0,0.40424624553455163,0.20566688167442243,0.0,0.0,0.0,0.0955893685371466
2024-01-09,0.08857529725173999,0.0,0.18132885014138136,0.09768824821508723,0.14101474070253928,0.40760138490139985,0.0,0.08379147878785238
2024-01-10,0.0629829226633035,0.0,0.09433458278837563,0.060953341090613865,0.34788471028073764,0.34856158095409107,0.01168689584535502,0.0735959663775232
2024-01-11,0.008286704039845137,0.0,0.04660618308763755,0.02101587704544409,0.49664719318571876,0.4140551180039705,0.0,0.01338892463738413
2024-01-12,0.014311579805769713,0.0,0.05214616864465535,0.041821625480203795,0.460378387893541,0.3655269426346562,0.024488437163142005,0.041326858378031975
2024-01-16,0.027119651302236057,0.0,0.06534552022220828,0.0570644127510361,0.44365813259501385,0.3099538523836364,0.0343552350900515,0.06250319565581786
2024-01-17,0.004490953913950902,0.0,0.04802605341067873,0.03720689991357708,0.5642187414341978,0.32564022683606875,0.003899309842300223,0.01651781464922657
2024-01-18,0.046001042840318404,0.0,0.07201182399934396,0.06160498843956088,0.46486019885394325,0.28023013416822734,0.03693442709477647,0.03835738460382963
2024-01-19,0.027108017357507088,0.0032125579446660906,0.043876618150889585,0.033655270978582806,0.522312310708733,0.32005641843465105,0.02176364158856117,0.028015164836409347
2024-01-22,0.0053568506982804,0.0,0.018065669370754836,0.012421631329448323,0.5575937658984845,0.36265379790729885,0.016004064136685682,0.027904220659047366
2024-01-23,0.022219304200922704,0.03282786641450601,0.033477777646577674,0.030412691341822968,0.4661004495333593,0.32887580304206215,0.03728564951066698,0.048800458310082326
2024-01-24,0.030823866506798928,0.029773635192456366,0.037879765428402996,0.03451216964452628,0.4549226297943016,0.32173325478214776,0.044831913115823865,0.04552276553554245
2024-01-25,0.03297535964477615,0.041648313641149674,0.04807027452845304,0.04507928829894677,0.3963865035140388,0.3136463344098314,0.062089112191147426,0.06010481377165671
2024-01-26,0.02719147667065738,0.040280729703391076,0.04920942140285085,0.04495907169534216,0.3544537244211091,0.3394412945205887,0.07486871070140395,0.06959557088465683
2024-01-29,0.0,0.043642817335431,0.0220983286611686,0.026738987333016027,0.34542718156296576,0.4110116640400751,0.0854932575458365,0.06558776352150712
2024-01-30,0.0,0.09306349284691043,0.036858666298346984,0.05766969660234848,0.17573691073707573,0.39615969130084866,0.15796660053382935,0.08254494168064037
2024-01-31,0.0,0.0,0.0,0.0,0.0,0.0,1.0,0.0
2024-02-01,0.03976644184304535,0.20699274314403054,0.06701833978302398,0.1525696180905809,0.0,0.07809564903269982,0.3246231659847235,0.130934042121896
2024-02-02,0.08025441241355012,0.15691734665540152,0.09774123006046682,0.1311063037190201,0.0,0.18412563845252183,0.21860555606546175,0.13124951263357787
2024-02-05,0.06704148078692959,0.13824457123157222,0.09461740585673337,0.11613554981189667,0.04028246222689983,0.22810754429003324,0.2069657204340635,0.1086052653618717
2024-02-06,0.0,0.14422067177776796,0.054868047959333414,0.08016022347982081,0.0,0.36162811740523937,0.26396185086073964,0.09516108851709873
2024-02-07,0.060050111143223346,0.114451735493727,0.089752538941615,0.08365595939477867,0.11381948348439505,0.29645971795516973,0.13675387158600374,0.10505658200108742
2024-02-08,0.06192294942286186,0.09082515295286811,0.08642647853030502,0.061389576643995906,0.17669309001078923,0.3097945573004825,0.08845571492673673,0.12449248021196058
2024-02-09,0.06836710170575766,0.049614581318782124,0.08451763330408225,0.04769747640197024,0.2731085292480853,0.29901654564157115,0.05004863462549589,0.1276294977542554
2024-02-12,0.0,0.0,0.0028419701590282273,0.0,0.43447091152813616,0.44723799703360195,0.0,0.11544912127923387
2024-02-13,0.1887235938834495,0.0,0.19602436709524848,0.018441000213240546,0.17581889657370495,0.13486125576041996,0.0,0.28613088647393653
2024-02-14,0.16937001839859234,0.0,0.18068100783789476,0.0,0.25862703577372276,0.0,0.0,0.39132193798979015
2024-02-15,0.1300548043424793,0.0,0.11483636129557073,0.0,0.19583582316377535,0.22769142777200424,0.0,0.33158158342617045
2024-02-16,0.2561880806425044,0.0,0.1839742459076041,0.01527411656382852,0.0,0.0602433633044619,0.0,0.4843201935816011
2024-02-20,0.33160062190858614,0.0,0.18943304685555556,0.011825575284095318,0.0,0.0,0.0,0.4671407559517629
2024-02-21,0.2989196588132843,0.12314344383916019,0.16715734543761354,0.0603358351934869,0.0,0.0,0.0,0.3504437167164551
2024-02-22,0.1887391042882102,0.1646613311086263,0.14238211438751353,0.0929704429568117,0.0,0.14622236346487172,0.055440324517005264,0.20958431927696125
2024-02-23,0.11115430769144209,0.24674702481138638,0.00490744541909592,0.0,0.0,0.514873671081487,0.0,0.12231755099658843
2024-02-26,0.12747598340330965,0.2275674427757005,0.048167365567768856,0.03694608578711198,0.12432771128292883,0.32692010623833306,0.075341887014621,0.0332534179302261
2024-02-27,0.12767640446627893,0.1721120645681984,0.08927836228709626,0.0865429719857107,0.1714600752365438,0.20355664273704668,0.09655569969168391,0.05281777902744139
2024-02-28,0.13988326525014155,0.44073886556687397,0.0,0.0063497405027992445,0.11094477948660214,0.2627975918748347,0.039285757318748386,0.0
2024-02-29,0.07032334426010362,0.2008102917745976,0.05716205769144488,0.07659142829496403,0.2669629459036593,0.18935636326065117,0.09166444741553063,0.047129121399048735
2024-03-01,0.02951736179409669,0.1965140928111389,0.03366885648655053,0.04693100870073841,0.3679481868603472,0.21927489451690663,0.05537546818156304,0.05077013064865862
2024-03-04,0.043889086763643774,0.2440312860540017,0.04738749582424646,0.05570076628693769,0.29801116356294377,0.17617588015450178,0.055382408924485226,0.07942191242923964
2024-03-05,0.0,0.8159138440010081,0.0,0.0,0.16518332773115976,0.0,0.018902828267832277,0.0
2024-03-06,0.05457483468387825,0.5227149036587578,0.05478366958066046,0.09403111859122121,0.07061908226031977,0.0027567818463270022,0.12143892242406479,0.07908068695477077
2024-03-07,0.05257620199673306,0.4514550123201138,0.040831361146064137,0.07547496703929901,0.16725225566227028,0.0788557562920671,0.09068230415171535,0.04287214139173725
2024-03-08,0.06994579158801945,0.6021747544857374,0.05251154316732246,0.09656686463894852,0.013540942910511293,0.011307600702145067,0.09136930700326662,0.06258319550404925
2024-03-11,0.08767243954586253,0.5860169892549404,0.07597064763108775,0.10971547356994024,0.0,0.0,0.08176814450472442,0.05885630549344471
2024-03-12,0.1252333572807497,0.3743173849068916,0.1230900245216689,0.12191666658214657,0.0,0.11767270247927746,0.06443872978643729,0.07333113444282856
2024-03-13,0.1402105338929154,0.37446833621898906,0.14012406644008835,0.09575597363201784,0.0,0.23640365150958836,0.0,0.013037438306401018
2024-03-14,0.17384345144685476,0.2707859046513632,0.20278104143025183,0.04127813033772167,0.0,0.31131147213380855,0.0,0.0
2024-03-15,0.3502145584731366,0.0,0.6497854415268633,0.0,0.0,0.0,0.0,0.0
2024-03-18,0.3498812871626068,0.0,0.6501187128373932,0.0,0.0,0.0,0.0,0.0
2024-03-19,0.0,0.0,0.40871449229012224,0.0,0.0,0.5912855077098778,0.0,0.0
2024-03-20,0.008614190222829048,0.0,0.11125119753161354,0.0,0.2939230201535829,0.5862115920919745,0.0,0.0
2024-03-21,0.0,0.0,0.05155269556977557,0.0,0.42587310658734,0.5225741978428844,0.0,0.0
2024-03-22,0.0,0.0,0.0,0.0,0.53144189476345,0.4685581052365499,0.0,0.0
2024-03-25,0.0,0.0,0.06362254273493265,0.03839632795796304,0.5093728419409943,0.3859740895765083,0.0026341977896015708,0.0
2024-03-26,0.0,0.0,0.006096812685779075,0.002572035728497934,0.6245389587015752,0.36679219288414766,0.0,0.0
2024-03-27,0.0029903357251184278,0.0,0.0674324325087985,0.07824728669955135,0.3978792928637541,0.3220887159160849,0.10313049226672229,0.028231444019970416
2024-03-28,0.0,0.09460225700211285,0.033056895160606274,0.056140129502723506,0.3176245584256793,0.31733615466997017,0.10867245408489669,0.07256755115401116
2024-04-01,0.031012908290309133,0.22743927586052576,0.07309717336532337,0.07778848612783582,0.20177857658619736,0.194081988685382,0.09757677896527714,0.09722481211914942
2024-04-02,0.0,0.7770215911520217,0.05125389823705941,0.04773468275551097,0.0,0.00931207036078522,0.06349825547162939,0.05117950202299332
2024-04-03,0.026096714763507677,0.9413935848491357,0.022045265247779656,0.010253515022657865,0.0,0.0,0.0,0.00021092011691917003
2024-04-04,0.0,1.0,0.0,0.0,0.0,0.0,0.0,0.0
2024-04-05,0.1299181928396263,0.586023376246391,0.08832199239255814,0.0752391523538243,0.0,0.0,0.053266662978291544,0.0672306231893087
2024-04-08,0.1373947343854493,0.6108605861792898,0.08503297339175549,0.04890725841108003,0.0,0.0,0.02541554769713955,0.09238889993528582
2024-04-09,0.08847045324721106,0.8063139976156884,0.008495156136530834,0.0,0.0,0.0,0.0,0.09672039300056957
2024-04-10,0.153187534502821,0.6230123838987726,0.11161848985352442,0.02997100170824443,0.0,0.0,0.005624053646981009,0.07658653638965668
2024-04-11,0.06059673884471025,0.9051702055276354,0.03423305562765446,0.0,0.0,0.0,0.0,0.0
2024-04-12,0.0,1.0,0.0,0.0,0.0,0.0,0.0,0.0
2024-04-15,0.0,0.9764083220759598,0.023591677924040162,0.0,0.0,0.0,0.0,0.0
2024-04-16,0.0,1.0,0.0,0.0,0.0,0.0,0.0,0.0
2024-04-17,0.0,1.0,0.0,0.0,0.0,0.0,0.0,0.0
2024-04-18,0.17164220456532803,0.33821824161530223,0.20108702692935088,0.19035575441593863,0.0,0.0,0.09869677247408022,0.0
2024-04-19,0.18756496420635,0.17363888930328705,0.23587310585941398,0.24542409006717816,0.0,0.0,0.15749895056377078,0.0
2024-04-22,0.2284935906036876,0.0,0.2542509350743073,0.23658419909582287,0.0,0.0,0.2367585328725153,0.04391274235366689
2024-04-23,0.21094062228698887,0.0,0.23176496984432324,0.1921210620970989,0.0,0.0,0.20508133778023976,0.16009200799134932
2024-04-24,0.15787166060183888,0.0,0.16151740067353101,0.11489245976129168,0.0,0.23588804400144278,0.11584092698335077,0.213989507978545
2024-04-25,0.1554685150937292,0.0,0.13165357988702747,0.0873140876328271,0.0,0.3414514216460264,0.07535649695609287,0.20875589878429698
2024-04-26,0.08808372923826847,0.0,0.07381803520985276,0.045063549344823886,0.2340616581959698,0.39104476503003055,0.039020857627063525,0.12890740535399103
2024-04-29,0.05864901129366593,0.0,0.04763137851463097,0.03466457641612173,0.32253402901616124,0.3877659221404084,0.04348748932233495,0.10526759329667687
2024-04-30,0.0523488666759406,0.0,0.03472541543026272,0.028167274588331185,0.34195622328296743,0.3859364943824763,0.044573595543524885,0.11229213009649687
2024-05-01,0.09783872001816085,0.0,0.08706030893737904,0.08834174878643573,0.20774626410581398,0.25998494320755183,0.11494047974543227,0.14408753519922615
2024-05-02,0.08162514205236082,0.0,0.08088535116995178,0.08499687971970388,0.24530780558819962,0.26427784682138966,0.10939636399838729,0.133510610650007
2024-05-03,0.0438547744643064,0.0,0.04686346009199267,0.056969345256715376,0.36275573242420267,0.3120117751726808,0.08575375773279012,0.09179115485731194
2024-05-06,0.037663465302392035,0.03196513284454995,0.04213125252648313,0.05172468764392382,0.3725577137930744,0.31844306932525474,0.07611733529562242,0.06939734326869955
2024-05-07,0.016468668788600094,0.04286381291312856,0.024573479921529185,0.03851918530355561,0.4064600732448912,0.3478072173368549,0.06807636072665399,0.055231201764786436
2024-05-08,0.027096818839499694,0.07147859751832496,0.03377684868984336,0.04869013154528331,0.3641141517084731,0.32007061696623407,0.0727568842349603,0.06201595049738129
2024-05-09,0.00989451198747244,0.12952739018011727,0.012253669079106534,0.034413851968174175,0.347928010087453,0.34506102576276954,0.06067835309264341,0.06024318784226349
2024-05-10,0.0340689356460468,0.20073452642332343,0.029687096974342356,0.04607526786760648,0.26663447328745093,0.28865067246846937,0.060766311052677435,0.0733827162800834
2024-05-13,0.02141118999556459,0.23400472980705175,0.00921913307086175,0.030451753446596203,0.2759413384903561,0.30906545083267206,0.04720082414931646,0.07270558020758107
2024-05-14,0.027095757262501005,0.2641813668746307,0.008724447996980791,0.031416936964669157,0.2496646673088686,0.2860230506126346,0.04879570034862753,0.0840980726310876
2024-05-15,0.028672224000254726,0.2574218496893499,0.010186214559579767,0.029489242201162346,0.26340175171161706,0.28180639890717357,0.04849547572759711,0.08052684320326545
2024-05-16,0.03926124744688766,0.25817359241068666,0.018942611319888013,0.03669662792321762,0.24437956439812472,0.256313368042207,0.056729291474960614,0.08950369698402767
2024-05-17,0.05718769919339293,0.2805947661298483,0.04005091937707656,0.046533550536031004,0.2085311957575651,0.21931364043737261,0.0550917311483371,0.09269649742037642
2024-05-20,0.051377659181846495,0.3566942678668499,0.03695052804695104,0.033105532571694615,0.22843374564101904,0.1895079322888377,0.03176282005394073,0.07216751434886057
2024-05-21,0.0,0.5883312305076641,0.0,0.0,0.2678963226683158,0.14377244682402004,0.0,0.0
2024-05-22,0.014998563123687327,0.7070903449685255,0.011024963996652105,0.0,0.26688612791113514,0.0,0.0,0.0
2024-05-23,0.0,0.0,1.0,0.0,0.0,0.0,0.0,0.0
2024-05-24,0.36549057485877934,0.0,0.44695514428933114,0.18755428085188958,0.0,0.0,0.0,0.0
2024-05-28,0.5499712735747195,0.0,0.45002872642528047,0.0,0.0,0.0,0.0,0.0
2024-05-29,0.403978636070913,0.0,0.5960213639290869,0.0,0.0,0.0,0.0,0.0
2024-05-30,0.125,0.125,0.125,0.125,0.125,0.125,0.125,0.125
2024-05-31,0.0,0.0,1.0,0.0,0.0,0.0,0.0,0.0
2024-06-03,0.125,0.125,0.125,0.125,0.125,0.125,0.125,0.125
2024-06-04,0.125,0.125,0.125,0.125,0.125,0.125,0.125,0.125
2024-06-05,0.07415060136102926,0.0,0.1564687455430324,0.25673660579820895,0.0,0.0,0.36941468704949054,0.14322936024823896
2024-06-06,0.04286671743799023,0.22175221058360142,0.09209695007078718,0.18967420547547845,0.0,0.0,0.3024410647847874,0.15116885164735538
2024-06-07,0.11122510659410692,0.028238461596969123,0.14643749140480933,0.16000350925705203,0.11957372737369067,0.08469243103281529,0.184257155888668,0.1655721168518886
2024-06-10,0.04944863519622902,0.0,0.13907480105498218,0.12259712376899648,0.24832219494418126,0.14986115919814738,0.11844428634848295,0.1722517994889807
2024-06-11,0.0,0.0,0.0,0.0,0.7539847102782522,0.2407519252061591,0.0,0.005263364515588587
2024-06-12,0.0,0.0,0.0428585526869315,0.030917964860643757,0.5510499092591048,0.2930282128557821,0.02628484449671495,0.05586051584082293
2024-06-13,0.0,0.0,0.0,0.0,0.6930658447785674,0.3069341552214325,0.0,0.0
2024-06-14,0.0,0.0,0.0,0.0,0.6895537469831715,0.2667680146048093,0.043678238412019135,0.0
2024-06-17,0.02622296706179964,0.04513751050624559,0.05415946203412352,0.06682301306212514,0.4373265263928619,0.2264206506696472,0.0828603015416851,0.06104956873151194
2024-06-18,0.0,0.007730523112996548,0.020054651062502444,0.037764856262828266,0.5574757830070269,0.2873325412147174,0.0649343050982623,0.024707340241666115
2024-06-20,0.018543756506962362,0.0857403392228035,0.04866649565666218,0.0580764430777951,0.42419865248523425,0.24755727999496466,0.07461702865468162,0.04260000440089625
2024-06-21,0.025059742231503673,0.04261902313292457,0.07236859168829622,0.07346431741712721,0.39683100391433573,0.2507177243749012,0.08360857542623476,0.05533102181467654
2024-06-24,0.047643777404230286,0.0,0.16679514563743433,0.14160137213942472,0.0,0.14212914608179336,0.19563649995711418,0.30619405878000305
2024-06-25,0.18362565933298342,0.0,0.21286745678963848,0.18392122310818335,0.0,0.0,0.20590093012801142,0.21368473064118343
2024-06-26,0.21190408449919323,0.0,0.23208676657813515,0.17592242429066848,0.0,0.03767718153093313,0.13079019093087668,0.21161935217019334
2024-06-27,0.2658171015389098,0.0,0.26799204385973396,0.07386199084975778,0.0,0.0,0.0,0.3923288637515984
2024-06-28,0.264606113568065,0.0,0.2233895752570522,0.1284506399701915,0.0,0.0,0.0,0.38355367120469136
2024-07-01,0.2500188491670709,0.07885269664683785,0.20012496324601708,0.11511255142135791,0.0,0.07617974648113013,0.0,0.2797111930375861
2024-07-02,0.18707499028095873,0.0,0.08655824407354183,0.0,0.27580023902701567,0.21723636842369148,0.0,0.23333015819479233
2024-07-03,0.08407111053760015,0.030605119368988798,0.023161491822128618,0.0,0.47665261738640863,0.30083754875936003,0.0,0.08467211212551386
2024-07-05,0.06387512751649889,0.10862376097124495,0.02614729694727428,0.004801120599842618,0.4550231862407128,0.28547300734101405,0.0,0.056056500383412484
2024-07-08,0.06188222623942875,0.06665479084502689,0.03625799527245987,0.02735799057357169,0.4523399669214225,0.2847115128346401,0.012949524841415417,0.05784599247203481
2024-07-09,0.05599021148685409,0.0687003170122459,0.0360293139067362,0.035570874239265665,0.43434185820823057,0.27911784821601476,0.03141497749395365,0.05883459943669915
2024-07-10,0.04856450674470202,0.06120965277965725,0.03600050852869317,0.03944677789540619,0.4146498810933759,0.29429700609268494,0.04563095384885967,0.06020071301662084
2024-07-11,0.03731097190656866,0.111217151657829,0.023312967151802148,0.036860284026890566,0.3394965747971995,0.3030918506334957,0.05822432540746148,0.09048587441875279
2024-07-12,0.05324316495907526,0.13156755588775756,0.04188274123199201,0.05827023436979739,0.23230365735412983,0.27450896445134026,0.08688253350456655,0.12134114824134108
2024-07-15,0.06429730996880213,0.14716669778328742,0.05435323480274066,0.06698104564692199,0.17917267778741283,0.2607205698801923,0.08747873521032436,0.13982972892031834
2024-07-16,0.045110304858274705,0.20382895073918053,0.040547073188696235,0.05273650655686922,0.12505758463814107,0.2982410894198672,0.08417604277098366,0.1503024478279874
2024-07-17,0.05339302006012152,0.29897640204381926,0.044303463858063975,0.06703678243327207,0.0,0.1863669457713575,0.12164190681368342,0.22828147901968218
2024-07-18,0.08185493513121915,0.2993900200776181,0.08082439786102368,0.10532321953462476,0.0,0.0,0.15752222735628346,0.2750852000392309
2024-07-19,0.11869830059250104,0.0687582795986421,0.13019596899902844,0.1476554805035629,0.0,0.0,0.19302098309575438,0.3416709872105112
2024-07-22,0.14519096622918054,0.0,0.17354916670046802,0.1611258867153139,0.0,0.0,0.17494877580365104,0.34518520455138646
2024-07-23,0.008930262835400512,0.0,0.2190166234803936,0.11054157326023968,0.0,0.0,0.036226865818767585,0.6252846746051987
2024-07-24,0.0,0.0,0.48236886083626657,0.0,0.0,0.0,0.0,0.5176311391637334
2024-07-25,0.125,0.125,0.125,0.125,0.125,0.125,0.125,0.125
2024-07-26,0.0,0.0,0.6959797723712031,0.30402022762879694,0.0,0.0,0.0,0.0
2024-07-29,0.0,0.0,0.0,1.0,0.0,0.0,0.0,0.0
2024-07-30,0.0,0.0,0.0675244980308497,0.38286976613172574,0.0,0.0,0.5496057358374246,0.0
2024-07-31,0.0,0.0,0.0,0.3342238102138048,0.0,0.0,0.6657761897861951,0.0
2024-08-01,0.0,0.0,0.0,0.2474352435004207,0.0,0.0,0.7525647564995793,0.0
2024-08-02,0.0,0.0,0.0,0.0,0.0,0.0,1.0,0.0
2024-08-05,0.0,0.0,0.0,0.2747789375960565,0.0,0.0,0.7252210624039435,0.0
2024-08-06,0.16764596356053135,0.05938516238763607,0.12769060586652423,0.23205407022947908,0.0,0.0,0.312424946151461,0.10079925180436829
2024-08-07,0.1973564227890586,0.0,0.12736633585391652,0.26092127823687233,0.0,0.0,0.35721438808918654,0.05714157503096603
2024-08-08,0.20401777179038955,0.05808026167355072,0.16585149313288766,0.2114477359437295,0.0,0.0,0.24377818070632157,0.11682455675312099
2024-08-09,0.003098771672522467,0.0,0.0,0.0,0.9949204454520512,0.0,0.0019807828754262796,0.0
2024-08-12,0.025168947547522365,0.16621961112970088,0.02205188010309971,0.011110092620088143,0.5339052503507266,0.22755713532157187,0.013987082927290366,0.0
2024-08-13,0.030112104381459476,0.10410169255143588,0.028398707757745903,0.019235351322401284,0.4733579675482821,0.3076471593256196,0.01893256315508042,0.018214453957975364
2024-08-14,0.02735542133740367,0.0633654495157096,0.026860087570585563,0.016018013526039362,0.47897961348584756,0.3485724204059408,0.017957813349404536,0.020891180809068984
2024-08-15,0.034727082377211414,0.05631989555753338,0.038724983726277876,0.024920981810348034,0.44011475776962655,0.3446757874667799,0.025071323363249173,0.03544518792897362
2024-08-16,0.018482538802893564,0.0754036496979326,0.02350801879626502,0.005911317180564134,0.4711818989732708,0.38065684676619393,0.005682683221313371,0.019173046561566723
2024-08-19,0.01810899534129184,0.07943939153917468,0.02057116428606682,0.0030228167904680996,0.4667253910830994,0.38781943513576056,0.004193414610683753,0.02011939121345459
2024-08-20,0.007357783594816008,0.08027296167571425,0.004930157544871544,0.0,0.48931796223220164,0.41211162319381084,0.0,0.006009511758585917
2024-08-21,0.026574886658726135,0.0839632206041468,0.021449815957993185,0.010013242603474533,0.43777278691523674,0.37630373288422514,0.015696829138759104,0.028225485237438393
2024-08-22,0.040006016437672605,0.07817316510577155,0.03611619323840421,0.022607948825627996,0.3865540872136345,0.36105051635486735,0.02275132099497733,0.05274075182904438
2024-08-23,0.04089783614659639,0.08225319029539477,0.03324767120481022,0.018453746329364813,0.3562452779854911,0.37596319939427353,0.014405584575921464,0.07853349406814776
2024-08-26,0.047907011191534836,0.12665372939046793,0.036645569073073384,0.01803762950023969,0.23287335119051303,0.4029279091878452,0.0028144881142959143,0.1321403123520301
2024-08-27,0.0918141177627021,0.20359775028802782,0.07068994942184567,0.050243013490746495,0.009580818598284148,0.3404692091227879,0.015952908282289065,0.21765223303331666
2024-08-28,0.11976138568688567,0.23598463021148275,0.11697801990909854,0.08446802542093536,0.0,0.0,0.0,0.44280793877159774
2024-08-29,0.11795836171484675,0.19921474992012697,0.16384719156323288,0.13281239607203002,0.0,0.0,0.02720847704889368,0.35895882368086984
2024-08-30,0.11577224329940304,0.05226578261892874,0.22560910216814808,0.1560982802590939,0.0,0.0,0.0,0.45025459165442633
2024-09-03,0.125,0.125,0.125,0.125,0.125,0.125,0.125,0.125
2024-09-04,0.0,0.0,0.026905713316918614,0.12909054593445796,0.0,0.0,0.0,0.8440037407486234
2024-09-05,0.031143148851798873,0.0,0.15790596615354738,0.22444560863041296,0.0,0.0,0.25705353722334245,0.32945173914089837
2024-09-06,0.0,0.0,0.04218673969889105,0.27282042374127596,0.0,0.0,0.4370310823740152,0.24796175418581776
2024-09-09,0.027996688061133857,0.0,0.1443519994892593,0.24380416482852785,0.0,0.0,0.34452781471454924,0.2393193329065297
2024-09-10,0.0,0.0,0.0,0.15045648315678323,0.0,0.0,0.4967569847350649,0.35278653210815186
2024-09-11,0.03893349120510956,0.10534135394376748,0.11287909338305153,0.19546275977109834,0.0,0.0,0.28565595825061757,0.26172734344635545
2024-09-12,0.06316023272791833,0.26716098283916884,0.1011213843012466,0.14692646588638436,0.0,0.0,0.20012520477757006,0.2215057294677119
2024-09-13,0.03348153855401539,0.25324492895503026,0.04714072999864199,0.06935449262378432,0.2300371735540041,0.13683808631278024,0.09599453958747313,0.13390851041427043
2024-09-16,0.037874847489861745,0.23329171777752583,0.036072766112802655,0.050704841270611235,0.23944980855981274,0.21275533315351708,0.07890623821582604,0.11094444742004275
2024-09-17,0.05469774564224495,0.20097140282493528,0.04915176683374701,0.056395014637433426,0.22451099426272128,0.2363078184672047,0.07763828080987119,0.10032697652184223
2024-09-18,0.08332663526161183,0.16928974031715535,0.07750491419546787,0.07092422923800441,0.1781978573644104,0.23312360590463513,0.07289370986028795,0.11473930785842704
2024-09-19,0.07196360103273938,0.15131363350716362,0.062188129969696165,0.044283982191250515,0.2619411601511747,0.29947201769734033,0.031024506939099195,0.07781296851153606
2024-09-20,0.06426575549243356,0.1993686616093091,0.05204662916428344,0.02548238849541819,0.2904651447762015,0.3221695184667224,0.0,0.046201901995631754
2024-09-23,0.04173987158302886,0.24353733301776645,0.033654510705419194,1.55080695658314e-05,0.3012435653297974,0.3470870045101577,0.0,0.03272220678426465
2024-09-24,0.04750498491108849,0.30544548143582756,0.03094213204955528,0.002321773844726292,0.27468477438391237,0.3062813990333508,0.0,0.032819454341539225
2024-09-25,0.07315317623465552,0.33482810294969856,0.06277551982761143,0.03220714939282614,0.22840473805260855,0.22023427136322796,0.0,0.048397042179371845
2024-09-26,0.08473814604325444,0.3827868015009417,0.06569270165855604,0.027755638381002302,0.25434789902656313,0.1768439384413285,0.0,0.007834874948353856
2024-09-27,0.11215429661078909,0.6895866634398001,0.06803003444954187,0.0,0.13022900549986896,0.0,0.0,0.0
2024-09-30,0.22401090274520824,0.3262957678136681,0.21217649803786032,0.15897049727975968,0.0,0.0,0.07759951354226964,0.0009468205812339636
2024-10-01,0.125,0.125,0.125,0.125,0.125,0.125,0.125,0.125
2024-10-02,0.10604333586128276,0.11651276312816419,0.2327857501539747,0.26108231888051825,0.0,0.0,0.2835758319760601,0.0
2024-10-03,0.06977764775689907,0.0,0.29843581703982636,0.3177895445445571,0.0,0.0,0.3139969906587175,0.0
2024-10-04,0.15308005427988083,0.055475986469735956,0.2811057416600184,0.22902351854096809,0.0,0.0,0.21620569983130622,0.06510899921809056
2024-10-07,0.0,0.0,1.0,0.0,0.0,0.0,0.0,0.0
2024-10-08,0.0,0.0,1.0,0.0,0.0,0.0,0.0,0.0
2024-10-09,0.029849120485530373,0.0,0.09715659129711242,0.011601977732149162,0.5253044234299332,0.3360878870552748,0.0,0.0
2024-10-10,0.0,0.0,0.022948867508321525,0.0,0.5799321081054819,0.39711902438619645,0.0,0.0
2024-10-11,0.03273160618296323,0.0,0.05998186399151549,0.01809531028951452,0.44600702398107306,0.42084104035395703,0.0,0.02234315520097654
2024-10-14,0.027197820699572037,0.0004115338884792061,0.047881739137106416,0.018644486623785855,0.41276621966787086,0.43403425368419885,0.0075347708244027445,0.05152917547458413
2024-10-15,0.0,0.0,0.0,0.0,0.40353672845602184,0.5394987753922065,0.0,0.05696449615177169
2024-10-16,0.013260665554107319,0.11179914142446049,0.03800382269734453,0.03431992950842872,0.23352186737313116,0.38089828339312515,0.05898191350477113,0.12921437654463153
2024-10-17,0.0348529877781539,0.17551974509177404,0.057594709161235935,0.054983503288500234,0.16314040862230964,0.3079037001199397,0.06626606130116157,0.1397388846369249
2024-10-18,0.026158278852292532,0.2319872042133687,0.045321096053552834,0.043309587160061294,0.1650054198338479,0.2967584114436947,0.05088476797781549,0.14057523446536654
2024-10-21,0.04307517786092601,0.2574749168298059,0.0568741388097182,0.04865290905923282,0.18839908279228476,0.25223574683686617,0.038796521751027394,0.11449150606013873
2024-10-22,0.01673847593384884,0.3742212510374395,0.03306858077337083,0.018045646864580416,0.2322464905411231,0.23761853250923756,0.0,0.08806102234039985
2024-10-23,0.03265273928585267,0.6397034285158849,0.049009192157489674,0.018106132186879276,0.0190286794451444,0.06234065556132344,0.0,0.17915917284742577
2024-10-24,0.08220071264393801,0.5483776029777662,0.0778885345926045,0.05471237750779175,0.0,0.0,0.04283258622926815,0.19398818604863147
2024-10-25,0.08387487104170703,0.46367076533481266,0.08050781994280698,0.0586559229659426,0.12756238008513307,0.0,0.05035663681716467,0.13537160381243307
2024-10-28,0.11405347471437284,0.32653015426667437,0.11089596245244629,0.085464006563539,0.15557843430649734,0.0,0.08291890004425309,0.12455906765221711
2024-10-29,0.0806515171647883,0.4037194750280037,0.06570846036232865,0.027336879558400983,0.37127922179837936,0.0,0.03431092332125907,0.01699352276683988
2024-10-30,0.10920177546263965,0.4466544094028281,0.06203074783803484,0.02112155290321518,0.3078569109509749,0.0,0.05313460344230732,0.0
2024-10-31,0.3320181585350464,0.5062027500709374,0.028446382183441875,0.0,0.0,0.0,0.13333270921057433,0.0
2024-11-01,0.3165383204122813,0.08743472921746824,0.22118567730696312,0.171417521783595,0.0,0.0,0.20342375127969245,0.0
2024-11-04,0.6745874242729807,0.0,0.07613315822064759,0.0,0.0,0.0,0.24927941750637175,0.0
2024-11-05,0.32505875222567326,0.0,0.21094731098021807,0.16315527272518923,0.0,0.0,0.2985499489492325,0.002288715119686976
2024-11-06,0.10875057363280957,0.0,0.12498997655961457,0.09686493482677044,0.25380493063814485,0.25512670657011954,0.09911835942304435,0.06134451834949654
2024-11-07,0.0,0.0,0.016373982578920532,0.0,0.5037131328607363,0.47991288456034326,0.0,0.0
2024-11-08,0.0,0.0,0.03172087630668608,0.01424490541405136,0.4565608223117941,0.45780477020749083,0.01856394110977057,0.021104684650206897
2024-11-11,0.0,0.0,0.03746685883352736,0.023448201284926688,0.4261135682814827,0.4474538146375661,0.027937211303118735,0.03758034565937839
2024-11-12,0.0,0.0,0.03811146280270743,0.021137560300574218,0.43881896679163895,0.4571954049937253,0.013803434434223319,0.030933170677130778
2024-11-13,0.0,0.0,0.03215292713325697,0.01008698513361858,0.4546633855711616,0.4791065628369287,0.0,0.02399013932503412
2024-11-14,0.0,0.0,0.009525741088663432,0.0,0.48437087340737106,0.5061033855039655,0.0,0.0
2024-11-15,0.0,0.0,0.15003502474150704,0.0,0.0,0.8499649752584929,0.0,0.0
2024-11-18,0.0,0.0,0.8010218622871682,0.1989781377128317,0.0,0.0,0.0,0.0
2024-11-19,0.0,0.0,0.3831752628414108,0.26551960574932004,0.0,0.0,0.0,0.35130513140926917
2024-11-20,0.0,0.6531851691143951,0.11828866370806863,0.10430184496926444,0.0,0.0,0.0,0.124224322208272
2024-11-21,0.0,0.7714900673331049,0.07049052683174223,0.056231953129481344,0.0,0.0,0.0,0.10178745270567141
2024-11-22,0.0,0.8742949927288681,0.02494923037767488,0.012464981372523663,0.0,0.0,0.0,0.08829079552093339
2024-11-25,0.0,0.9293427299596054,0.0,0.0,0.0,0.0,0.0,0.07065727004039458
2024-11-26,0.008379280187176347,0.42459485512152534,0.040211925910742026,0.0586467035643956,0.03903067713737953,0.19695935499604042,0.07168268736394615,0.1604945157187946
2024-11-27,0.03605110847376889,0.3756492218682114,0.034890374564989515,0.06240062626683032,0.0,0.2046031457853989,0.0969843832936603,0.1894211397471407
2024-11-29,0.03363716627167449,0.28047801956951607,0.020208791810892898,0.044274132216295635,0.123582037569468,0.29263632340135254,0.09035290017903302,0.11483062898176735
2024-12-02,0.03677213025525331,0.15089365527823545,0.03449588080942007,0.051793477172976825,0.2923628566013932,0.28583537581554075,0.09647366294581879,0.05137296112136161
2024-12-03,0.048149651238183586,0.10083551752331393,0.05019918183227934,0.05401821588281377,0.37015293551601547,0.27496603837425976,0.07758536615625505,0.02409309347687901
2024-12-04,0.010963055072100361,0.042232720936367166,0.021075709223567583,0.019302636359096934,0.5394055161959279,0.3243948918590063,0.04262547035393378,0.0
2024-12-05,0.031049890198316672,0.00068370262271973,0.024807106147047155,0.023197391202891004,0.5720637915512421,0.295124818958857,0.053073299318926306,0.0
2024-12-06,0.025453848312318932,0.0,0.018851207037539456,0.016402642779392712,0.647765916556034,0.25221321701697247,0.039313168297742486,0.0
2024-12-09,0.06968333651757107,0.0,0.06111445270777368,0.04641990441394475,0.6358457880379477,0.14545607992797893,0.04148043839478384,0.0
2024-12-10,0.09142874799319872,0.20574765423074803,0.09013770333882962,0.044543174328117385,0.5681427201091062,0.0,0.0,0.0
2024-12-11,0.06155719480007092,0.3354531450673224,0.08075321481761083,0.025698288598030666,0.49653815671696516,0.0,0.0,0.0
2024-12-12,0.01460313499523628,0.44254745381871335,0.06888365202274867,0.0,0.47396575916330164,0.0,0.0,0.0
2024-12-13,0.05499830265717548,0.23303325660034835,0.09050908138283356,0.0,0.6214593593596425,0.0,0.0,0.0
2024-12-16,0.04462895306764528,0.038465640161101544,0.054484197245538935,0.0,0.8624212095257142,0.0,0.0,0.0
2024-12-17,0.0,0.0,0.0,0.0,1.0,0.0,0.0,0.0
2024-12-18,0.125,0.125,0.125,0.125,0.125,0.125,0.125,0.125
2024-12-19,0.0,0.0,1.0,0.0,0.0,0.0,0.0,0.0
2024-12-20,0.0,0.0,1.0,0.0,0.0,0.0,0.0,0.0
2024-12-23,0.2464759226845342,0.0,0.7535240773154658,0.0,0.0,0.0,0.0,0.0
2024-12-24,0.3687221732729572,0.0,0.6312778267270429,0.0,0.0,0.0,0.0,0.0
2024-12-26,0.1253753744365183,0.0,0.20112787345412297,0.0238641217444351,0.0,0.5870478209161638,0.0,0.06258480944875983
2024-12-27,0.09119005244599253,0.0,0.1681469641890757,0.0,0.0,0.7009817263120804,0.0,0.03968125705285124
2024-12-30,0.125,0.125,0.125,0.125,0.125,0.125,0.125,0.125
2024-12-31,0.1160907852431255,0.0,0.21268492296841743,0.20310537505779822,0.0,0.0,0.2021430361653467,0.2659758805653121
2025-01-02,0.022211991328570508,0.20050483958900045,0.1746525401521525,0.18103504238143261,0.0,0.0,0.21747077893867112,0.20412480761017288
2025-01-03,0.04362990176372374,0.18353027999037258,0.1642578501463828,0.16466651579750863,0.0,0.0,0.2065494356874212,0.23736601661459097
2025-01-06,0.0669284472733951,0.13985597092616678,0.14364630590368604,0.13408628214608526,0.0,0.16891165857753757,0.16566409494708711,0.18090724022604218
2025-01-07,0.07126470647961772,0.23407587219223575,0.16257773837455702,0.13404046901292047,0.0,0.09349491547398597,0.1442977799088094,0.16024851855787367
2025-01-08,0.027029973837435967,0.3632022002866875,0.151413392779383,0.11489326193300024,0.0,0.12222228020833922,0.10741016298557043,0.11382872796958358
2025-01-09,0.037921924990431746,0.2894947186675913,0.13457901288527432,0.11203538219542335,0.0,0.21555071449505323,0.10442119632727728,0.10599705043894879
2025-01-10,0.06271067058909806,0.4465793505297646,0.17385648223706165,0.14437944320972124,0.0,0.0,0.16353675537132328,0.008937298063031207
2025-01-13,0.013203603731857614,0.33303159253436765,0.21517092180545072,0.16224956773376092,0.0,0.0,0.27634431419456307,0.0
2025-01-14,0.074144206427433,0.21837685632462833,0.18472767281022004,0.13829937040234022,0.0,0.0,0.30168783188105175,0.08276406215432672
2025-01-15,0.0,0.13948045816879803,0.08890178287013423,0.10460587662119514,0.0,0.26467179535566365,0.3293139007325934,0.07302618625161555
2025-01-16,0.0093517611152643,0.12776383550801304,0.05838188966762215,0.08365494908229024,0.048027903913418726,0.35963098644033004,0.17592661041836852,0.137262063854693
2025-01-17,0.0183748458298469,0.05406676792936721,0.040438577956143244,0.05370377530528407,0.2832357672350746,0.35903475151974473,0.09263884580799624,0.09850666841654307
2025-01-21,0.024734609836029386,0.06601346609803058,0.026418059004872117,0.03892812692688717,0.3134140169756562,0.36707767187883933,0.07210417859294346,0.0913098706867417
2025-01-22,0.031692721726371643,0.07492106517296195,0.026684745883254642,0.03636259976817756,0.34937816269086835,0.3505810704490439,0.06090712014219327,0.06947251416712867
2025-01-23,0.03869149011792889,0.07360094540114437,0.03185404906216311,0.037836953955827944,0.3513261089470227,0.34579036798833124,0.05440894484738511,0.06649113968019657
2025-01-24,0.03593072627332745,0.07786092460479088,0.019450834021015377,0.026184126235144604,0.37036149191461265,0.36853127255081164,0.04333777250851229,0.05834285189178513
2025-01-27,0.03847491549115323,0.04902629355900101,0.0,0.02266520191985498,0.2861724472408863,0.4443669354182256,0.06425083419809403,0.09504337217278465
2025-01-28,0.06888151301329057,0.09580347423353706,0.04176854155526357,0.07582237990742956,0.16966428003741835,0.3273127574868352,0.11373655345165823,0.1070105003145675
2025-01-29,0.10401332471672556,0.1166911025916695,0.08029373068569305,0.14114068478134403,0.056162978442381335,0.21529045348441256,0.19474495090382865,0.0916627743939454
2025-01-30,0.08742304521182444,0.30372736159576,0.08902510657630594,0.17229665190394153,0.0,0.06378467198666034,0.2368516304825669,0.046891532242940924
2025-01-31,0.056400774064889296,0.47633604172402505,0.0842598608702581,0.18128115578437218,0.0,0.0,0.20172216755645536,0.0
2025-02-03,0.0,0.7243121647708831,0.0,0.11656367872311818,0.0,0.0,0.1591241565059988,0.0
2025-02-04,0.0,0.6578015530124516,0.06795377370883365,0.12749203608842696,0.0,0.0,0.1467526371902879,0.0
2025-02-05,0.0,0.8090590853237611,0.0,0.049580154393152186,0.0,0.0,0.1413607602830866,0.0
2025-02-06,0.0,0.57101876967174,0.04276563525719443,0.09475960905814769,0.10914683386372576,0.0,0.1823091521491921,0.0
2025-02-07,0.0,0.652810583081952,0.050071916317531696,0.09930626287393463,0.0,0.0,0.19781123772658177,0.0
2025-02-10,0.015599224188199885,0.5257833115224402,0.07391138726879683,0.08402108870403155,0.16666462900970377,0.0,0.11254454734572202,0.02147581196110585
2025-02-11,0.04221574145254655,0.47979624480654337,0.07623271430551902,0.06082432885039256,0.25704211977790326,0.0,0.04551687367857074,0.03837197712852446
2025-02-12,0.1043904669199003,0.3758980493467851,0.10243912303434588,0.055981566442137524,0.32044839486385096,0.0,0.0,0.04084239939298009
2025-02-13,0.03098819851179,0.3563108206088322,0.0,0.0,0.6127009808793779,0.0,0.0,0.0
2025-02-14,0.07506786444054289,0.03878971131414078,0.0,0.0,0.8260181047513233,0.06012431949399314,0.0,0.0
2025-02-18,0.11096849914080749,0.11378480349923846,0.07333174763586901,0.03998646037805857,0.47768107814396593,0.15931441942684887,0.0,0.02493299177521158
2025-02-19,0.08129666190368033,0.080256122008846,0.035398541831470336,0.0,0.5948918723640408,0.2081568018919625,0.0,0.0
2025-02-20,0.1668760981496398,0.0661253508371753,0.05958205509230338,0.0,0.6113800505619992,0.09603644535888234,0.0,0.0
2025-02-21,0.125,0.125,0.125,0.125,0.125,0.125,0.125,0.125
2025-02-24,0.4413611485914466,0.0,0.24435652506549596,0.3142823263430574,0.0,0.0,0.0,0.0
2025-02-25,0.0,0.0,0.0,1.0,0.0,0.0,0.0,0.0
2025-02-26,0.13076482701743883,0.0,0.1288011132982728,0.323508361210618,0.0,0.0,0.41381790978379207,0.003107788689878394
2025-02-27,0.018485541450277306,0.0,0.13629844811044273,0.3209187935601186,0.0,0.0,0.38249730369429924,0.141799913184862
2025-02-28,0.0,0.0,0.0641199994997405,0.30108219895674737,0.0,0.0,0.43047584114410714,0.20432196039940506
2025-03-03,0.0,0.0,0.0,0.2481328356263739,0.0,0.0,0.49674959423610976,0.2551175701375163
2025-03-04,0.15969644705947944,0.0,0.141499062045578,0.23062358509011519,0.0,0.0,0.24782349485126792,0.22035741095355948
2025-03-05,0.25359056909143485,0.04601088114320698,0.1475763453796853,0.17049954985024388,0.0,0.0,0.1554410942872072,0.2268815602482218
2025-03-06,1.0,0.0,0.0,0.0,0.0,0.0,0.0,0.0
2025-03-07,0.4642441231247453,0.1985840012689623,0.14216974929900666,0.09953489823318236,0.0,0.0,0.0,0.09546722807410353
2025-03-10,1.0,0.0,0.0,0.0,0.0,0.0,0.0,0.0
2025-03-11,0.5492688306207102,0.3855229227573734,0.038234306045514616,0.026973940576401793,0.0,0.0,0.0,0.0
2025-03-12,0.3553469850194363,0.4621702247298222,0.10395136617756402,0.0785314240731774,0.0,0.0,0.0,0.0
2025-03-13,0.017804146874012525,0.9821958531259875,0.0,0.0,0.0,0.0,0.0,0.0
2025-03-14,0.17450883847363163,0.5524065958912918,0.10067920144422898,0.09372634927701243,0.0,0.0,0.06851764431307165,0.010161370600763596
2025-03-17,0.07112025939087864,0.4608695198733851,0.03463442503437116,0.02019306497710957,0.21974555070678956,0.15963296034449995,0.015436468787016013,0.01836775088595002
2025-03-18,0.021122106016009064,0.5131000064443406,0.0,0.0,0.2264740969230695,0.23004042379394912,0.0,0.009263366822631772
2025-03-19,0.03080460697443012,0.30557889301262425,0.03852272274686741,0.03190672667585005,0.23958302037568505,0.2583077561117153,0.044271430814547943,0.05102484328827993
2025-03-20,0.0,0.30343528090663024,0.012544211346083337,0.008620271659680713,0.2871919587930692,0.32496679473176443,0.02874128123969247,0.03450020132307954
2025-03-21,0.0,0.2121531003547803,0.024052602177757582,0.022933351824712928,0.32078369597055756,0.3436056502541706,0.037273775384426194,0.039197824033594716
2025-03-24,0.01400422730485067,0.10941263604600864,0.04859023300901983,0.04249405329061874,0.3342212486767226,0.3372134784618884,0.04725251467967408,0.06681160853121713
2025-03-25,0.0,0.05671786310325605,0.014346950463689287,0.005955679887716005,0.45279350098757487,0.4295132058019199,0.007724191947648626,0.03294860780819528
2025-03-26,0.0,0.03219037173371143,0.014967336665428621,0.006145540024336394,0.4578299016898634,0.44376536210059303,0.00030222541495754395,0.04479926237110974
2025-03-27,0.0,0.0739273597488565,0.016030777096010713,0.009310657872408649,0.4219167906337154,0.4244259729120302,0.0,0.05438844173697868
2025-03-28,0.0,0.4909559762496775,0.0,0.0,0.13737072893105728,0.37167329481926525,0.0,0.0
2025-03-31,0.0,0.6487700188372564,0.00792527971307872,0.08187917189754697,0.0,0.0,0.1027540262002667,0.1586715033518512
2025-04-01,0.0027488831496607718,0.5539248735190706,0.021728460081503545,0.10436041458444414,0.0,0.0,0.16969074143585966,0.14754662722946132
2025-04-02,0.07839832956379231,0.39078529241357607,0.06913003807562251,0.12488570825789637,0.0,0.0,0.1856110669838938,0.15118956470521905
2025-04-03,0.125,0.125,0.125,0.125,0.125,0.125,0.125,0.125
2025-04-04,0.125,0.125,0.125,0.125,0.125,0.125,0.125,0.125
2025-04-07,0.32610461811762487,0.0,0.0,0.3165184208660384,0.0,0.0,0.35737696101633676,0.0
2025-04-08,0.5664108253972006,0.0,0.0,0.3281507074693098,0.0,0.0,0.10543846713348971,0.0
2025-04-09,0.2720559712845337,0.0787421904517207,0.1873066604306284,0.22884081691076932,0.0,0.0,0.19978721791807877,0.03326714300426892
2025-04-10,0.6852493502075868,0.31475064979241324,0.0,0.0,0.0,0.0,0.0,0.0
2025-04-11,0.2915710145489661,0.547841607162555,0.07687033649752367,0.05081150652319911,0.03290553526775625,0.0,0.0,0.0
2025-04-14,0.15457435217861834,0.4418699577105488,0.0,0.0,0.2817707971313006,0.1217848929795322,0.0,0.0
2025-04-15,0.09137912301126262,0.28947030067956153,0.015207302936344945,0.0,0.32990955820233675,0.24701220887550435,0.0,0.027021506294989815
2025-04-16,0.08210681679105772,0.472422274321378,0.0,0.0,0.22622162430052895,0.17966871763359488,0.0,0.03958056695344052
2025-04-17,0.10208451174602294,0.3597473506402253,0.06682250384751193,0.04663319299058444,0.1393060758553381,0.14556362918319543,0.02974000553140116,0.11010273020572074
2025-04-21,0.11760390934557377,0.717897702910766,0.04473585366653374,0.004323056260631709,0.0,0.0,0.0,0.11543947781649459
2025-04-22,0.11311967150065876,0.608153423198173,0.07240638958544135,0.03560685649790022,0.0,0.01776631464921564,0.0,0.1529473445686111
2025-04-23,0.07582498712352152,0.3256305350627428,0.08139033384246,0.046379349026625716,0.08869320170198469,0.18785518195440612,0.03340484653476332,0.16082156475349593
2025-04-24,0.03685557942146682,0.1372341923876187,0.060783150692563646,0.039440030885047786,0.26167109668812477,0.3124693956603303,0.04776643580257699,0.10378011846227099
2025-04-25,0.0,0.0,0.033660687541464236,0.020029775721770268,0.4030138993385756,0.4321316693322406,0.04575715438561308,0.06540681368033611
2025-04-28,0.0,0.0,0.02647683698442566,0.026497822034911855,0.4085735065075314,0.4281615929089409,0.06096389143751708,0.04932635012667313
2025-04-29,0.0,0.0,0.03555024531158385,0.046277567721621005,0.38451521667680755,0.3972966456067359,0.08627450801236407,0.05008581667088769
2025-04-30,0.0,0.0,0.0,0.029905836119443825,0.4269209574955979,0.4553993531884384,0.07918840843610814,0.008585444760411853
2025-05-01,0.010453737113591982,0.0,0.06084990619380549,0.09916478448256344,0.3262404389849108,0.310236920687922,0.12356707899211908,0.0694871335450872
2025-05-02,0.03031755112107227,0.0,0.07031843238917039,0.08868413982692193,0.3218505003997547,0.31078887327446547,0.0948809210267007,0.08315958196191461
2025-05-05,0.0,0.0,0.03401180843999047,0.04087527883061196,0.42468998177091927,0.41495333662721184,0.02415147322266205,0.06131812110860435
2025-05-06,0.0,0.0,0.0,0.0,0.48454921262503176,0.5154507873749683,0.0,0.0
2025-05-07,0.0,0.2665250375825841,0.0,0.0,0.2479416735548102,0.46531663561074804,0.0,0.020216653251857744
2025-05-08,0.14440459870649305,0.15797063409470113,0.20026585246375797,0.16505432098723022,0.007317610809373749,0.049826051531791316,0.08717535426664,0.18798557714001263
2025-05-09,0.0,0.18404556982452505,0.5188562172809138,0.0,0.0,0.0,0.0,0.2970982128945611
2025-05-12,0.09071828984239093,0.0,0.14096753987449953,0.10098168746907278,0.23271415528437808,0.22596249542048924,0.07936385151201254,0.1292919805971568
2025-05-13,0.0,0.0,0.07543892893307776,0.0,0.5288541105523495,0.3865987173749955,0.0,0.009108243139577074
2025-05-14,0.0,0.0,0.040213239013524325,0.0,0.6012343093985275,0.3585524515879482,0.0,0.0
2025-05-15,0.0,0.0,0.0,0.0,0.6240825231339336,0.37591747686606636,0.0,0.0
2025-05-16,0.012877542363019063,0.0,0.04098288787869194,0.0,0.5495165436829902,0.39607032513310153,0.0,0.0005527009421973859
2025-05-19,0.03201004823255318,0.0,0.03301072900439527,0.004494478652299491,0.5053585286358685,0.402641068139018,0.0,0.022485147335865593
2025-05-20,0.08772999741707828,0.020959100298996107,0.047270553318049115,0.026569817621968698,0.4379794115572215,0.3435838954371666,0.0,0.03590722434951981
2025-05-21,0.25549469249057316,0.6823871656304387,0.03908552153726064,0.023032620341727632,0.0,0.0,0.0,0.0
2025-05-22,0.20921586304266895,0.7907841369573311,0.0,0.0,0.0,0.0,0.0,0.0
2025-05-23,0.14260739894114513,0.857392601058855,0.0,0.0,0.0,0.0,0.0,0.0
2025-05-27,0.1742422283862793,0.6416719074557186,0.04283849815192979,0.09104830183519698,0.0,0.0,0.05019906417087534,0.0
2025-05-28,0.1632854256301424,0.5912349722652369,0.057096126911267225,0.10612058436806403,0.0,0.0,0.08226289082528945,0.0
2025-05-29,0.13559278844838943,0.7278724602731065,0.0,0.06375470043849092,0.0,0.0,0.07278005084001321,0.0
2025-05-30,0.13240867554615982,0.6011955886918081,0.020705038189800632,0.08948033026282523,0.0,0.0,0.11457734089106124,0.04163302641834503
2025-06-02,0.13253495491586695,0.5158719145134321,0.06752203231882234,0.09477845576322026,0.0,0.0,0.09971380732551526,0.08957883516314313
2025-06-03,0.12219587597333063,0.5228885922104405,0.07581014180582096,0.09068815238307747,0.0,0.0,0.09102794806770076,0.09738928955962971
2025-06-04,0.04570377581011908,0.853005043737288,0.0,0.015604716583472537,0.004287059827334945,0.0,0.04945347543693346,0.03194592860485203
2025-06-05,0.10908083368815857,0.40417056467342866,0.07319575582139282,0.0849629170039812,0.10115632301439732,0.0,0.12349674066144534,0.10393686513719612
2025-06-06,0.1002361064975947,0.13099679940620876,0.09021593849278409,0.07883952191539383,0.21430308955988597,0.17455446680216455,0.09679390622078811,0.11406017110517999
2025-06-09,0.05002166666386396,0.0,0.04141833018794153,0.0037296462598027237,0.4301607424021377,0.3604108770320646,0.02759585499779263,0.0866628824563969
2025-06-10,0.05473556250029295,0.0,0.049176529223715834,0.019066785227849294,0.40295624861625307,0.3520319489403954,0.034785006048205475,0.087247919443288
2025-06-11,0.02389826559109085,0.0,0.004223056502976038,0.0,0.4873521208425033,0.426708857408281,0.0,0.05781769965514863
2025-06-12,0.055109818576851745,0.09061792606921387,0.0178468493870061,0.006433702997797068,0.36601257934505255,0.36611926078538354,0.029919633041967316,0.0679402297967277
2025-06-13,0.09318723768401341,0.28123491246270255,0.049421950208450326,0.04157959555771654,0.19181286128845246,0.2082742950824387,0.053875179194959856,0.08061396852126626
2025-06-16,0.1022342881596884,0.2289185578634001,0.06949809561071908,0.05543602356238582,0.21877537469067376,0.19891988931976,0.04654469440415535,0.07967307638921735
2025-06-17,0.007522425775138988,0.6068747520874579,0.0,0.0,0.30548952781490296,0.08011329432250021,0.0,0.0
2025-06-18,0.09706770326326154,0.26070275013464955,0.10935259251615077,0.08139353221605054,0.24281899023541634,0.0705727234535064,0.05799311094540104,0.0800985972355638
2025-06-20,0.09908166620100749,0.10179816372479675,0.14649621776872462,0.10909658103927854,0.23094255675417105,0.09794241361344762,0.08847317233707047,0.12616922856150356
2025-06-23,0.03475778199943691,0.0,0.07873141056282572,0.04305672297668704,0.3984087047253547,0.3119516951950856,0.02113049974554486,0.1119631847950652
2025-06-24,0.026028467681678717,0.0,0.04778768540665106,0.031038147825944308,0.4245520369747391,0.36620258194201494,0.02633800818479635,0.07805307198417555
2025-06-25,0.02712828178188272,0.0,0.04118585362502956,0.026403045433790417,0.45532994884222916,0.38505261596864854,0.025624704560394982,0.03927554978802455
2025-06-26,0.027109344093623804,0.0,0.0350788823012183,0.023896633547070383,0.46474486510713015,0.40137318702596636,0.025757806469674377,0.022039281455316556
2025-06-27,0.031959491952341615,0.0,0.03895798523051882,0.027047796723941395,0.44603864893310285,0.401961650182215,0.02663592268280312,0.027398504295077276
2025-06-30,0.025388528432487453,0.0,0.03060450856648317,0.017531028187958226,0.4611720818694436,0.42073935922474837,0.020217023258599417,0.02434747046027967
2025-07-01,0.027760759114940532,0.0,0.03257572059572934,0.018114164460350607,0.4285591579354729,0.42933713507556115,0.027218879722137882,0.03643418309580754
2025-07-02,0.0375460264149365,0.0,0.042381002964195474,0.025828750396448295,0.39627689441594716,0.4103342018108662,0.03498180560300471,0.05265131839460175
2025-07-03,0.030361403799027433,0.0,0.04198064524458801,0.01981718169347167,0.4047451582951997,0.4212109037624048,0.02512832037351577,0.05675638683179262
2025-07-07,0.005209944004367292,0.0,0.03009601653048499,0.0,0.4530624425800671,0.46600489105291454,0.0,0.045626705832166
2025-07-08,0.0,0.0,0.02970141650186011,0.0,0.46626633173668397,0.4605844287316886,0.0,0.04344782302976732
2025-07-09,0.0,0.0,0.010559039103635,0.0,0.502474385141065,0.4658383969535644,0.0,0.02112817880173568
2025-07-10,0.0,0.0,0.02428770490818382,0.0,0.4675821611841997,0.4644641912065422,0.0,0.04366594270107427
2025-07-11,0.0,0.055824090601149436,0.05764905513784974,0.021285249469595802,0.3938125493831494,0.38581991476695066,0.0,0.0856091406413049
2025-07-14,0.0,0.07209176247232996,0.046602220842809086,0.0,0.4194050554070193,0.3572766704067443,0.0,0.10462429087109726
2025-07-15,0.0,0.02933052742318916,0.05983318328942458,0.0,0.580735426231915,0.2248093279928903,0.0,0.10529153506258095
2025-07-16,0.0,0.11017732980730759,0.07045343009827788,0.0,0.6642551948213026,0.0,0.0,0.1551140452731119
2025-07-17,0.0,0.10506778566874969,0.0923999557628309,0.02612850028034457,0.5489935859388935,0.1042274240493316,0.0,0.12318274829984976
2025-07-18,0.0,0.125916893187496,0.056472804215338866,0.0,0.6851642161499554,0.047447823331743785,0.0,0.08499826311546584
2025-07-21,0.0,0.2979440543815024,0.029660305878335756,0.020704579817289202,0.5094388715805837,0.09039623518447026,0.0,0.0518559531578188
2025-07-22,0.04263351692016911,0.3706722224445601,0.04275490748228617,0.05401388588553766,0.25373457986812503,0.08795345839540523,0.05054330964645752,0.09769411935745921
2025-07-23,0.08871894603427213,0.21694075178793454,0.06930251119168632,0.0734483997479164,0.17958149427493988,0.18233079950673434,0.08063515058753815,0.10904194686897817
2025-07-24,0.09368113577677024,0.15132716480802896,0.05169715153168956,0.05525062497150977,0.1991948037100451,0.2604731538086327,0.07379769147812641,0.11457827391519723
2025-07-25,0.09737136124229859,0.0,0.038880437881661276,0.04817707883427027,0.21976160614470436,0.3919258506424198,0.09120084872216781,0.11268281653247786
2025-07-28,0.07642527885985317,0.0,0.07116260355889727,0.07889729288897943,0.22871251389692102,0.3525660559429096,0.11463554564289558,0.07760070920954398
2025-07-29,0.0,0.0,0.0,0.0,0.22941764644085563,0.554385682174597,0.2161966713845474,0.0
2025-07-30,0.0,0.0,0.10459201427731533,0.1494442368277232,0.2268818790261354,0.19919881429133188,0.25924290086478646,0.06064015471270759
2025-07-31,0.0,0.0,0.15943854735937746,0.2839113373225839,0.0,0.0,0.5566501153180387,0.0
2025-08-01,0.0,0.0,0.0,0.0,0.0,0.0,1.0,0.0
2025-08-04,0.06324820333589057,0.11035023915482017,0.13657541399640347,0.2844483294291238,0.0,0.0,0.40537781408376206,0.0
2025-08-05,0.06117534051570138,0.32486434779211426,0.0826256762294322,0.20843423793561003,0.0,0.0,0.3229003975271422,0.0
2025-08-06,0.1336086693890264,0.3634669151430637,0.09348996212200067,0.17310933049307115,0.0,0.0,0.23632512285283808,0.0
2025-08-07,0.14162379816088783,0.5023695018469695,0.06161418199508145,0.12706425726433881,0.0,0.0,0.16732826073272228,0.0
2025-08-08,0.13414367316297923,0.3739914881047248,0.07406562558135109,0.09587388637020104,0.2142077937544804,0.0,0.10728752428474979,0.0004300087415136955
2025-08-11,0.12226716003834792,0.22584395534944168,0.05234276938379375,0.06165080907897782,0.3961385097037926,0.07674734346440791,0.06500945298123835,0.0
2025-08-12,0.09878677483731008,0.060709607111586364,0.05667117446326211,0.04973768246542594,0.4170509148620357,0.27328304044397556,0.03925878922436999,0.004502016592034182
2025-08-13,0.0733116791521516,0.0,0.03235192994934703,0.020945333304566917,0.46095201691622895,0.3911454994400327,0.013458274660304408,0.007835266577368414
2025-08-14,0.06959898718494623,0.0,0.03921467334196702,0.02503996991699279,0.4117166115623266,0.41139887991429347,0.014254759909207377,0.02877611817026652
2025-08-15,0.08889585284701564,0.0,0.055782451029484835,0.03396963686649832,0.3384144119391707,0.40476255183245397,0.013812954741325927,0.0643621407440507
2025-08-18,0.0884331714738452,0.0,0.048291118990116025,0.008931491959455709,0.31328615410624255,0.4852107154381114,0.0,0.05584734803222923
2025-08-19,0.0840628854033327,0.0,0.022631619222795392,0.0,0.0,0.7315917049117044,0.0,0.1617137904621673
2025-08-20,0.1380983811746833,0.0,0.09293577340357634,0.0,0.0,0.17990020394386214,0.0,0.5890656414778782
2025-08-21,0.11660273079729479,0.0,0.19598845592008265,0.11907425095708592,0.0,0.0,0.007429050026888787,0.5609055122986477
2025-08-22,0.13009211586422884,0.0,0.17778287710294036,0.14394816177966305,0.0,0.007308356520685834,0.10932662887132645,0.4315418598611554
2025-08-25,0.006340153439210248,0.0,0.1725675140386737,0.13040034972039444,0.0,0.0,0.11210691768387519,0.5785850651178465
2025-08-26,0.0,0.25025406771264236,0.13969672775272066,0.12182071044109889,0.0,0.012695558312797022,0.1042690698370122,0.37126386594372884
2025-08-27,0.0,0.3827420079449368,0.09566365932092023,0.09780437140250609,0.0,0.12942246701552185,0.06722159762507517,0.22714589669103982
2025-08-28,0.0020843135479453488,0.4536789893124978,0.054074284206059586,0.07150809136136538,0.002213692507887179,0.22822885520563235,0.059912277281104175,0.12829949657750817
2025-08-29,0.032525107978380104,0.5265274614187134,0.04822373837865692,0.07214466606620719,0.0,0.15985391563879328,0.04943200436270781,0.11129310615654142
2025-09-02,0.051565999225968856,0.6939354929750944,0.06551735449827403,0.07883593947156423,0.0,0.0,0.0479685873367434,0.06217662649235522
2025-09-03,0.019542838808346907,0.8714943527169056,0.036205494048540184,0.047207896027394315,0.0,0.0,0.02554941839881293,0.0
2025-09-04,0.0,0.6994164028569835,0.023602860396448835,0.03657117347407145,0.12367509892619007,0.08181298506975179,0.03492147927655439,0.0
2025-09-05,0.0,0.6235203287289856,0.0,0.018349607994493308,0.22532030422798258,0.08410446167418119,0.04870529737435734,0.0
2025-09-08,0.008430761466753513,0.4879453357652247,0.006211850686491602,0.0336532692459543,0.27420922187435753,0.10240298087991195,0.08714658008130634,0.0
2025-09-09,0.030624473131818784,0.3477832351154412,0.029486064960594152,0.050076479226363844,0.2894705796715542,0.1373770325157931,0.09639702415450002,0.01878511122393461
2025-09-10,0.006156761348383367,0.34914265309798237,0.008912033776406205,0.03676879253588286,0.3286638468722955,0.169265170723682,0.10109074164536763,0.0
2025-09-11,0.02429646803753989,0.2146522244422159,0.027673893206178177,0.04756730631856541,0.31011421432843433,0.23608498540085282,0.10424848415094598,0.03536242411526762
2025-09-12,0.031207226355758337,0.14684511573688558,0.03417325059414412,0.04706606192437031,0.3364119565785428,0.2534585240340055,0.10057048084399185,0.05026738393230148
2025-09-15,0.02708479888899006,0.11907229540505442,0.031175352876735538,0.03747490921329968,0.38155832503266923,0.27592553469496545,0.08421723615061256,0.04349154773767305
2025-09-16,0.03165299712225529,0.09503493498497952,0.016423608728912326,0.021233919509507905,0.44608031475539484,0.2915022835049812,0.0759916342006875,0.022080307193281475
2025-09-17,0.0682042230251956,0.0,0.04748422467631196,0.04381840575496199,0.44115052829014534,0.26459320161744027,0.09168872582209961,0.04306069081384526
2025-09-18,0.07933647827376424,0.0,0.08051298677155758,0.06035984681809569,0.4077208329094017,0.2340893903349292,0.06642818551870418,0.07155227937354756
2025-09-19,0.02221579681974217,0.0,0.050442513194064016,0.009695970213712447,0.5892777219588335,0.31974475950314285,0.0,0.008623238310504735
2025-09-22,0.034416725317477664,0.006366142425327779,0.06202689792515247,0.017713294712426816,0.547946973932812,0.31893326536592626,0.0,0.012596700320877053
2025-09-23,0.0,0.08624289909281438,0.0,0.0,0.6513554292836895,0.2624016716234961,0.0,0.0
2025-09-24,0.04364724027987065,0.16732706343967335,0.16731924907439527,0.0456659332992644,0.5739406136986239,0.0020999002081723973,0.0,0.0
2025-09-25,0.0,0.6720725790803346,0.32792742091966537,0.0,0.0,0.0,0.0,0.0
2025-09-26,0.0,0.5685869797723648,0.25123543279071187,0.12829556235199743,0.0,0.0,0.0,0.05188202508492588
2025-09-29,0.0,0.9583986173903324,0.041601382609667684,0.0,0.0,0.0,0.0,0.0
2025-09-30,0.0,0.7973231143595964,0.058335394239059146,0.04554674772968287,0.0,0.0,0.034660331871119096,0.06413441180054245
2025-10-01,0.0,0.7997012169392727,0.03344950330735692,0.047526266729598296,0.0,0.0,0.04557963707469158,0.07374337594908056
2025-10-02,0.0,0.6735287762054093,0.040974626090243264,0.08220517543070122,0.0,0.03408438308905004,0.09717175285385228,0.07203528633074396
2025-10-03,0.04193145177250346,0.4807896032657978,0.06291326578991709,0.09773159956645222,0.0,0.10396184162862128,0.1169262929496561,0.095745945027052
2025-10-06,0.04995517563176943,0.4396840396675965,0.06339632802668083,0.07778327141120732,0.07898050660355228,0.14691475214195324,0.07801604291393288,0.06526988360330761
2025-10-07,0.0,0.9066365180907581,0.0,0.02010022908222587,0.0,0.05190106402741534,0.02136218879960063,0.0
2025-10-08,0.0,0.6957133022678637,0.008297079440815732,0.03586194089515705,0.10709117747916522,0.11566300597987572,0.03737349393712256,0.0
2025-10-09,0.0,0.6839912070397145,0.0,0.03810199782253484,0.1833732045505757,0.05634921352096343,0.038184377066211535,0.0
2025-10-10,0.0,1.0,0.0,0.0,0.0,0.0,0.0,0.0
2025-10-13,0.05570019704115919,0.5814032847740197,0.07235116993956378,0.13255600559346317,0.0,0.0,0.15798934265179415,0.0
2025-10-14,0.0,0.8046233970153313,0.0009854270163244727,0.0793573300554902,0.0,0.0,0.11503384591285404,0.0
2025-10-15,0.057293607452161714,0.6189369716098561,0.060767587591578194,0.09037927794077676,0.0,0.0,0.105285904154826,0.06733665125080114
2025-10-16,0.0,0.9892656791014129,0.0,0.0,0.0,0.0,0.010734320898586973,0.0
2025-10-17,0.07755790951452897,0.5904801298759297,0.056441663032516444,0.07815923913948863,0.0,0.0,0.09288726358152848,0.10447379485600782
2025-10-20,0.05048934827196015,0.6619450058574874,0.03521096123536654,0.04954060829206377,0.025933011879161354,0.0037867052470187965,0.06700080642263703,0.10609355279430487
2025-10-21,0.023047173822582256,0.2845445666854639,0.014292176950998338,0.03805875517788536,0.2177389091777364,0.17934907187020754,0.07978148747044699,0.16318785884467915
2025-10-22,0.05565900550321361,0.0,0.048974402227932534,0.07384112671993684,0.188605449078644,0.26188927283450314,0.12534312134348005,0.2456876222922898
2025-10-23,0.08145734322922059,0.0,0.0802887817545396,0.07837727108149134,0.22475895430416254,0.2725772966870536,0.09430521366944239,0.16823513927408987
2025-10-24,0.04975147799736308,0.0,0.051354548289013494,0.03934607233475554,0.3308480759639291,0.36009227163630086,0.04730551392693005,0.12130203985170786
2025-10-27,0.039471150864836484,0.0,0.04182716846948371,0.02695878761128929,0.40014028420986586,0.37814458038759197,0.03265500175164962,0.08080302670528308
2025-10-28,0.017211526330299542,0.0,0.018748199035208187,0.0034762170540622254,0.5049744997818916,0.4214155229459395,0.010726220542030969,0.023447814310568093
2025-10-29,0.032467382346759395,0.0,0.03574711320835466,0.018382593903053423,0.507541387451815,0.3843354868957624,0.021526036194255065,0.0
2025-10-30,0.01239172987790419,0.0,0.021559329869866542,0.0,0.5761963945987479,0.38985254565348126,0.0,0.0
2025-10-31,0.0,0.0,0.021945166051876294,0.0,0.617874883935525,0.3601799500125986,0.0,0.0
2025-11-03,0.0,0.0,0.0,0.0,0.705524752286597,0.2944752477134031,0.0,0.0
2025-11-04,0.125,0.125,0.125,0.125,0.125,0.125,0.125,0.125
2025-11-05,0.2422007029051862,0.0,0.38997461891056967,0.3014219666186133,0.0,0.0,0.06640271156563084,0.0
2025-11-06,0.0,1.0,0.0,0.0,0.0,0.0,0.0,0.0
2025-11-07,0.07729893967171793,0.7932190323368001,0.0629647701925738,0.06310644358430333,0.0,0.0,0.0,0.0034108142146048567
