date,FXE,GLD,HYG,IEF,QQQ,SPY,TLT,VNQ
2022-01-31,0.0,0.0,0.002179918063796904,0.11566499709114826,0.21976847772223873,0.33595789307093815,0.17635068660545955,0.15007802744641827
2022-02-01,0.025044732796567843,0.0,0.04316634002701353,0.05799806289509355,0.35719047739482623,0.35830297202494815,0.06209360920169067,0.09620380565985985
2022-02-02,0.00605673606459787,0.0,0.010543702469174472,0.017106283980171517,0.4342895342027326,0.4364042978898593,0.018477642848094396,0.07712180254536988
2022-02-03,0.011898325134324992,0.0,0.0,0.0,0.4110710293624554,0.49236323874071186,0.0,0.08466740676250778
2022-02-04,0.08083619635163969,0.0,0.029878088621142877,0.022809401724797354,0.35103409596001534,0.4115380749778752,0.0,0.10390414236452952
2022-02-07,0.08242843040281807,0.0,0.0,0.0,0.36111397769036596,0.4652858758429303,0.0,0.09117171606388559
2022-02-08,0.0917599989794168,0.05104747593332254,0.022960247397840996,0.0,0.33202063627691736,0.4179019623678785,0.0,0.08430967904462376
2022-02-09,0.07560769145836081,0.07778180642138076,0.03350948438092885,0.007436955828813327,0.33374068915784916,0.38043667787241453,0.0,0.09148669488025252
2022-02-10,0.04877703926860323,0.08059702607513936,0.0,0.0,0.3679561927882247,0.460583701642343,0.0,0.04208604022568974
2022-02-11,0.0,1.0,0.0,0.0,0.0,0.0,0.0,0.0
2022-02-14,0.13186984474044983,0.691190923745668,0.08442856724474453,0.04043424331629222,0.0,0.0,0.0,0.0520764209528453
2022-02-15,0.12853220751601438,0.7175476590564338,0.0930737466813286,0.029533362247829837,0.0,0.0,0.0,0.03131302449839332
2022-02-16,0.10221056506783573,0.7319152448133404,0.1046325585944424,0.022569674581355392,0.0,0.0,0.0,0.03867195694302618
2022-02-17,0.0,1.0,0.0,0.0,0.0,0.0,0.0,0.0
2022-02-18,0.0,1.0,0.0,0.0,0.0,0.0,0.0,0.0
2022-02-22,0.0,0.9971544505997519,0.0,0.002845549400247986,0.0,0.0,0.0,0.0
2022-02-23,0.016495767998414873,0.6132527023839132,0.1316130532731736,0.13122596320068766,0.0,0.0,0.10741251314381056,0.0
2022-02-24,0.0,0.4754731647067833,0.20153147795581378,0.17748683645624833,0.0,0.0,0.14550852088115462,0.0
2022-02-25,0.0522762325330226,0.25393512363712567,0.21679673590379112,0.1599915492898226,0.0,0.0,0.13473210321345083,0.18226825542278724
2022-02-28,0.125,0.125,0.125,0.125,0.125,0.125,0.125,0.125
2022-03-01,0.125,0.125,0.125,0.125,0.125,0.125,0.125,0.125
2022-03-02,0.07744507802976064,0.15149433127321163,0.12653620655487613,0.12609985494901285,0.13262909557650748,0.13249632211856696,0.12274351063964828,0.13055560085841622
2022-03-03,0.0,0.9304331154549426,0.0,0.0,0.0,0.0,0.0,0.06956688454505743
2022-03-04,0.125,0.125,0.125,0.125,0.125,0.125,0.125,0.125
2022-03-07,0.0,1.0,0.0,0.0,0.0,0.0,0.0,0.0
2022-03-08,0.0,0.8673841697817297,0.0,0.06972289055476137,0.0,0.0,0.002281171596175656,0.06061176806733324
2022-03-09,0.11925432410121149,0.42229791748871975,0.12043060698464508,0.1212178042044948,0.0,0.0,0.06169400200682291,0.15510534521410596
2022-03-10,0.0,1.0,0.0,0.0,0.0,0.0,0.0,0.0
2022-03-11,0.125,0.125,0.125,0.125,0.125,0.125,0.125,0.125
2022-03-14,1.0,0.0,0.0,0.0,0.0,0.0,0.0,0.0
2022-03-15,0.8573928325691824,0.0,0.0820981421844531,0.0,0.0,0.0,0.0,0.060509025246364534
2022-03-16,0.2940930109161068,0.0,0.16597942051130507,0.04391691171596474,0.06508525659928835,0.2874676867844423,0.0,0.14345771347289277
2022-03-17,0.16138938179859222,0.0,0.08206932930309847,0.0,0.2888421642477125,0.3970079882553916,0.0,0.07069113639520526
2022-03-18,0.06690579649880139,0.0,0.022495956153048717,0.0,0.4479089821777729,0.4558520947771085,0.0,0.00683717039326838
2022-03-21,0.05583688964779695,0.0,0.02351007405521936,0.0,0.4699378663271357,0.4424493327140904,0.0,0.008265837255757537
2022-03-22,0.07447685549102841,0.0,0.05892105931763659,0.0016897195790386774,0.4361871504682115,0.38440546188509706,0.0,0.044319753258987626
2022-03-23,0.0,0.0,0.0,0.0,0.5708763087916289,0.42912369120837107,0.0,0.0
2022-03-24,0.05648855819963412,0.010433826254760527,0.05243474596041801,0.009764687329431865,0.4728386023458527,0.36103793067660384,0.013452249176985844,0.023549400056313043
2022-03-25,0.03261562504738389,0.028169067935185303,0.027470810185416916,0.0,0.5064237845856625,0.3903456564385632,0.0,0.014975055807788098
2022-03-28,0.03198403757396098,0.011748518645065249,0.03396780903588148,0.0,0.495436736540313,0.3659691344471436,0.012032922547755535,0.04886084120988014
2022-03-29,0.04931249537134405,0.021265127837447242,0.05145037271203566,0.02729848945448866,0.4019519604148055,0.3040085627139892,0.04739409994517621,0.09731889155071326
2022-03-30,0.0,0.0,0.0,0.0,0.5434437603027099,0.3554909605795161,0.01888867133840057,0.08217660777937341
2022-03-31,0.0,0.025472300835092478,0.0,0.0,0.4690488295391878,0.0,0.31704594612766807,0.18843292349805166
2022-04-01,0.1099792349545936,0.16101721988747908,0.09900775115090939,0.14504009629458825,0.0,0.0,0.27043111541006276,0.21452458230236676
2022-04-04,0.09411610401724574,0.18432345038024353,0.12168489325839531,0.15149109104047695,0.0,0.0,0.24469880279478184,0.20368565850885664
2022-04-05,0.0,0.23836902804820093,0.0,0.008889089391616558,0.0,0.0,0.2245693252310546,0.5281725573291279
2022-04-06,0.0,0.0,0.0,0.0,0.0,0.0,0.0,1.0
2022-04-07,0.0,0.7263698821028001,0.0,0.0,0.0,0.0,0.0,0.2736301178971999
2022-04-08,0.0,1.0,0.0,0.0,0.0,0.0,0.0,0.0
2022-04-11,0.0,1.0,0.0,0.0,0.0,0.0,0.0,0.0
2022-04-12,0.0,1.0,0.0,0.0,0.0,0.0,0.0,0.0
2022-04-13,0.01674003155829499,0.8861165348791181,0.02765894505601325,0.0694844885065737,0.0,0.0,0.0,0.0
2022-04-14,0.0,0.9841269441585829,0.0005671107798192916,0.015305945061597716,0.0,0.0,0.0,0.0
2022-04-18,0.0,1.0,0.0,0.0,0.0,0.0,0.0,0.0
2022-04-19,0.05928895205064277,0.6324958194838423,0.12547078009260532,0.07346261482734576,0.0,0.0,0.0,0.10928183354556383
2022-04-20,0.0,0.9084948075188198,0.0,0.0,0.0,0.0,0.0,0.0915051924811802
2022-04-21,0.0,0.5180468689049867,0.0,0.0,0.0,0.0,0.0,0.4819531310950133
2022-04-22,0.125,0.125,0.125,0.125,0.125,0.125,0.125,0.125
2022-04-25,0.0015901371468394873,0.0,0.1489828085502483,0.27704847401424776,0.0,0.0,0.3271965325260937,0.2451820477625708
2022-04-26,0.125,0.125,0.125,0.125,0.125,0.125,0.125,0.125
2022-04-27,0.0,0.0,0.051365866675286975,0.35025784514295055,0.0,0.0,0.5983762881817626,0.0
2022-04-28,0.0,0.0,0.19017279189721698,0.30694688079686516,0.0,0.0,0.4493250577677833,0.05355526953813459
2022-04-29,0.0,0.0,0.0,0.0,0.0,0.0,1.0,0.0
2022-05-02,0.0,0.0,0.2924650753087692,0.3614922243585901,0.0,0.0,0.34604270033264073,0.0
2022-05-03,0.0,0.0,0.46815491252926,0.36060794387478057,0.0,0.0,0.17123714359595937,0.0
2022-05-04,0.018395254962855927,0.0,0.09198560065114318,0.05339862764391716,0.5265187825782596,0.28154994155305196,0.028151792610772306,0.0
2022-05-05,0.0,0.0,0.0,0.0,0.7786404165664236,0.22135958343357648,0.0,0.0
2022-05-06,0.053524714033014884,0.0,0.0,0.0,0.36733876488822825,0.5791365210787568,0.0,0.0
2022-05-09,0.125,0.125,0.125,0.125,0.125,0.125,0.125,0.125
2022-05-10,0.9405220541862309,0.0,0.004771953570416476,0.0547059922433526,0.0,0.0,0.0,0.0
2022-05-11,0.125,0.125,0.125,0.125,0.125,0.125,0.125,0.125
2022-05-12,0.125,0.125,0.125,0.125,0.125,0.125,0.125,0.125
2022-05-13,0.20439907471749355,0.0,0.18778323601085617,0.3024834437440125,0.0,0.02579303319857367,0.266491421396361,0.013049790932703094
2022-05-16,0.0,0.0,0.0,0.0,0.3723401091536589,0.6276598908463411,0.0,0.0
2022-05-17,0.06595586918024285,0.0,0.045966598874322986,0.05047250599707776,0.31823684573346706,0.35762671301832644,0.03139709778580416,0.13034436941075883
2022-05-18,0.0,0.0,0.0,0.0,0.4050646320849134,0.5949353679150866,0.0,0.0
2022-05-19,0.15179312396617684,0.009333069032132126,0.06396459893215053,0.09050496696522377,0.1820874063577591,0.13160475387555307,0.12985533714398853,0.24085674372701593
2022-05-20,0.03365640333455589,0.0,0.0,0.0,0.0,0.0,0.30392284289201665,0.6624207537734276
2022-05-23,0.11970874850705585,0.12280095680376026,0.08325400045029446,0.0756044243509317,0.1612279467935116,0.18012444587078227,0.0969601165700213,0.16031936065364272
2022-05-24,0.10515923415628103,0.16151351530919944,0.025568727741658026,0.0,0.1319232276708644,0.3140206183192966,0.054906019465810536,0.20690865733688998
2022-05-25,0.09960220863358016,0.12147265158320895,0.09077935742337856,0.06758679477135186,0.15581833504594525,0.22423651062702507,0.09338821981497505,0.14711592210053515
2022-05-26,0.08556561333274283,0.09411391453794792,0.09103989739859787,0.05728004323343859,0.21254663366179818,0.2639463732704336,0.07176953668202772,0.12373798788301346
2022-05-27,0.054132097715046026,0.05459331921476499,0.0714234125083207,0.029147363264393534,0.3008264964649895,0.34147027994315265,0.03863927637822163,0.1097677545111109
2022-05-31,0.03539648937981676,0.020302056413218375,0.058150251903963474,0.0014180406751096335,0.3763607070167974,0.4050756141215306,0.0,0.10329684048956367
2022-06-01,0.024545370587285068,0.019258946031864312,0.057453318551671614,0.0,0.3975959887232598,0.4033838726978012,0.0,0.0977625034081181
2022-06-02,0.023990506179059203,0.0426423482313179,0.052381097477883706,0.0,0.40780838957965737,0.3840059887005579,0.0,0.08917166983152391
2022-06-03,0.0,0.0,0.0,0.0,0.5086965978231661,0.4509959714139219,0.0,0.04030743076291194
2022-06-06,0.0,0.0,0.019479440507593686,0.0,0.5078426751266052,0.416780570137993,0.0,0.05589731422780811
2022-06-07,0.0,0.0,0.0,0.0,0.5012761602347453,0.44053560292459687,0.0,0.058188236840657784
2022-06-08,0.125,0.125,0.125,0.125,0.125,0.125,0.125,0.125
2022-06-09,0.125,0.125,0.125,0.125,0.125,0.125,0.125,0.125
2022-06-10,0.125,0.125,0.125,0.125,0.125,0.125,0.125,0.125
2022-06-13,0.125,0.125,0.125,0.125,0.125,0.125,0.125,0.125
2022-06-14,0.5212730957544451,0.0,0.0,0.4787269042455548,0.0,0.0,0.0,0.0
2022-06-15,0.125,0.125,0.125,0.125,0.125,0.125,0.125,0.125
2022-06-16,0.125,0.125,0.125,0.125,0.125,0.125,0.125,0.125
2022-06-17,0.0,0.0,0.0,1.0,0.0,0.0,0.0,0.0
2022-06-21,0.26723320155596286,0.0,0.0,0.7327667984440371,0.0,0.0,0.0,0.0
2022-06-22,0.125,0.125,0.125,0.125,0.125,0.125,0.125,0.125
2022-06-23,0.09913546705650922,0.0,0.018607802492028647,0.43224348316947286,0.0,0.0,0.4500132472819891,0.0
2022-06-24,0.09140350583793438,0.0,0.09603031184585233,0.14238779451527755,0.20305328669238856,0.1936032196099949,0.13702648052044342,0.1364954009781089
2022-06-27,0.025420512824155517,0.0,0.029949026852492903,0.06241663426650027,0.33628424907235305,0.38852828612199786,0.04617864877499801,0.11122264208750249
2022-06-28,0.0,0.0,0.0,0.0,0.3480733977278455,0.6279647049769648,0.0,0.023961897295189646
2022-06-29,0.0,0.0,0.0,0.0,0.27389862759991607,0.6891268477250072,0.009823635527614387,0.02715088914746237
2022-06-30,0.0,0.0,0.0,0.09965666620779262,0.0,0.6757528781888201,0.22459045560338722,0.0
2022-07-01,0.0,0.0,0.03160874738679178,0.2099256016244301,0.0,0.3703900599900957,0.2820236500974869,0.10605194090119552
2022-07-05,0.0,0.0,0.0,0.2264446700019542,0.03564474959646995,0.365816271348617,0.35191883028117055,0.020175478771788345
2022-07-06,0.0,0.0,0.08221912612804878,0.18228053154425783,0.18364987726931287,0.24932698414746463,0.22411211666389444,0.07841136424702143
2022-07-07,0.0584202935531092,0.0,0.12357002068005395,0.13917090698927492,0.2191571465010407,0.21334838818414836,0.14623101453169107,0.10010222956068189
2022-07-08,0.0,0.0,0.12817881581411805,0.10570566639308229,0.36243464469397074,0.28732873010775994,0.09120119313747378,0.025150949853595197
2022-07-11,0.125,0.125,0.125,0.125,0.125,0.125,0.125,0.125
2022-07-12,0.0,0.0,0.5198735834993723,0.22746076650880964,0.0,0.0,0.2526656499918181,0.0
2022-07-13,0.0,0.0,0.0,0.0,0.0,0.0,1.0,0.0
2022-07-14,0.0,0.0,0.371186571401329,0.22893723909800112,0.0,0.0,0.3998761895006699,0.0
2022-07-15,0.14750282505377302,0.0,0.26371112712649003,0.18798248366410242,0.10433486051832444,0.0,0.2637555225528534,0.0327131810844567
2022-07-18,0.125,0.125,0.125,0.125,0.125,0.125,0.125,0.125
2022-07-19,0.12592316872615872,0.08284694784100319,0.11319739833386303,0.07897947201640405,0.22078539748908335,0.1996732487586032,0.08104702937419377,0.09754733746069069
2022-07-20,0.09954857720310999,0.04093160172261951,0.07624320517157696,0.021203494189432633,0.34972136839672424,0.31037161166442906,0.026124943544571615,0.07585519810753591
2022-07-21,0.06932109823987602,0.04793711803229548,0.0503147009651355,0.003375272239654343,0.3962599941291484,0.3540083983889872,0.016943864014037722,0.06183955399086528
2022-07-22,0.0,0.01625913887896744,0.0,0.0,0.5028982917046023,0.476011251628352,0.0,0.004831317788078313
2022-07-25,0.08674063006094263,0.11159869849551667,0.06009320959614171,0.04612374906782766,0.24864895348167407,0.28166009287289856,0.06877568595930153,0.09635898046569723
2022-07-26,0.023945535833008513,0.25045837785928315,0.0,0.0,0.08479052744426317,0.43606444583815995,0.04767408764354716,0.15706702538173797
2022-07-27,0.0899335140942381,0.15856838232908763,0.07467213741853172,0.08057458960141613,0.16873499704211295,0.2200583998847243,0.0873755380487372,0.1200824415811519
2022-07-28,0.04372470886133502,0.16937614015129757,0.041039290426574344,0.05330971219802842,0.22600830298520902,0.29466017036541137,0.04833416520644861,0.12354750980569555
2022-07-29,0.03806002630992464,0.1438639015562276,0.04324376092329732,0.05063469322949269,0.26336760628445377,0.30784409624095005,0.0374835193539032,0.11550239610175074
2022-08-01,0.0,0.1483260644898016,0.0023540017316784328,0.017679244921338225,0.34756580383076485,0.37041005123339094,0.023779700198225045,0.08988513359480091
2022-08-02,0.0544401309121074,0.15226661907517455,0.06046196675248863,0.05804688720818473,0.26764704004594264,0.2487786760838724,0.05871053030517344,0.09964814961705619
2022-08-03,0.03187763511480002,0.14525148377679667,0.047200869975391954,0.032861167503401414,0.3508522322637416,0.2717845298215988,0.048992337553677406,0.07117974399059213
2022-08-04,0.0,0.19610995597320452,0.010283762357083642,0.0,0.4944000224736167,0.2746948013298925,0.015678863177585628,0.008832594688616996
2022-08-05,0.06530295513129669,0.18345659649401075,0.07625059094491901,0.045110844025120195,0.3391742276259928,0.17711615113606474,0.04715176826933284,0.06643686637326295
2022-08-08,0.0,0.3693630942599101,0.0,0.0,0.6306369057400898,0.0,0.0,0.0
2022-08-09,0.0,1.0,0.0,0.0,0.0,0.0,0.0,0.0
2022-08-10,0.13952859079785307,0.18357323404068088,0.11806305732776322,0.0786782358710932,0.1698602269594678,0.08379994996658172,0.07118194114214435,0.1553147638944158
2022-08-11,0.2560984511418033,0.14682062254498904,0.0,0.0,0.16945347109171852,0.05808240102559908,0.0,0.36954505419589007
2022-08-12,0.10132473172604288,0.07733393341777904,0.06899878016354552,0.0,0.25315755099338905,0.30756691211097925,0.0,0.19161809158826415
2022-08-15,0.0,0.0,0.0,0.0,0.3920594244968238,0.48279637198722897,0.0,0.12514420351594727
2022-08-16,0.0,0.0,0.0,0.0,0.355657054577457,0.5063049283276951,0.0,0.13803801709484786
2022-08-17,0.0,0.0,0.0,0.0,0.0,0.7252419729674611,0.0,0.274758027032539
2022-08-18,0.0,0.0,0.0,0.0,0.0,0.22318011685347158,0.0,0.7768198831465284
2022-08-19,0.125,0.125,0.125,0.125,0.125,0.125,0.125,0.125
2022-08-22,0.125,0.125,0.125,0.125,0.125,0.125,0.125,0.125
2022-08-23,0.0,0.0,0.0,1.0,0.0,0.0,0.0,0.0
2022-08-24,0.0,0.0,0.0,1.0,0.0,0.0,0.0,0.0
2022-08-25,0.0,0.0,0.16077249781941677,0.7135996768445074,0.0,0.0,0.12562782533607572,0.0
2022-08-26,0.125,0.125,0.125,0.125,0.125,0.125,0.125,0.125
2022-08-29,0.0,0.0,0.0,0.23835317984515164,0.0,0.0,0.7616468201548484,0.0
2022-08-30,0.0,0.0,0.0,0.0,0.0,0.0,1.0,0.0
2022-08-31,0.023394151979316307,0.0,0.0,0.04360305064234384,0.0,0.0,0.9330027973783398,0.0
2022-09-01,0.24373399033140533,0.0,0.20297449172248888,0.22819170897811636,0.0,0.0,0.28492674761218906,0.04017306135580047
2022-09-02,0.125,0.125,0.125,0.125,0.125,0.125,0.125,0.125
2022-09-06,0.21760913694535164,0.0,0.2523232122331491,0.2180973766240129,0.0,0.0,0.14046228991837423,0.1715079842791121
2022-09-07,0.14774314675279462,0.01804084723986416,0.19042562242100614,0.1378380183944629,0.11271711817702242,0.09091493384085741,0.0909481766733222,0.21137213650067016
2022-09-08,0.08239046648185906,0.02877816207447784,0.11715163085747238,0.07308019414301062,0.24009313102935942,0.2692200955799681,0.04015485593757635,0.14913146389627618
2022-09-09,0.04261261105637213,0.022463607830858587,0.07434686180585345,0.03445138528167195,0.3323290438622386,0.3608807606606997,0.016888390330669186,0.11602733917163632
2022-09-12,0.042010735702861485,0.0389428756058808,0.062452307274921584,0.030160278985753897,0.34023846026442484,0.36573300950645443,0.016640056305303744,0.10382227635439921
2022-09-13,0.0,0.0,0.0,0.0,0.4601644900983136,0.5398355099016864,0.0,0.0
2022-09-14,0.027472471912495872,0.02493412189722185,0.05777924088526571,0.0219142255382245,0.36580497283588614,0.3930776368722693,0.028762940964864477,0.08025438909377218
2022-09-15,0.0,0.0,0.022305532364969648,0.0,0.45515554696426314,0.4990394973603943,0.023499423310372917,0.0
2022-09-16,0.11531468566442256,0.0,0.14964838061763355,0.10086066622826648,0.26905794699322216,0.21507356210726147,0.1500447583891937,0.0
2022-09-19,0.13472147652304803,0.03260866388310777,0.15392016887639767,0.12136166627741594,0.2093776512908834,0.15947288216641742,0.16668504978889043,0.021852441193839223
2022-09-20,0.0,0.0,0.0,0.0,1.0,0.0,0.0,0.0
2022-09-21,0.125,0.125,0.125,0.125,0.125,0.125,0.125,0.125
2022-09-22,0.14264388629447353,0.26107946154100214,0.1993270098423727,0.159685015334506,0.0,0.0,0.23726462698764575,0.0
2022-09-23,0.125,0.125,0.125,0.125,0.125,0.125,0.125,0.125
2022-09-26,0.125,0.125,0.125,0.125,0.125,0.125,0.125,0.125
2022-09-27,0.125,0.125,0.125,0.125,0.125,0.125,0.125,0.125
2022-09-28,0.125,0.125,0.125,0.125,0.125,0.125,0.125,0.125
2022-09-29,0.0,1.0,0.0,0.0,0.0,0.0,0.0,0.0
2022-09-30,0.0,1.0,0.0,0.0,0.0,0.0,0.0,0.0
2022-10-03,0.12847815629168616,0.6102092683859034,0.058733904405053966,0.08555593499176298,0.0,0.07193479679673165,0.0,0.04508793912886185
2022-10-04,0.09446078393320381,0.1803435224312483,0.08388961316752652,0.08080759657342415,0.17380210508793187,0.2308228061176732,0.05693401836484367,0.0989395543241484
2022-10-05,0.06288157128923215,0.17562707004850714,0.057764616734559064,0.041641362207454014,0.23690902932670943,0.3337671018455449,0.013202273319899718,0.07820697522809354
2022-10-06,0.04687155130295756,0.17875459913812153,0.05272768444110426,0.024747219489021723,0.2678342235656223,0.3724731155904137,0.0,0.056591606472758925
2022-10-07,0.0,0.2747035180680184,0.0,0.0,0.19546203883593471,0.5298344430960469,0.0,0.0
2022-10-10,0.0,0.9355107261400175,0.0,0.0,0.0,0.0644892738599825,0.0,0.0
2022-10-11,0.0,0.0,1.0,0.0,0.0,0.0,0.0,0.0
2022-10-12,0.125,0.125,0.125,0.125,0.125,0.125,0.125,0.125
2022-10-13,0.33840064648697327,0.0,0.30052696664644346,0.15767497456160018,0.0,0.0,0.0,0.20339741230498315
2022-10-14,0.919746573778231,0.0,0.08025342622176909,0.0,0.0,0.0,0.0,0.0
2022-10-17,0.31049802080789934,0.0,0.27068761157058463,0.14659365349218667,0.0,0.0,0.0,0.2722207141293292
2022-10-18,0.22873282296265962,0.0,0.1869935353366656,0.0,0.0,0.27588537791736945,0.0,0.3083882637833053
2022-10-19,0.174906840481128,0.0,0.05334169100018381,0.0,0.0,0.48123399576014836,0.0,0.29051747275853973
2022-10-20,0.6197515019886551,0.0,0.005709170946947163,0.0,0.0,0.0,0.0,0.3745393270643977
2022-10-21,0.18859915406981398,0.0,0.12912014665385418,0.0,0.2218320576861324,0.3308553175049408,0.0,0.12959332408525867
2022-10-24,0.09365575101061167,0.0,0.03192615717706098,0.0,0.3500937176205128,0.4991262367499755,0.0,0.025198137441839102
2022-10-25,0.04088564852126824,0.0,0.0,0.0,0.4012665217587299,0.5203611452449108,0.0,0.037486684475091056
2022-10-26,0.10269287480181576,0.0,0.007298142129256055,0.0,0.28225471203077224,0.527029090369135,0.0,0.08072518066902097
2022-10-27,0.1343744262105704,0.070365813668953,0.07761148504605307,0.0823103717072956,0.0,0.4271283563455135,0.05600428410057609,0.1522052629210383
2022-10-28,0.10391345513633518,0.08307137979334797,0.10454991836750219,0.10073000866440417,0.10175125576297364,0.2628666807825707,0.11085245513954882,0.13226484635331723
2022-10-31,0.0,0.0,0.0,0.0,0.0,1.0,0.0,0.0
2022-11-01,0.09262033772712021,0.059696549225837815,0.1482560969107463,0.14551049556708207,0.0,0.10483518401836796,0.2477139544493979,0.20136738210144783
2022-11-02,0.0,0.0,0.0,0.0,0.0,0.0,1.0,0.0
2022-11-03,0.0,0.0,0.0,0.0,0.0,0.0,1.0,0.0
2022-11-04,0.14114653244889372,0.2766805597709255,0.14442502571983407,0.18028805264491307,0.0,0.0,0.2574598294154337,0.0
2022-11-07,0.2441969655270766,0.7434309921709894,0.012372042301934026,0.0,0.0,0.0,0.0,0.0
2022-11-08,0.0,1.0,0.0,0.0,0.0,0.0,0.0,0.0
2022-11-09,0.0,1.0,0.0,0.0,0.0,0.0,0.0,0.0
2022-11-10,0.1672495388669145,0.41514499747744293,0.08121866356826599,0.12840467331501096,0.0,0.0,0.13012233822674196,0.07785978854562363
2022-11-11,0.10480623027763235,0.24872589545111848,0.0465784086345816,0.06787634324019223,0.24201361997738835,0.14730379144225006,0.07528174528629064,0.06741396569054645
2022-11-14,0.07034144812950954,0.28081093318499967,0.0,0.008440553906574147,0.41002913606427577,0.2087848892333083,0.0215930394813325,0.0
2022-11-15,0.0772508538226677,0.1972160340430385,0.02810588309723674,0.04549107328798888,0.3656766998522574,0.20783199114880552,0.061771569660396146,0.016655895087609156
2022-11-16,0.027745327984098015,0.20258530130775076,0.0,0.0,0.5042082208836801,0.20869611255672718,0.05676503726774398,0.0
2022-11-17,0.09253594303574443,0.15481752030284027,0.0432798871061507,0.07170729077780934,0.35107755711901883,0.16458426084663313,0.12199754081180328,0.0
2022-11-18,0.10137852461890728,0.10024253533131904,0.07386227802780812,0.08886750188364853,0.31847861827114365,0.1681899526008342,0.14033653005775415,0.008644059208585098
2022-11-21,0.046889239227666635,0.0,0.09304614889827502,0.10889478977197155,0.3566820640925814,0.061230956314078974,0.3332568016954264,0.0
2022-11-22,0.009665482533087565,0.0,0.17494351893651197,0.1518913543971182,0.08693205098135388,0.1330061991283703,0.4435613940235581,0.0
2022-11-23,0.0,0.0,0.1597561716148123,0.11197775051329391,0.009400086921886864,0.218517891082594,0.5003480998674128,0.0
2022-11-25,0.0,0.0,0.12489022436671075,0.0,0.0,0.1729334039500989,0.7021763716831902,0.0
2022-11-28,0.125,0.125,0.125,0.125,0.125,0.125,0.125,0.125
2022-11-29,0.13097671009488293,0.0,0.2800622901598357,0.24944607463112484,0.0,0.0,0.33951492511415654,0.0
2022-11-30,0.12271766015994347,0.0,0.3543494819756769,0.265695305855349,0.0,0.0,0.2056130582799664,0.05162449372906427
2022-12-01,0.125,0.125,0.125,0.125,0.125,0.125,0.125,0.125
2022-12-02,0.02735306487846861,0.29838133036931147,0.06088252449931571,0.058659548874064105,0.07718920212888002,0.30091094398743007,0.17662338526253005,0.0
2022-12-05,0.19541669703670292,0.2606161663680892,0.1536886721177195,0.13817870032623986,0.0,0.0,0.2520997641512484,0.0
2022-12-06,0.125,0.125,0.125,0.125,0.125,0.125,0.125,0.125
2022-12-07,0.02820680907159342,0.26060200843074294,0.0,0.11699849556394633,0.0,0.0,0.5941926869337173,0.0
2022-12-08,0.17040426810790116,0.21926256938756525,0.12758166448441816,0.15589158923296378,0.0,0.0,0.2655039243744255,0.06135598441272611
2022-12-09,0.18612235745580916,0.2479143350568522,0.15478559136713366,0.13497437193438463,0.0,0.0,0.15765936854915238,0.11854397563666796
2022-12-12,0.22168397177846988,0.2221167699948833,0.19443952912484916,0.10848007369152227,0.0,0.0,0.07514004789973076,0.17813960751054464
2022-12-13,0.13496769228262623,0.16985452496066186,0.12437086247408347,0.032777465547962036,0.12666193329873263,0.22448658195568777,0.0,0.186880939480246
2022-12-14,0.0,0.0,0.0,0.0,0.04575970991936138,0.7403416008702197,0.0,0.21389868921041896
2022-12-15,0.176986131316998,0.0,0.0,0.0,0.0,0.0,0.0,0.823013868683002
2022-12-16,0.5300206768503168,0.0,0.12616524375016383,0.0,0.0,0.0,0.0,0.34381407939951936
2022-12-19,0.4029283664873731,0.0006417636806518739,0.2752243571998194,0.18363136278155845,0.0,0.0,0.0,0.13757414985059715
2022-12-20,0.331867188089785,0.3180096883982226,0.2048791205258874,0.08410377254101122,0.0,0.0,0.0,0.061140230445093834
2022-12-21,0.2539364591098826,0.3226599237523507,0.20411834448064667,0.09024071357384235,0.0,0.0,0.0,0.12904455908327775
2022-12-22,0.125,0.125,0.125,0.125,0.125,0.125,0.125,0.125
2022-12-23,0.21266547652547738,0.18649590624761525,0.18209043798447366,0.06915355352773625,0.0,0.13513340269288615,0.0,0.21446122302181123
2022-12-27,0.09687166840691398,0.2279101433513725,0.0,0.0,0.0,0.35035914205083657,0.0,0.32485904619087685
2022-12-28,0.125,0.125,0.125,0.125,0.125,0.125,0.125,0.125
2022-12-29,0.1396050852162865,0.18205708525133701,0.07522994262778242,0.05355905061724889,0.027939575545099394,0.3233236081435624,0.0,0.19828565259868353
2022-12-30,0.11180494454924893,0.16160762970468925,0.05119062025947158,0.029607857957913958,0.13821053037897815,0.345291115636478,0.0,0.1622873015132201
2023-01-03,0.0,0.19533923893236604,0.0,0.0,0.19332989453674004,0.4871351610788295,0.0,0.12419570545206432
2023-01-04,0.04284035080128146,0.1718811943806522,0.053735734613847445,0.05758713312904978,0.18569727642669787,0.2791287560013685,0.07563078507493468,0.13349876957216814
2023-01-05,0.004542733346828752,0.16231449177933452,0.04607474134069058,0.057944693203061906,0.1942335376287053,0.2922007832137775,0.1273593147372704,0.11532970475033101
2023-01-06,0.02231629038787334,0.13244239113174106,0.052639956063695974,0.06512798116436375,0.22117689278039382,0.2792470660912553,0.1314113690564709,0.09563805332420584
2023-01-09,0.031110436814089506,0.1209455199603403,0.051906489149847655,0.06610248373670538,0.24611676610309965,0.26395343427275203,0.1350009995245996,0.08486387043856584
2023-01-10,0.04666828291302088,0.11368992639564177,0.05761906255394149,0.06706061398629942,0.2552091154968889,0.2556564805608243,0.12043816123335736,0.08365835686002587
2023-01-11,0.034670140128029873,0.09338694968247563,0.042985502867812324,0.053890946725164424,0.2934717255734241,0.28059942320558956,0.11427526391351954,0.08672004790398435
2023-01-12,0.031206571268426568,0.08812930149125497,0.03172386257605354,0.048264682129002,0.30776424423289817,0.2815645378923879,0.12134607731301925,0.0900007230969576
2023-01-13,0.05308212565004302,0.1092533228293009,0.05098708391843994,0.061611469169450865,0.2717010263531767,0.24102391471969833,0.11763764423508719,0.09470341312480307
2023-01-17,0.03893975812320892,0.10841473641936734,0.03456106221233468,0.044715908786379585,0.3207627004824216,0.25618566602388587,0.10742568088591362,0.08899448706648833
2023-01-18,0.0,0.07744009711166708,0.0,0.0,0.5137562109656364,0.23193524646928856,0.1519338528780329,0.024934592575375204
2023-01-19,0.03785274508500991,0.21549702592336017,0.0,0.0715700840741156,0.36894641534714995,0.01954713529257487,0.22993792503950253,0.05664866923828712
2023-01-20,0.09620142714600768,0.15706430090022566,0.0682388699808956,0.09507143365179022,0.2609156313385471,0.09097666942368507,0.1405323416764185,0.09099932588243007
2023-01-23,0.08196803655275836,0.13623243535188617,0.03376524202227318,0.055288845455939345,0.40205936439607626,0.1435203314186335,0.0845459282574232,0.06261981654500984
2023-01-24,0.01610673272748235,0.10937657404336593,0.0,0.0,0.7013269712846086,0.17318972194454305,0.0,0.0
2023-01-25,0.07768697994796704,0.15361106213977488,0.0,0.008847700992943247,0.5450799871528397,0.15720491846912923,0.05756935129734588,0.0
2023-01-26,0.09121532054211771,0.08099701098269024,0.05000370543015766,0.058459250908249424,0.37578579717100336,0.19267149261199057,0.0829587958252269,0.06790862652856405
2023-01-27,0.020863066504254645,0.0,0.0,0.0,0.6325043810979895,0.2850246749429094,0.014171014485873382,0.04743686296897316
2023-01-30,0.0,0.0,0.0,0.0,0.9123742818441674,0.08762571815583263,0.0,0.0
2023-01-31,0.05697186500931692,0.0,0.06536967739173516,0.047401702162391444,0.39705010117941836,0.16786613601311542,0.11337807133585369,0.15196244690816918
2023-02-01,0.0753027579831158,0.0,0.07853849927367748,0.06434662754487684,0.32524124565816864,0.2083197538517692,0.12544500886464027,0.12280610682375188
2023-02-02,0.054770856154814127,0.0,0.07858347461941297,0.06111238766246934,0.36121898541217673,0.23028999146250104,0.09843163676027375,0.11559266792835203
2023-02-03,0.0,0.0,0.05615457342003467,0.00568013125242997,0.5074490393116711,0.26632446777240176,0.05410604609759999,0.11028574214586259
2023-02-06,0.0,0.0,0.11625174796967848,0.0,0.5465475987594008,0.14227408561153573,0.039116151434512206,0.15581041622487266
2023-02-07,0.005379525954163072,0.0,0.17157321448778515,0.013639848796153155,0.4962750311084628,0.16865247044721365,0.008136299368504027,0.13634360983771807
2023-02-08,0.125,0.125,0.125,0.125,0.125,0.125,0.125,0.125
2023-02-09,0.125,0.125,0.125,0.125,0.125,0.125,0.125,0.125
2023-02-10,0.125,0.125,0.125,0.125,0.125,0.125,0.125,0.125
2023-02-13,0.125,0.125,0.125,0.125,0.125,0.125,0.125,0.125
2023-02-14,0.7259736647804601,0.0,0.2740263352195398,0.0,0.0,0.0,0.0,0.0
2023-02-15,1.0,0.0,0.0,0.0,0.0,0.0,0.0,0.0
2023-02-16,0.125,0.125,0.125,0.125,0.125,0.125,0.125,0.125
2023-02-17,1.0,0.0,0.0,0.0,0.0,0.0,0.0,0.0
2023-02-21,0.125,0.125,0.125,0.125,0.125,0.125,0.125,0.125
2023-02-22,0.35150919588484497,0.4345088641005343,0.1152043187220625,0.09877762129255828,0.0,0.0,0.0,0.0
2023-02-23,0.23707630291409743,0.32158849004103696,0.23860248964842398,0.1904145054825189,0.0,0.0,0.012318211913922544,0.0
2023-02-24,0.0,0.04873799813880144,0.9512620018611986,0.0,0.0,0.0,0.0,0.0
2023-02-27,0.16283853753940605,0.29071165487303285,0.29804760447694056,0.18876691913548507,0.0,0.0,0.059635283975135345,0.0
2023-02-28,0.0,0.9436557813947325,0.05634421860526745,0.0,0.0,0.0,0.0,0.0
2023-03-01,0.16407206648137887,0.3669174267011393,0.20028820344622353,0.14252351957063775,0.0,0.0,0.12619878380062052,0.0
2023-03-02,0.15212389313619834,0.3772227267330556,0.1948750835577863,0.11601637058525119,0.0,0.0,0.0880720800295856,0.07168984595812297
2023-03-03,0.06444869372191493,0.2719960618571376,0.10065642471922537,0.047016804459206064,0.18059838506907294,0.18660665802480544,0.0674497535615293,0.08122721858710821
2023-03-06,0.051125581347685384,0.18932496030821688,0.06716568378486487,0.0339948205264555,0.2575083887381341,0.26980146808464955,0.052259963730324537,0.07881913347966926
2023-03-07,0.0,0.11858320754874008,0.0,0.0,0.4802172250713808,0.401199567379879,0.0,0.0
2023-03-08,0.0,0.05823503780446967,0.0,0.0,0.4825832132029155,0.3446945399891861,0.0719479431903507,0.042539265813078035
2023-03-09,0.0,0.0,0.0,0.0,1.0,0.0,0.0,0.0
2023-03-10,0.125,0.125,0.125,0.125,0.125,0.125,0.125,0.125
2023-03-13,0.0,0.7731499052194086,0.0,0.0,0.0,0.0,0.22685009478059145,0.0
2023-03-14,0.1023711008018667,0.21477953365803765,0.0724032995634028,0.1306116410743073,0.20976639502682629,0.05206266863463229,0.1481573562666409,0.06984800497428609
2023-03-15,0.0,0.3754799259056843,0.0,0.0,0.6013900850416011,0.0,0.02312998905271477,0.0
2023-03-16,0.06406753272942498,0.1738046583604128,0.060699732982911495,0.10300618840293232,0.2972117404987091,0.12036059357625857,0.1124888517137757,0.06836070173557503
2023-03-17,0.0,0.2825017820170781,0.0,0.0,0.7032068543638317,0.014291363619090123,0.0,0.0
2023-03-20,0.024550934851417853,0.22731996591630074,0.01149285381884814,0.06335029277056493,0.4218099211431717,0.16411717590151276,0.07270907840716943,0.014649777191014453
2023-03-21,0.07137667237733346,0.13379892411837122,0.06691565759679698,0.07512784706434736,0.3071258896657943,0.2023225004996324,0.07809528938710282,0.06523721929062136
2023-03-22,0.0,0.0878538922161394,0.0,0.0,0.6138625456329014,0.29828356215095925,0.0,0.0
2023-03-23,0.0,0.10421387265799634,0.0,0.0,0.6082361894536511,0.2875499378883524,0.0,0.0
2023-03-24,0.020122025539845285,0.06962251841077186,0.009304429569287965,0.010762328356964848,0.5498664760915373,0.34032222203159285,0.0,0.0
2023-03-27,0.08264664029659445,0.04026021383009855,0.07588009235953566,0.05498924314190713,0.35534034085934324,0.3043216414041641,0.024234657654026385,0.062327170454330366
2023-03-28,0.046284065376088576,0.0,0.018549231802241117,0.0,0.4222753525026616,0.48497815342534945,0.0,0.027913196893659332
2023-03-29,0.09982660961283103,0.0,0.10161844727074816,0.04390385622293714,0.2718484422612367,0.34412955478721513,0.007256936003457446,0.13141615384157446
2023-03-30,0.056592117305847914,0.0,0.06847935962856724,0.0,0.310489622642979,0.425816341081503,0.0,0.13862255934110293
2023-03-31,0.04001449589244117,0.0,0.07585418144278885,0.0,0.31275403661256707,0.414278617402373,0.0,0.15709866864982994
2023-04-03,0.0,0.0,0.00500151146167058,0.0,0.326231107733041,0.5409045594651922,0.0,0.1278628213400962
2023-04-04,0.0,0.0,0.0,0.0,0.2809054520160025,0.6092950861900486,0.0,0.10979946179394891
2023-04-05,0.0,0.0,0.0,0.0,0.0,0.9322886205266939,0.0,0.06771137947330608
2023-04-06,0.05727520332973803,0.0,0.10767586847787983,0.10077875657527517,0.026454490739647094,0.314521858471614,0.17867682578061533,0.21461699662523043
2023-04-10,0.08654843989364033,0.0,0.14156630009071916,0.12176794714061133,0.026401342560382245,0.22767234503870662,0.16239446869807844,0.23364915657786195
2023-04-11,0.0,0.0,0.1832560793084075,0.027339147921719622,0.0,0.1668777321335233,0.13816925975441804,0.48435778088193143
2023-04-12,0.125,0.125,0.125,0.125,0.125,0.125,0.125,0.125
2023-04-13,0.20856238892106027,0.1317075424803204,0.20903663302835096,0.12994830281911188,0.0,0.04792815471016856,0.09894757923731479,0.17386939880367305
2023-04-14,0.5206415550494757,0.0,0.4793584449505243,0.0,0.0,0.0,0.0,0.0
2023-04-17,0.44139500974254287,0.0,0.5586049902574571,0.0,0.0,0.0,0.0,0.0
2023-04-18,0.125,0.125,0.125,0.125,0.125,0.125,0.125,0.125
2023-04-19,0.125,0.125,0.125,0.125,0.125,0.125,0.125,0.125
2023-04-20,0.125,0.125,0.125,0.125,0.125,0.125,0.125,0.125
2023-04-21,0.41903687591249633,0.0,0.3712533560272927,0.20970976806021105,0.0,0.0,0.0,0.0
2023-04-24,0.125,0.125,0.125,0.125,0.125,0.125,0.125,0.125
2023-04-25,0.125,0.125,0.125,0.125,0.125,0.125,0.125,0.125
2023-04-26,0.08395256553333606,0.0,0.0,0.43022403818799665,0.0,0.0,0.48582339627866733,0.0
2023-04-27,0.19409794841214828,0.11906503123931228,0.1739032489749884,0.24656656347574132,0.0,0.0,0.2512586705697546,0.015108537328055187
2023-04-28,0.0,0.0,0.0,0.3550396929197776,0.015254592451989731,0.0,0.6297057146282325,0.0
2023-05-01,0.10891177086875327,0.1333215937031869,0.11573842716863816,0.15665966686298954,0.27958885424380825,0.0,0.14495804324481873,0.06082164390780521
2023-05-02,0.125,0.125,0.125,0.125,0.125,0.125,0.125,0.125
2023-05-03,0.0,0.7990062176321577,0.0,0.07236598298988935,0.0,0.0,0.12862779937795293,0.0
2023-05-04,0.0,0.7011918526628351,0.0,0.1618521077445385,0.0,0.0,0.13695603959262642,0.0
2023-05-05,0.1013130989143084,0.28231915608399266,0.09739199319031856,0.14140704010377428,0.1763910424399698,0.0,0.12888914625492312,0.07228852301271332
2023-05-08,0.07330298362158826,0.3401520753658766,0.06791770739899045,0.1089345522456101,0.3062171940178244,0.0,0.0630500515840258,0.04042543576608442
2023-05-09,0.003433780751401303,0.5183788966385998,0.008747872483869146,0.04515839625541384,0.42428105387071596,0.0,0.0,0.0
2023-05-10,0.0018625549472887958,0.36506539330794247,0.022026827770911177,0.04066858233353686,0.484575890326885,0.08061582552561708,0.0,0.0051849257878186505
2023-05-11,0.0,0.22422035734399925,0.0,0.0,0.6859999223049755,0.0897797203510251,0.0,0.0
2023-05-12,0.006575062296527441,0.1505699782436667,0.06340768424120553,0.079059343889945,0.4252651493285509,0.16237478360385868,0.06785929695622489,0.04488870144002089
2023-05-15,0.002811602254028761,0.12566547178607573,0.05842303268230405,0.06715924073667644,0.44760457502724443,0.2146195124447139,0.044434399324582846,0.03928216574437365
2023-05-16,0.0,0.0,0.0,0.0,0.8309309462952726,0.1690690537047273,0.0,0.0
2023-05-17,0.05596314240161646,0.0082538295416362,0.07783048002243502,0.07352105331617438,0.44838370537399036,0.25725610620896383,0.05830235051828408,0.020489332616899596
2023-05-18,0.042920035205145986,0.0,0.0676587209758216,0.045666083076176575,0.4688507490905806,0.3171280055202305,0.03582169402804669,0.021954712103998093
2023-05-19,0.038294427312591556,0.0,0.060123266570998236,0.01970614673731621,0.5012593653449562,0.36235497996100674,0.0074178828464860685,0.010843931226645027
2023-05-22,0.05595219387434963,0.0,0.07521396556133648,0.02382893671948247,0.4565877055871106,0.3408298964716025,0.009329212754262845,0.038258089031855576
2023-05-23,0.0,0.0,0.0,0.0,0.6286484923580854,0.3713515076419146,0.0,0.0
2023-05-24,0.0,0.0,0.0,0.0,0.7397134698579946,0.2602865301420053,0.0,0.0
2023-05-25,0.10642294257094827,0.0,0.10776448857578487,0.03974120021049328,0.47939410070216243,0.21424010957446127,0.02990827709479322,0.022528881271356698
2023-05-26,0.06664604006703088,0.0,0.06907581858303279,0.01989146269274592,0.5369122811075141,0.24776733891175098,0.03292130651306455,0.026785752124860666
2023-05-30,0.0,0.0,0.0,0.0,0.7104129980376196,0.2771815835282942,0.012405418434086235,0.0
2023-05-31,0.0,0.0,0.0,0.0,0.7257733038449543,0.23284834849630762,0.04137834765873808,0.0
2023-06-01,0.04951462997737085,0.09265708553463484,0.054261292008897635,0.06034427105040865,0.3547251117177753,0.207038721730748,0.10311151683262271,0.0783473711475421
2023-06-02,0.06921528602918617,0.07581578695697015,0.07856955034482495,0.07209165404949101,0.2582762615135531,0.23941226886231742,0.09496707941877093,0.11165211282488625
2023-06-05,0.025056178850008354,0.04288219385788868,0.04530636852594081,0.0253938750704169,0.3218139143674942,0.36540522667928066,0.05715586770933522,0.11698637493963525
2023-06-06,0.03381070734179625,0.05934568947835913,0.0585053309114147,0.03638893786666457,0.2362469917759151,0.36445725061407136,0.0706857848573077,0.14055930715447115
2023-06-07,0.05833588483601968,0.028008290324615635,0.08031273352105385,0.04338878225211152,0.03523048716062692,0.43366902529034684,0.0685796396494851,0.2524751569657406
2023-06-08,0.0666712589477098,0.03107835607818853,0.06863638445349177,0.026869629365726306,0.0,0.47464669236900087,0.0503285297884217,0.28176914899746097
2023-06-09,0.10012711813096264,0.07351242810972738,0.09749223400985414,0.060793587543916255,0.0,0.35967094743296374,0.07513799715869227,0.2332656876138835
2023-06-12,0.055230765296861536,0.0,0.024131730329668217,0.0,0.0,0.6721178319006179,0.0,0.24851967247285242
2023-06-13,0.11062180108255465,0.0425211310624143,0.09283182438379528,0.06314538708790347,0.13428692882802265,0.33912703998542343,0.06369201319988284,0.15377387437000342
2023-06-14,0.07623420314257986,0.0,0.027391013527010954,0.0,0.25839604711810626,0.49641177581383594,0.0,0.1415669603984669
2023-06-15,0.07121331431341425,0.0,0.0,0.0,0.3530201875145243,0.49260510780613537,0.0,0.0831613903659261
2023-06-16,0.1238965298724288,0.008667637720533444,0.04734921408191671,0.02416034672553194,0.2802214247180071,0.3790200019814637,0.03951676656649769,0.0971680783336206
2023-06-20,0.11420896282396212,0.0,0.0,0.0,0.4043142107644309,0.48147682641160705,0.0,0.0
2023-06-21,0.7815550011802481,0.0,0.0,0.0,0.0,0.0,0.21844499881975188,0.0
2023-06-22,0.49118416015078287,0.0,0.07735999330717103,0.204185896534205,0.0,0.0,0.22726995000784112,0.0
2023-06-23,0.125,0.125,0.125,0.125,0.125,0.125,0.125,0.125
2023-06-26,0.0,0.0,0.0,0.5482176147780978,0.0,0.0,0.45178238522190217,0.0
2023-06-27,0.24042022853091802,0.0,0.17804828139438875,0.28471445218793356,0.0,0.0,0.26490105880191817,0.031915979084841575
2023-06-28,0.045940543831451776,0.0,0.19513882045885245,0.4369945013692855,0.0,0.0,0.3219261343404102,0.0
2023-06-29,0.12541680914158582,0.0,0.24885268523236168,0.2232904239367554,0.0,0.0,0.11453847930637542,0.2879016023829217
2023-06-30,0.0,0.0,0.2828761927711032,0.09510538045605782,0.0,0.09665575870862277,0.0,0.5253626680642163
2023-07-03,0.0,0.0,0.12632507640744436,0.01385970896189588,0.2633474207921329,0.2867044493946485,0.0,0.3097633444438782
2023-07-05,0.0,0.0,0.07505235785642377,0.0,0.3518084520752601,0.28701323351743707,0.0,0.28612595655087897
2023-07-06,0.0,0.0,0.03472786068193189,0.0,0.4330836016069246,0.13083125936469933,0.0,0.4013572783464442
2023-07-07,0.0,0.15400666042253522,0.07110312993394897,0.0,0.40684660899601377,0.0,0.0,0.3680436006475019
2023-07-10,0.0,0.23727878552101891,0.0,0.0,0.41535783390110087,0.0,0.0,0.3473633805778802
2023-07-11,0.08625031699120388,0.20702654066281653,0.09822269896181093,0.0,0.32364259092865677,0.07222073024801885,0.0,0.212637122207493
2023-07-12,0.04381944190955812,0.20019541415983164,0.024654281420893206,0.0,0.44465900584583073,0.18279831546024064,0.0,0.10387354120364561
2023-07-13,0.05609343469310496,0.13757512976854264,0.029141517715146843,0.016871307053387297,0.463980418217468,0.23567673160535071,0.0,0.06066146094699958
2023-07-14,0.059551178352900365,0.10714837646575255,0.02042772648434838,0.02538888797356402,0.4872739783406069,0.25083717332870414,0.006492974529407067,0.0428797045247164
2023-07-17,0.06607188847448157,0.0835168847836448,0.0321224120854581,0.04381498515491047,0.47228031902619555,0.23600183139245268,0.03554788970261276,0.03064378938024402
2023-07-18,0.0564771917694033,0.08948229615357935,0.035885078966757196,0.04874956499173095,0.4589579343915793,0.246729031256806,0.052604212131013024,0.011114690339130952
2023-07-19,0.017628725242537256,0.07133951626160304,0.008349089217226477,0.02884841032803643,0.5224187522973174,0.2943939798148973,0.057021526838382144,0.0
2023-07-20,0.03774518788689506,0.08493147759836799,0.052312157956448724,0.06384055178602586,0.3586450835576191,0.2815213086694849,0.09776090251386266,0.023243330031295698
2023-07-21,0.0,0.04986513715088281,0.06784244566001507,0.075503256879116,0.2566508831818096,0.3665342971302333,0.15382279506509705,0.029781184932846167
2023-07-24,0.0,0.0,0.07219565699995834,0.049745684219746115,0.0,0.5785115972117698,0.1859119918268998,0.11363506974162604
2023-07-25,0.0,0.0,0.07288683481677256,0.004688549673643118,0.028427687872663397,0.6404230653763774,0.12552576126423726,0.12804810099630617
2023-07-26,0.0,0.0,0.07430339085848106,0.0,0.0,0.6939538768934754,0.07465922053044495,0.15708351171759843
2023-07-27,0.0,0.0,0.20736039272631285,0.0,0.0,0.6723685664478993,0.0,0.12027104082578789
2023-07-28,0.0,0.0,0.10392575114975014,0.0,0.40567703460236876,0.490397214247881,0.0,0.0
2023-07-31,0.0,0.0,0.058629445718594714,0.0,0.5422129040739303,0.399157650207475,0.0,0.0
2023-08-01,0.0,0.0,0.04047710689325729,0.0,0.687763284588583,0.2717596085181598,0.0,0.0
2023-08-02,0.125,0.125,0.125,0.125,0.125,0.125,0.125,0.125
2023-08-03,0.16015253351579972,0.0,0.8398474664842003,0.0,0.0,0.0,0.0,0.0
2023-08-04,0.125,0.125,0.125,0.125,0.125,0.125,0.125,0.125
2023-08-07,0.4211902985127638,0.0,0.34331334976447464,0.16976548596592506,0.0,0.0,0.0,0.06573086575683654
2023-08-08,0.125,0.125,0.125,0.125,0.125,0.125,0.125,0.125
2023-08-09,0.4415483582085666,0.0,0.2706639456672981,0.2877876961241353,0.0,0.0,0.0,0.0
2023-08-10,0.2619762853018256,0.0,0.22087741940450217,0.203206216761027,0.0,0.0,0.14695244959717196,0.16698762893547325
2023-08-11,0.28600271497160273,0.0,0.23405345144141215,0.15717598074145286,0.0,0.0,0.13836612014936125,0.184401732696171
2023-08-14,0.30107817021384675,0.0,0.2690593165894309,0.070601525331104,0.0,0.0,0.15030457281629786,0.2089564150493206
2023-08-15,0.6688864959720138,0.0,0.3311135040279861,0.0,0.0,0.0,0.0,0.0
2023-08-16,0.5938046263821409,0.0,0.406195373617859,0.0,0.0,0.0,0.0,0.0
2023-08-17,0.125,0.125,0.125,0.125,0.125,0.125,0.125,0.125
2023-08-18,0.125,0.125,0.125,0.125,0.125,0.125,0.125,0.125
2023-08-21,0.34392100332101894,0.11366187782379823,0.2136303103453755,0.1457462475691158,0.0,0.0,0.10124236247210827,0.0817981984685833
2023-08-22,0.7858847233935495,0.21411527660645044,0.0,0.0,0.0,0.0,0.0,0.0
2023-08-23,0.0,0.1972841468535903,0.0,0.0,0.6398641733335214,0.13125706932748252,0.03159461048540571,0.0
2023-08-24,0.016881734678735893,0.33696226564635373,0.0,0.007684183447539957,0.359672847309237,0.05756508902470467,0.14326658853712668,0.07796729135630208
2023-08-25,0.06787386418915434,0.19216103156761233,0.07228970643303691,0.07578132031324024,0.20708384584679762,0.141219062381489,0.13084431046604977,0.11274685880261975
2023-08-28,0.03757903201768827,0.17852407421851257,0.04816501735455589,0.052630053518322464,0.25360825476916093,0.21360304365488114,0.10509456332043149,0.1107959611464472
2023-08-29,0.025705123972563314,0.14105427914781968,0.031071526293258687,0.03785495603168803,0.31932036785364754,0.28315604251292426,0.07397629558068437,0.08786140860741407
2023-08-30,0.03387827116489568,0.12386151043700275,0.030680552616609128,0.03690571711528909,0.3337628852031069,0.29978143087891146,0.05997231405266745,0.08115731853151753
2023-08-31,0.016537878813087183,0.11160099827160253,0.019033099407761107,0.030431674615811654,0.37729504137901226,0.32066030631721176,0.05697046700223581,0.06747053419327778
2023-09-01,0.04748126764133495,0.11320507402753757,0.058764222236289965,0.0603508808047816,0.2942061920986305,0.2690976755560248,0.06630075524123728,0.09059393239416332
2023-09-05,0.0,0.09226894517077086,0.030346087076314535,0.02434268943286668,0.42051313505264115,0.35172244702638245,0.00643217711422651,0.0743745191267979
2023-09-06,0.0,0.07012553098091946,0.0382412577142863,0.014477801855137326,0.4465483949247257,0.34088177964883504,0.0,0.08972523487609614
2023-09-07,0.0,0.03481829472994348,0.07942720031946317,0.0,0.3986646003775767,0.2887041818788863,0.0,0.1983857226941303
2023-09-08,0.0,0.0,0.26588683164519405,0.0,0.0,0.0,0.0,0.734113168354806
2023-09-11,0.1654686005869415,0.06481446542037185,0.3141578702183209,0.15826951151590174,0.0,0.0,0.0,0.29728955225846404
2023-09-12,0.125,0.125,0.125,0.125,0.125,0.125,0.125,0.125
2023-09-13,0.3600109444530244,0.0,0.4574634597661278,0.18252559578084793,0.0,0.0,0.0,0.0
2023-09-14,0.19199587631886633,0.0,0.3773722778253323,0.2349412143454461,0.0,0.0,0.0,0.19569063151035535
2023-09-15,0.0,0.0,1.0,0.0,0.0,0.0,0.0,0.0
2023-09-18,0.0,0.7275123305633733,0.27248766943662683,0.0,0.0,0.0,0.0,0.0
2023-09-19,0.099777020047393,0.7558757346789268,0.1443472452736802,0.0,0.0,0.0,0.0,0.0
2023-09-20,0.010999072618473769,0.9805305261952171,0.008470401186309241,0.0,0.0,0.0,0.0,0.0
2023-09-21,0.1556358832838964,0.8443641167161036,0.0,0.0,0.0,0.0,0.0,0.0
2023-09-22,0.125,0.125,0.125,0.125,0.125,0.125,0.125,0.125
2023-09-25,0.2812628005860833,0.273425112617002,0.2666392026552029,0.1786728841417118,0.0,0.0,0.0,0.0
2023-09-26,0.125,0.125,0.125,0.125,0.125,0.125,0.125,0.125
2023-09-27,0.0,0.0,1.0,0.0,0.0,0.0,0.0,0.0
2023-09-28,0.0,0.0,1.0,0.0,0.0,0.0,0.0,0.0
2023-09-29,0.125,0.125,0.125,0.125,0.125,0.125,0.125,0.125
2023-10-02,0.0,0.0,1.0,0.0,0.0,0.0,0.0,0.0
2023-10-03,0.125,0.125,0.125,0.125,0.125,0.125,0.125,0.125
2023-10-04,0.125,0.125,0.125,0.125,0.125,0.125,0.125,0.125
2023-10-05,0.125,0.125,0.125,0.125,0.125,0.125,0.125,0.125
2023-10-06,0.13998979772469416,0.0,0.11946263542021776,0.09261233196665578,0.4569919863463553,0.11693146146227637,0.0,0.07401178707980063
2023-10-09,0.0,0.0,0.0,0.0,0.6785226864154845,0.3214773135845154,0.0,0.0
2023-10-10,0.043094732081939625,0.05683600883661975,0.04232997313307776,0.04156412521145233,0.4028279461793206,0.31675047073528595,0.028804777387897242,0.06779196643440674
2023-10-11,0.0,0.08730812061115586,0.0,0.0,0.4519943410257678,0.38025060555327733,0.026422948534643047,0.05402398427515592
2023-10-12,0.04078759173355425,0.14038864106567447,0.04473161161532071,0.05006921107363327,0.3078764824029985,0.25872460558557286,0.06698533133807831,0.09043652518516765
2023-10-13,0.0,0.3769446948562083,0.0,0.0,0.28952437058092917,0.27675292235240145,0.031061003081639647,0.02571700912882138
2023-10-16,0.044764949373535826,0.2812111954202,0.050988319017426266,0.059186005374461566,0.17553550760602143,0.207477608987584,0.08334923342243242,0.09748718079833849
2023-10-17,0.054444156582063016,0.33825841074111285,0.050567559883442845,0.045454109424472956,0.1216634860064429,0.21353899251265288,0.06824295085239786,0.10783033399741469
2023-10-18,0.008965814630071572,0.9048769479956995,0.0,0.0,0.0,0.030745889740348198,0.0,0.05541134763388067
2023-10-19,0.05113089058859556,0.9461313123747314,0.002737797036673193,0.0,0.0,0.0,0.0,0.0
2023-10-20,0.0,1.0,0.0,0.0,0.0,0.0,0.0,0.0
2023-10-23,0.06050742631172463,0.9394925736882754,0.0,0.0,0.0,0.0,0.0,0.0
2023-10-24,0.12024938007162103,0.6273046406526761,0.10792554766097112,0.07142995107739795,0.0,0.0,0.07309048053733379,0.0
2023-10-25,0.12076732653287581,0.6006668419341084,0.14524472318361795,0.07625290356101629,0.0,0.0,0.057068204788381635,0.0
2023-10-26,0.0,1.0,0.0,0.0,0.0,0.0,0.0,0.0
2023-10-27,0.0,1.0,0.0,0.0,0.0,0.0,0.0,0.0
2023-10-30,0.1322761552028432,0.29217564776447674,0.21213065973318518,0.19700282763072643,0.0,0.0,0.16641470966876848,0.0
2023-10-31,0.1542069167142449,0.06844259292900622,0.25849799460755224,0.21625751744146943,0.0,0.0,0.18147627841842953,0.12111869988929755
2023-11-01,0.0,0.0,0.2577344445361536,0.19223604628801275,0.1382258431842137,0.0,0.23465945392008444,0.17714421207153555
2023-11-02,0.03570405776740503,0.0,0.0810255817023475,0.0760677508418064,0.3042178318572181,0.2842631190845439,0.1061362573756405,0.11258540137103853
2023-11-03,0.024395052374741297,0.0,0.05583844436726374,0.05352873109146417,0.3451641799785063,0.3309994600568854,0.08430471024030566,0.10576942189083334
2023-11-06,0.025303025284010714,0.0,0.04746149406853212,0.04336045011362848,0.36915952321535467,0.35122744332363504,0.0690547732868,0.09443329070803903
2023-11-07,0.0,0.0,0.014164611390442807,0.01395674231222569,0.45905048829387396,0.40441219208270446,0.04842547597796692,0.059990489942786294
2023-11-08,0.0,0.0,0.01720229908944929,0.02287196698299212,0.4551872041286382,0.3851490732544283,0.06646483980667472,0.053124616737817446
2023-11-09,0.031098856716185154,0.0,0.04320737426886824,0.046646631030840706,0.40980164635619254,0.3301011179444697,0.07939401968653365,0.05975035399691
2023-11-10,0.03101404864118866,0.0,0.03875836234324637,0.03566382346157212,0.4514428564177414,0.33986989180289323,0.059752403062595986,0.04349861427076206
2023-11-13,0.007176611369389694,0.0,0.006254726415451223,0.0,0.5755054432379089,0.3974525104787289,0.013610708498521367,0.0
2023-11-14,0.0,0.0,0.0,0.0,0.5829405184731353,0.4170594815268646,0.0,0.0
2023-11-15,0.07632180366455228,0.0,0.04063911634556529,0.038751895384472684,0.4115283423685365,0.3310890599603307,0.025354537650616203,0.07631524462592625
2023-11-16,0.0,0.0,0.0,0.0,0.5594900491803226,0.44050995081967736,0.0,0.0
2023-11-17,0.11145867898389789,0.05145058283138974,0.02697727057787381,0.04491976316717861,0.34715295812443897,0.3140015972498298,0.018547574771646338,0.0854915742937448
2023-11-20,0.128040141799559,0.09050182560979048,0.0,0.018905689408965316,0.36386934213107,0.3259175815207874,0.0,0.07276541952982783
2023-11-21,0.25735698539170976,0.5683617993088254,0.0,0.04715158188084828,0.0,0.10240605468632433,0.0,0.02472357873229215
2023-11-22,0.1899717465880957,0.5097091235051743,0.0768822330187002,0.10209945343595626,0.0,0.0,0.05979279503296082,0.061544648419112676
2023-11-24,0.1993492287460209,0.5126827888954906,0.110164679093969,0.08937495580430012,0.0,0.0,0.011113699001174421,0.0773146484590449
2023-11-27,0.0,1.0,0.0,0.0,0.0,0.0,0.0,0.0
2023-11-28,0.10608294390944911,0.834141152842054,0.028287061695494116,0.03148884155300271,0.0,0.0,0.0,0.0
2023-11-29,0.06717920160155771,0.6979806243674997,0.06190564727259825,0.07809909993889116,0.0,0.0,0.06668400257581276,0.028151424243640175
2023-11-30,0.05698791342895672,0.5300382048467421,0.11089487170629976,0.10781156261449674,0.0,0.0,0.08254538875744931,0.11172205864605544
2023-12-01,0.0,0.671439929844278,0.06117155244387039,0.059298369429690835,0.0,0.0,0.05725060192168586,0.15083954636047486
2023-12-04,0.0,0.401490090734634,0.11869780765770023,0.104055640175711,0.0,0.0,0.11311272068432218,0.2626437407476325
2023-12-05,0.0,0.0,0.0,0.0,0.0,0.0,0.3216803453949308,0.6783196546050692
2023-12-06,0.0,0.0,0.0,0.02279919038410826,0.0,0.0,0.8031278541484969,0.17407295546739496
2023-12-07,0.0,0.04991387208871029,0.15459874615385544,0.20158285121350633,0.0,0.0,0.3931504387905512,0.20075409175337675
2023-12-08,0.0,0.0,0.19525744899449154,0.20169133244918225,0.0,0.0,0.3841598420036878,0.21889137655263846
2023-12-11,0.0,0.0,0.03591550752369246,0.0,0.5758291928355356,0.0,0.3011884857093766,0.08706681393139523
2023-12-12,0.0,0.0,0.031061777226425193,0.01410498991760788,0.5707128638996862,0.2736626164160282,0.07170912833082878,0.0387486242094238
2023-12-13,0.026074893943754944,0.0,0.03732161270801356,0.034352455662064706,0.4415875235002925,0.3097918509820741,0.0654453767949647,0.08542628640883544
2023-12-14,0.026312886892864935,0.0,0.014986564832904154,0.023924340135384303,0.4077786354325426,0.3360464936309061,0.08503785526525591,0.10591322381014213
2023-12-15,0.039904924961233074,0.02457696007389588,0.030622360902345,0.042423017464067535,0.36783295099565494,0.2899983441318553,0.10392671978939536,0.10071472168155306
2023-12-18,0.05685590063568113,0.06435371706578026,0.04597994329976772,0.05297120080797237,0.3293066399585047,0.26363824528753643,0.09517779436335444,0.09171655858140283
2023-12-19,0.05506185631962007,0.0916536653004752,0.03797004549240895,0.04184808506373381,0.33268065174781164,0.2812126861528301,0.08020577677974083,0.0793672331433794
2023-12-20,0.03958852476565102,0.1278074683592858,0.007663179905755807,0.022715057402542132,0.37639846348777073,0.28571368432174,0.09340062569953249,0.04671299605772197
2023-12-21,0.09351314918893826,0.15666589144351875,0.07305736822880221,0.07496249000657625,0.23141232903450135,0.19062289458981269,0.09764465557205182,0.08212122193579882
2023-12-22,0.08830823906587655,0.22282005893621787,0.05083458057021536,0.04946947909581269,0.2538784624461038,0.21079324677794803,0.06273899551640767,0.06115693759141811
2023-12-26,0.09145269585518342,0.24309846838743537,0.05738475145962029,0.05049239185838602,0.23041395784561958,0.20235150952865888,0.05151788526372135,0.07328833980137515
2023-12-27,0.07470215214257513,0.3165462329401018,0.019886260887102707,0.017211228938525943,0.2520085866472115,0.23082494901424266,0.04011257266719657,0.048708016763043725
2023-12-28,0.09167987903534447,0.24846434386925384,0.05321167992906127,0.05089706791598023,0.18764425075228836,0.20374530718832307,0.0650669647599048,0.09929050654984402
2023-12-29,0.10779715579969339,0.3594252243205215,0.03058427103759964,0.03266880988913208,0.12187919440580097,0.2166561606037968,0.027939021787807217,0.10305016215564834
2024-01-02,0.11383016839382085,0.42544797793707656,0.07661453108861194,0.06972086910847658,0.0,0.0,0.0,0.314386453472014
2024-01-03,0.125,0.125,0.125,0.125,0.125,0.125,0.125,0.125
2024-01-04,0.18226866660374366,0.0,0.250894818574919,0.5668365148213373,0.0,0.0,0.0,0.0
2024-01-05,0.3564478465758735,0.0,0.38116772747575195,0.26238442594837463,0.0,0.0,0.0,0.0
2024-01-08,0.3116188048107948,0.0,0.6534003302278083,0.03498086496139681,0.0,0.0,0.0,0.0
2024-01-09,0.04048397182947087,0.0,0.19035832218376478,0.05520898842336065,0.1252174108760629,0.5559771916897811,0.0,0.03275411499755968
2024-01-10,0.04973413793736706,0.0,0.08576888956646976,0.04740139167796282,0.3771925600600136,0.3779705369359433,0.0,0.06193248382224344
2024-01-11,0.0,0.0,0.029536918041179222,0.0010397829968769128,0.5306985461629178,0.43872475279902606,0.0,0.0
2024-01-12,0.0,0.0,0.04141675775445164,0.029884717052662813,0.49739340419523487,0.3914486945915088,0.010524341491218264,0.029332084914923603
2024-01-16,0.015840412500106923,0.0,0.057791597203018054,0.04870345142940318,0.47297280107096457,0.32623832221686405,0.023781142704344106,0.05467227287529906
2024-01-17,0.0,0.0,0.03178769932030954,0.0197268592737397,0.6072225006777721,0.3412629407281787,0.0,0.0
2024-01-18,0.036618424517200376,0.0,0.06514891514066745,0.053733951378407335,0.4960531931286536,0.2935376939930915,0.026673509986057792,0.028234311855921904
2024-01-19,0.017608006043561462,0.0,0.03582510499646051,0.02472082174920651,0.5555888265685403,0.33586175161677184,0.011801974674338033,0.018593514351121443
2024-01-22,0.0,0.0,0.007888489425742157,0.0018214590229105004,0.5878515125059162,0.3783017710134272,0.005672377212784951,0.018464390819218912
2024-01-23,0.014704806393931047,0.0260889813514205,0.026786408865515483,0.023497228102786444,0.491038970916723,0.3437815619780898,0.030872681693419446,0.043229360698114255
2024-01-24,0.023903346538016637,0.022775939122753847,0.03147774720282717,0.0278626841148188,0.4791669479984403,0.33619017043309307,0.0389407724885537,0.03968239210149635
2024-01-25,0.026294463450747978,0.03559706517105377,0.04248525394998017,0.03927712513301075,0.4160888903034769,0.3273418682658838,0.05752184510591141,0.055393488619935254
2024-01-26,0.01739091885713735,0.03179173428460372,0.041615094017287954,0.03693885302118622,0.3774453248989576,0.3609286274545336,0.0698454818220268,0.06404396564426676
2024-01-29,0.0,0.03099416520292267,0.006703009238623863,0.01193529696098639,0.3712524637345205,0.4451981914227562,0.07818004116849958,0.05573683227169076
2024-01-30,0.0,0.08560715409645547,0.020985948630690105,0.044913321915387557,0.18066048407019605,0.4340904235761823,0.16022916282339608,0.07351350488769236
2024-01-31,0.0,0.0,0.0,0.0,0.0,0.0,1.0,0.0
2024-02-01,0.022734300674996075,0.21758891318883866,0.05448862384096587,0.15417426572261583,0.0,0.06739607192030024,0.35465365889058226,0.12896416576170103
2024-02-02,0.07501657439619366,0.15809373416221573,0.09396647708148786,0.13012313586775592,0.0,0.18757848617365036,0.22494326554946664,0.13027832676922987
2024-02-05,0.05839017248653053,0.1402215518478245,0.09008227983094587,0.1148123777824512,0.027636909033392613,0.24349812303257926,0.21920051744349925,0.10615806854277675
2024-02-06,0.0,0.13664708831157502,0.017145675911399098,0.05097177489102223,0.0,0.4274107582356942,0.2967905671640152,0.07103413548629428
2024-02-07,0.04842771887013955,0.11256418695361338,0.08344521761649078,0.07625769179915905,0.11181879724693901,0.32714140403936964,0.13885715626754075,0.10148782720674789
2024-02-08,0.04940099292704973,0.08404081627162321,0.07876892394723038,0.048761735826201386,0.18695512062773462,0.34647968106589516,0.08120100114936467,0.12439172818490088
2024-02-09,0.059444204451366146,0.037737097283320344,0.07813936184840789,0.03551793948357592,0.2964440326177595,0.32643403272225147,0.03823953863259222,0.12804379296072657
2024-02-12,0.0,0.0,0.0,0.0,0.4491959900202605,0.46368616850798344,0.0,0.08711784147175601
2024-02-13,0.18847469767746017,0.0,0.19956343428197504,0.0,0.16887447380014736,0.1066662010946139,0.0,0.33642119314580354
2024-02-14,0.046352447198914404,0.0,0.07492067049902545,0.0,0.2717893479367406,0.0,0.0,0.6069375343653195
2024-02-15,0.10220626249875302,0.0,0.08092862633637521,0.0,0.19417786436077056,0.23871671518126555,0.0,0.3839705316228357
2024-02-16,0.25836285662367936,0.0,0.15419471782437705,0.0,0.0,0.0,0.0,0.5874424255519436
2024-02-20,0.33648340474619365,0.0,0.13376352537901484,0.0,0.0,0.0,0.0,0.5297530698747915
2024-02-21,0.3432554662369646,0.08714349175076581,0.15127325609277628,0.0,0.0,0.0,0.0,0.4183277859194932
2024-02-22,0.19924115621819616,0.16965215343108303,0.14227338377747273,0.08155173511111455,0.0,0.14699263832836737,0.03543124170694379,0.2248576914268224
2024-02-23,0.05339728161866055,0.2471054870563704,0.0,0.0,0.0,0.6301521032921713,0.0,0.06934512803279778
2024-02-26,0.1266752128924098,0.272280576308558,0.01130313025534059,0.0,0.12209534854538814,0.41681119620907325,0.05083453578923021,0.0
2024-02-27,0.12817898991045815,0.18095894783847183,0.0825704168390341,0.07932136450825551,0.18018452546204458,0.21830830889239394,0.09121432043270446,0.03926312611663753
2024-02-28,0.04232917385858406,0.6621246727417072,0.0,0.0,0.0,0.2955461533997088,0.0,0.0
2024-02-29,0.05441342126411744,0.2228697225886333,0.0374224371215693,0.06250540496836147,0.3082716087515684,0.20808290697337412,0.08196440143666585,0.024470096895710117
2024-03-01,0.01430697011920966,0.20790629334487315,0.01911979823829408,0.034494612329238686,0.40664985187803054,0.23429289252842525,0.04428427486058099,0.038945306701347646
2024-03-04,0.035100195887033246,0.2569290940343256,0.03897768014539367,0.04819174711017129,0.3167580396159749,0.18172111701901303,0.047838893673063536,0.07448323251502485
2024-03-05,0.0,0.8649388198891963,0.0,0.0,0.1350611801108037,0.0,0.0,0.0
2024-03-06,0.039508488961174926,0.5899975263739963,0.03975405931271433,0.08590539703956829,0.058375026969144955,0.0,0.11813441683396472,0.0683250845094366
2024-03-07,0.03996873263777702,0.5082840060814987,0.026179360497214345,0.06685369402175911,0.17460749017489308,0.07082300801485412,0.08470831064673921,0.028575397925264527
2024-03-08,0.05397182230019911,0.7018419425097782,0.0327495112132858,0.08637704448824429,0.0,0.0,0.08005017668328311,0.04500950280520946
2024-03-11,0.07210121159578867,0.6686787191301267,0.058092779360948,0.09848933664753405,0.0,0.0,0.06503307044435878,0.037604882821243954
2024-03-12,0.12161344948655145,0.4218590853327757,0.11902987833904236,0.11761551386138155,0.0,0.11249984380931774,0.04833166678043121,0.05905056239050007
2024-03-13,0.12817280032548062,0.4224277806587741,0.1280641871720298,0.07233271463609282,0.0,0.24900251720762273,0.0,0.0
2024-03-14,0.15443426843907157,0.29515110263159133,0.1964386320282058,0.0,0.0,0.3539759969011313,0.0,0.0
2024-03-15,0.0,0.0,1.0,0.0,0.0,0.0,0.0,0.0
2024-03-18,0.2438759257444841,0.0,0.7561240742555159,0.0,0.0,0.0,0.0,0.0
2024-03-19,0.0,0.0,0.34926988247425184,0.0,0.0,0.6507301175257482,0.0,0.0
2024-03-20,0.0,0.0,0.08112777024504907,0.0,0.2912947086082453,0.6275775211467057,0.0,0.0
2024-03-21,0.0,0.0,0.02746350536717387,0.0,0.43378425412719307,0.538752240505633,0.0,0.0
2024-03-22,0.0,0.0,0.0,0.0,0.5333287152982593,0.4666712847017407,0.0,0.0
2024-03-25,0.0,0.0,0.04572664146193918,0.017980174092267067,0.5360101121011409,0.40028307234465277,0.0,0.0
2024-03-26,0.0,0.0,0.0,0.0,0.6405716214848151,0.35942837851518505,0.0,0.0
2024-03-27,0.0,0.0,0.053446189501860114,0.06584759198697286,0.43236988490476397,0.34546076595329295,0.09438118494305167,0.008494382710058448
2024-03-28,0.0,0.08499716803645024,0.011201260671169628,0.038879190773989034,0.3524118456628273,0.3520660354148525,0.10186802441724915,0.05857647502346212
2024-04-01,0.018091181583790212,0.2415230431375478,0.06596136217179571,0.07129765564718343,0.21233440681261642,0.203579660779467,0.09380652327189225,0.09340616659570718
2024-04-02,0.0,0.9303925846548877,0.014673137747921795,0.01023285460254408,0.0,0.0,0.030122152830886467,0.014579270163760033
2024-04-03,0.0,1.0,0.0,0.0,0.0,0.0,0.0,0.0
2024-04-04,0.0,1.0,0.0,0.0,0.0,0.0,0.0,0.0
2024-04-05,0.12482578719984617,0.6441355711362928,0.077465409259393,0.06256961968944444,0.0,0.0,0.037552301041746394,0.05345131167327719
2024-04-08,0.13304076283129537,0.6769309662111223,0.07289059840383727,0.03139146516405154,0.0,0.0,0.004405545758171018,0.08134066163152247
2024-04-09,0.06004535933814723,0.8705939133852183,0.0,0.0,0.0,0.0,0.0,0.0693607272766345
2024-04-10,0.1458082867217182,0.7026254275753575,0.09654236002712638,0.0,0.0,0.0,0.0,0.055023925675797954
2024-04-11,0.012113730970572528,0.9878862690294276,0.0,0.0,0.0,0.0,0.0,0.0
2024-04-12,0.0,1.0,0.0,0.0,0.0,0.0,0.0,0.0
2024-04-15,0.0,1.0,0.0,0.0,0.0,0.0,0.0,0.0
2024-04-16,0.0,1.0,0.0,0.0,0.0,0.0,0.0,0.0
2024-04-17,0.0,1.0,0.0,0.0,0.0,0.0,0.0,0.0
2024-04-18,0.1570121987381692,0.4095261006803668,0.20164783252325955,0.18538021358384496,0.0,0.0,0.0464336544743595,0.0
2024-04-19,0.0,0.0,0.44173067503823277,0.5582693249617673,0.0,0.0,0.0,0.0
2024-04-22,0.23635676826816296,0.0,0.2697349929166429,0.2468411622669863,0.0,0.0,0.2470670765482079,0.0
2024-04-23,0.21420268945225246,0.0,0.2412360458413426,0.18977186988883024,0.0,0.0,0.206596394665829,0.14819300015174577
2024-04-24,0.15531667362323906,0.0,0.16002151682025864,0.09985183062522122,0.0,0.2559971509682222,0.10107583164272374,0.22773699632033506
2024-04-25,0.1532794103405261,0.0,0.12480894001995743,0.07180160713008855,0.0,0.3756197516083961,0.057506450434819945,0.2169838404662119
2024-04-26,0.08024006909965516,0.0,0.0639314997379814,0.031059315163224348,0.2471223234742462,0.4265857187576962,0.024151298153045227,0.12690977561415157
2024-04-29,0.04998951248974687,0.0,0.03783888725379991,0.023538650899264536,0.3410110068554458,0.41295098731043933,0.033268863401608124,0.1014020917896954
2024-04-30,0.03751578186635605,0.0,0.017004084838144837,0.009371153232252495,0.3745858751786017,0.4257739190773788,0.028466248743868425,0.10728293706339768
2024-05-01,0.0902502955783429,0.0,0.07765504701393014,0.07915248975370381,0.21868414603301803,0.27972831506978263,0.11023477316408951,0.14429493338713303
2024-05-02,0.07349431962434494,0.0,0.07265629402447321,0.07731378070243236,0.2589119363588817,0.2804009551641252,0.1049532027815746,0.1322695113441679
2024-05-03,0.03380202411060906,0.0,0.03711621319239327,0.048248255027035,0.3850843459708637,0.3291878217404982,0.07995545124452143,0.08660588871407948
2024-05-06,0.03101938452979478,0.024887554438343798,0.0358270563084359,0.046150306938109106,0.3913905361853938,0.3331591487065371,0.07239861238315302,0.06516740051023244
2024-05-07,0.0077829756361759055,0.03629050629481136,0.016536409630109578,0.03159818091117538,0.42898514322769793,0.36563833670425594,0.06352079821462214,0.049647649381151744
2024-05-08,0.019995450775391888,0.067596444008864,0.027160013917547084,0.04315502577653197,0.3814582010079034,0.33421998609959075,0.0689674507409134,0.0574474276732574
2024-05-09,0.0,0.12985725768465492,0.0019189562338420268,0.026094331007059202,0.3681186864550626,0.3649909857106633,0.05474726050200808,0.05427252240670989
2024-05-10,0.026891882128702357,0.20671213982873932,0.022164191454993657,0.03984585627564113,0.2778134713769056,0.30156737637818826,0.05569644162503174,0.06930864093179799
2024-05-13,0.009514408695973383,0.24549256112441722,0.0,0.01954940534722761,0.2920420632634567,0.32880972251736956,0.03814082050888315,0.06645101854267232
2024-05-14,0.014678596351017592,0.2800523842022244,0.0,0.019515363236304935,0.26380360572441347,0.30450013687723815,0.038967696403703296,0.07848221720509817
2024-05-15,0.01894939837112807,0.2703812638788778,0.0,0.01984743005003971,0.27695411800479325,0.2971837239088494,0.04073827407844697,0.07594579170786481
2024-05-16,0.030422410079731975,0.27190250366570823,0.008009118795046052,0.02759340305095671,0.25668644458072665,0.269850508129935,0.049691240749654045,0.0858443709482412
2024-05-17,0.05107044817359417,0.29463074825199487,0.0323877838708276,0.03945520394855339,0.21606642589066788,0.22782153953951073,0.04878540583805453,0.08978244448679683
2024-05-20,0.043200430058801864,0.38242853675573224,0.027170878305827376,0.02289881940622397,0.23992212576805752,0.19667282458535654,0.02140697188702843,0.06629941323297199
2024-05-21,0.0,0.6093888721258084,0.0,0.0,0.26249255607096,0.12811857180323155,0.0,0.0
2024-05-22,0.0,0.7512734835555406,0.0,0.0,0.2487265164444594,0.0,0.0,0.0
2024-05-23,0.125,0.125,0.125,0.125,0.125,0.125,0.125,0.125
2024-05-24,0.35663350410550293,0.0,0.6433664958944971,0.0,0.0,0.0,0.0,0.0
2024-05-28,1.0,0.0,0.0,0.0,0.0,0.0,0.0,0.0
2024-05-29,0.125,0.125,0.125,0.125,0.125,0.125,0.125,0.125
2024-05-30,0.125,0.125,0.125,0.125,0.125,0.125,0.125,0.125
2024-05-31,0.125,0.125,0.125,0.125,0.125,0.125,0.125,0.125
2024-06-03,0.125,0.125,0.125,0.125,0.125,0.125,0.125,0.125
2024-06-04,0.125,0.125,0.125,0.125,0.125,0.125,0.125,0.125
2024-06-05,0.012586647120628404,0.0,0.13517379946939959,0.28449144484306527,0.0,0.0,0.4522902363485949,0.11545787221831187
2024-06-06,0.0,0.24240230423076803,0.06111355387599548,0.1975496585538819,0.0,0.0,0.35522442566135753,0.14371005767799705
2024-06-07,0.1087146859647239,0.010604048394621979,0.15034439065107358,0.1663827623772329,0.11858481033888328,0.07734653370542043,0.1950565415679674,0.1729662270000764
2024-06-10,0.021722783411893605,0.0,0.13795211265292473,0.11658347147487248,0.27962671394160893,0.15194011671313842,0.11119797380007486,0.18097682800548698
2024-06-11,0.0,0.0,0.0,0.0,0.809433590188414,0.19056640981158596,0.0,0.0
2024-06-12,0.0,0.0,0.020964928994128794,0.006912825790243139,0.6190223691942879,0.3153733730603712,0.0014604069933544218,0.03626609596761462
2024-06-13,0.0,0.0,0.0,0.0,0.7044225919284477,0.2955774080715523,0.0,0.0
2024-06-14,0.0,0.0,0.0,0.0,0.7164150896678045,0.26174855539145747,0.021836354940738083,0.0
2024-06-17,0.017875765220861664,0.03838869147924332,0.048173047466561446,0.06190673811416352,0.4637198334049419,0.2349912527296267,0.07929926555908084,0.055645406025520594
2024-06-18,0.0,0.0,0.006680899631084765,0.026177945253084176,0.5983242041116106,0.3009253287105182,0.056088608482400736,0.011803013811301503
2024-06-20,0.004926803200664238,0.0807185861524056,0.038902580171354686,0.04951616591790596,0.4624695321116153,0.2632337373287939,0.06817247880273587,0.03206011631452443
2024-06-21,0.000404305601434467,0.02229549185512512,0.059384331077457955,0.060750374262680845,0.4638921886735638,0.28173250716425446,0.0733972384896149,0.038143562875868564
2024-06-24,0.0,0.0,0.06928604269589238,0.0,0.0,0.0,0.20508257193289128,0.7256313853712163
2024-06-25,0.17306983259656783,0.0,0.2211625476987545,0.17355593350935497,0.0,0.0,0.20970500366487474,0.22250668253044803
2024-06-26,0.2269881333171563,0.0,0.2550080068571215,0.17703433803576543,0.0,0.0,0.11437668597687407,0.22659283581308273
2024-06-27,0.24127176160499708,0.0,0.2459395773486523,0.0,0.0,0.0,0.0,0.5127886610463507
2024-06-28,0.26866598148110593,0.0,0.21599302797821324,0.09466517442961007,0.0,0.0,0.0,0.4206758161110708
2024-07-01,0.2676938783035453,0.0602315348232415,0.20721987485068868,0.1041803783008572,0.0,0.056991779198552556,0.0,0.3036825545231148
2024-07-02,0.18261140084562208,0.0,0.04738168372377258,0.0,0.30197748403276053,0.22318886468264715,0.0,0.24484056671519758
2024-07-03,0.06826611594283628,0.004982212885940295,0.0,0.0,0.5329370119335484,0.3248371803256827,0.0,0.06897747891199227
2024-07-05,0.05477822902127466,0.10386920160873606,0.013389347322100467,0.0,0.4838826987228533,0.29787962908762833,0.0,0.046200894237407246
2024-07-08,0.055888725362345175,0.06111448038397568,0.02783128356386471,0.018086157391409025,0.4834233252523151,0.2998773058470154,0.002309500944372805,0.051469221254701984
2024-07-09,0.050318533419154966,0.06407323896868354,0.0287171180595169,0.0282210008065418,0.45976560562757957,0.29178426610253305,0.023723545147199526,0.05339669186879066
2024-07-10,0.043505736933262804,0.0569877832130979,0.030110209120475746,0.03378456471639887,0.4338199290901626,0.30550167747130985,0.0403780311877727,0.055912068267519495
2024-07-11,0.02923110222908221,0.10994716816262315,0.013943288970076816,0.02873888692673566,0.35926078485073104,0.31950164527972946,0.05207146044744523,0.08730566313357643
2024-07-12,0.04745662404359507,0.1320971699773079,0.03518008470638955,0.05288908121721828,0.24095672856757192,0.28656551264685837,0.08380870396143696,0.12104609487962188
2024-07-15,0.059719285152041716,0.14883844729727702,0.04902525602402958,0.06260542056779667,0.18325822759045587,0.27095623055251267,0.08464898777614818,0.14094814503973832
2024-07-16,0.03785429373966347,0.21098861935497942,0.03287660486540395,0.04617314802905342,0.12506281478420522,0.3139757754616762,0.08046819175172573,0.15260055201329265
2024-07-17,0.04164499487148211,0.3194772791777519,0.0313618391361502,0.05708039459619143,0.0,0.1920804568930018,0.11885601768148941,0.2394990176439331
2024-07-18,0.06936514069483689,0.3189355165673019,0.06818284141683012,0.09628948055975119,0.0,0.0,0.1561755720627888,0.2910514486984911
2024-07-19,0.1075863215681698,0.04607758328883107,0.12174745051376397,0.14325149681261454,0.0,0.0,0.19912601929623341,0.3822111285203873
2024-07-22,0.1348660483699861,0.0,0.1685663625469251,0.15380278687393162,0.0,0.0,0.17022962981065465,0.37253517239850253
2024-07-23,0.0,0.0,0.1641780886837026,0.0,0.0,0.0,0.0,0.8358219113162975
2024-07-24,0.125,0.125,0.125,0.125,0.125,0.125,0.125,0.125
2024-07-25,0.125,0.125,0.125,0.125,0.125,0.125,0.125,0.125
2024-07-26,0.125,0.125,0.125,0.125,0.125,0.125,0.125,0.125
2024-07-29,0.125,0.125,0.125,0.125,0.125,0.125,0.125,0.125
2024-07-30,0.0,0.0,0.0,0.343501110254783,0.0,0.0,0.6564988897452171,0.0
2024-07-31,0.0,0.0,0.0,0.2538813296635528,0.0,0.0,0.7461186703364471,0.0
2024-08-01,0.0,0.0,0.0,0.13186423447876588,0.0,0.0,0.8681357655212341,0.0
2024-08-02,0.0,0.0,0.0,0.0,0.0,0.0,1.0,0.0
2024-08-05,0.0,0.0,0.0,0.24332786395640799,0.0,0.0,0.756672136043592,0.0
2024-08-06,0.16773982080935437,0.049103145867102356,0.12395508310567568,0.2383208947691407,0.0,0.0,0.3263946331701036,0.09448642227862333
2024-08-07,0.19692052265457785,0.0,0.1153897520650765,0.270966603664207,0.0,0.0,0.3831375094668223,0.033585612149316414
2024-08-08,0.21104028447613724,0.03766454963402727,0.16569822948879773,0.21986718233059926,0.0,0.0,0.258276187760382,0.10745356631005645
2024-08-09,0.0,0.0,0.0,0.0,1.0,0.0,0.0,0.0
2024-08-12,0.004754717576953414,0.1669313523559137,0.0011707889680603553,0.0,0.5896873898748394,0.2374557512242332,0.0,0.0
2024-08-13,0.022889073788404216,0.10251087727346948,0.021045250452722306,0.01118436349005265,0.4998755780457388,0.3215505767314305,0.010858526564178156,0.010085753654003772
2024-08-14,0.02165317665152957,0.05976611719456035,0.02112891640074012,0.009653687295757885,0.49965130256018053,0.3616285947847866,0.01170676748128904,0.014811437631155938
2024-08-15,0.03134358075453142,0.05374570995518108,0.0354913266644927,0.02116993964445899,0.4519255125598849,0.3529094128212098,0.021325916119788617,0.032088601480452464
2024-08-16,0.014392762817887015,0.07349938010560703,0.0196111979113804,0.001338864649239425,0.48447367668701985,0.39047288275274517,0.0011014522074244712,0.01510978286869654
2024-08-19,0.01415301075287129,0.07763049774133336,0.01670137676458058,0.0,0.4784748346594057,0.39680649232881654,0.0,0.016233787752992387
2024-08-20,0.0020547519342998693,0.07736259039927988,0.0,0.0,0.49983011550960366,0.42009030465259933,0.0,0.0006622375042172091
2024-08-21,0.022369799070559245,0.08220997647937237,0.017025766252735264,0.005100579870182845,0.45113560580896,0.3870403647471454,0.011026990400121384,0.02409091737092346
2024-08-22,0.03549645441507587,0.07568865376241786,0.03140024720791858,0.017175290112165932,0.4004314739311146,0.37357474923998285,0.017326269239830393,0.04890686209149398
2024-08-23,0.034978587650052684,0.07924459958282912,0.026789991528197096,0.010954845909256909,0.3725207006539776,0.39362640177384267,0.006621767879288225,0.07526310502255575
2024-08-26,0.03780716869543052,0.12530066716402039,0.025294863531720613,0.004620049777496185,0.2433186180050797,0.43226196129627853,0.0,0.13139667152997417
2024-08-27,0.08374428435974088,0.21504412142632337,0.05893206633942274,0.03491531813027921,0.0,0.3758118459856223,0.0,0.23155236375861152
2024-08-28,0.09176860201926024,0.2485385604792553,0.08801420556313383,0.044162474299811655,0.0,0.0,0.0,0.527516157638539
2024-08-29,0.09851909006524538,0.20616893814018988,0.15931339400398162,0.11819796796234193,0.0,0.0,0.0,0.4178006098282412
2024-08-30,0.08422720431445717,0.0,0.23450589482068465,0.1394012514423884,0.0,0.0,0.0,0.5418656494224698
2024-09-03,0.125,0.125,0.125,0.125,0.125,0.125,0.125,0.125
2024-09-04,0.0,0.0,0.0,0.0,0.0,0.0,0.0,1.0
2024-09-05,0.0,0.0,0.13566591921939963,0.22590322294526086,0.0,0.0,0.2701242533984136,0.3683066044369259
2024-09-06,0.0,0.0,0.0,0.2557042328774971,0.0,0.0,0.5301357454664669,0.214160021656036
2024-09-09,0.0,0.0,0.12410082115534042,0.25102524733961906,0.0,0.0,0.3795723877800253,0.24530154372501525
2024-09-10,0.0,0.0,0.0,0.04629687990682339,0.0,0.0,0.5898367959590162,0.3638663241341604
2024-09-11,0.011663684242865688,0.09224898828535631,0.10139596274677316,0.20161044926043536,0.0,0.0,0.3110590299298702,0.2820218855346993
2024-09-12,0.04693951652327052,0.2829096635808794,0.09084964192403218,0.1438329365037644,0.0,0.0,0.20536856435114514,0.2300996771169083
2024-09-13,0.02208916484559863,0.26920907579252246,0.03744867566877858,0.06242764524011774,0.24311237953426754,0.13831171142772264,0.09238389055138521,0.13501745693960723
2024-09-16,0.02907593219756594,0.2442282800001374,0.02709185559949738,0.04320164857075922,0.25100828669986625,0.22161789144602786,0.074251151897383,0.10952495358876292
2024-09-17,0.04820033494006528,0.20799276238564593,0.04214179074666483,0.050054467379172574,0.23370790843018027,0.24659500794003142,0.07326105928332384,0.09804666889491576
2024-09-18,0.07909290845950179,0.1737892728558972,0.07267974063433388,0.06543050341439878,0.18360239323408217,0.24410821948534653,0.06760006970169025,0.11369689221474948
2024-09-19,0.06714675603156865,0.15370347702010392,0.05648346208007525,0.03695323284802139,0.274378360933526,0.31531782704062533,0.022489512241167565,0.07352737180491196
2024-09-20,0.057489156627273365,0.2042414079328633,0.0442164273486583,0.015361665934369632,0.30319275083882746,0.33763085693917055,0.0,0.0378677343788374
2024-09-23,0.029873538414578616,0.25084356442804484,0.021019995903433234,0.0,0.31403240518188386,0.36423138130481736,0.0,0.019999114767242126
2024-09-24,0.03596924047585549,0.31980202208800185,0.017743794442914365,0.0,0.2859535292590983,0.32072184980059526,0.0,0.0198095639335348
2024-09-25,0.06477866857486637,0.3578922462639405,0.05315419986598962,0.018913225636074036,0.2386827613266792,0.22953066275622006,0.0,0.03704823557623022
2024-09-26,0.07499205011844044,0.4138977608650402,0.053335821353478315,0.010198275995407265,0.2678522185231387,0.17972387314449517,0.0,0.0
2024-09-27,0.0671931247041622,0.832966769288818,0.008676839523645553,0.0,0.09116326648337424,0.0,0.0,0.0
2024-09-30,0.23583999734023542,0.38732135549991675,0.21831353634446118,0.13951676370671362,0.0,0.0,0.01900834710867298,0.0
2024-10-01,0.125,0.125,0.125,0.125,0.125,0.125,0.125,0.125
2024-10-02,0.06424615512092154,0.07937296936224734,0.24737068606518184,0.2882551516507415,0.0,0.0,0.32075503780090775,0.0
2024-10-03,0.0,0.0,0.3154608633974571,0.34518160455757635,0.0,0.0,0.33935753204496655,0.0
2024-10-04,0.1485110948026148,0.018084346993546517,0.3195897641209056,0.24999312606584753,0.0,0.0,0.23286488084189536,0.030956787175190206
2024-10-07,0.125,0.125,0.125,0.125,0.125,0.125,0.125,0.125
2024-10-08,0.0,0.0,1.0,0.0,0.0,0.0,0.0,0.0
2024-10-09,0.0,0.0,0.07301995795255217,0.0,0.5742465861795083,0.35273345586793947,0.0,0.0
2024-10-10,0.0,0.0,0.0,0.0,0.6001349408408801,0.3998650591591199,0.0,0.0
2024-10-11,0.014847540950889854,0.0,0.04567841687772701,0.0,0.4824263513703074,0.45395361822277286,0.0,0.003094072578302843
2024-10-14,0.014872690448874648,0.0,0.037600306028904594,0.0054742348617904365,0.43853759601421044,0.4619070413504938,0.0,0.04160813129572612
2024-10-15,0.0,0.0,0.0,0.0,0.40858835659108667,0.5543338292491117,0.0,0.0370778141598017
2024-10-16,0.0003552786513273524,0.11027450206437274,0.027956158347801935,0.023846792185136703,0.246055651405473,0.41045337579923447,0.051357123603998286,0.12970111794265557
2024-10-17,0.026190464631182457,0.1803743536966562,0.05111751288231551,0.048255387641798486,0.16680544603600264,0.3254795187400464,0.06062212379340031,0.14115519257859802
2024-10-18,0.016036514900068674,0.24294309626362773,0.03716167664691736,0.03494418167820062,0.16910212527023658,0.31434711869459375,0.04329508949911112,0.14217019704724426
2024-10-21,0.03516788253261039,0.27026125268768636,0.050298704284966696,0.041283970320475614,0.19451829377246738,0.2645164036669778,0.03047625515727727,0.11347723757753843
2024-10-22,0.0009767797955312157,0.40313600933145644,0.019347741525365576,0.0024473145764655835,0.24341793542369738,0.24946134900720648,0.0,0.0812128703402774
2024-10-23,0.0,0.7674830850310176,0.016717916629231923,0.0,0.0,0.033662043982031785,0.0,0.18213695435771865
2024-10-24,0.061469191416736894,0.6420656275830284,0.05609862230309874,0.027234055040151358,0.0,0.0,0.012438460016616389,0.20069404364036803
2024-10-25,0.06799789639717278,0.5500280654679374,0.06372449524971294,0.03599045769809617,0.12344530298296191,0.0,0.02545715187364007,0.13335663033047868
2024-10-28,0.10909633015580238,0.3581404916914773,0.10539540638634681,0.07558658151243333,0.15776778325933152,0.0,0.07260345922131846,0.12140994777329023
2024-10-29,0.06229447574783718,0.4649671326798886,0.04366941486241005,0.0,0.42453352531777416,0.0,0.004535451392089923,0.0
2024-10-30,0.09397043619516963,0.5072583880296851,0.03619872119839857,0.0,0.3372690974287172,0.0,0.025303357148029365,0.0
2024-10-31,0.34677181239246635,0.6333874083822911,0.0,0.0,0.0,0.0,0.019840779225242553,0.0
2024-11-01,0.3462944810887218,0.05869302200783635,0.22659509470507744,0.1641194518326179,0.0,0.0,0.20429795036574652,0.0
2024-11-04,1.0,0.0,0.0,0.0,0.0,0.0,0.0,0.0
2024-11-05,0.34663454696617635,0.0,0.20083299088594964,0.13976853083027183,0.0,0.0,0.31276393131760205,0.0
2024-11-06,0.10576250039618401,0.0,0.1234246358454306,0.09283556192195117,0.2635250556132099,0.2649626322069625,0.09528640882952798,0.05420320518673387
2024-11-07,0.0,0.0,0.0037145064136718505,0.0,0.5105181663958668,0.4857673271904613,0.0,0.0
2024-11-08,0.0,0.0,0.02469017398239566,0.006303701555431364,0.47166436506370546,0.47297312289039917,0.010847759863738808,0.013520876644329716
2024-11-11,0.0,0.0,0.03153995094779249,0.016878201947542564,0.43801542721533104,0.46033463535574426,0.021573140668897442,0.0316586438646923
2024-11-12,0.0,0.0,0.03161756624832516,0.0137862362468768,0.4525665929547852,0.471871306988075,0.006081630981315411,0.0240766665806224
2024-11-13,0.0,0.0,0.023355993358847606,0.00013356630930377595,0.4680103978209074,0.4937346520096769,0.0,0.014765390501264308
2024-11-14,0.0,0.0,0.0,0.0,0.4886492091147719,0.5113507908852281,0.0,0.0
2024-11-15,0.0,0.0,0.0,0.0,0.0,1.0,0.0,0.0
2024-11-18,0.0,0.0,1.0,0.0,0.0,0.0,0.0,0.0
2024-11-19,0.125,0.125,0.125,0.125,0.125,0.125,0.125,0.125
2024-11-20,0.0,0.7574448136175039,0.08422943199329791,0.06662576208747227,0.0,0.0,0.0,0.09169999230172596
2024-11-21,0.0,0.8511384848635989,0.04307361831284672,0.02663729875737176,0.0,0.0,0.0,0.07915059806618252
2024-11-22,0.0,0.9321755187751067,0.0,0.0,0.0,0.0,0.0,0.06782448122489321
2024-11-25,0.0,0.9705563968543397,0.0,0.0,0.0,0.0,0.0,0.0294436031456603
2024-11-26,0.0,0.4780550170642862,0.022669668641633743,0.044509680273106714,0.021270222039423872,0.2083711584422405,0.059953644022430905,0.16517060951687798
2024-11-27,0.012957334113862254,0.42598390357877997,0.011545624432637059,0.04500418747338706,0.0,0.21795396690223692,0.08706570065796998,0.19948928284112677
2024-11-29,0.016429879779945478,0.3097607674520378,0.0004724037465049442,0.02907021309992765,0.12331497836408885,0.3242089676098793,0.08382746145961122,0.11291532848800472
2024-12-02,0.02519204150060541,0.15429225061065963,0.022617029649120445,0.04218497099223496,0.3143295745929147,0.30694534857380296,0.09272952273379594,0.04170926134686591
2024-12-03,0.04035039918442985,0.09838315533341287,0.04260792890868928,0.046814542321476194,0.39503258234407307,0.2901855260100126,0.07277343379235737,0.013852432105548807
2024-12-04,0.0,0.0324241780006381,0.009259307841121927,0.007317965498149379,0.5767800353102938,0.3413643129345258,0.03285420041527107,0.0
2024-12-05,0.01930207186357771,0.0,0.012512801343518669,0.010762173718679494,0.6076757367592255,0.3064938302515733,0.04325338606342541,0.0
2024-12-06,0.011616629366568484,0.0,0.004367005799359178,0.0016785106331152933,0.6949080650729679,0.2605957871054788,0.026834002022510215,0.0
2024-12-09,0.05747712092380163,0.0,0.047829766793181565,0.031285778763144464,0.6948961578154035,0.14278653873770683,0.025724636966761978,0.0
2024-12-10,0.0725522974291784,0.2067469547724697,0.07103678874640688,0.017515088804603365,0.6321488702473417,0.0,0.0,0.0
2024-12-11,0.0437624669304109,0.3528635973626348,0.06542584487167515,0.0032944409070301724,0.5346536499282492,0.0,0.0,0.0
2024-12-12,0.0,0.4661351288932637,0.03115593125198108,0.0,0.5027089398547552,0.0,0.0,0.0
2024-12-13,0.0,0.22669668568544482,0.04127763989865874,0.0,0.7320256744158964,0.0,0.0,0.0
2024-12-16,0.006828079072573124,0.0,0.01849170037378833,0.0,0.9746802205536385,0.0,0.0,0.0
2024-12-17,0.0,0.0,0.0,0.0,1.0,0.0,0.0,0.0
2024-12-18,0.125,0.125,0.125,0.125,0.125,0.125,0.125,0.125
2024-12-19,0.125,0.125,0.125,0.125,0.125,0.125,0.125,0.125
2024-12-20,0.125,0.125,0.125,0.125,0.125,0.125,0.125,0.125
2024-12-23,0.125,0.125,0.125,0.125,0.125,0.125,0.125,0.125
2024-12-24,0.15884990043200203,0.0,0.841150099567998,0.0,0.0,0.0,0.0,0.0
2024-12-26,0.06950332679833252,0.0,0.18106745763170232,0.0,0.0,0.7494292155699652,0.0,0.0
2024-12-27,0.0,0.0,0.04723756676006331,0.0,0.0,0.9527624332399367,0.0,0.0
2024-12-30,0.125,0.125,0.125,0.125,0.125,0.125,0.125,0.125
2024-12-31,0.08047151022287348,0.0,0.2180696445527147,0.20442359986237113,0.0,0.0,0.20305275025065914,0.2939824951113816
2025-01-02,0.0,0.206459455393412,0.17270490791995405,0.18103834359843055,0.0,0.0,0.22861135745571043,0.21118593563249294
2025-01-03,0.01583392162810451,0.18734004092914774,0.16371365982895225,0.1642146496104286,0.0,0.0,0.2155595933937693,0.25333813460959764
2025-01-06,0.04973819314397926,0.139176505701815,0.1438249723909123,0.13210055957574962,0.0,0.17481040006136087,0.1708275881340749,0.18952178099210798
2025-01-07,0.043930264814489264,0.268903755722122,0.1701071855486942,0.13067420758825665,0.0,0.0746481071638097,0.14484782417943243,0.16688865498319574
2025-01-08,0.0,0.47562571247962654,0.1501487147702258,0.09402458487056065,0.0,0.1052878187141734,0.0825245598803929,0.09238860928502081
2025-01-09,0.0,0.35573335077060936,0.1289445948190749,0.0959418599900688,0.0,0.24748306955038737,0.0847950770870682,0.08710204778279147
2025-01-10,0.014515077878672419,0.5399827508310859,0.1666596368306816,0.1263092985180634,0.0,0.0,0.15253323594149673,0.0
2025-01-13,0.0,0.38793424395263226,0.19962713204354673,0.1150741825148706,0.0,0.0,0.2973644414889504,0.0
2025-01-14,0.0,0.26679752386688455,0.19246445549640828,0.08990154559007069,0.0,0.0,0.45083647504663654,0.0
2025-01-15,0.0,0.10860399723728015,0.007923200924914265,0.03918342383278132,0.0,0.35780711386608816,0.4864822641389362,0.0
2025-01-16,0.0,0.12528913364628136,0.03668897308761855,0.06896245713056194,0.023467020472526502,0.42138153278628293,0.186792591618255,0.13741829125847363
2025-01-17,0.007703936947610204,0.046967860902790995,0.03197577912968261,0.04656854044174797,0.2990718001788745,0.3824566497404853,0.0894001829390468,0.09585524971976157
2025-01-21,0.01830940266439807,0.062233490774174546,0.020100730630251775,0.03341246877963717,0.32548796483670855,0.38259049430843434,0.06871450833386261,0.089150939672533
2025-01-22,0.027198564202461955,0.07250900658646768,0.021949378533795222,0.03209336754404756,0.3601853668738158,0.3614462128448725,0.05782007802102777,0.06679802539351155
2025-01-23,0.03504820796514667,0.07143127223049461,0.027922142682138305,0.034157599851942146,0.3608798583346786,0.35511044092548677,0.05142913287131237,0.0640213451388005
2025-01-24,0.031103097911920105,0.07530594769988454,0.013729981858610836,0.020828224084102277,0.38366028786976014,0.3817308691015114,0.03891161218409564,0.054729979290115055
2025-01-27,0.025741656169358872,0.037580163632032884,0.0,0.008003365408374938,0.3036550300669996,0.4811471658618577,0.05466189805693251,0.08921072080444348
2025-01-28,0.06105404355843735,0.09173111010014644,0.030159324456923913,0.0689630303453479,0.17589410387067134,0.3555315676256468,0.11216551530456066,0.10450130473826547
2025-01-29,0.09801667109963585,0.11431694951476923,0.067519529533218,0.14575266330914297,0.036493746954240264,0.24108970787643505,0.2146736107065799,0.08213712100597861
2025-01-30,0.0645765680012897,0.3700280310822767,0.06683889912767281,0.184429781170885,0.0,0.031195931834673462,0.27559029514326056,0.007340493639941762
2025-01-31,0.0004201649980046975,0.5840626664471504,0.039139816247617,0.1739838163078175,0.0,0.0,0.20239353599941037,0.0
2025-02-03,0.0,0.835654825188186,0.0,0.05483217793239987,0.0,0.0,0.1095129968794142,0.0
2025-02-04,0.0,0.7441351770807076,0.0294136790290413,0.1015564887037256,0.0,0.0,0.12489465518652546,0.0
2025-02-05,0.0,0.8940567630927626,0.0,0.0,0.0,0.0,0.10594323690723739,0.0
2025-02-06,0.0,0.6524524768806341,0.00825477416795458,0.07166073675556638,0.08920576690183532,0.0,0.17842624529400958,0.0
2025-02-07,0.0,0.7486885562898642,0.0024845383887918066,0.06343776612236449,0.0,0.0,0.18538913919897962,0.0
2025-02-10,0.0,0.6080476037857655,0.05466769298605472,0.06704842606143296,0.16825691569721377,0.0,0.10197936146953304,0.0
2025-02-11,0.016079702928786164,0.5672975437332949,0.05893070333442341,0.03952084184434836,0.2866953530793564,0.0,0.020238121697200007,0.011237733382590875
2025-02-12,0.09335156435254803,0.41298581091268194,0.09105433078336447,0.03636183945165681,0.34770730791748383,0.0,0.0,0.018539146582265024
2025-02-13,0.0,0.3572640160283291,0.0,0.0,0.6427359839716711,0.0,0.0,0.0
2025-02-14,0.04850416136609573,0.006717117122249225,0.0,0.0,0.9134873044565957,0.03129141705505938,0.0,0.0
2025-02-18,0.10721401847351199,0.11036190671368494,0.0651460199967021,0.027874750891920444,0.5171023217429286,0.161252053628759,0.0,0.011048928552493016
2025-02-19,0.06495335648689733,0.06376955304469903,0.012735894377417668,0.0,0.6492613499217315,0.2092798461692546,0.0,0.0
2025-02-20,0.15607812713071334,0.02248391667402561,0.013807589677564496,0.0,0.7454847186593857,0.06214564785831079,0.0,0.0
2025-02-21,0.125,0.125,0.125,0.125,0.125,0.125,0.125,0.125
2025-02-24,0.5790613698108853,0.0,0.13094012251577755,0.2899985076733372,0.0,0.0,0.0,0.0
2025-02-25,0.125,0.125,0.125,0.125,0.125,0.125,0.125,0.125
2025-02-26,0.07037808313126946,0.0,0.06740044253260381,0.36264113906573675,0.0,0.0,0.49958033527039,0.0
2025-02-27,0.0,0.0,0.09111831308846319,0.36002871960107014,0.0,0.0,0.44972144632785926,0.09913152098260748
2025-02-28,0.0,0.0,0.0,0.3172707573690215,0.0,0.0,0.5083383423347833,0.17439090029619525
2025-03-03,0.0,0.0,0.0,0.19514437545431593,0.0,0.0,0.598382522040076,0.20647310250560794
2025-03-04,0.15160841802596056,0.0,0.1297592215069106,0.23676905930388523,0.0,0.0,0.2574206094136546,0.2244426917495889
2025-03-05,0.2680849155341328,0.025891826350349808,0.14439308136694262,0.17113867367220112,0.0,0.0,0.15356925776644942,0.23692224530992417
2025-03-06,1.0,0.0,0.0,0.0,0.0,0.0,0.0,0.0
2025-03-07,0.5317098842738169,0.19822247409081392,0.1274047591268608,0.07388454703722576,0.0,0.0,0.0,0.06877833547128255
2025-03-10,1.0,0.0,0.0,0.0,0.0,0.0,0.0,0.0
2025-03-11,0.5993363830883128,0.4006636169116872,0.0,0.0,0.0,0.0,0.0,0.0
2025-03-12,0.37034348163867226,0.4923733677744596,0.08316085335028105,0.05412229723658722,0.0,0.0,0.0,0.0
2025-03-13,0.0,1.0,0.0,0.0,0.0,0.0,0.0,0.0
2025-03-14,0.17408641081005338,0.5915268065096667,0.09253135447281673,0.08485096658230061,0.0,0.0,0.057004461625162525,0.0
2025-03-17,0.06435452097737994,0.5030450256727956,0.02328712018674261,0.007032342630102041,0.23164285393576048,0.16398185934674003,0.0016784554137898168,0.004977821836689583
2025-03-18,0.00670516480292555,0.535018185459477,0.0,0.0,0.2272234655629614,0.2310531841746361,0.0,0.0
2025-03-19,0.02466467345022581,0.317349557833471,0.03288587877144829,0.025838632564222922,0.2470518795790038,0.26699714881444103,0.03900930458542065,0.04620292440176642
2025-03-20,0.0,0.3143834197115618,0.0034729398341920062,0.0,0.2970222161491445,0.3373967535549554,0.020784708053261172,0.026939962696885138
2025-03-21,0.0,0.21649993170641266,0.016600171750498688,0.015410712503593146,0.3319447614538888,0.35619830265783425,0.030650689298099,0.03269543062967337
2025-03-24,0.009163762412590445,0.1087328796359208,0.04525804489441979,0.03889601411532223,0.34334527281155136,0.34646799209981255,0.043861989400948743,0.06427404462943398
2025-03-25,0.0,0.05262978507673397,0.008283091818621824,0.0,0.46717466329738366,0.4428087942319987,0.0013515101712832918,0.027752155403978452
2025-03-26,0.0,0.025364920516948317,0.0073025571960929165,0.0,0.47174709435018425,0.45699714911725703,0.0,0.038588278819517666
2025-03-27,0.0,0.06809561481976302,0.006612788445223778,0.0,0.43764028876982136,0.4403048954061876,0.0,0.04734641255900413
2025-03-28,0.0,0.5364412581742193,0.0,0.0,0.08082165613930324,0.38273708568647735,0.0,0.0
2025-03-31,0.0,0.7172156115343163,0.0,0.056306394008011684,0.0,0.0,0.08064332535496181,0.1458346691027101
2025-04-01,0.0,0.6078208769637092,0.0,0.08898019518818104,0.0,0.0,0.1643776841367803,0.13882124371132937
2025-04-02,0.06772419844835839,0.4178875543928093,0.05733510915422695,0.1198332121667563,0.0,0.0,0.18790197921274515,0.14931794662510398
2025-04-03,0.125,0.125,0.125,0.125,0.125,0.125,0.125,0.125
2025-04-04,0.125,0.125,0.125,0.125,0.125,0.125,0.125,0.125
2025-04-07,0.32507296747462755,0.0,0.0,0.31411867004709176,0.0,0.0,0.3608083624782808,0.0
2025-04-08,0.6583392198777664,0.0,0.0,0.3261066213130086,0.0,0.0,0.015554158809224903,0.0
2025-04-09,0.27957896169403956,0.07246588951469261,0.18878000230057965,0.23327898582839846,0.0,0.0,0.2021514577270933,0.02374470293519645
2025-04-10,1.0,0.0,0.0,0.0,0.0,0.0,0.0,0.0
2025-04-11,0.2999696930605257,0.579744822889627,0.0655771727809544,0.03712828808877241,0.01758002318012036,0.0,0.0,0.0
2025-04-14,0.14874536554643855,0.4535901549965567,0.0,0.0,0.2837114866209721,0.11395299283603272,0.0,0.0
2025-04-15,0.08733723939080801,0.29606313095067366,0.007076062472078251,0.0,0.3386734086006664,0.25132563597463825,0.0,0.019524522611135416
2025-04-16,0.07534799242256604,0.48804026219892976,0.0,0.0,0.22772491183997678,0.1785031238056871,0.0,0.030383709732840318
2025-04-17,0.10073641554582839,0.37355731217787236,0.06339997753558005,0.04202294888058003,0.14014768857973334,0.1467733677694664,0.024135951402142777,0.10922633810879671
2025-04-21,0.11091543536698334,0.7467254592118321,0.033736159626584224,0.0,0.0,0.0,0.0,0.10862294579460044
2025-04-22,0.10894351309308811,0.6425852082946883,0.06505498083855829,0.025385432747901435,0.0,0.006153497626708899,0.0,0.15187736739905486
2025-04-23,0.0707591075252271,0.3462989614630009,0.07689778152466316,0.03828005777130709,0.08495297149118017,0.19433035634245827,0.023968956392594484,0.16451180748956887
2025-04-24,0.030959800227609822,0.13805250960451276,0.05648783215105133,0.0337171197532474,0.2708127145349123,0.32500879583069453,0.04260045889928696,0.10236076899868485
2025-04-25,0.0,0.0,0.026291153670229713,0.01190498658297753,0.4161093176649098,0.4468404316122412,0.03905785596331506,0.05979625450632684
2025-04-28,0.0,0.0,0.01916137916357058,0.01918345926675816,0.42119681368639983,0.4418070556905772,0.05544805483589714,0.043203237356796875
2025-04-29,0.0,0.0,0.029059198944935475,0.040317587917298676,0.39530002169519224,0.4087142077348613,0.08229461576128713,0.04431436794642519
2025-04-30,0.0,0.0,0.0,0.017603148764713493,0.44093875004928096,0.47130514698262604,0.07015295420337948,0.0
2025-05-01,0.0,0.0,0.054370122341272836,0.09571194602424142,0.3407269921475958,0.323459166663327,0.12204206638821308,0.06368970643534977
2025-05-02,0.02293070712987427,0.0,0.06555715567504976,0.08512834656567199,0.33359921911493207,0.32181153183069944,0.09173187045275058,0.07924116923102184
2025-05-05,0.0,0.0,0.02043828399274821,0.028004039127293916,0.4510914707351718,0.44035855155628045,0.009569018511428167,0.05053863607707748
2025-05-06,0.0,0.0,0.0,0.0,0.4825786137691527,0.5174213862308473,0.0,0.0
2025-05-07,0.0,0.24784378013606106,0.0,0.0,0.2213963179024561,0.5307599019614827,0.0,0.0
2025-05-08,0.1463335145385367,0.16452236713461044,0.22123027555582986,0.17401991988586935,0.0,0.01952599826102787,0.06960260078860168,0.20476532383552407
2025-05-09,0.125,0.125,0.125,0.125,0.125,0.125,0.125,0.125
2025-05-12,0.08631027612083607,0.0,0.14080778576802877,0.0974413797853816,0.24031100333251432,0.2329885328810801,0.0739958910891619,0.12814513102299724
2025-05-13,0.0,0.0,0.06205881869005096,0.0,0.5446798361521576,0.3932613451577914,0.0,0.0
2025-05-14,0.0,0.0,0.025408805711760234,0.0,0.6147650164653294,0.3598261778229105,0.0,0.0
2025-05-15,0.0,0.0,0.0,0.0,0.628506665285505,0.371493334714495,0.0,0.0
2025-05-16,0.0,0.0,0.02805644793326756,0.0,0.5673331231307736,0.40461042893595905,0.0,0.0
2025-05-19,0.01860149067041184,0.0,0.01968785641991525,0.0,0.5324812325015984,0.42096841632713483,0.0,0.008261004080939788
2025-05-20,0.07903190739167888,0.0017257418577634452,0.032188677512673416,0.00822173129110392,0.4845444938077488,0.3752550322339256,0.0,0.019032415905105925
2025-05-21,0.24996811734429628,0.7500318826557038,0.0,0.0,0.0,0.0,0.0,0.0
2025-05-22,0.18217878877113647,0.8178212112288635,0.0,0.0,0.0,0.0,0.0,0.0
2025-05-23,0.1211267455755167,0.8788732544244833,0.0,0.0,0.0,0.0,0.0,0.0
2025-05-27,0.17108002557420143,0.6958946161867915,0.0235442614241835,0.07767263520206802,0.0,0.0,0.03180846161275559,0.0
2025-05-28,0.1583490603527829,0.6438374813648492,0.03788234793594676,0.09349826487946451,0.0,0.0,0.06643284546695673,0.0
2025-05-29,0.11756500435819014,0.8031734961048345,0.0,0.03440698710142806,0.0,0.0,0.04485451243554747,0.0
2025-05-30,0.12260832885253142,0.6943974772926047,0.0,0.07024773322755697,0.0,0.0,0.10085907909303346,0.011887381534273475
2025-06-02,0.1289720199740066,0.5523246886525754,0.057172540192702195,0.08727420222897685,0.0,0.0,0.09272474437591204,0.08153180457582684
2025-06-03,0.11707517262931655,0.5639066801936722,0.06534823403609585,0.08193941133081867,0.0,0.0,0.0823183336617508,0.08941216814834596
2025-06-04,0.007824901527946756,0.9798354664496224,0.0,0.0,0.0,0.0,0.012339632022430817,0.0
2025-06-05,0.10314062164139222,0.4501275438237802,0.06094446429057636,0.0747811065482977,0.0938224337149301,0.0,0.12009184245963915,0.09709198752138432
2025-06-06,0.09776496561410027,0.1315952083834303,0.08674490448611152,0.07423325737199962,0.22321447159326313,0.17949941089436486,0.09397927485053453,0.11296850680619576
2025-06-09,0.03328347930618704,0.0,0.023392883811470835,0.0,0.47030019257607386,0.3901141268425073,0.007502245194217968,0.07540707226954309
2025-06-10,0.04530696663950738,0.0,0.039153142870870856,0.005821797464100068,0.4307856332235587,0.374412672286829,0.023221794203199215,0.08129799331193467
2025-06-11,0.004180831824481569,0.0,0.0,0.0,0.5104144739656479,0.44417344528118746,0.0,0.041231248928683184
2025-06-12,0.04457228966648308,0.08476554684875826,0.0023926239564807904,0.0,0.39649739930302536,0.3966181569234849,0.016058362082743968,0.0590956212190236
2025-06-13,0.08885157471785465,0.302527685383751,0.03912165159618374,0.030210486689712344,0.2009185794739454,0.21962349115776567,0.04418179738560577,0.0745647335951814
2025-06-16,0.09992965050249959,0.23943852857253786,0.0638794802211166,0.04839386468738675,0.22826852216372734,0.20640300962526673,0.038602441029838466,0.07508450319762673
2025-06-17,0.0,0.6712969500134051,0.0,0.0,0.30231434360429055,0.02638870638230447,0.0,0.0
2025-06-18,0.08765603653761536,0.30642720559416475,0.10408026615694115,0.06670052126413119,0.2825175900497823,0.052233687731949405,0.035415429129685365,0.06496926353573046
2025-06-20,0.09176074340297503,0.09524454598606871,0.15256806451454605,0.10460448276864306,0.26086721491462755,0.09029969620061978,0.0781557619876545,0.12649949022486537
2025-06-23,0.012663185459228418,0.0,0.06541061919081312,0.02261796639364261,0.4488712850538358,0.34516400571810896,0.0,0.10527293818437104
2025-06-24,0.016672020895713725,0.0,0.04017386698176404,0.022082910808164467,0.44711210865860307,0.3840896264757911,0.017006351539104462,0.07286311464085918
2025-06-25,0.019734073851283084,0.0,0.034689819306801116,0.018962500329327683,0.4752946221194431,0.40052709373847484,0.018134429300417903,0.03265746135425227
2025-06-26,0.021298813504629217,0.0,0.02966842191684158,0.01792482513591631,0.48090360398886545,0.41435067254565006,0.019879428795983343,0.01597423411211404
2025-06-27,0.027432140346202664,0.0,0.034716344273117664,0.022319927152816412,0.45841591091553124,0.4125394865730237,0.021891238521049204,0.022684952218259093
2025-06-30,0.020875427395214807,0.0,0.026291803570897287,0.012716044876193442,0.47340162495609706,0.4314154919523772,0.015505234891278238,0.01979437235794208
2025-07-01,0.02318462040087151,0.0,0.028191020838494465,0.013154484979643116,0.4399184379526094,0.44072734683176423,0.02262119632363017,0.03220289267298702
2025-07-02,0.0334084990675248,0.0,0.038433435123172946,0.021230867565194853,0.40623340411665143,0.42084300357476756,0.030743533585015033,0.04910725696767341
2025-07-03,0.02576596268709495,0.0,0.0378598491305502,0.014791010029760812,0.41544326084506367,0.43258163057601545,0.020319108260858136,0.05323917847065675
2025-07-07,0.0,0.0,0.02287847212422601,0.0,0.46233008630364464,0.47577696889890775,0.0,0.03901447267322157
2025-07-08,0.0,0.0,0.020357682641121082,0.0,0.4754390418590028,0.4695161468845712,0.0,0.03468712861530496
2025-07-09,0.0,0.0,0.0,0.0,0.5148374325453278,0.4763250158736242,0.0,0.008837551581048066
2025-07-10,0.0,0.0,0.010605532733769086,0.0,0.480771502908772,0.47746452859685073,0.0,0.03115843576060802
2025-07-11,0.0,0.0446617312068891,0.046670478101989196,0.006644669237669447,0.41668718896486756,0.4078896591246505,0.0,0.07744627336393407
2025-07-14,0.0,0.056554064734381015,0.027968172150663877,0.0,0.44605736098940796,0.376381908765473,0.0,0.09303849336007418
2025-07-15,0.0,0.0,0.02715071661926372,0.0,0.6620576496053163,0.2282335483188477,0.0,0.0825580854565721
2025-07-16,0.0,0.05931743011841696,0.005144131383689109,0.0,0.8149387543984279,0.0,0.0,0.12059968409946609
2025-07-17,0.0,0.08372684528191023,0.06730742960742507,0.0,0.65912154961547,0.08263761004204785,0.0,0.10720656545314697
2025-07-18,0.0,0.09092389857503667,0.0,0.0,0.8755620788006383,0.0,0.0,0.033514022624325096
2025-07-21,0.0,0.3244306426229464,0.0,0.0,0.5844723281709244,0.06924195549308665,0.0,0.021855073713042593
2025-07-22,0.025373243086582092,0.4221539620326056,0.025520071597056406,0.03913842049981329,0.2807115007865771,0.08019018589944434,0.03494056911182574,0.0919720469860955
2025-07-23,0.08476022809842633,0.22697264070389211,0.06322521674110822,0.06782347372641066,0.18553701972785472,0.18858630863549558,0.07579438920127539,0.10730072316553693
2025-07-24,0.08879889752757482,0.15543125651782008,0.04027010973297983,0.04437752739701371,0.2107608907169951,0.2815918064056531,0.06581586086859939,0.11295365083336395
2025-07-25,0.08907434280897238,0.0,0.01991414540101164,0.03090657784303498,0.2337896766064796,0.43735823822141595,0.08177827293212493,0.10717874618696042
2025-07-28,0.06634756544917629,0.0,0.060286542333403,0.06919458399321007,0.2417367732213547,0.38437889692881244,0.11035432949745752,0.0677013085765859
2025-07-29,0.0,0.0,0.0,0.0,0.19898454698799659,0.6191238205418588,0.1818916324701447,0.0
2025-07-30,0.0,0.0,0.08813680441686111,0.14487878722151037,0.24284417471410702,0.20782267758769693,0.28378369655487967,0.032533859504944945
2025-07-31,0.0,0.0,0.09327680496014358,0.26510775243873985,0.0,0.0,0.6416154426011166,0.0
2025-08-01,0.125,0.125,0.125,0.125,0.125,0.125,0.125,0.125
2025-08-04,0.028545000078959416,0.0876000161344446,0.12048029602895388,0.3058785966166576,0.0,0.0,0.4574960911409846,0.0
2025-08-05,0.03169978209452917,0.3513758219908627,0.05770450047941172,0.21022501396871998,0.0,0.0,0.34899488146647634,0.0
2025-08-06,0.123267950652232,0.3889275494865853,0.07690059218158768,0.16892099976590716,0.0,0.0,0.2419829079136878,0.0
2025-08-07,0.13138692823246723,0.555393117005414,0.037346799496323385,0.11427422146215573,0.0,0.0,0.16159893380363957,0.0
2025-08-08,0.12994652152517516,0.40134519240753075,0.06196548835703483,0.08664252364204342,0.2205427019372239,0.0,0.09955757213099194,0.0
2025-08-11,0.11764343581969801,0.2444796258172647,0.032016696047655786,0.043414966169233966,0.45301583691324504,0.061901605940855885,0.047527833292046545,0.0
2025-08-12,0.09462144802637582,0.05232819222187621,0.04784260478861145,0.04014140303970005,0.4481253321498626,0.2884387836904176,0.02850223608315621,0.0
2025-08-13,0.06577630967176483,0.0,0.020882407594457086,0.008380215985065035,0.490649208151412,0.4141378275661117,0.00017403103118922414,0.0
2025-08-14,0.06293960177417116,0.0,0.029793262946182127,0.014330036593976166,0.43615674122455267,0.4358101268196165,0.002564418746012897,0.018405811895488386
2025-08-15,0.08388791834526338,0.0,0.04770139230477061,0.02386421688936354,0.3565633108020506,0.4290689598808315,0.0018368725943920415,0.057077329183328265
2025-08-18,0.07789977004300425,0.0,0.03325292935809702,0.0,0.32798601805396393,0.5192041552610184,0.0,0.0416571272839166
2025-08-19,0.03588655769208312,0.0,0.0,0.0,0.0,0.8326767311039176,0.0,0.13143671120399922
2025-08-20,0.01926794554416572,0.0,0.0,0.0,0.0,0.0991948695088821,0.0,0.8815371849469522
2025-08-21,0.0433365841742066,0.0,0.16806004689685108,0.047219606619881616,0.0,0.0,0.0,0.7413837623090607
2025-08-22,0.10998121877586874,0.0,0.1727029388646055,0.12820435069641994,0.0,0.0,0.08267095932842872,0.506440532334677
2025-08-25,0.0,0.0,0.1414786109969889,0.08114646552811564,0.0,0.0,0.05497249768855228,0.7224024257863433
2025-08-26,0.0,0.2760545326940156,0.11678420788961703,0.09103178761192982,0.0,0.0,0.06574666858793428,0.45038280321650326
2025-08-27,0.0,0.4470989476063813,0.07451577528890346,0.07729408755870201,0.0,0.11832947188008587,0.03760239040746052,0.24515932725846679
2025-08-28,0.0,0.517285025590179,0.030337540452652308,0.05158190630261787,0.0,0.24255759014115255,0.03745156090790709,0.12078637660549117
2025-08-29,0.010881163717332352,0.6017924467757766,0.029659409949327902,0.05827292964889725,0.0,0.16318818934368753,0.0311047026649174,0.10510115790006108
2025-09-02,0.036962484372957335,0.7608332643584989,0.05268393210839892,0.06769232616623459,0.0,0.0,0.0329086471725253,0.04891934582138506
2025-09-03,0.0,0.9472856955201633,0.017442924778814952,0.029690788298912054,0.0,0.0,0.005580591402109682,0.0
2025-09-04,0.0,0.7638334501427789,0.00630440420330991,0.020840771434674592,0.11847680474807819,0.07155296380931958,0.018991605661838728,0.0
2025-09-05,0.0,0.6626350596362109,0.0,0.0015730668924153382,0.22765879147212234,0.07340078941229247,0.03473229258695884,0.0
2025-09-08,0.0,0.5157220883472962,0.0,0.022621605372688647,0.28372732384213245,0.09724433931301711,0.08068464312486565,0.0
2025-09-09,0.02264986039445563,0.36660813690278743,0.021415258171617952,0.043745536418234476,0.3033681357763507,0.13842287611981413,0.0939801088473928,0.009810087369346772
2025-09-10,0.0,0.3649911566327218,0.0,0.02626784003449251,0.34278491584082266,0.16994059349813453,0.09601549399382854,0.0
2025-09-11,0.015004001200339361,0.22292492656373736,0.0186930799005181,0.04042216727400771,0.3271957174715678,0.2463354058462164,0.10233362804718131,0.02709107369643199
2025-09-12,0.022084560168918063,0.1489698604366894,0.025339071973856705,0.03948589050960268,0.3569747423117828,0.26595292192932113,0.09819436656880681,0.04299858610102244
2025-09-15,0.017421039028477345,0.11848725944455359,0.021915311039425553,0.028836603316615587,0.40687939893334163,0.2908211597619871,0.08019217332260839,0.03544705515299079
2025-09-16,0.01814869975782814,0.09069995757775409,0.000716110584579994,0.006222318021670793,0.49253026938328437,0.31558978796671777,0.06890170603271707,0.007191150675447704
2025-09-17,0.056500357296204846,0.0,0.03253193840159909,0.028291403145792857,0.4879160900232032,0.2836786237190058,0.08366669153474322,0.027414895879451028
2025-09-18,0.07195726933963038,0.0,0.07327045307649659,0.05077611862560892,0.4384901033630472,0.24468785966903858,0.057549417506476575,0.06326877841970169
2025-09-19,0.002035685456093939,0.0,0.033393572418372285,0.0,0.6320014070552216,0.3325693350703121,0.0,0.0
2025-09-22,0.019576105553362567,0.0,0.05036609953556836,0.0009489663782620138,0.5922488479233844,0.3368599806094226,0.0,0.0
2025-09-23,0.0,0.05790665381234092,0.0,0.0,0.6878260929221195,0.2542672532655396,0.0,0.0
2025-09-24,0.0,0.14306852911075707,0.143057559280168,0.0,0.7138739116090749,0.0,0.0,0.0
2025-09-25,0.0,1.0,0.0,0.0,0.0,0.0,0.0,0.0
2025-09-26,0.0,0.7140146097676026,0.23565027065419314,0.05033511957820423,0.0,0.0,0.0,0.0
2025-09-29,0.0,1.0,0.0,0.0,0.0,0.0,0.0,0.0
2025-09-30,0.0,0.9322545513298038,0.025440813461547286,0.009747832336567638,0.0,0.0,0.0,0.03255680287208119
2025-10-01,0.0,0.9312069114223269,0.0,0.013055680409628566,0.0,0.0,0.01067950394499065,0.04505790422305382
2025-10-02,0.0,0.8142167303231401,0.00537139248668367,0.05809278812434358,0.0,0.0,0.07723051154277362,0.04508857752305898
2025-10-03,0.020304369112447044,0.5532042003444058,0.045782317079857464,0.08806177373380797,0.0,0.0956270768554816,0.11136964400955204,0.08565061886444804
2025-10-06,0.038965357947250465,0.4857674338695137,0.054374878121465305,0.07086869411398974,0.07224125647379932,0.15012402250362045,0.07113555346219487,0.05652280350816601
2025-10-07,0.0,0.9796527812371701,0.0,0.0,0.0,0.020347218762829897,0.0,0.0
2025-10-08,0.0,0.7562287373948874,0.0,0.018294636454713485,0.09795270149216048,0.10753886729914794,0.019985057359090733,0.0
2025-10-09,0.0,0.7635867897288641,0.0,0.011476791347519012,0.18063881712204208,0.03272488339420705,0.011572718407367918,0.0
2025-10-10,0.0,1.0,0.0,0.0,0.0,0.0,0.0,0.0
2025-10-13,0.0419404981425997,0.6177719717008407,0.06017922354483462,0.12612488762572224,0.0,0.0,0.15398341898600265,0.0
2025-10-14,0.0,0.8416838226058466,0.0,0.05993050031975435,0.0,0.0,0.098385677074399,0.0
2025-10-15,0.04811117927746125,0.6569073787696841,0.051876817832026995,0.08397456116096087,0.0,0.0,0.1001326749490128,0.05899738801085407
2025-10-16,0.0,1.0,0.0,0.0,0.0,0.0,0.0,0.0
2025-10-17,0.0712137485992853,0.6206538287869772,0.04859411603167051,0.07185789031169597,0.0,0.0,0.0876344868583205,0.10004592941205043
2025-10-20,0.04299754597341123,0.7079416699125917,0.02638264748123325,0.041965812818354056,0.01629308852453817,0.0,0.060953381263764345,0.10346585402610732
2025-10-21,0.0015390984561569003,0.31532746346431834,0.0,0.01955250776053773,0.23516284762190698,0.18909629166211064,0.06961842928435609,0.16970336175061326
2025-10-22,0.036561431832558465,0.0,0.028412809859370756,0.05872568397503488,0.19862494805975894,0.287958922260509,0.12150731330587244,0.2682088907068957
2025-10-23,0.07563515564113843,0.0,0.07435578624599144,0.07226301808053198,0.23252522899785769,0.28487790799408397,0.08970131526574919,0.17064158777464733
2025-10-24,0.04155812488192318,0.0,0.04330226629946205,0.030237037418089703,0.34739138833664723,0.37920909038031897,0.038896914538699784,0.11940517814485913
2025-10-27,0.03337870465956589,0.0,0.03587356032378362,0.020128998768452155,0.4153017550049726,0.39200986356867223,0.026160885832726875,0.07714623184182659
2025-10-28,0.009723944496724616,0.0,0.011343883027033099,0.0,0.5239167402873165,0.4358300542302749,0.0028872272870742654,0.01629815067157646
2025-10-29,0.026617124019579386,0.0,0.030039830850690383,0.011918325961016349,0.5224014158335213,0.3938245004517298,0.015198802883462925,0.0
2025-10-30,0.0010293513846813729,0.0,0.010635344118317309,0.0,0.5917950389416032,0.3965402655553981,0.0,0.0
2025-10-31,0.0,0.0,0.0061653842731498555,0.0,0.6322941973432328,0.3615404183836174,0.0,0.0
2025-11-03,0.0,0.0,0.0,0.0,0.7161194184198105,0.2838805815801895,0.0,0.0
2025-11-04,0.125,0.125,0.125,0.125,0.125,0.125,0.125,0.125
2025-11-05,0.22821856440273286,0.0,0.45334295216833265,0.3184384834289345,0.0,0.0,0.0,0.0
2025-11-06,0.0,1.0,0.0,0.0,0.0,0.0,0.0,0.0
2025-11-07,0.04262011141534777,0.906564532176409,0.02532219524477391,0.025493161163469374,0.0,0.0,0.0,0.0
