date,FXE,GLD,HYG,IEF,QQQ,SPY,TLT,VNQ
2022-01-31,0.0,0.0,0.0,0.10851949504925673,0.22203022562946076,0.34871902932714266,0.1746890112918833,0.14604223870225652
2022-02-01,0.02214613504958557,0.0,0.04071359726137711,0.05591023243765266,0.3624638278022638,0.3636036936951138,0.06010654352183866,0.09505597023216834
2022-02-02,0.003255866594729197,0.0,0.007834699737932996,0.014531644403460355,0.440256359204127,0.4424144208403325,0.015931080652697046,0.07577592856672097
2022-02-03,0.008110765007063873,0.0,0.0,0.0,0.41363323817016034,0.49621858893884074,0.0,0.08203740788393508
2022-02-04,0.07922525363513687,0.0,0.027310718750111956,0.020109360441980948,0.35449446808998686,0.41613403967725154,0.0,0.10272615940553183
2022-02-07,0.07941075808928535,0.0,0.0,0.0,0.36311494703694863,0.4691627997661683,0.0,0.08831149510759763
2022-02-08,0.08999394722825593,0.04832155739273341,0.019572124801566913,0.0,0.3359191365921475,0.4238252606219012,0.0,0.08236797336339509
2022-02-09,0.074182503492554,0.07640269351517856,0.031192127678264694,0.00456705552679271,0.3377859999730275,0.3854715961830178,0.0,0.0903980236311649
2022-02-10,0.04350171543698916,0.0764317237237972,0.0,0.0,0.3738152455550638,0.46967401044700763,0.0,0.03657730483714231
2022-02-11,0.0,1.0,0.0,0.0,0.0,0.0,0.0,0.0
2022-02-14,0.12752965778070294,0.7224819201314154,0.07706616474540025,0.0302692111988335,0.0,0.0,0.0,0.04265304614364791
2022-02-15,0.12329706302868759,0.7554589570001239,0.08524120608988407,0.01704637408317677,0.0,0.0,0.0,0.01895639979812778
2022-02-16,0.09473781710657297,0.772562463646344,0.09734489143664983,0.009011030915420295,0.0,0.0,0.0,0.02634379689501282
2022-02-17,0.0,1.0,0.0,0.0,0.0,0.0,0.0,0.0
2022-02-18,0.0,1.0,0.0,0.0,0.0,0.0,0.0,0.0
2022-02-22,0.0,1.0,0.0,0.0,0.0,0.0,0.0,0.0
2022-02-23,0.0026215442891467135,0.644497542782387,0.12644251422166228,0.1260261573894797,0.0,0.0,0.10041224131732429,0.0
2022-02-24,0.0,0.48896654134358514,0.19863089320630783,0.1731473070577309,0.0,0.0,0.13925525839237615,0.0
2022-02-25,0.044191840984974064,0.2601027055795017,0.22033961176673444,0.15951979426142096,0.0,0.0,0.13247517048278062,0.18337087692458828
2022-02-28,0.125,0.125,0.125,0.125,0.125,0.125,0.125,0.125
2022-03-01,0.125,0.125,0.125,0.125,0.125,0.125,0.125,0.125
2022-03-02,0.07628748411611089,0.15213926297233804,0.12657360128257952,0.12612662789578946,0.1328148049466447,0.13267879948367842,0.12268858260609176,0.1306908366967674
2022-03-03,0.125,0.125,0.125,0.125,0.125,0.125,0.125,0.125
2022-03-04,0.125,0.125,0.125,0.125,0.125,0.125,0.125,0.125
2022-03-07,0.0,1.0,0.0,0.0,0.0,0.0,0.0,0.0
2022-03-08,0.0,0.8889036380874447,0.0,0.06028056954652082,0.0,0.0,0.0,0.050815792366034535
2022-03-09,0.11761215519867582,0.43115193456321316,0.11882917969214676,0.11964364219197744,0.0,0.0,0.05805817985180668,0.1547049085021801
2022-03-10,0.0,1.0,0.0,0.0,0.0,0.0,0.0,0.0
2022-03-11,0.125,0.125,0.125,0.125,0.125,0.125,0.125,0.125
2022-03-14,1.0,0.0,0.0,0.0,0.0,0.0,0.0,0.0
2022-03-15,0.9378956211375362,0.0,0.043504941405764136,0.0,0.0,0.0,0.0,0.018599437456699463
2022-03-16,0.2999257864483868,0.0,0.1659479627104613,0.03829820098948982,0.06043549938726581,0.2929971967030361,0.0,0.14239535376136028
2022-03-17,0.1604137063590789,0.0,0.07908926671088369,0.0,0.29108717149410107,0.4019863041820117,0.0,0.06742355125392466
2022-03-18,0.06417910262614995,0.0,0.01885944024179059,0.0,0.45298788031831666,0.4610937230432673,0.0,0.002879853770475356
2022-03-21,0.05337147604339115,0.0,0.020491821581325065,0.0,0.4745542240511144,0.44659559372213953,0.0,0.004986884602029736
2022-03-22,0.07316696344506492,0.0,0.05740640344793802,0.0,0.43963851797195574,0.387175217439472,0.0,0.042612897695569155
2022-03-23,0.0,0.0,0.0,0.0,0.5714596823602551,0.4285403176397448,0.0,0.0
2022-03-24,0.0550216331231234,0.007980805434143699,0.050881023136364625,0.007297339315525276,0.48028630969153063,0.3660918304401812,0.01106385698130774,0.021377201877823437
2022-03-25,0.0298272705478314,0.02528822196834135,0.024575439973815928,0.0,0.5134909679291163,0.39499833432940107,0.0,0.01181976525149393
2022-03-28,0.029196449755752866,0.008452166452329726,0.031230097489716384,0.0,0.5043013442176183,0.3715786487496782,0.008743720879509836,0.04649757245539464
2022-03-29,0.04768793849278693,0.019038562158677143,0.04987170324060567,0.025201423871723524,0.4078964583148117,0.3078508031644364,0.04572836662011495,0.09672474413684345
2022-03-30,0.0,0.0,0.0,0.0,0.5514423219003864,0.35836638701667367,0.012589139883672273,0.07760215119926764
2022-03-31,0.0,0.0011509420657773142,0.0,0.0,0.492776704500879,0.0,0.32430851780975506,0.1817638356235887
2022-04-01,0.10757271106138902,0.16077738667847863,0.09613546020634887,0.1441219940494059,0.0,0.0,0.2748361769488272,0.21655627105555042
2022-04-04,0.09127464731302241,0.18501498170165315,0.11992317347358249,0.15089673670980341,0.0,0.0,0.2477549463758802,0.2051355144260584
2022-04-05,0.0,0.21821571019365618,0.0,0.0,0.0,0.0,0.20094867797134466,0.5808356118349991
2022-04-06,0.0,0.0,0.0,0.0,0.0,0.0,0.0,1.0
2022-04-07,0.0,0.7585364391273,0.0,0.0,0.0,0.0,0.0,0.24146356087270004
2022-04-08,0.0,1.0,0.0,0.0,0.0,0.0,0.0,0.0
2022-04-11,0.0,1.0,0.0,0.0,0.0,0.0,0.0,0.0
2022-04-12,0.0,1.0,0.0,0.0,0.0,0.0,0.0,0.0
2022-04-13,0.0018185857781918438,0.9268083794696654,0.013435973072431074,0.057937061679711604,0.0,0.0,0.0,0.0
2022-04-14,0.0,1.0,0.0,0.0,0.0,0.0,0.0,0.0
2022-04-18,0.0,1.0,0.0,0.0,0.0,0.0,0.0,0.0
2022-04-19,0.04870287349619164,0.6650336676929999,0.11986374220866036,0.0639428598469503,0.0,0.0,0.0,0.10245685675519788
2022-04-20,0.0,0.9533063132636591,0.0,0.0,0.0,0.0,0.0,0.046693686736341014
2022-04-21,0.0,0.5193584630501974,0.0,0.0,0.0,0.0,0.0,0.4806415369498027
2022-04-22,0.125,0.125,0.125,0.125,0.125,0.125,0.125,0.125
2022-04-25,0.0,0.0,0.13677266030385452,0.2808850039129055,0.0,0.0,0.3373166338380825,0.24502570194515752
2022-04-26,0.125,0.125,0.125,0.125,0.125,0.125,0.125,0.125
2022-04-27,0.0,0.0,0.02914609508584337,0.3515915408034098,0.0,0.0,0.6192623641107469,0.0
2022-04-28,0.0,0.0,0.18714876339084469,0.3098253201614909,0.0,0.0,0.45940015028569803,0.043625766161966464
2022-04-29,0.0,0.0,0.0,0.0,0.0,0.0,1.0,0.0
2022-05-02,0.0,0.0,0.2895384485906721,0.3635087175200301,0.0,0.0,0.34695283388929776,0.0
2022-05-03,0.0,0.0,0.49913362527268607,0.3668749845828888,0.0,0.0,0.13399139014442515,0.0
2022-05-04,0.010907732327267836,0.0,0.08821429932059335,0.04767873197201458,0.5446908687032281,0.28735140463536635,0.02115696304152982,0.0
2022-05-05,0.0,0.0,0.0,0.0,0.8056789468722504,0.1943210531277495,0.0,0.0
2022-05-06,0.010341663551928603,0.0,0.0,0.0,0.3725868457770091,0.6170714906710623,0.0,0.0
2022-05-09,0.125,0.125,0.125,0.125,0.125,0.125,0.125,0.125
2022-05-10,1.0,0.0,0.0,0.0,0.0,0.0,0.0,0.0
2022-05-11,0.125,0.125,0.125,0.125,0.125,0.125,0.125,0.125
2022-05-12,0.125,0.125,0.125,0.125,0.125,0.125,0.125,0.125
2022-05-13,0.2078735459500164,0.0,0.18920826482692865,0.31805590592498034,0.0,0.007237752952048082,0.27762453034602663,0.0
2022-05-16,0.0,0.0,0.0,0.0,0.3622487216855704,0.6377512783144296,0.0,0.0
2022-05-17,0.06402173747006104,0.0,0.043529720204129665,0.04814895468067926,0.3226477927625181,0.36302834833812786,0.02859378390967098,0.13002966263481316
2022-05-18,0.0,0.0,0.0,0.0,0.3958686498462248,0.6041313501537753,0.0,0.0
2022-05-19,0.15393115782764988,0.00010309587281881243,0.059094104756242355,0.087752337269109,0.18664285901832384,0.1321317990775405,0.13024278264066969,0.25010186353764585
2022-05-20,0.0,0.0,0.0,0.0,0.0,0.0,0.29073575590090234,0.7092642440990977
2022-05-23,0.11956351136272877,0.12274059627194663,0.0821081335850049,0.07424858776685905,0.16222235115023878,0.18163753159569274,0.09619046262292301,0.1612888256446063
2022-05-24,0.10323606353068313,0.1624652759961043,0.01958522249040052,0.0,0.13136543056132477,0.32275257665672386,0.05041916534515531,0.21017626541960815
2022-05-25,0.09913818563097228,0.12140820618400122,0.0901541390691334,0.06653784340801545,0.156381392524333,0.2260495825971478,0.09281066592662278,0.1475199846597741
2022-05-26,0.08497820502797096,0.09365384035813654,0.09053403315206372,0.056271297608988455,0.21385071428822416,0.2660160961817006,0.07097662423017023,0.12371918915274549
2022-05-27,0.05315501206235716,0.05362259261738265,0.07068472950416377,0.027825802542161705,0.3032506905150364,0.34445484697486095,0.03744858466468148,0.10955774111935584
2022-05-31,0.03384185018932646,0.018541105497323424,0.05690661267062242,0.0,0.3794663896944816,0.4085737740815824,0.0,0.1026702678666637
2022-06-01,0.022469213879027734,0.017105563417946067,0.05585789245033953,0.0,0.40096948357833995,0.4068419189499756,0.0,0.09675592772437124
2022-06-02,0.02182242502250636,0.040757697096643265,0.05064443461719761,0.0,0.41147273563242176,0.3873086377700959,0.0,0.0879940698611351
2022-06-03,0.0,0.0,0.0,0.0,0.511589577167015,0.4529370597171089,0.0,0.03547336311587603
2022-06-06,0.0,0.0,0.011306103358814587,0.0,0.5169847452299977,0.4226939421712946,0.0,0.04901520923989308
2022-06-07,0.0,0.0,0.0,0.0,0.5094498780647697,0.4457530993699293,0.0,0.04479702256530096
2022-06-08,0.125,0.125,0.125,0.125,0.125,0.125,0.125,0.125
2022-06-09,0.125,0.125,0.125,0.125,0.125,0.125,0.125,0.125
2022-06-10,0.125,0.125,0.125,0.125,0.125,0.125,0.125,0.125
2022-06-13,0.125,0.125,0.125,0.125,0.125,0.125,0.125,0.125
2022-06-14,0.5463340097282835,0.0,0.0,0.45366599027171656,0.0,0.0,0.0,0.0
2022-06-15,0.125,0.125,0.125,0.125,0.125,0.125,0.125,0.125
2022-06-16,0.125,0.125,0.125,0.125,0.125,0.125,0.125,0.125
2022-06-17,0.0,0.0,0.0,1.0,0.0,0.0,0.0,0.0
2022-06-21,0.22178902179104154,0.0,0.0,0.7782109782089585,0.0,0.0,0.0,0.0
2022-06-22,0.125,0.125,0.125,0.125,0.125,0.125,0.125,0.125
2022-06-23,0.08373525579537501,0.0,0.0,0.4484056373122108,0.0,0.0,0.4678591068924142,0.0
2022-06-24,0.09005730225292359,0.0,0.09480516137187203,0.14237551475320356,0.2046282242347936,0.19493091099213022,0.1368739303996867,0.13632895599539033
2022-06-27,0.021957878174790394,0.0,0.026619916041305463,0.06004483517638441,0.3419874730146535,0.39577193244239284,0.04332807052387447,0.11028989462659906
2022-06-28,0.0,0.0,0.0,0.0,0.3485459551893771,0.6374104067965115,0.0,0.014043638014111345
2022-06-29,0.0,0.0,0.0,0.0,0.2743448914148184,0.7104844163486773,0.0,0.0151706922365043
2022-06-30,0.0,0.0,0.0,0.0846705318036971,0.0,0.6977129026316399,0.21761656556466294,0.0
2022-07-01,0.0,0.0,0.02377857901630633,0.2103871406336812,0.0,0.37831317260832753,0.2858377377098664,0.10168337003181857
2022-07-05,0.0,0.0,0.0,0.22810483793244984,0.02532670380847687,0.37622603845960767,0.3614561309944174,0.008886288805048043
2022-07-06,0.0,0.0,0.07929815546754261,0.1828206022309073,0.18423731249330072,0.2521861362389234,0.22609910732047542,0.07535868624885053
2022-07-07,0.05699738671289191,0.0,0.12324499933806769,0.13910878754410047,0.2204429334292405,0.21453628749562156,0.14628787010035924,0.09938173537971857
2022-07-08,0.0,0.0,0.12686362374039656,0.10362253047902169,0.3691243529340178,0.29145194784845896,0.08862241592786864,0.020315129070236415
2022-07-11,0.125,0.125,0.125,0.125,0.125,0.125,0.125,0.125
2022-07-12,0.0,0.0,0.549350476729391,0.21073089536573628,0.0,0.0,0.23991862790487284,0.0
2022-07-13,0.125,0.125,0.125,0.125,0.125,0.125,0.125,0.125
2022-07-14,0.0,0.0,0.37389834026541363,0.221458405256339,0.0,0.0,0.40464325447824734,0.0
2022-07-15,0.14643298760073303,0.0,0.2691287151293111,0.18917245693911947,0.1008551354151772,0.0,0.2691755889674056,0.02523511594825362
2022-07-18,0.125,0.125,0.125,0.125,0.125,0.125,0.125,0.125
2022-07-19,0.12594142620016702,0.08201328847586634,0.1129639787139778,0.07806932572385668,0.22267974177900418,0.20115005885809484,0.08017777308761267,0.09700440716142048
2022-07-20,0.09888122997708304,0.03872729224905273,0.07496478109138413,0.01848190527172247,0.355613659095964,0.31523213485857904,0.023532397140570566,0.07456660031564401
2022-07-21,0.06802209188789882,0.04613921667265676,0.04857226936575566,0.000537728952632532,0.40258857540988446,0.3593512366052479,0.014422880255762448,0.0603660008501613
2022-07-22,0.0,0.011082455835629938,0.0,0.0,0.5081915260282337,0.48072601813613636,0.0,0.0
2022-07-25,0.08583470326554961,0.11128137497070717,0.05855631025034806,0.044256073009559575,0.25157678267383754,0.285369578317337,0.06744437515300246,0.09568080235965863
2022-07-26,0.011236909847771294,0.2579196242212609,0.0,0.0,0.07749985349559975,0.4600530142915191,0.03707837435995413,0.15621222378389477
2022-07-27,0.08913542728645825,0.15933237342780654,0.07352671317220236,0.07956350072115026,0.16973037263439222,0.22222185746985385,0.0865192336327825,0.1199705216553539
2022-07-28,0.04143623436738389,0.17062564247178735,0.0386752024034997,0.05129112336493621,0.2288524013799421,0.29943730456057804,0.04617547952197435,0.12350661192989823
2022-07-29,0.03628982003474358,0.14424799411448247,0.04157910194876507,0.04912052285292696,0.2661849432875645,0.31156703004007186,0.03570157467821523,0.1153090130432304
2022-08-01,0.0,0.14829700942430812,0.0,0.014582869370434305,0.35221449091013945,0.37559507458381525,0.02082655087741944,0.08848400483388345
2022-08-02,0.053102373783991734,0.15278357176370622,0.059238378682846954,0.05677751121522173,0.27035151069041563,0.2511254180546329,0.057453736439912736,0.09916749936927216
2022-08-03,0.02972415846922402,0.14571980411429408,0.04540174674907931,0.03073043527622192,0.3560751183892257,0.27517895668449416,0.04723464243752821,0.06993513787993265
2022-08-04,0.0,0.19695793153572208,0.0057798878113614815,0.0,0.5038388414130638,0.27780604400747033,0.011330369153566534,0.004286926078815791
2022-08-05,0.06358220977027225,0.18514158638688702,0.07484540715954556,0.04280806848836994,0.34534772096136607,0.17861838002359293,0.04490782162324468,0.06474880558672151
2022-08-08,0.0,0.3642211574228546,0.0,0.0,0.6357788425771453,0.0,0.0,0.0
2022-08-09,0.0,1.0,0.0,0.0,0.0,0.0,0.0,0.0
2022-08-10,0.14007135986323604,0.18576145311430342,0.11780390226288372,0.07694771561809982,0.17153614610389423,0.08226077022358316,0.0691713691662772,0.15644728364772245
2022-08-11,0.26757551809006247,0.13594076288941492,0.0,0.0,0.16320401945479032,0.029047770810084167,0.0,0.4042319287556482
2022-08-12,0.09828041146337935,0.07317186735414269,0.06444837426933442,0.0,0.2571872135972099,0.3141315397518682,0.0,0.19278059356406532
2022-08-15,0.0,0.0,0.0,0.0,0.3942394320301212,0.488344681839964,0.0,0.11741588612991487
2022-08-16,0.0,0.0,0.0,0.0,0.35648720939522616,0.5127372431443653,0.0,0.13077554746040845
2022-08-17,0.0,0.0,0.0,0.0,0.0,0.7500177722078993,0.0,0.24998222779210064
2022-08-18,0.0,0.0,0.0,0.0,0.0,0.03883003469460917,0.0,0.9611699653053909
2022-08-19,0.125,0.125,0.125,0.125,0.125,0.125,0.125,0.125
2022-08-22,0.125,0.125,0.125,0.125,0.125,0.125,0.125,0.125
2022-08-23,0.0,0.0,0.0,1.0,0.0,0.0,0.0,0.0
2022-08-24,0.0,0.0,0.0,1.0,0.0,0.0,0.0,0.0
2022-08-25,0.0,0.0,0.0,1.0,0.0,0.0,0.0,0.0
2022-08-26,0.125,0.125,0.125,0.125,0.125,0.125,0.125,0.125
2022-08-29,0.0,0.0,0.0,0.20910495041300364,0.0,0.0,0.7908950495869962,0.0
2022-08-30,0.0,0.0,0.0,0.0,0.0,0.0,1.0,0.0
2022-08-31,0.0,0.0,0.0,0.0,0.0,0.0,1.0,0.0
2022-09-01,0.2462123511742009,0.0,0.20314305314934186,0.2297893045117825,0.0,0.0,0.28973946020011143,0.031115830964563388
2022-09-02,0.125,0.125,0.125,0.125,0.125,0.125,0.125,0.125
2022-09-06,0.21873517323752,0.0,0.25566907955647106,0.21925463395780048,0.0,0.0,0.13665508332372017,0.16968602992448822
2022-09-07,0.1491236456300094,0.011548474311079932,0.19439692855885085,0.13861728039245538,0.11197155272163974,0.08884598550780823,0.08888124616539596,0.21661488671276052
2022-09-08,0.08111009467036719,0.02588679672129165,0.11691579559276577,0.07152005840838406,0.24355155895614233,0.2735537582555437,0.0376053483079459,0.14985658908755928
2022-09-09,0.04083576808746117,0.02025221273970092,0.07325442917013626,0.03249852973581922,0.33680049463354195,0.36596798428139377,0.014556754919453081,0.11583382643249357
2022-09-12,0.04076784939395635,0.037654043579243776,0.061515563569576,0.02873991465565279,0.34346197281967106,0.36933834043872804,0.015017206752503063,0.10350510879066892
2022-09-13,0.0,0.0,0.0,0.0,0.45968716131284304,0.540312838687157,0.0,0.0
2022-09-14,0.024054003290540055,0.021426680755928008,0.055423064528867194,0.01830093304247483,0.3742455050609193,0.4024741119790073,0.025389704986959367,0.07868599635530409
2022-09-15,0.0,0.0,0.011610711861944073,0.0,0.4647917132390613,0.510736894974386,0.012860679924608449,0.0
2022-09-16,0.11073891695233264,0.0,0.14813194952156425,0.09499695791561834,0.2781816226093315,0.21938690607731792,0.14856364692383534,0.0
2022-09-19,0.13537440212384283,0.02640336487329811,0.1558625403457873,0.12111730409374166,0.2150447254778282,0.16178819170260503,0.16948475167708052,0.014924719705816181
2022-09-20,0.0,0.0,0.0,0.0,1.0,0.0,0.0,0.0
2022-09-21,0.125,0.125,0.125,0.125,0.125,0.125,0.125,0.125
2022-09-22,0.13924231194831027,0.2647018535761745,0.19928709733945874,0.15729408595061894,0.0,0.0,0.23947465118543765,0.0
2022-09-23,0.125,0.125,0.125,0.125,0.125,0.125,0.125,0.125
2022-09-26,0.125,0.125,0.125,0.125,0.125,0.125,0.125,0.125
2022-09-27,0.125,0.125,0.125,0.125,0.125,0.125,0.125,0.125
2022-09-28,0.125,0.125,0.125,0.125,0.125,0.125,0.125,0.125
2022-09-29,0.0,1.0,0.0,0.0,0.0,0.0,0.0,0.0
2022-09-30,0.0,1.0,0.0,0.0,0.0,0.0,0.0,0.0
2022-10-03,0.12546468870347363,0.6452093571861213,0.05021689555637402,0.07915546116970315,0.0,0.06445947459587299,0.0,0.035494122788454784
2022-10-04,0.09404350820215066,0.18109971436266675,0.08332789715353722,0.08020376910756886,0.17446891768826056,0.23226872695232287,0.05600399179885264,0.09858347473464035
2022-10-05,0.06180064981647171,0.1765080306306426,0.05659465524311047,0.04019084030276192,0.2388563559945852,0.33739985379813414,0.011256883427038893,0.07739273078725505
2022-10-06,0.04514638285049249,0.17939979138100862,0.05110776945407897,0.022624405945671056,0.27008046191690377,0.37660004991386264,0.0,0.05504113853798244
2022-10-07,0.0,0.27316090929360276,0.0,0.0,0.1918345079001933,0.535004582806204,0.0,0.0
2022-10-10,0.0,1.0,0.0,0.0,0.0,0.0,0.0,0.0
2022-10-11,0.125,0.125,0.125,0.125,0.125,0.125,0.125,0.125
2022-10-12,0.125,0.125,0.125,0.125,0.125,0.125,0.125,0.125
2022-10-13,0.35123897702048595,0.0,0.3078649435102032,0.14426671070611108,0.0,0.0,0.0,0.19662936876319967
2022-10-14,1.0,0.0,0.0,0.0,0.0,0.0,0.0,0.0
2022-10-17,0.3140447378881328,0.0,0.27190042984673307,0.14053142119985504,0.0,0.0,0.0,0.273523411065279
2022-10-18,0.22697961176534165,0.0,0.18179944497115882,0.0,0.0,0.2780193016784713,0.0,0.3132016415850282
2022-10-19,0.1502433864108805,0.0,0.0,0.0,0.0,0.5490137093469888,0.0,0.3007429042421309
2022-10-20,0.6853989876937636,0.0,0.0,0.0,0.0,0.0,0.0,0.3146010123062363
2022-10-21,0.18795971330280764,0.0,0.12514469886107646,0.0,0.22305655521882728,0.33819461715907206,0.0,0.12564441545821659
2022-10-24,0.08859538641924505,0.0,0.023928405243705483,0.0,0.35723588977604903,0.5133600841952602,0.0,0.016880234365740283
2022-10-25,0.03552766751079822,0.0,0.0,0.0,0.40514231098778986,0.5272884071566237,0.0,0.03204161434478825
2022-10-26,0.09896960481601774,0.0,0.0,0.0,0.285378819134625,0.5394873772532407,0.0,0.0761641987961166
2022-10-27,0.13384182640197503,0.06581433922284456,0.07351494070658066,0.07850885386000248,0.0,0.4449767415033808,0.050551099952500324,0.15279219835271618
2022-10-28,0.10342832271524265,0.08210673939514916,0.10407942888342321,0.10017163555336779,0.10121637820707283,0.2660385421315246,0.11052696641035958,0.13243198670386008
2022-10-31,0.0,0.0,0.0,0.0,0.0,1.0,0.0,0.0
2022-11-01,0.0894714549354618,0.05448397725690067,0.1485945076330911,0.1456768098194893,0.0,0.10245193748064155,0.25428646256882237,0.20503485030559326
2022-11-02,0.0,0.0,0.0,0.0,0.0,0.0,1.0,0.0
2022-11-03,0.0,0.0,0.0,0.0,0.0,0.0,1.0,0.0
2022-11-04,0.13686575604151657,0.2822580107662608,0.14038271438902694,0.17885428089462765,0.0,0.0,0.26163923790856813,0.0
2022-11-07,0.2259190176943167,0.7740809823056832,0.0,0.0,0.0,0.0,0.0,0.0
2022-11-08,0.0,1.0,0.0,0.0,0.0,0.0,0.0,0.0
2022-11-09,0.0,1.0,0.0,0.0,0.0,0.0,0.0,0.0
2022-11-10,0.16726955949014857,0.42367978613416957,0.07828367666134113,0.12709044190587393,0.0,0.0,0.12886710555184816,0.07480943025661863
2022-11-11,0.10430466544865194,0.25179895008359016,0.04463060430669527,0.06645752854994978,0.2449199577785632,0.14785776415235558,0.07404686302975662,0.06598366665043762
2022-11-14,0.06764912097834734,0.2840013096260171,0.0,0.004018072796473988,0.4168312113035893,0.2099621098604395,0.017538175435132707,0.0
2022-11-15,0.07612768372742972,0.19891472179616804,0.02582670989264152,0.04362083987154733,0.37133797117406686,0.20978039070849272,0.06028429108451253,0.014107391745141182
2022-11-16,0.022766088797743115,0.20266003271230099,0.0,0.0,0.5130017443133116,0.2089474846902355,0.052624649486408825,0.0
2022-11-17,0.09114585330424273,0.15514791778801862,0.040529131535896774,0.06974182335802638,0.35682950780345746,0.1651844580541622,0.12142130815619581,0.0
2022-11-18,0.10052620265839375,0.09934922403372562,0.0720171010122174,0.0875637509055267,0.325459811129838,0.16974835420282278,0.14088991045230656,0.004445645605169158
2022-11-21,0.03230568873896314,0.0,0.08408245214141641,0.1018607508755357,0.37981746782633713,0.04839358755340527,0.3535400528643424,0.0
2022-11-22,0.0,0.0,0.17401369484981674,0.1481074275116761,0.07510547242358177,0.12688408944819785,0.4758893157667276,0.0
2022-11-23,0.0,0.0,0.1529981370720698,0.10026864416469045,0.0,0.21784908020638238,0.5288841385568576,0.0
2022-11-25,0.0,0.0,0.09366536317167691,0.0,0.0,0.14890543029573017,0.7574292065325929,0.0
2022-11-28,0.125,0.125,0.125,0.125,0.125,0.125,0.125,0.125
2022-11-29,0.12252540381410953,0.0,0.2821968776161628,0.24940674289232995,0.0,0.0,0.34587097567739766,0.0
2022-11-30,0.11230992583662264,0.0,0.37513596960881157,0.27454259607775744,0.0,0.0,0.2063689776716426,0.03164253080516586
2022-12-01,0.125,0.125,0.125,0.125,0.125,0.125,0.125,0.125
2022-12-02,0.005813369700746601,0.3273841469832279,0.045595546561933285,0.04295802092084358,0.06494316327909454,0.33038549378345755,0.1829202587706965,0.0
2022-12-05,0.19482274172667288,0.268471482539921,0.14768713581726164,0.13016720959385006,0.0,0.0,0.2588514303222944,0.0
2022-12-06,0.125,0.125,0.125,0.125,0.125,0.125,0.125,0.125
2022-12-07,0.0,0.2592055989120709,0.0,0.09111524878596942,0.0,0.0,0.6496791523019598,0.0
2022-12-08,0.1705804668706197,0.22174205606617353,0.12573911141030286,0.15538362835434533,0.0,0.0,0.27016333035775864,0.05639140694079991
2022-12-09,0.18704830417995655,0.251781122065643,0.1542201402159933,0.13346605352995938,0.0,0.0,0.15723068789855396,0.1162536921098938
2022-12-12,0.22570591412972027,0.22617035129087304,0.19646981489600832,0.10422644618130285,0.0,0.0,0.06844915703298574,0.17897831646910983
2022-12-13,0.1344226698216111,0.17171956987044978,0.12309378520054874,0.025172893332427688,0.12554312877783338,0.23012574242301845,0.0,0.18992221057411088
2022-12-14,0.0,0.0,0.0,0.0,0.001953689409882039,0.8023410718355468,0.0,0.19570523875457108
2022-12-15,0.08647877666823146,0.0,0.0,0.0,0.0,0.0,0.0,0.9135212233317684
2022-12-16,0.656120366649403,0.0,0.0,0.0,0.0,0.0,0.0,0.34387963335059707
2022-12-19,0.42442923187769327,0.0,0.278923413229365,0.1745624482946507,0.0,0.0,0.0,0.12208490659829108
2022-12-20,0.34712795853854084,0.331666753445733,0.20544377303282252,0.07069129481437476,0.0,0.0,0.0,0.04507022016852897
2022-12-21,0.2575626908546196,0.3309065405428899,0.20439522716330588,0.08286142662607748,0.0,0.0,0.0,0.1242741148131072
2022-12-22,0.125,0.125,0.125,0.125,0.125,0.125,0.125,0.125
2022-12-23,0.21608893042790558,0.18797169416112755,0.18323834964284438,0.06189615602684304,0.0,0.13278654467767467,0.0,0.2180183250636047
2022-12-27,0.07006156872289578,0.22404259478871244,0.0,0.0,0.0,0.36793027715427007,0.0,0.3379655593341217
2022-12-28,0.125,0.125,0.125,0.125,0.125,0.125,0.125,0.125
2022-12-29,0.13947437496976908,0.18363265207691915,0.07251179646019615,0.04996988432955075,0.023320683381618176,0.33057711308436216,0.0,0.20051349569758467
2022-12-30,0.1106802481531261,0.16228676374775708,0.0478705008080734,0.025506020744112897,0.1380422322038682,0.35262318138526155,0.0,0.16299105295780075
2023-01-03,0.0,0.19310050325340042,0.0,0.0,0.19100886232728428,0.4968474836933564,0.0,0.11904315072595878
2023-01-04,0.04062715292514343,0.1731440692936538,0.051816034099843436,0.05577118070911796,0.1873323258041607,0.28328064124869917,0.07430088843242977,0.13372770748695176
2023-01-05,0.0002146712489190736,0.16365521153879825,0.04323893549798776,0.05553537793404494,0.1967211173193334,0.29820835247609495,0.1274440855524743,0.11498224843234733
2023-01-06,0.02007915251758291,0.13260453617995974,0.05106347041473313,0.06382356821304079,0.22327226866716904,0.2826075986843745,0.1315510515491547,0.09499835377398518
2023-01-09,0.0293548998884333,0.12086970972986916,0.050539794567733005,0.06500122433021614,0.24838139433221432,0.2665515705994653,0.13518799713501706,0.08411340941705166
2023-01-10,0.045487870753454236,0.11351949034617595,0.05660367209855278,0.06618750206801408,0.2571712890446522,0.25762539563272197,0.1203694170496425,0.08303536300678628
2023-01-11,0.03323107223415881,0.0928833141647879,0.04167890912547513,0.05275809037316275,0.29615569133669883,0.2830783170570512,0.11410440542448647,0.0861102002841787
2023-01-12,0.02962187722271594,0.08750634978580857,0.030147908465178223,0.046968194699441294,0.31085215149379547,0.28420978601182234,0.1212843421829163,0.08940939013832189
2023-01-13,0.05210447850500588,0.10903926347175033,0.04998095690541242,0.06074976939377302,0.27369527105082037,0.24260113665523256,0.11753756082523431,0.09429156319277121
2023-01-17,0.03736114503974648,0.10811051098948135,0.03290213019759029,0.043243248310184806,0.32435359859630236,0.2585920200409304,0.10710331309468478,0.0883340337310795
2023-01-18,0.0,0.07342950341707995,0.0,0.0,0.5240234243990773,0.23298028073503455,0.15036095846454678,0.01920583298426131
2023-01-19,0.03254500073598589,0.21916881431545357,0.0,0.06796667801263563,0.3803747372450376,0.013314082108942965,0.23433966953157626,0.05229101805036799
2023-01-20,0.0954331869869983,0.15791965868989816,0.0667246914911312,0.09427304941633377,0.2645413612231761,0.09006905191692542,0.1409466875087546,0.09009231276678233
2023-01-23,0.08035672199586087,0.13665302937414348,0.03034899321910697,0.05267853932308785,0.41243374081800044,0.14421381777674488,0.08303114181816375,0.060284015674891625
2023-01-24,0.0067493578264772236,0.103750648458228,0.0,0.0,0.7193832228496637,0.17011677086563096,0.0,0.0
2023-01-25,0.07278918961508543,0.15289243055092824,0.0,0.00016072722480911414,0.5659093378873518,0.15668410680342218,0.05156420791840318,0.0
2023-01-26,0.09000302691422557,0.07941805436537513,0.0473126178874777,0.05607157319712409,0.38478472889848286,0.19509974472507452,0.08145023381582477,0.06586002019641532
2023-01-27,0.013737616846182936,0.0,0.0,0.0,0.6497079143631291,0.2884066633982047,0.006779378068680299,0.04136842732380289
2023-01-30,0.0,0.0,0.0,0.0,0.9315584921348669,0.06844150786513312,0.0,0.0
2023-01-31,0.049716940997980144,0.0,0.058824135619387666,0.03933836481211686,0.4185223562976066,0.1699787023282422,0.11088790737328662,0.15273159257137997
2023-02-01,0.07190468969634649,0.0,0.07530319273633647,0.06039745248010473,0.33441538937799864,0.21161260335080267,0.12456915720178768,0.1217975151566234
2023-02-02,0.05244427308214046,0.0,0.07688584342006544,0.05895330058052118,0.36698647755681885,0.23259931557157926,0.09725824605044373,0.11487254373843106
2023-02-03,0.0,0.0,0.05142040662409378,0.0,0.5212783702912918,0.27023540669162155,0.049287615400221564,0.10777820099277134
2023-02-06,0.0,0.0,0.11038931545861597,0.0,0.5708061577184846,0.13823323378433316,0.02785417662942975,0.1527171164091364
2023-02-07,0.0,0.0,0.17227082967694426,0.00202414119606843,0.5222881219781108,0.1691223689407979,0.0,0.1342945382080785
2023-02-08,0.125,0.125,0.125,0.125,0.125,0.125,0.125,0.125
2023-02-09,0.125,0.125,0.125,0.125,0.125,0.125,0.125,0.125
2023-02-10,0.125,0.125,0.125,0.125,0.125,0.125,0.125,0.125
2023-02-13,0.125,0.125,0.125,0.125,0.125,0.125,0.125,0.125
2023-02-14,0.8090589439248079,0.0,0.19094105607519204,0.0,0.0,0.0,0.0,0.0
2023-02-15,0.125,0.125,0.125,0.125,0.125,0.125,0.125,0.125
2023-02-16,0.125,0.125,0.125,0.125,0.125,0.125,0.125,0.125
2023-02-17,1.0,0.0,0.0,0.0,0.0,0.0,0.0,0.0
2023-02-21,0.125,0.125,0.125,0.125,0.125,0.125,0.125,0.125
2023-02-22,0.3737254423473369,0.4748903720382195,0.08570301047854732,0.06568117513589634,0.0,0.0,0.0,0.0
2023-02-23,0.23900222313904143,0.33341837206080577,0.24070726331004255,0.18687214149011014,0.0,0.0,0.0,0.0
2023-02-24,0.125,0.125,0.125,0.125,0.125,0.125,0.125,0.125
2023-02-27,0.15741167018416774,0.3039587147564302,0.3123659684153744,0.1871264982315169,0.0,0.0,0.03913714841251081,0.0
2023-02-28,0.0,1.0,0.0,0.0,0.0,0.0,0.0,0.0
2023-03-01,0.16197444622020424,0.3766627513524992,0.20030502994663513,0.1391678066731189,0.0,0.0,0.12188996580754248,0.0
2023-03-02,0.151178491207246,0.3909106319268156,0.196708866617509,0.1127236776531186,0.0,0.0,0.08296277445893654,0.06551555813637433
2023-03-03,0.061116727042655035,0.28008483830468506,0.0993168668025541,0.042725610345394266,0.18365780653919006,0.18999669771802843,0.06428292669514375,0.07881852655234911
2023-03-06,0.04855895778649833,0.19155980643914233,0.06515634250880656,0.0308330218674885,0.2621121359999688,0.2748323145733331,0.04973275208741437,0.07721466873734804
2023-03-07,0.0,0.11199403451557738,0.0,0.0,0.4847240600495225,0.4032819054349,0.0,0.0
2023-03-08,0.0,0.05239028204575617,0.0,0.0,0.494233693244701,0.3506600778256068,0.06666854985604413,0.03604739702789182
2023-03-09,0.0,0.0,0.0,0.0,1.0,0.0,0.0,0.0
2023-03-10,0.125,0.125,0.125,0.125,0.125,0.125,0.125,0.125
2023-03-13,0.0,0.790440239452405,0.0,0.0,0.0,0.0,0.20955976054759504,0.0
2023-03-14,0.10196771587292462,0.2163799522417259,0.07146570573338763,0.130711674726682,0.2112774489201325,0.05076248076546403,0.14857016152200553,0.06886486021767782
2023-03-15,0.0,0.3769861476868132,0.0,0.0,0.6109698136355213,0.0,0.012044038677665604,0.0
2023-03-16,0.0631553661561195,0.17453527013394035,0.05973715003075309,0.1026769383223581,0.2997897715591638,0.12029114108813063,0.11230155827611324,0.06751280443342135
2023-03-17,0.0,0.2814941107156702,0.0,0.0,0.7105391297448099,0.007966759539519716,0.0,0.0
2023-03-20,0.022216271908848898,0.22969811281449592,0.00885469160684638,0.0619174144587968,0.4287084534774923,0.16502634733939647,0.0714937193921803,0.012084989001942867
2023-03-21,0.07071748118939206,0.13390708923044725,0.0662016271856485,0.07451476904035409,0.30936476194183954,0.20327302545245923,0.07751869011063618,0.06450255584922306
2023-03-22,0.0,0.08389541033139251,0.0,0.0,0.6183862230536106,0.29771836661499695,0.0,0.0
2023-03-23,0.0,0.10039477822802101,0.0,0.0,0.6128184277475912,0.2867867940243877,0.0,0.0
2023-03-24,0.015849721680027525,0.06679333212338258,0.004716753842825383,0.0062171556287007835,0.5610381300824226,0.34538490664264127,0.0,0.0
2023-03-27,0.08153109071772514,0.038028243723422284,0.07458631796557623,0.0531452224815323,0.36140729923151677,0.3090448129058215,0.021580588744125162,0.06067642423028057
2023-03-28,0.04045557720070875,0.0,0.011669114529807675,0.0,0.43070342644899545,0.49578374623227006,0.0,0.021388135588218078
2023-03-29,0.09886630111519655,0.0,0.10069812705119309,0.04169552472297252,0.2747271293608218,0.34862133290249997,0.004230758517269743,0.13116082633004644
2023-03-30,0.0534887725552531,0.0,0.06563325465007014,0.0,0.31288061666633804,0.4307030038194809,0.0,0.13729435230885795
2023-03-31,0.03716501008244122,0.0,0.073643032687013,0.0,0.31476228747966883,0.4180951124222216,0.0,0.15633455732865528
2023-04-03,0.0,0.0,0.0,0.0,0.32777583118124726,0.5472856880598723,0.0,0.12493848075888044
2023-04-04,0.0,0.0,0.0,0.0,0.2793645484698915,0.6174058553625451,0.0,0.1032295961675633
2023-04-05,0.0,0.0,0.0,0.0,0.0,0.9629370819262532,0.0,0.03706291807374686
2023-04-06,0.05167810052149181,0.0,0.10537499506097392,0.09802680849691578,0.018841697495512726,0.3257488190563864,0.18101945144426085,0.21931012792445842
2023-04-10,0.08357268428588555,0.0,0.14149808270337488,0.12065344282575997,0.020246983064421666,0.23215458846168574,0.16342696108152724,0.23844725757734503
2023-04-11,0.0,0.0,0.18042850789500892,0.0,0.0,0.16140860257199222,0.12806992554990848,0.5300929639830904
2023-04-12,0.125,0.125,0.125,0.125,0.125,0.125,0.125,0.125
2023-04-13,0.2133905010004059,0.13088825447085392,0.21389959321861823,0.12899974345358833,0.0,0.040952641767007095,0.09572104395723295,0.1761482221322935
2023-04-14,0.5238964696691526,0.0,0.4761035303308474,0.0,0.0,0.0,0.0,0.0
2023-04-17,0.4301700112297337,0.0,0.5698299887702664,0.0,0.0,0.0,0.0,0.0
2023-04-18,0.125,0.125,0.125,0.125,0.125,0.125,0.125,0.125
2023-04-19,0.125,0.125,0.125,0.125,0.125,0.125,0.125,0.125
2023-04-20,0.125,0.125,0.125,0.125,0.125,0.125,0.125,0.125
2023-04-21,0.43490845640046294,0.0,0.37827582760992046,0.1868157159896167,0.0,0.0,0.0,0.0
2023-04-24,0.125,0.125,0.125,0.125,0.125,0.125,0.125,0.125
2023-04-25,0.125,0.125,0.125,0.125,0.125,0.125,0.125,0.125
2023-04-26,0.04405818852195097,0.0,0.0,0.44572400774246856,0.0,0.0,0.5102178037355806,0.0
2023-04-27,0.19561946436397457,0.11642473727464298,0.17430463654123396,0.2509983274987369,0.0,0.0,0.25595068913927327,0.006702145182138427
2023-04-28,0.0,0.0,0.0,0.3417530217535506,0.0,0.0,0.6582469782464494,0.0
2023-05-01,0.10721924452552208,0.13284614838634767,0.11438627993887471,0.15734786481500984,0.2864063380397192,0.0,0.14506279476298922,0.05673132953153741
2023-05-02,0.125,0.125,0.125,0.125,0.125,0.125,0.125,0.125
2023-05-03,0.0,0.8396698699689783,0.0,0.04957769970471237,0.0,0.0,0.11075243032630937,0.0
2023-05-04,0.0,0.7163556563565754,0.0,0.15478333672156458,0.0,0.0,0.1288610069218601,0.0
2023-05-05,0.10013230034310401,0.2862830587358902,0.09609974576635447,0.14136582410511914,0.1773441701799847,0.0,0.12849213650658992,0.0702827643629577
2023-05-08,0.06997514361197917,0.34959171171993186,0.0643322072023656,0.10731151552850546,0.3140332056007292,0.0,0.05923165690701212,0.03552455942947658
2023-05-09,0.0,0.5318538152397213,0.0,0.035074733874625896,0.4330714508856527,0.0,0.0,0.0
2023-05-10,0.0,0.3757305654445852,0.01361973126121161,0.03329793066350414,0.5018856107277582,0.07546616190294103,0.0,0.0
2023-05-11,0.0,0.21994393367525936,0.0,0.0,0.6998218507656153,0.08023421555912515,0.0,0.0
2023-05-12,8.058998485287849e-05,0.15197224637176504,0.06002993630175546,0.07653993940578147,0.44173181366708675,0.16442443211520405,0.06472567728976054,0.04049536486379382
2023-05-15,0.0,0.12515907799648487,0.054279978279285664,0.0634886650861467,0.4645095552491247,0.2189240038695821,0.03953480020596907,0.03410391931340688
2023-05-16,0.0,0.0,0.0,0.0,0.8423785545791366,0.15762144542086343,0.0,0.0
2023-05-17,0.052634907218447005,0.0026255503073721637,0.07555645913817301,0.07103927695053597,0.46397388521894645,0.2636321123191257,0.05508688748357971,0.015450921363819911
2023-05-18,0.03981603109526072,0.0,0.06532308993685543,0.04264737004663058,0.47897597201646835,0.3225407844834074,0.03249721845661174,0.018199533964765827
2023-05-19,0.034831400334527016,0.0,0.05738319192692781,0.015627491934622498,0.5131293379160564,0.36962455906058195,0.0029322513394680525,0.006471767487816233
2023-05-22,0.05332614457814319,0.0,0.07316995862951041,0.020232203269717648,0.46606785525751204,0.3468121358766362,0.00529433406237157,0.03509736832610911
2023-05-23,0.0,0.0,0.0,0.0,0.6315835270238803,0.3684164729761198,0.0,0.0
2023-05-24,0.0,0.0,0.0,0.0,0.7522524771704492,0.24774752282955076,0.0,0.0
2023-05-25,0.10422741119388956,0.0,0.10564979899912935,0.03352741520142616,0.4996738775240677,0.21854165982077736,0.02310195839322988,0.01527787886748002
2023-05-26,0.06343751016236955,0.0,0.06596958370816214,0.014714539021387139,0.5535022220593436,0.252184116638641,0.028292946528885258,0.021899081881211122
2023-05-30,0.0,0.0,0.0,0.0,0.718966840589979,0.27590781230213046,0.0051253471078905434,0.0
2023-05-31,0.0,0.0,0.0,0.0,0.7368539537954674,0.23001112745378713,0.033134918750745534,0.0
2023-06-01,0.04732985018564413,0.09172098167890368,0.052213895279365985,0.05847293452538293,0.36137406609903755,0.2094131757649893,0.10247799651363507,0.07699709995304149
2023-06-02,0.0682627010538681,0.07497591275071096,0.07777669965884809,0.07118818620258667,0.2605520993775027,0.2413659834294893,0.09445423446763311,0.11142418305936112
2023-06-05,0.021757355398911715,0.04017174971499704,0.04267593857654817,0.022106197883275475,0.3283101074162194,0.3733402284673915,0.05491655154106635,0.11672187100159036
2023-06-06,0.030748284602379626,0.057140811607052325,0.05627223116109497,0.03341310020271738,0.23998301502354807,0.37249897687405403,0.06886174299144962,0.14108183753770398
2023-06-07,0.05499729178298773,0.02315086669681516,0.07807475890669627,0.0393016261569265,0.030734757018519993,0.4491274208752221,0.06575406216071997,0.25885921640211224
2023-06-08,0.06227755672347332,0.024631982040224033,0.064356012624108,0.02018053461666878,0.0,0.49378126700229685,0.04499232900969424,0.2897803179835347
2023-06-09,0.09825086152928462,0.07046753216899088,0.09550028080470899,0.05719021290511636,0.0,0.3691911462808963,0.07216447924029831,0.23723548707070446
2023-06-12,0.04491705983340131,0.0,0.012171223268725955,0.0,0.0,0.6944704328939575,0.0,0.24844128400391516
2023-06-13,0.11012656899397641,0.03968028967733849,0.09172384744679274,0.0610149123798725,0.13460680096127006,0.3465022739658347,0.0615803660788578,0.1547649404960573
2023-06-14,0.07112650334128594,0.0,0.020267600530080244,0.0,0.2608059978947745,0.5086444152575883,0.0,0.139155482976271
2023-06-15,0.06617667946548743,0.0,0.0,0.0,0.35592238945692845,0.4994395839617225,0.0,0.07846134711586163
2023-06-16,0.12384233909039577,0.0029546224515564256,0.04353582873577922,0.01920816946731194,0.2878442594314982,0.3914947778865501,0.03531873423673278,0.09580126870017551
2023-06-20,0.09498407015472177,0.0,0.0,0.0,0.4105417232360434,0.49447420660923486,0.0,0.0
2023-06-21,0.8455104993527064,0.0,0.0,0.0,0.0,0.0,0.15448950064729364,0.0
2023-06-22,0.521102465184895,0.0,0.05594442282319676,0.1985027690788318,0.0,0.0,0.22445034291307633,0.0
2023-06-23,0.125,0.125,0.125,0.125,0.125,0.125,0.125,0.125
2023-06-26,0.125,0.125,0.125,0.125,0.125,0.125,0.125,0.125
2023-06-27,0.24405420190613128,0.0,0.17607471608186348,0.2923306897733111,0.0,0.0,0.27073597681899264,0.016804415419701655
2023-06-28,0.0,0.0,0.17820407487739617,0.4835311226963424,0.0,0.0,0.3382648024262614,0.0
2023-06-29,0.11932725016573234,0.0,0.2528414031247889,0.22519203753766373,0.0,0.0,0.10756072782591249,0.29507858134590254
2023-06-30,0.0,0.0,0.2876761401249271,0.07249065665339774,0.0,0.07426739122534058,0.0,0.5655658119963345
2023-07-03,0.0,0.0,0.12109380921674981,0.0006428700445038829,0.2678453865564095,0.2928608743936599,0.0,0.3175570597886768
2023-07-05,0.0,0.0,0.06654322973632282,0.0,0.35676022594201845,0.28881348839529714,0.0,0.2878830559263616
2023-07-06,0.0,0.0,0.015930771059647134,0.0,0.44907005892870205,0.1204257070949424,0.0,0.4145734629167083
2023-07-07,0.0,0.14535694390336606,0.054983186414437855,0.0,0.4209796593803446,0.0,0.0,0.3786802103018514
2023-07-10,0.0,0.22658172237825638,0.0,0.0,0.4244924483655967,0.0,0.0,0.3489258292561469
2023-07-11,0.08065586448503118,0.20983432041330013,0.09346114825472047,0.0,0.334563185514713,0.06565025909597709,0.0,0.215835222236258
2023-07-12,0.03633335213006345,0.20223859596083782,0.016000301098162903,0.0,0.46159936093502074,0.18378134923571862,0.0,0.1000470406401964
2023-07-13,0.052765951129325014,0.1373725587615179,0.024780398514368064,0.012039611788432813,0.47629584875080183,0.23923646484511202,0.0,0.05750916621044234
2023-07-14,0.05700846621869883,0.10645483395981592,0.01636505305375542,0.02151895759320321,0.5013484630669938,0.255725996374011,0.001888930574620904,0.039689299158900744
2023-07-17,0.06421479510015614,0.08220956275311764,0.02919541597656818,0.04125647531537423,0.4832247046988619,0.2395000050192733,0.032728846005942315,0.02767019513070622
2023-07-18,0.05461794036664929,0.08851858286738667,0.033467095141870885,0.046680637405274776,0.46801932247551253,0.2500319442278924,0.05063987392560956,0.008024603589803909
2023-07-19,0.013841568538365857,0.06917668082706717,0.004281297841987995,0.025400559241548444,0.5338974511519278,0.2989767555054731,0.05442568689362971,0.0
2023-07-20,0.0345452373485578,0.08346201950517677,0.04964643106248293,0.06159761292114092,0.3672136964834129,0.28726151294943825,0.09676194598007745,0.01951154374971299
2023-07-21,0.0,0.043492526958597795,0.0627017949094591,0.0708875906504578,0.26444900672913724,0.38186257510720834,0.15457425565028104,0.02203224999485874
2023-07-24,0.0,0.0,0.059885219314132036,0.035272808353245394,0.0,0.614970791957887,0.18455499923446256,0.10531618114027311
2023-07-25,0.0,0.0,0.06088365157432138,0.0,0.011864655250480317,0.686627920451573,0.11892136753101727,0.12170240519260803
2023-07-26,0.0,0.0,0.057552860002950915,0.0,0.0,0.7362794695709444,0.05794261369842708,0.14822505672767752
2023-07-27,0.0,0.0,0.19111145843175054,0.0,0.0,0.716099872551213,0.0,0.09278866901703636
2023-07-28,0.0,0.0,0.08855399250822267,0.0,0.410524520045341,0.5009214874464363,0.0,0.0
2023-07-31,0.0,0.0,0.0432206967250107,0.0,0.5539294214606203,0.402849881814369,0.0,0.0
2023-08-01,0.0,0.0,0.018594537476780065,0.0,0.7142467167692836,0.26715874575393644,0.0,0.0
2023-08-02,0.125,0.125,0.125,0.125,0.125,0.125,0.125,0.125
2023-08-03,0.016393237604172498,0.0,0.9836067623958276,0.0,0.0,0.0,0.0,0.0
2023-08-04,0.125,0.125,0.125,0.125,0.125,0.125,0.125,0.125
2023-08-07,0.4483521815801243,0.0,0.35811889842550115,0.15703508881671074,0.0,0.0,0.0,0.036493831177663895
2023-08-08,0.125,0.125,0.125,0.125,0.125,0.125,0.125,0.125
2023-08-09,0.4673335729342815,0.0,0.2557312353568686,0.27693519170885,0.0,0.0,0.0,0.0
2023-08-10,0.2655893385303315,0.0,0.2220945176415933,0.20339313070340514,0.0,0.0,0.14385991795682176,0.16506309516784828
2023-08-11,0.29458708720636706,0.0,0.23745250114755312,0.1529014956624008,0.0,0.0,0.13221412637700977,0.18284478960666928
2023-08-14,0.321710206020999,0.0,0.28315567675974396,0.044188760269060816,0.0,0.0,0.14016076203166802,0.21078459491852825
2023-08-15,0.9088130029394221,0.0,0.09118699706057798,0.0,0.0,0.0,0.0,0.0
2023-08-16,0.6246367573057388,0.0,0.3753632426942613,0.0,0.0,0.0,0.0,0.0
2023-08-17,0.125,0.125,0.125,0.125,0.125,0.125,0.125,0.125
2023-08-18,0.125,0.125,0.125,0.125,0.125,0.125,0.125,0.125
2023-08-21,0.36822401834856444,0.10639448903041672,0.22006940887246887,0.14287788750917677,0.0,0.0,0.09227215684544651,0.0701620393939266
2023-08-22,0.9210738444488943,0.07892615555110571,0.0,0.0,0.0,0.0,0.0,0.0
2023-08-23,0.0,0.19206715455576215,0.0,0.0,0.6784468437843105,0.11950574751885014,0.009980254141077094,0.0
2023-08-24,0.000758649436084929,0.3583506490011923,0.0,0.0,0.38372277108423986,0.04620984256429986,0.14195503045101796,0.06900305746316512
2023-08-25,0.06533350308634425,0.19514763778204092,0.06994571488530488,0.0735925985025804,0.21073405964471173,0.14194031325227105,0.13110420304883988,0.11220196979790688
2023-08-28,0.03345632874676766,0.18104822695837136,0.04454154072664216,0.04921714444213002,0.25967331770362184,0.21778149267369562,0.10415583876953696,0.11012610997923439
2023-08-29,0.022539028228445696,0.14156618255027464,0.02807654253627001,0.03507626730304933,0.32551642664611535,0.2881989731568811,0.0723493643645512,0.08667721521441261
2023-08-30,0.03171710571995301,0.12383450848769349,0.02844354577886633,0.034816354649263345,0.3387141864948541,0.30392678230784115,0.05843003001536307,0.08011748654616553
2023-08-31,0.013806947288923817,0.1112636292822081,0.016364994209573734,0.028050570335784158,0.3836474939620175,0.3255867718214988,0.055257574112029965,0.06602201898796374
2023-09-01,0.04610446113471942,0.11299558491013562,0.05758781174786919,0.05920265088348838,0.29721145520282,0.271656987495954,0.06525820075591167,0.08998284786910174
2023-09-05,0.0,0.09072354645679785,0.026909031619439132,0.020722238571095244,0.4289951374344222,0.3581029900624842,0.002264585141095013,0.07228247071466634
2023-09-06,0.0,0.06570103736184443,0.03235550343554523,0.007502965103218987,0.45937541329339704,0.34886608240496925,0.0,0.08619899840102498
2023-09-07,0.0,0.014231604333762082,0.06440014333899517,0.0,0.4234242831400701,0.2997594347968875,0.0,0.19818453439028524
2023-09-08,0.0,0.0,0.12609286579817836,0.0,0.0,0.0,0.0,0.8739071342018216
2023-09-11,0.15829861460845543,0.03674498651406564,0.33786123419173886,0.149604730406764,0.0,0.0,0.0,0.31749043427897616
2023-09-12,0.125,0.125,0.125,0.125,0.125,0.125,0.125,0.125
2023-09-13,0.37027026172405353,0.0,0.5051997561029097,0.12452998217303671,0.0,0.0,0.0,0.0
2023-09-14,0.18097152218074208,0.0,0.4015808514406378,0.2320791180769371,0.0,0.0,0.0,0.18536850830168303
2023-09-15,0.125,0.125,0.125,0.125,0.125,0.125,0.125,0.125
2023-09-18,0.0,0.903374012274519,0.09662598772548096,0.0,0.0,0.0,0.0,0.0
2023-09-19,0.03187864294635839,0.8787152456478083,0.08940611140583321,0.0,0.0,0.0,0.0,0.0
2023-09-20,0.0,1.0,0.0,0.0,0.0,0.0,0.0,0.0
2023-09-21,0.031522462513918846,0.9684775374860812,0.0,0.0,0.0,0.0,0.0,0.0
2023-09-22,0.125,0.125,0.125,0.125,0.125,0.125,0.125,0.125
2023-09-25,0.2852212834515233,0.2763911906770938,0.2687460516057261,0.16964147426565668,0.0,0.0,0.0,0.0
2023-09-26,0.125,0.125,0.125,0.125,0.125,0.125,0.125,0.125
2023-09-27,0.0,0.0,1.0,0.0,0.0,0.0,0.0,0.0
2023-09-28,0.0,0.0,1.0,0.0,0.0,0.0,0.0,0.0
2023-09-29,0.125,0.125,0.125,0.125,0.125,0.125,0.125,0.125
2023-10-02,0.0,0.0,1.0,0.0,0.0,0.0,0.0,0.0
2023-10-03,0.125,0.125,0.125,0.125,0.125,0.125,0.125,0.125
2023-10-04,0.125,0.125,0.125,0.125,0.125,0.125,0.125,0.125
2023-10-05,0.125,0.125,0.125,0.125,0.125,0.125,0.125,0.125
2023-10-06,0.13853394854351456,0.0,0.11688654785956729,0.08857093030252786,0.47283604510192995,0.11421723896749597,0.0,0.06895528922496437
2023-10-09,0.0,0.0,0.0,0.0,0.6831096463663402,0.3168903536336598,0.0,0.0
2023-10-10,0.04003334141516841,0.054288228801687044,0.03923999790797608,0.03844552472525297,0.413212380575561,0.3239175689742571,0.025209268036932346,0.06565368956316506
2023-10-11,0.0,0.08444940178990515,0.0,0.0,0.4583868244011968,0.38482312489922765,0.022019721020360046,0.050320927889310314
2023-10-12,0.038670033914032245,0.1407755951724533,0.04271322789986375,0.04818504362990037,0.31247499149792773,0.2620871692510636,0.06552652713331862,0.08956741150144032
2023-10-13,0.0,0.38362706241907607,0.0,0.0,0.2929052843209105,0.2796515186573078,0.024680973016154725,0.01913516158655088
2023-10-16,0.04255855101418503,0.28550687570701067,0.048953058240275536,0.05737617427657709,0.17692519278974472,0.2097456758702309,0.08220387136027978,0.09673060074169627
2023-10-17,0.05203994389944496,0.3455252585447975,0.04803125094207822,0.04274355804123754,0.12154979323670978,0.21655598668908463,0.06630893644936187,0.1072452721972855
2023-10-18,0.0,0.9346990282445633,0.0,0.0,0.0,0.019741757940451223,0.0,0.0455592138149855
2023-10-19,0.04102875668780334,0.9589712433121967,0.0,0.0,0.0,0.0,0.0,0.0
2023-10-20,0.0,1.0,0.0,0.0,0.0,0.0,0.0,0.0
2023-10-23,0.046429910857332224,0.9535700891426678,0.0,0.0,0.0,0.0,0.0,0.0
2023-10-24,0.11503729687458597,0.6552310359529386,0.10190804326610324,0.06302728546510206,0.0,0.0,0.06479633844126995,0.0
2023-10-25,0.11402816374847025,0.6347457004649647,0.14058749394189737,0.06572755094438551,0.0,0.0,0.044911090900282266,0.0
2023-10-26,0.0,1.0,0.0,0.0,0.0,0.0,0.0,0.0
2023-10-27,0.0,1.0,0.0,0.0,0.0,0.0,0.0,0.0
2023-10-30,0.12519613396386584,0.3018119220463585,0.21339882944225882,0.19668949568545824,0.0,0.0,0.16290361886205867,0.0
2023-10-31,0.15279948769237806,0.05734739338228437,0.2688710820735216,0.22185920309856902,0.0,0.0,0.1831491432400836,0.11597369051316328
2023-11-01,0.0,0.0,0.2752019651138133,0.18988706688208448,0.11953611014847582,0.0,0.24514565032196392,0.17022920753366255
2023-11-02,0.033106574866208174,0.0,0.07952673150387318,0.07444871856106636,0.3081293536790306,0.28769092151384507,0.10524611154292714,0.11185158833304941
2023-11-03,0.02233818773599626,0.0,0.05432753329770062,0.0519777163267587,0.34867684963619755,0.33426618680232634,0.08328806071410161,0.10512546548691881
2023-11-06,0.023488862509550113,0.0,0.045989293532722304,0.041824959908064785,0.37265195174693955,0.354443133681519,0.06791581265908565,0.09368598596211862
2023-11-07,0.0,0.0,0.01172067204959719,0.011509471741403663,0.46373611907443774,0.40822221052227137,0.0465305880886914,0.05828093852359872
2023-11-08,0.0,0.0,0.014760482312575462,0.020522776230676307,0.45990079774474424,0.3887184457711397,0.06482783089367257,0.051269667047191846
2023-11-09,0.028839260703084905,0.0,0.041192595521058625,0.04470138923761161,0.4151988903248831,0.3338869288600982,0.07811088422475383,0.058070051128509756
2023-11-10,0.028526851350018256,0.0,0.03644338521637633,0.033280029133444564,0.45830526983935016,0.34425111514921597,0.05790429715002787,0.04128905216156684
2023-11-13,0.0019029385929156403,0.0,0.0009558403097272627,0.0,0.5857754257721087,0.40285278861175633,0.008513006713492205,0.0
2023-11-14,0.0,0.0,0.0,0.0,0.5838985765966523,0.41610142340334755,0.0,0.0
2023-11-15,0.0744473128141293,0.0,0.037759342111761074,0.035818952737202446,0.41909757867765807,0.33639209156202116,0.0220441531086069,0.07444056898862096
2023-11-16,0.0,0.0,0.0,0.0,0.560623641349639,0.43937635865036095,0.0,0.0
2023-11-17,0.11058202479317597,0.04668905294007814,0.020631358208487965,0.03973543328311359,0.3615349612901182,0.32623740807546314,0.011655930701028923,0.08293383070853409
2023-11-20,0.12517962340326097,0.08486137698688481,0.0,0.007963131279420659,0.37847334502560614,0.3377110362293008,0.0,0.0658114870755266
2023-11-21,0.2656173265795262,0.6243931260339526,0.0,0.023123936382844004,0.0,0.08686561100367714,0.0,0.0
2023-11-22,0.19293528093130297,0.5533312910946679,0.06546501181636033,0.0938889193163777,0.0,0.0,0.046202436619867095,0.048177060221423845
2023-11-24,0.2017142601866595,0.5434101857113128,0.10445689260266933,0.0817853226071791,0.0,0.0,0.0,0.06863333889217924
2023-11-27,0.0,1.0,0.0,0.0,0.0,0.0,0.0,0.0
2023-11-28,0.09454911095036994,0.880955524011272,0.01051849371101673,0.01397687132734144,0.0,0.0,0.0,0.0
2023-11-29,0.05808332460457877,0.7465572606589369,0.05232762308771268,0.07000160049662123,0.0,0.0,0.05754285083568651,0.015487340316463786
2023-11-30,0.04951252736991234,0.5548045561279027,0.10709362774402553,0.10380016923749828,0.0,0.0,0.07681192617159496,0.1079771933490663
2023-12-01,0.0,0.7063512624403376,0.05089095082400429,0.04887905381662753,0.0,0.0,0.046679643887126816,0.1471990890319038
2023-12-04,0.0,0.41521980911542317,0.11315780218879279,0.0975179040726116,0.0,0.0,0.10719214229990752,0.2669123423232649
2023-12-05,0.0,0.0,0.0,0.0,0.0,0.0,0.18800397269121416,0.8119960273087858
2023-12-06,0.0,0.0,0.0,0.0,0.0,0.0,0.8662963288106242,0.1337036711893758
2023-12-07,0.0,0.037777125966311303,0.15092736426641717,0.20171084880792234,0.0,0.0,0.40876958941862573,0.2008150715407235
2023-12-08,0.0,0.0,0.1915310252904276,0.1984028747400229,0.0,0.0,0.3932923432516788,0.21677375671787077
2023-12-11,0.0,0.0,0.0,0.0,0.6335219642006606,0.0,0.3095357790726478,0.056942256726691495
2023-12-12,0.0,0.0,0.021892798143640764,0.0037894708480460115,0.5980326098631291,0.28089719054712453,0.06528853622424635,0.03009939437381337
2023-12-13,0.02209199558720754,0.0,0.033722287523754856,0.030651866365933894,0.4517758248319171,0.31548521603393764,0.06280522215934752,0.08346758749790147
2023-12-14,0.022796606999301475,0.0,0.011128556226947767,0.020335994923211406,0.41577163440111664,0.34187524790245577,0.08329337805582714,0.10479858149113996
2023-12-15,0.0375224948485955,0.021765388731916812,0.02798004430243061,0.04011108707661883,0.3746316116059092,0.29461784794469037,0.10333672539403321,0.10003480009580566
2023-12-18,0.055348943085119014,0.06301256831139374,0.044232471806254774,0.051378335925863695,0.3338247337712854,0.2667041299713412,0.09451829782032593,0.09098051930841614
2023-12-19,0.05343562228691721,0.09087828091792571,0.03594638477685393,0.039914598316190854,0.3375097382238508,0.28484501571139875,0.07916420080365856,0.07830615896320424
2023-12-20,0.03530977270263193,0.12794811059735972,0.0017851036909518065,0.01759101630673096,0.3889924585140449,0.2937647571601412,0.09181763128798222,0.0427911497401572
2023-12-21,0.0926819728183029,0.15750179405190887,0.07168620893389853,0.07364162129850739,0.23422135601431854,0.19235517958976525,0.09692254093329239,0.08098932636000626
2023-12-22,0.08667995808019213,0.22716104824633418,0.04754332010251404,0.046117639121494323,0.25959773959505283,0.2146005187341639,0.059976020745797415,0.058323755374451246
2023-12-26,0.09013546045847451,0.24773560650695475,0.05472983771900543,0.047566849515413095,0.23455303846986364,0.205388717701935,0.048632608934576785,0.07125788069377688
2023-12-27,0.07160754024327351,0.3283312551025428,0.013419061161959024,0.010579445915056196,0.2598228828903841,0.23733590644905703,0.03488981157670558,0.044014096661021865
2023-12-28,0.09001565097062175,0.2546309729243447,0.04962609459736083,0.04719587549284097,0.19077312055159293,0.2076783706464969,0.06207351106397182,0.09800640375277013
2023-12-29,0.10565707119911344,0.38858841423925083,0.018838675643475,0.021182537281607808,0.12149095697739772,0.22805845754798318,0.015864349578345524,0.10031953753282656
2024-01-02,0.09785305217764542,0.4672492496473968,0.053737104738353345,0.045565259471113194,0.0,0.0,0.0,0.3355953339654913
2024-01-03,0.125,0.125,0.125,0.125,0.125,0.125,0.125,0.125
2024-01-04,0.0,0.0,0.0,1.0,0.0,0.0,0.0,0.0
2024-01-05,0.3632161778220515,0.0,0.395174469522142,0.24160935265580644,0.0,0.0,0.0,0.0
2024-01-08,0.1958775301302455,0.0,0.8041224698697546,0.0,0.0,0.0,0.0,0.0
2024-01-09,0.007934472857993088,0.0,0.1961190738833079,0.026423436221382234,0.11432711698149711,0.6551959000558197,0.0,0.0
2024-01-10,0.04419221810543731,0.0,0.08193480678264062,0.04174891327949612,0.38717025947701916,0.38798510791917895,0.0,0.05696869443622782
2024-01-11,0.0,0.0,0.02262169262585309,0.0,0.535776557047192,0.44160175032695487,0.0,0.0
2024-01-12,0.0,0.0,0.03706086198877572,0.025127764170867702,0.5088952983531476,0.39926608218197895,0.005094080511537839,0.024555912793692226
2024-01-16,0.01158193198836978,0.0,0.054939610953882875,0.04554676758999012,0.48404056429531506,0.3323865294359258,0.019788890466068684,0.05171570527044768
2024-01-17,0.0,0.0,0.02527994856039694,0.012859417787255913,0.6178759560192106,0.3439846776331365,0.0,0.0
2024-01-18,0.03307860830054035,0.0,0.06255971932828469,0.05076441519229246,0.5078214931039113,0.2985582878667825,0.022802334635169574,0.02441514157301897
2024-01-19,0.014054129825283597,0.0,0.03278812906493737,0.02136876781269741,0.5672998638865449,0.3413381525448659,0.008083355469955844,0.015067601395715126
2024-01-22,0.0,0.0,0.00413713621175485,0.0,0.5965484333384042,0.38250093508443633,0.0018734575660307431,0.014940037799373808
2024-01-23,0.011953676702679777,0.023621810921783195,0.024336634602282085,0.020965410710016903,0.5001692026894758,0.34923870323127976,0.02852483269216574,0.04118972845031667
2024-01-24,0.02136847489534319,0.020212799154781542,0.02913279414596226,0.025427087890307256,0.4880472395067151,0.34148549877394196,0.036782945419716245,0.037543160213232354
2024-01-25,0.02385012027450404,0.033383091554930695,0.04044185938977507,0.0371542844945367,0.4232974134275946,0.33235266079338677,0.05585081657775386,0.05366975348751834
2024-01-26,0.013677948276478554,0.028575653031981216,0.038737960419485226,0.03390036923748659,0.3861557613660276,0.3690691676726116,0.06794241656758652,0.06194072342834272
2024-01-29,0.0,0.026036756606294006,0.0006690944741395873,0.006133260416435196,0.3813742122422991,0.45859697755113843,0.0753137593419295,0.05187593936776416
2024-01-30,0.0,0.08260385466512467,0.014592660243404875,0.03977524891128014,0.18264362425284583,0.44936834354267,0.16114048837673037,0.0698757800079441
2024-01-31,0.0,0.0,0.0,0.0,0.0,0.0,1.0,0.0
2024-02-01,0.01574381998553615,0.22193788618933363,0.049346067983004595,0.15483285927080523,0.0,0.06300465768461239,0.366979037049564,0.12815567183714394
2024-02-02,0.07307308939394702,0.15853022942395303,0.09256586565029779,0.12975833421346814,0.0,0.18885965556812537,0.227294854752864,0.12991797099734465
2024-02-05,0.05490758745005612,0.1410173855960268,0.08825666438787994,0.11427973474738382,0.022546440308839347,0.24969360207116578,0.2241256362243659,0.10517294921428226
2024-02-06,0.0,0.13261391760935154,0.0,0.036269460273456754,0.0,0.4595863776261982,0.3127000585282061,0.05883018596278746
2024-02-07,0.04357789868300967,0.11177654609629772,0.08081328319450917,0.0731705246573203,0.11098394601540743,0.33994433282116104,0.13973482002798898,0.09999864850430575
2024-02-08,0.04405198515761955,0.08114274921392771,0.07549784414644999,0.043367497420397874,0.1913387552074051,0.36215047596997646,0.07810200297179284,0.12434868991243057
2024-02-09,0.05581584805395408,0.03290730445296837,0.07554573767222039,0.03056532157983137,0.30593304952832817,0.33758292436741627,0.033437554728494565,0.12821225961678687
2024-02-12,0.0,0.0,0.0,0.0,0.45450967286554195,0.469664398628953,0.0,0.07582592850550507
2024-02-13,0.18622395151649168,0.0,0.19947817850417793,0.0,0.16279605115734733,0.08843928750085332,0.0,0.3630625313211298
2024-02-14,0.0,0.0,0.0,0.0,0.23179609609634505,0.0,0.0,0.768203903903655
2024-02-15,0.08726570363657606,0.0,0.06273735036638818,0.0,0.1932883804076659,0.24463170909494494,0.0,0.4120768564944248
2024-02-16,0.2489991843266369,0.0,0.13182063985408513,0.0,0.0,0.0,0.0,0.619180175819278
2024-02-20,0.3369799290654403,0.0,0.10230669470776584,0.0,0.0,0.0,0.0,0.560713376226794
2024-02-21,0.35631856915944354,0.06433076650579765,0.13744374379819216,0.0,0.0,0.0,0.0,0.44190692053656666
2024-02-22,0.20389135759798102,0.17186203860446367,0.14222523897337086,0.07649564784993758,0.0,0.14733370817423375,0.026571424110164703,0.23162058468984847
2024-02-23,0.021303694305087283,0.24663298441423265,0.0,0.0,0.0,0.6922084411693582,0.0,0.03985488011132189
2024-02-26,0.12023238028915806,0.28367050555739814,0.0,0.0,0.11509160507800908,0.4459022599803747,0.035103249095059914,0.0
2024-02-27,0.12839094566122491,0.18468995080963663,0.07974146978134812,0.07627579036289454,0.18386389464989153,0.22452954054808535,0.08896169639816642,0.03354671178875258
2024-02-28,0.0,0.7308415281582085,0.0,0.0,0.0,0.2691584718417916,0.0,0.0
2024-02-29,0.046843382504443414,0.23336573481450812,0.028030204811399378,0.05580318883702286,0.3279265234200976,0.2169931111130049,0.07734906017768228,0.01368879432184152
2024-03-01,0.008108792075390503,0.21254857269758423,0.013191111106490887,0.02942682705574511,0.4224206364507842,0.2404126708698864,0.039764654827694805,0.034126734916423894
2024-03-04,0.03173637159867889,0.26186554851531196,0.0357589415538846,0.04531777570204445,0.3239331425821269,0.18384347838535584,0.04495171937785943,0.07259302228473805
2024-03-05,0.0,0.877559973413521,0.0,0.0,0.12244002658647897,0.0,0.0,0.0
2024-03-06,0.03320643855297534,0.6172634957914734,0.03346698342692815,0.08243256251829226,0.053223430573381025,0.0,0.11662686100471308,0.06378022813223667
2024-03-07,0.03473857186133661,0.5318592982890684,0.02010103368093255,0.06327719165673135,0.1776587812749672,0.06749065290294945,0.0822300221323007,0.022644448201713668
2024-03-08,0.04649019948390859,0.7373713367511157,0.02385897454885202,0.08104675034232889,0.0,0.0,0.07429985233286852,0.03693288654092629
2024-03-11,0.0654607278267289,0.7039305231187757,0.050468609035146016,0.09370185423050816,0.0,0.0,0.05789625451512156,0.028542031273719834
2024-03-12,0.12005443194047416,0.44233428783740736,0.11728125945198159,0.11576309856760585,0.0,0.11027200324311033,0.041394696208312654,0.05290022275110821
2024-03-13,0.1219438803041163,0.441716919905902,0.12182584811930718,0.06126129164480255,0.0,0.253252060025872,0.0,0.0
2024-03-14,0.14010882066721692,0.3019193212390965,0.18840970191971984,0.0,0.0,0.3695621561739668,0.0,0.0
2024-03-15,0.0,0.0,1.0,0.0,0.0,0.0,0.0,0.0
2024-03-18,0.16517565169042023,0.0,0.8348243483095797,0.0,0.0,0.0,0.0,0.0
2024-03-19,0.0,0.0,0.30755592386587427,0.0,0.0,0.6924440761341257,0.0,0.0
2024-03-20,0.0,0.0,0.06874434231114156,0.0,0.28923058966753235,0.6420250680213262,0.0,0.0
2024-03-21,0.0,0.0,0.01850467050856525,0.0,0.4367264312512699,0.5447688982401647,0.0,0.0
2024-03-22,0.0,0.0,0.0,0.0,0.5340080277002885,0.4659919722997114,0.0,0.0
2024-03-25,0.0,0.0,0.038910418225249384,0.010238102683428207,0.5455537392583202,0.40529773983300216,0.0,0.0
2024-03-26,0.0,0.0,0.0,0.0,0.6444824116740953,0.35551758832590474,0.0,0.0
2024-03-27,0.0,0.0,0.04777631248952566,0.06079875481329495,0.44567582219558255,0.35441445153095275,0.09076125857095503,0.0005734003996890769
2024-03-28,0.0,0.08089156641043999,0.0018592828073417708,0.03150117081347666,0.3672813324063547,0.36691098431299063,0.09895953730094695,0.05259612594844936
2024-04-01,0.012964031549263816,0.24711127368294514,0.06312997783452973,0.06872219011700838,0.2165228041173308,0.207348196588272,0.09231054157783897,0.09189098453281122
2024-04-02,0.0,0.9854614813163209,0.0,0.0,0.0,0.0,0.014538518683679027,0.0
2024-04-03,0.0,1.0,0.0,0.0,0.0,0.0,0.0,0.0
2024-04-04,0.0,1.0,0.0,0.0,0.0,0.0,0.0,0.0
2024-04-05,0.12280248903321557,0.6672245207794903,0.07315190670224908,0.057535801878141196,0.0,0.0,0.03130872149505611,0.047976560111847734
2024-04-08,0.13076005844337824,0.7006752032172988,0.06773173130156712,0.0242468801654859,0.0,0.0,0.0,0.07658612687226993
2024-04-09,0.048719334669729795,0.892859900776025,0.0,0.0,0.0,0.0,0.0,0.058420764554245296
2024-04-10,0.14060197354384701,0.7252424827525888,0.0888742978742189,0.0,0.0,0.0,0.0,0.04528124582934538
2024-04-11,0.0,1.0,0.0,0.0,0.0,0.0,0.0,0.0
2024-04-12,0.0,1.0,0.0,0.0,0.0,0.0,0.0,0.0
2024-04-15,0.0,1.0,0.0,0.0,0.0,0.0,0.0,0.0
2024-04-16,0.0,1.0,0.0,0.0,0.0,0.0,0.0,0.0
2024-04-17,0.0,1.0,0.0,0.0,0.0,0.0,0.0,0.0
2024-04-18,0.14809948607606516,0.45296739974102185,0.201989479626949,0.18234907564043454,0.0,0.0,0.014594558915529491,0.0
2024-04-19,0.125,0.125,0.125,0.125,0.125,0.125,0.125,0.125
2024-04-22,0.2351777575962694,0.0,0.2714404368844507,0.2465681841727044,0.0,0.0,0.24681362134657553,0.0
2024-04-23,0.21576757265257407,0.0,0.24577952301879902,0.18864491227735228,0.0,0.0,0.207323199770591,0.14248479228068356
2024-04-24,0.1541016589558648,0.0,0.15931015475163068,0.09269931471812357,0.0,0.26555996287962585,0.09405434481938466,0.23427456387537046
2024-04-25,0.15234766058085533,0.0,0.12189565250283706,0.06519902223360276,0.0,0.3901628351151157,0.04990892613545857,0.22048590343213068
2024-04-26,0.07710592489417874,0.0,0.05998107005160788,0.02546354881986586,0.25234106162431774,0.44078705744577984,0.018209767943945625,0.12611156922030442
2024-04-29,0.046697999883495676,0.0,0.034116719359158866,0.019309638929383154,0.34803418531652536,0.4225239385139083,0.029384719896511122,0.09993279810101748
2024-04-30,0.03143764320183716,0.0,0.009742432522297943,0.0016690849555613114,0.38795649574354957,0.44209806165738263,0.021865956989145518,0.10523032493022592
2024-05-01,0.08712315297810734,0.0,0.07377919696620984,0.07536565315623159,0.22319157926928104,0.28786443604091727,0.1082955806964791,0.14438040089277387
2024-05-02,0.07028670656240853,0.0,0.06940992732283324,0.074282794725044,0.2642787719948408,0.2867615285719244,0.10320037370659316,0.13177989711635585
2024-05-03,0.029987115331041134,0.0,0.033417239631369576,0.04493869669582914,0.3935578105310779,0.335705943502642,0.07775505736717955,0.08463813694086067
2024-05-06,0.02857773982442305,0.02228660293973472,0.03351031636437854,0.04410176815570681,0.39831144257639756,0.33856718610628295,0.07103201248457502,0.06361293154850135
2024-05-07,0.004574991199095196,0.03386271326071876,0.013567988346725667,0.029041968759756436,0.4373045798783963,0.3722241039449955,0.06183824123450736,0.04758541337580474
2024-05-08,0.017397482368495015,0.06617619482909268,0.02473930743720467,0.04113005963110302,0.3878033575637681,0.33939639910256914,0.06758112230268908,0.05577607676507822
2024-05-09,0.0,0.12924971407823624,0.0,0.022849689885218356,0.37356647149009253,0.37035928135457696,0.052230823292682846,0.05174401989919317
2024-05-10,0.024244798892463167,0.20891683848396822,0.01938954904220482,0.03754828792717117,0.28193657542915107,0.30633139134676174,0.053826542461062825,0.067806016417217
2024-05-13,0.0049343133391008724,0.24901791258517572,0.0,0.015313994999686675,0.2971663106817111,0.3351968762836247,0.034543993544195815,0.06382659856650509
2024-05-14,0.009827608628599896,0.28524461370926846,0.0,0.0148474256218521,0.2683808912564424,0.3106176050556501,0.03503594305673955,0.07604591267144753
2024-05-15,0.015212066828261204,0.27422767333413745,0.0,0.016137185128223146,0.2809987792735561,0.3018385548208304,0.037658143203725264,0.07392759741126648
2024-05-16,0.02706165425425458,0.2771225927522239,0.003851920606038015,0.02413212022050606,0.26136584047286326,0.2749976808315383,0.047015190835785,0.08445300002679071
2024-05-17,0.048781834289576075,0.29988195397440304,0.029520816623946452,0.036807020602216516,0.21888554059530815,0.23100455360023156,0.04642605461713273,0.08869222569718546
2024-05-20,0.04006010595026592,0.392311339816681,0.02341517213776378,0.01897910688011773,0.24433404043231627,0.1994243781587318,0.01742998663034235,0.06404586999378116
2024-05-21,0.0,0.6171914971006911,0.0,0.0,0.26049026327029634,0.12231823962901253,0.0,0.0
2024-05-22,0.0,0.7609960713890147,0.0,0.0,0.23900392861098527,0.0,0.0,0.0
2024-05-23,0.125,0.125,0.125,0.125,0.125,0.125,0.125,0.125
2024-05-24,0.12372128195438181,0.0,0.8762787180456182,0.0,0.0,0.0,0.0,0.0
2024-05-28,0.125,0.125,0.125,0.125,0.125,0.125,0.125,0.125
2024-05-29,0.125,0.125,0.125,0.125,0.125,0.125,0.125,0.125
2024-05-30,0.125,0.125,0.125,0.125,0.125,0.125,0.125,0.125
2024-05-31,0.125,0.125,0.125,0.125,0.125,0.125,0.125,0.125
2024-06-03,0.125,0.125,0.125,0.125,0.125,0.125,0.125,0.125
2024-06-04,0.125,0.125,0.125,0.125,0.125,0.125,0.125,0.125
2024-06-05,0.0,0.0,0.1197078660769727,0.2939109015279901,0.0,0.0,0.48967516470080713,0.09670606769423011
2024-06-06,0.0,0.2477830253586106,0.043489293860235846,0.19723871781071378,0.0,0.0,0.37492192469744157,0.1365670382729982
2024-06-07,0.10766296820596905,0.00321627229325682,0.1519811503521648,0.16905529211808978,0.1181705125932112,0.07426903721627234,0.1995808454115642,0.17606392180947178
2024-06-10,0.008442367118600034,0.0,0.13741435570814445,0.11370298987487318,0.29462127740465244,0.15293591736409448,0.10772705979596313,0.18515603273367234
2024-06-11,0.0,0.0,0.0,0.0,0.8314405563131027,0.16855944368689732,0.0,0.0
2024-06-12,0.0,0.0,0.01171227620153511,0.0,0.6396696180388859,0.3208396802322136,0.0,0.027778425527365477
2024-06-13,0.0,0.0,0.0,0.0,0.7085051417130607,0.29149485828693933,0.0,0.0
2024-06-14,0.0,0.0,0.0,0.0,0.7262780335674629,0.2599055110876359,0.013816455344901278,0.0
2024-06-17,0.014775276396171592,0.03588190676601719,0.045949450646887276,0.060080634489772675,0.4735233765559211,0.23817472144335872,0.07797655257348672,0.053638081128384744
2024-06-18,0.0,0.0,0.0016051150520305533,0.021720733221694478,0.6120191765619303,0.3051848829135809,0.05258035638652131,0.006889735864242354
2024-06-20,0.0,0.07871687105869561,0.03505931627482725,0.04614031720526813,0.47727987213919515,0.2692698668416978,0.06561824157240018,0.027915514907915856
2024-06-21,0.0,0.012967758619201039,0.05294527607859079,0.0544177140527252,0.4889583807909987,0.2926111237555102,0.0680495840718427,0.030050162631131437
2024-06-24,0.0,0.0,0.0,0.0,0.0,0.0,0.0,1.0
2024-06-25,0.16571228266087257,0.0,0.22694433505742775,0.16633119046215913,0.0,0.0,0.21235649290445963,0.2286556989150809
2024-06-26,0.23038669704399425,0.0,0.26193505937288125,0.17414231639065028,0.0,0.0,0.10359430670703158,0.2299416204854427
2024-06-27,0.19618278734745517,0.0,0.2031367581062093,0.0,0.0,0.0,0.0,0.6006804545463355
2024-06-28,0.27056906570880157,0.0,0.21252585792064846,0.07882806150554074,0.0,0.0,0.0,0.43807701486500933
2024-07-01,0.2753663948545504,0.05214831350647113,0.2102996902385132,0.09943485406110335,0.0,0.048662514481703195,0.0,0.3140882328576588
2024-07-02,0.1803529130785405,0.0,0.02755912083171429,0.0,0.3152226510620874,0.22620070978605697,0.0,0.25066460524160084
2024-07-03,0.06069364735802231,0.0,0.0,0.0,0.5480667206841161,0.329799866950726,0.0,0.06143976500713555
2024-07-05,0.05125263358945049,0.1018904586698092,0.008559591645324225,0.0,0.4938781497011139,0.3020141386995472,0.0,0.04240502769475508
2024-07-08,0.05354220883471488,0.05892939842563577,0.02461801361718221,0.014571839990374195,0.49428425218582817,0.30506811000113865,0.0,0.04898617694512607
2024-07-09,0.048218015348267744,0.062359590745019275,0.026009030729521182,0.025498959502382693,0.4691813447168892,0.2964753009861181,0.020875006770634433,0.0513827512011674
2024-07-10,0.04166996976491639,0.05545571715193715,0.02797268978902004,0.03172981515442131,0.440776510638615,0.309567718942989,0.03847180826826357,0.05435577028983752
2024-07-11,0.02620085185969971,0.10947087731771257,0.010429312643171403,0.025693062235872307,0.36667309559407685,0.3256559260135877,0.0497639082142946,0.08611296612158476
2024-07-12,0.045317758374366406,0.13229293000227352,0.032702597353471925,0.05090005808456876,0.2441551431683069,0.29102194653395114,0.08267253149175434,0.120937034991307
2024-07-15,0.05803830392170392,0.14945228834605306,0.04706890308119228,0.060998757449222764,0.18475837947023216,0.2747146098009792,0.08360994746644257,0.14135881046417406
2024-07-16,0.03513753084803317,0.21366931012209822,0.03000466278021396,0.043715724990229854,0.12506477303185845,0.319867085501182,0.07907991492963322,0.1534609977967512
2024-07-17,0.03701878570923641,0.3275502398760986,0.026265607054458778,0.05315970734065886,0.0,0.1943303582232359,0.11775897323177036,0.24391632856454112
2024-07-18,0.06434964983461691,0.32678434542527834,0.06310640792324791,0.09266182795963239,0.0,0.0,0.15563479956642848,0.2974629692907959
2024-07-19,0.1026500946565696,0.036002234581532844,0.11799440128474743,0.14129513397518415,0.0,0.0,0.20183803341389073,0.40022010208807546
2024-07-22,0.13050860552426027,0.0,0.1664634611382545,0.15071220645018996,0.0,0.0,0.16823800050904178,0.38407772637825355
2024-07-23,0.0,0.0,0.11322066790345711,0.0,0.0,0.0,0.0,0.8867793320965428
2024-07-24,0.125,0.125,0.125,0.125,0.125,0.125,0.125,0.125
2024-07-25,0.125,0.125,0.125,0.125,0.125,0.125,0.125,0.125
2024-07-26,0.125,0.125,0.125,0.125,0.125,0.125,0.125,0.125
2024-07-29,0.125,0.125,0.125,0.125,0.125,0.125,0.125,0.125
2024-07-30,0.0,0.0,0.0,0.29139127627633893,0.0,0.0,0.7086087237236611,0.0
2024-07-31,0.0,0.0,0.0,0.20654029144572472,0.0,0.0,0.7934597085542754,0.0
2024-08-01,0.0,0.0,0.0,0.06571636968426657,0.0,0.0,0.9342836303157335,0.0
2024-08-02,0.0,0.0,0.0,0.0,0.0,0.0,1.0,0.0
2024-08-05,0.0,0.0,0.0,0.23081539827832856,0.0,0.0,0.7691846017216715,0.0
2024-08-06,0.16777518490017732,0.04522902670598256,0.1225475906866836,0.24068214608399643,0.0,0.0,0.33165821469087714,0.09210783693228293
2024-08-07,0.19674168703941586,0.0,0.1104761501641094,0.27508787321701367,0.0,0.0,0.39377292109387096,0.023921368485590143
2024-08-08,0.21400270856463155,0.029052248049668113,0.16563357572005993,0.22341889834798281,0.0,0.0,0.26439212478378893,0.10350044453386865
2024-08-09,0.0,0.0,0.0,0.0,1.0,0.0,0.0,0.0
2024-08-12,0.0,0.16380798711999586,0.0,0.0,0.5996728116956397,0.2365192011843644,0.0,0.0
2024-08-13,0.020234510405442368,0.10192623071389294,0.018342753453906173,0.008225514400174435,0.5096211657077755,0.3266602744224504,0.00789120673757926,0.007098344158778788
2024-08-14,0.01960443949228404,0.05847292718237455,0.019069786358364683,0.007367073451592416,0.5070783527630366,0.3663194965403346,0.00946085369476178,0.01262707051725146
2024-08-15,0.03016036209320878,0.05284551105413881,0.03436050900678123,0.019858191170529626,0.45605576193776765,0.3557887314254622,0.020016138191795388,0.030914795120316262
2024-08-16,0.0129509544028476,0.07277701763973178,0.018232908306269054,0.0,0.48875369477435415,0.3936087228526127,0.0,0.013676702024184691
2024-08-19,0.01274198756974858,0.07680675446577327,0.015313930509701174,0.0,0.48135961603251415,0.39893569595601613,0.0,0.01484201546624671
2024-08-20,0.00021089590372163074,0.07612945727198717,0.0,0.0,0.5020230612439319,0.4216365855803593,0.0,0.0
2024-08-21,0.020889221970129955,0.0815926734985955,0.01546809437374803,0.0033708713224912695,0.4558405455364712,0.39082064540448813,0.009382778203785512,0.022635169690290405
2024-08-22,0.033887324182454694,0.07480211482674122,0.029717473737892196,0.015236774722968362,0.4053832901839964,0.37804372464709407,0.01539046821325647,0.0475388294855967
2024-08-23,0.03281901936976607,0.07814695060339948,0.024433982956837366,0.008218960180899843,0.37845859742645543,0.4000706136715986,0.0037819337943651612,0.07406994199667818
2024-08-26,0.033873814314448115,0.12458001709032947,0.020902065450381112,0.0,0.2469315102590042,0.44281273011761,0.0,0.13089986276822713
2024-08-27,0.07955131590700758,0.2174903263710869,0.05348446862367025,0.02825331406515961,0.0,0.3863872674162291,0.0,0.23483330761684665
2024-08-28,0.07754886012429917,0.2549156914675365,0.0733012006264538,0.02368810702424174,0.0,0.0,0.0,0.5705461407574689
2024-08-29,0.08772729577702731,0.20682496212961288,0.15498665430015843,0.10949888650282205,0.0,0.0,0.0,0.4409622012903794
2024-08-30,0.06606204778460628,0.0,0.2328080719378147,0.12728199163714496,0.0,0.0,0.0,0.5738478886404339
2024-09-03,0.125,0.125,0.125,0.125,0.125,0.125,0.125,0.125
2024-09-04,0.0,0.0,0.0,0.0,0.0,0.0,0.0,1.0
2024-09-05,0.0,0.0,0.12232534352215246,0.2230915951597075,0.0,0.0,0.2724723645126079,0.38211069680553206
2024-09-06,0.0,0.0,0.0,0.2363023598534133,0.0,0.0,0.579322653322146,0.18437498682444076
2024-09-09,0.0,0.0,0.11314480686763823,0.25111446654346437,0.0,0.0,0.39084805252094634,0.2448926740679511
2024-09-10,0.0,0.0,0.0,0.0,0.0,0.0,0.636569027407779,0.363430972592221
2024-09-11,0.0,0.08653929064746453,0.09638409423716843,0.20424401455635244,0.0,0.0,0.32204250458247896,0.2907900959765356
2024-09-12,0.04035038420488054,0.289307047021783,0.08667708450979876,0.14257629196503133,0.0,0.0,0.20749850667843178,0.23359068562007454
2024-09-13,0.01764068681237933,0.27544273335531855,0.033664135950658924,0.059722859634029526,0.2482179675417999,0.1388871304861914,0.09097400940336468,0.13545047681625777
2024-09-16,0.02573913466443444,0.248375733706994,0.023686040331300527,0.04035622569080511,0.255391588511881,0.22497882420481657,0.07248581150849488,0.1089866413812733
2024-09-17,0.04576270993994146,0.21062695658770014,0.039511867267391886,0.04767569263033021,0.23715830258351128,0.25045443924111277,0.07161886285873698,0.09719116889127519
2024-09-18,0.0774861496038706,0.17549690872631307,0.07084851941678967,0.06334555721213349,0.18565349059464958,0.2482770348037318,0.06559105882287948,0.11330128081963237
2024-09-19,0.06534326350173297,0.15459826705840002,0.05434755653990857,0.034208500211742224,0.2790350187038269,0.32125071439175845,0.01929389370327284,0.07192278588935802
2024-09-20,0.05496657452849775,0.2060552828415387,0.04130164261328805,0.011594237159673816,0.3079305893700283,0.34338632460514495,0.0,0.03476534888182837
2024-09-23,0.025406997909301867,0.2535920908216139,0.016264371386799235,0.0,0.3188441603378538,0.37068222289035785,0.0,0.015210156654073454
2024-09-24,0.03157013104489389,0.3249563637294673,0.01273123963767323,0.0,0.289968573606292,0.32590715167504514,0.0,0.014866540306628533
2024-09-25,0.06152611650914396,0.36685006564012385,0.0494174017893207,0.013750035042291855,0.24267461460208276,0.2331412627171259,0.0,0.03264050369991098
2024-09-26,0.07090653047289451,0.4249157234196577,0.04828518233902675,0.0032251932810868685,0.2723615971878158,0.1803057732995185,0.0,0.0
2024-09-27,0.044016676840828356,0.8856228064745016,0.0,0.0,0.07036051668466997,0.0,0.0,0.0
2024-09-30,0.23897448368951438,0.41650160084983084,0.2184345167100615,0.12608939875059322,0.0,0.0,0.0,0.0
2024-10-01,0.125,0.125,0.125,0.125,0.125,0.125,0.125,0.125
2024-10-02,0.04065022712072101,0.05840629447844044,0.25560437770544264,0.3035951385649436,0.0,0.0,0.34174396213045233,0.0
2024-10-03,0.0,0.0,0.3124875523630427,0.3471527140738419,0.0,0.0,0.34035973356311533,0.0
2024-10-04,0.1461285790758371,0.0,0.3386470473680553,0.26032846907867424,0.0,0.0,0.24105369012353875,0.013842214353894662
2024-10-07,0.125,0.125,0.125,0.125,0.125,0.125,0.125,0.125
2024-10-08,0.0,0.0,1.0,0.0,0.0,0.0,0.0,0.0
2024-10-09,0.0,0.0,0.06198630903646702,0.0,0.5844579410407346,0.3535557499227984,0.0,0.0
2024-10-10,0.0,0.0,0.0,0.0,0.6025360083803122,0.3974639916196878,0.0,0.0
2024-10-11,0.007714739932364454,0.0,0.03958563568442486,0.0,0.49106641499060993,0.4616332093926008,0.0,0.0
2024-10-14,0.010180844297809516,0.0,0.03361095465621626,0.000491888990176784,0.44694093720882794,0.47103271583451833,0.0,0.037742659012451045
2024-10-15,0.0,0.0,0.0,0.0,0.4104350879878538,0.5597571024984056,0.0,0.02980780951374065
2024-10-16,0.0,0.1091804513964732,0.02396530576153275,0.019711330034998274,0.24973977138741074,0.4199226904522306,0.04818975650085849,0.12929069446649596
2024-10-17,0.02292551503205659,0.18220408068837735,0.048676224237480616,0.045719526194634395,0.16818681751768252,0.33210393531988414,0.05849489467195213,0.14168900633793224
2024-10-18,0.012191262444307077,0.2471052335165975,0.03406191778482095,0.03176616882150889,0.17065846137075827,0.32102905872692694,0.04041177489639636,0.14277612243868412
2024-10-21,0.032185988475523855,0.275083065624152,0.04781906386203907,0.038505094140974735,0.19682588923946912,0.26914752165338923,0.02733862686857086,0.11309475013588115
2024-10-22,0.0,0.41080656525873155,0.013864372279869844,0.0,0.24561432820124524,0.2518648732078174,0.0,0.07784986105233599
2024-10-23,0.0,0.8009108407523374,0.001648638574257073,0.0,0.0,0.01968730247606583,0.0,0.17775321819733964
2024-10-24,0.05204329152932286,0.6834838215946046,0.04620240998643888,0.014810109728846192,0.0,0.0,0.0,0.20346036716078744
2024-10-25,0.06063029520815089,0.590101578299336,0.055936308537003876,0.025472703995276746,0.1215348015913323,0.0,0.013902716662704047,0.1324215957061962
2024-10-28,0.10704477581166452,0.3712226853409237,0.1031189567974257,0.07149872931585838,0.15867386301995806,0.0,0.06833433065709292,0.12010665905707686
2024-10-29,0.05247840767294877,0.4787840094197004,0.03276023795954874,0.0,0.4359773449478022,0.0,0.0,0.0
2024-10-30,0.0864544664611946,0.5290385846283613,0.024587568519081834,0.0,0.3469995003905118,0.0,0.01291988000085054,0.0
2024-10-31,0.33086744635388404,0.669132553646116,0.0,0.0,0.0,0.0,0.0,0.0
2024-11-01,0.3598831545427683,0.045567616548766815,0.2290654001789221,0.1607866599954258,0.0,0.0,0.20469716873411686,0.0
2024-11-04,1.0,0.0,0.0,0.0,0.0,0.0,0.0,0.0
2024-11-05,0.35636325248741063,0.0,0.1958830907927888,0.1286709519995804,0.0,0.0,0.31908270472022016,0.0
2024-11-06,0.10464824716793165,0.0,0.122840919916813,0.09133300779710725,0.26714969255307075,0.26863045124143803,0.09385747353202803,0.051540207791611295
2024-11-07,0.0,0.0,0.0,0.0,0.51253305582245,0.48746694417755004,0.0,0.0
2024-11-08,0.0,0.0,0.02218452780134425,0.0034735650763833624,0.4770470611971948,0.47837891639718166,0.00809781836719404,0.010818111160702007
2024-11-11,0.0,0.0,0.02944460143908283,0.014555499258515757,0.44222311101109135,0.46488841312384016,0.019323240293542487,0.02956513487392752
2024-11-12,0.0,0.0,0.02930795910571474,0.011171678038276206,0.4574560480476467,0.47709091093257067,0.0033353087602392625,0.021638095115552352
2024-11-13,0.0,0.0,0.020150815132487232,0.0,0.47115992776636567,0.49725181606978003,0.0,0.011437441031367112
2024-11-14,0.0,0.0,0.0,0.0,0.4885168022694307,0.5114831977305692,0.0,0.0
2024-11-15,0.0,0.0,0.0,0.0,0.0,1.0,0.0,0.0
2024-11-18,0.125,0.125,0.125,0.125,0.125,0.125,0.125,0.125
2024-11-19,0.125,0.125,0.125,0.125,0.125,0.125,0.125,0.125
2024-11-20,0.0,0.8052369283217707,0.0686168455835774,0.04935522866799195,0.0,0.0,0.0,0.07679099742665982
2024-11-21,0.0,0.8833367141380255,0.03199021033240065,0.014673527268681813,0.0,0.0,0.0,0.06999954826089193
2024-11-22,0.0,0.9407632501716285,0.0,0.0,0.0,0.0,0.0,0.0592367498283714
2024-11-25,0.0,0.9860880728249248,0.0,0.0,0.0,0.0,0.0,0.013911927175075141
2024-11-26,0.0,0.49876210073124216,0.015245003165495662,0.03843419682626971,0.01375910476836334,0.21241833268309063,0.05483222226307662,0.16654903956246184
2024-11-27,0.0028830797908710615,0.44794152630932144,0.0013618863275180729,0.037415295939755316,0.0,0.22377802862795007,0.08273884919299426,0.20388133381158982
2024-11-29,0.009096735159808826,0.31960740643728336,0.0,0.022477386667420638,0.12224187297435278,0.3349018078055355,0.0804416538484468,0.11123313710715207
2024-12-02,0.020632319779428518,0.15563046565262334,0.01793966863696882,0.038401570426949465,0.32297908698362987,0.31525751295861104,0.09125524755217955,0.03790412800960937
2024-12-03,0.03739086952592271,0.09745257396684187,0.03972732727948807,0.04408101282300058,0.40447349439222013,0.295960762498698,0.07094748222065102,0.009966477293177624
2024-12-04,0.0,0.028614753977035036,0.004792529996339013,0.0027960978212809183,0.5884178985117018,0.3463217404760796,0.02905697921756366,0.0
2024-12-05,0.01491789717584525,0.0,0.007926642264610134,0.006123932541416733,0.6207959899974185,0.31065376237139836,0.039581775649311125,0.0
2024-12-06,0.006357167465187256,0.0,0.0,0.0,0.7091800709678817,0.2624532421552062,0.02200951941172478,0.0
2024-12-09,0.05270273431256975,0.0,0.04263354310879696,0.02536615803182095,0.7179933489708412,0.14174236402040355,0.01956185155556758,0.0
2024-12-10,0.06472351904057845,0.20716140252355583,0.06311491663085783,0.006305518916764694,0.6586946428882431,0.0,0.0,0.0
2024-12-11,0.036578037565725294,0.35772944217607777,0.059085959955764676,0.0,0.5466065603024323,0.0,0.0,0.0
2024-12-12,0.0,0.4729721087496921,0.015599057172174404,0.0,0.5114288340781334,0.0,0.0,0.0
2024-12-13,0.0,0.217880252060191,0.017131254084407334,0.0,0.7649884938554017,0.0,0.0,0.0
2024-12-16,0.0,0.0,0.0033071372383594025,0.0,0.9966928627616407,0.0,0.0,0.0
2024-12-17,0.0,0.0,0.0,0.0,1.0,0.0,0.0,0.0
2024-12-18,0.125,0.125,0.125,0.125,0.125,0.125,0.125,0.125
2024-12-19,0.125,0.125,0.125,0.125,0.125,0.125,0.125,0.125
2024-12-20,0.125,0.125,0.125,0.125,0.125,0.125,0.125,0.125
2024-12-23,0.125,0.125,0.125,0.125,0.125,0.125,0.125,0.125
2024-12-24,0.0,0.0,1.0,0.0,0.0,0.0,0.0,0.0
2024-12-26,0.035226942791683466,0.0,0.16128531194174492,0.0,0.0,0.8034877452665716,0.0,0.0
2024-12-27,0.0,0.0,0.0,0.0,0.0,1.0,0.0,0.0
2024-12-30,0.125,0.125,0.125,0.125,0.125,0.125,0.125,0.125
2024-12-31,0.06080299779449013,0.0,0.22104301959597192,0.20515150689970985,0.0,0.0,0.20355508284398308,0.30944739286584494
2025-01-02,0.0,0.20711466273255505,0.16993626202580164,0.17911499005235795,0.0,0.0,0.2315135171961346,0.21232056799315077
2025-01-03,0.0035691138089069966,0.18902107486006806,0.16347353914863127,0.1640152663932335,0.0,0.0,0.21953527088921437,0.2603857348999458
2025-01-06,0.04214878165618405,0.13887652519306684,0.14390385275419434,0.13122387296172855,0.0,0.17741466501543482,0.17310724463103266,0.19332505778835868
2025-01-07,0.029527236727808555,0.2872552183503322,0.17407459196053346,0.1289004615414005,0.0,0.0647173716923749,0.14513765278379015,0.17038746694376034
2025-01-08,0.0,0.5366128323327617,0.14688814568934372,0.07968536610056749,0.0,0.09317191142077688,0.06591528813122914,0.07772645632532109
2025-01-09,0.0,0.3854818579216241,0.1230092533842389,0.08481373645447951,0.0,0.26019904513593217,0.07191307421270329,0.07458303289102204
2025-01-10,0.0,0.5797097613298923,0.16048821753650533,0.1151769831509941,0.0,0.0,0.14462503798260837,0.0
2025-01-13,0.0,0.420696704086343,0.187662452128306,0.08302629078261214,0.0,0.0,0.3086145530027389,0.0
2025-01-14,0.0,0.27356141529305,0.169296506502758,0.025434391281659793,0.0,0.0,0.5317076869225322,0.0
2025-01-15,0.0,0.06674732694194029,0.0,0.0,0.0,0.384572407005739,0.5486802660523207,0.0
2025-01-16,0.0,0.12358921496242573,0.02641591065602608,0.061812247030114516,0.011914573221762098,0.44833215699573037,0.19104388095537703,0.1368920161785642
2025-01-17,0.0036618531704128167,0.04427883251311725,0.02877011574865001,0.0438657512598065,0.3050704055988732,0.39132874075672686,0.08817339459450532,0.09485090635790805
2025-01-21,0.01598403075926545,0.0608654650926061,0.017814401563276405,0.03141627532605323,0.329857694619756,0.38820480066206625,0.0674877394877261,0.08836959248925053
2025-01-22,0.02560502254068502,0.07165373708873063,0.02027030851565817,0.03057958005957298,0.36401739323720744,0.3652987829821625,0.05672547236789572,0.0658497032080876
2025-01-23,0.0337662884942139,0.07066785447519054,0.02653866834908687,0.032862988161594275,0.36424142541811066,0.35838978698424023,0.05038066096283578,0.06315232715472774
2025-01-24,0.029377934443399395,0.07439292115987689,0.011685622926948806,0.018914280830762006,0.3884126414561583,0.38644777356551635,0.03732991418958113,0.05343891142775714
2025-01-27,0.020784916587666416,0.033124471351495675,0.0,0.0022958789322010216,0.31046056257791693,0.49546479023880546,0.05092916489599986,0.08694021541591461
2025-01-28,0.057940597686613346,0.09011129090151541,0.02554165469041673,0.0662346628057953,0.1783720719301706,0.3667558513409917,0.11154062085281341,0.10350324979168336
2025-01-29,0.09518050386952868,0.11319407406023689,0.061477864796039096,0.1479339369330228,0.02719102024194902,0.2532916799328709,0.22409903619913127,0.07763188396722125
2025-01-30,0.05139992426102057,0.400458642607961,0.05398523321808489,0.18836377624836326,0.0,0.013253758711847053,0.2925386649527233,0.0
2025-01-31,0.0,0.6230511122592248,0.014721609795932736,0.1652559165087918,0.0,0.0,0.19697136143605073,0.0
2025-02-03,0.0,0.8882575499723205,0.0,0.025667748643254537,0.0,0.0,0.08607470138442479,0.0
2025-02-04,0.0,0.7815961578330273,0.012690765325675419,0.09030280797544946,0.0,0.0,0.11541026886584782,0.0
2025-02-05,0.0,0.9107111552643457,0.0,0.0,0.0,0.0,0.08928884473565442,0.0
2025-02-06,0.0,0.6834266298378091,0.0,0.061126150979210175,0.07992511092871045,0.0,0.17552210825427023,0.0
2025-02-07,0.0,0.7769813377508785,0.0,0.04650976244054792,0.0,0.0,0.17650889980857354,0.0
2025-02-10,0.0,0.6339366548290764,0.04544691707751254,0.0586131600482273,0.16624293908722387,0.0,0.09576032895795993,0.0
2025-02-11,0.004078765821983514,0.6067210639141345,0.050927440607819105,0.02970678578112306,0.2999408102514918,0.0,0.0086251336234481,0.0
2025-02-12,0.08875455951580617,0.4284305182340953,0.08631328476690203,0.028191463880308045,0.35905892139421464,0.0,0.0,0.009251252208673788
2025-02-13,0.0,0.3534130008196869,0.0,0.0,0.6465869991803133,0.0,0.0,0.0
2025-02-14,0.03754312429182578,0.0,0.0,0.0,0.9429305207395149,0.019526354968659388,0.0,0.0
2025-02-18,0.10576017221252094,0.1090364595654859,0.061976263490733347,0.02318473778198061,0.5323673963800696,0.16200236305614635,0.0,0.005672607513063407
2025-02-19,0.058466998799559994,0.05722633668721744,0.0037415059241456806,0.0,0.6708395967769051,0.20972556181217175,0.0,0.0
2025-02-20,0.1494090663887579,0.0008695505099514725,0.0,0.0,0.8047531075875405,0.04496827551375017,0.0,0.0
2025-02-21,0.125,0.125,0.125,0.125,0.125,0.125,0.125,0.125
2025-02-24,0.7465572444033859,0.0,0.0,0.2534427555966141,0.0,0.0,0.0,0.0
2025-02-25,0.125,0.125,0.125,0.125,0.125,0.125,0.125,0.125
2025-02-26,0.0335099945533984,0.0,0.02992118178121175,0.38576116564702995,0.0,0.0,0.55080765801836,0.0
2025-02-27,0.0,0.0,0.06460510792123175,0.3783896400682301,0.0,0.0,0.4830497410213507,0.07395551098918748
2025-02-28,0.0,0.0,0.0,0.3149311128327773,0.0,0.0,0.533829242053193,0.1512396451140297
2025-03-03,0.0,0.0,0.0,0.1590686825625619,0.0,0.0,0.6675764234903228,0.17335489394711534
2025-03-04,0.14814456151626898,0.0,0.12473140534748818,0.23940097874585192,0.0,0.0,0.261530761295332,0.22619229309505884
2025-03-05,0.27404485295114595,0.017619062350335495,0.14308415347752168,0.17140147530976696,0.0,0.0,0.15279957639014866,0.2410508795210812
2025-03-06,1.0,0.0,0.0,0.0,0.0,0.0,0.0,0.0
2025-03-07,0.5625186775107842,0.1980573797393768,0.12066220525046757,0.06217110375885411,0.0,0.0,0.0,0.056590633740517315
2025-03-10,1.0,0.0,0.0,0.0,0.0,0.0,0.0,0.0
2025-03-11,0.6039806038127281,0.3960193961872719,0.0,0.0,0.0,0.0,0.0,0.0
2025-03-12,0.37632950939196547,0.5044293070443007,0.07486207597919278,0.044379107584541014,0.0,0.0,0.0,0.0
2025-03-13,0.0,1.0,0.0,0.0,0.0,0.0,0.0,0.0
2025-03-14,0.17325479396728286,0.6040916536368993,0.0890824792500509,0.08115561296235306,0.0,0.0,0.05241546018341372,0.0
2025-03-17,0.061465760333449526,0.5174872748684641,0.018775941187339815,0.0018789985809445874,0.23536302536015638,0.16502899966964554,0.0,0.0
2025-03-18,0.0014171783610581223,0.5412130243230908,0.0,0.0,0.226728420096015,0.23064137721983607,0.0,0.0
2025-03-19,0.02243941368816217,0.3216155302084672,0.030842950776530532,0.02363940913520884,0.24975877400842153,0.2701463939751451,0.037102183325163345,0.04445534488290123
2025-03-20,0.0,0.31737361883238124,0.0001694435926424677,0.0,0.29966097608274506,0.34085280674585944,0.017831650289686828,0.024111504456685032
2025-03-21,0.0,0.21807038643748325,0.013907703679919416,0.012692878855054277,0.33597711207303665,0.3607478673738968,0.028257852761053612,0.03034619881955595
2025-03-24,0.007457516151051194,0.10849326797479208,0.044083460708844384,0.03762771839820263,0.3465614581195242,0.3497301744828148,0.0426668415772904,0.0633795625874802
2025-03-25,0.0,0.05102944344456574,0.006118801104221517,0.0,0.47084601581963303,0.4461702902917328,0.0,0.02583544933984677
2025-03-26,0.0,0.022890598822159734,0.004572318433804255,0.0,0.475597350169558,0.4606384199515132,0.0,0.03630131262296497
2025-03-27,0.0,0.06576978610071936,0.0032028523015900727,0.0,0.44183052556647867,0.444542116377263,0.0,0.04465471965394894
2025-03-28,0.0,0.5580238304612813,0.0,0.0,0.05398936227072668,0.38798680726799195,0.0,0.0
2025-03-31,0.0,0.7429108489730788,0.0,0.04565391777762638,0.0,0.0,0.07132929590172324,0.1401059373475715
2025-04-01,0.0,0.6234653043274161,0.0,0.08194018494095268,0.0,0.0,0.16063415717267207,0.13396035355895913
2025-04-02,0.06357447082564925,0.4284239628326968,0.05274965467332457,0.11786897897847197,0.0,0.0,0.18879260549927454,0.14859032719058293
2025-04-03,0.125,0.125,0.125,0.125,0.125,0.125,0.125,0.125
2025-04-04,0.125,0.125,0.125,0.125,0.125,0.125,0.125,0.125
2025-04-07,0.32466098926003645,0.0,0.0,0.31316035623750516,0.0,0.0,0.36217865450245856,0.0
2025-04-08,0.6852069876614162,0.0,0.0,0.31479301233858376,0.0,0.0,0.0,0.0
2025-04-09,0.2823271415616202,0.07017313052669451,0.18931822024911607,0.23490026750023715,0.0,0.0,0.20301512441967032,0.0202661157426618
2025-04-10,1.0,0.0,0.0,0.0,0.0,0.0,0.0,0.0
2025-04-11,0.3031178247273573,0.5917033141648819,0.0613440822696421,0.0319993177158377,0.011835461122280892,0.0,0.0,0.0
2025-04-14,0.1466438605100084,0.4578155984876304,0.0,0.0,0.2844111569057136,0.11112938409664759,0.0,0.0
2025-04-15,0.08589382086775003,0.2984175315782776,0.0041722720110751186,0.0,0.34180311375453104,0.2528660268313274,0.0,0.016847234957038743
2025-04-16,0.07292297012541295,0.49364389483899224,0.0,0.0,0.22826428164801443,0.17808491630864404,0.0,0.0270839370789363
2025-04-17,0.1002517951533228,0.3785217865083361,0.06216963058822586,0.04036563517417355,0.14045023574867813,0.1472082506720539,0.022121377878864663,0.10891128827634497
2025-04-21,0.10834154929790943,0.7559178145461074,0.029734001030119663,0.0,0.0,0.0,0.0,0.10600663512586357
2025-04-22,0.10740507005802517,0.6552694349922416,0.062346816425053145,0.021619991727248128,0.0,0.0018754852234081272,0.0,0.1514832015740239
2025-04-23,0.068833104272099,0.35415691696935325,0.07518975230465602,0.035200777854937276,0.08353096857664528,0.19679216118680534,0.02038151323344496,0.16591480560205887
2025-04-24,0.02881836596352086,0.1383497345292482,0.05492770888362047,0.031638473727842883,0.2741330854380009,0.3295632915628141,0.04072409962862025,0.1018452402663323
2025-04-25,0.0,0.0,0.023653541332204788,0.00899706262865819,0.4207962676881614,0.4521048097323062,0.03666012600053736,0.057788192618132166
2025-04-28,0.0,0.0,0.016553973328610985,0.016576443735026758,0.4256960652166099,0.44667062816257375,0.05348207746415331,0.0410208120930251
2025-04-29,0.0,0.0,0.026753608914351787,0.03820063030474338,0.3991307351930864,0.412769673668895,0.0808809762063415,0.04226437571258193
2025-04-30,0.0,0.0,0.0,0.013097198041129481,0.4446408681906052,0.4755960402622843,0.06666589350598101,0.0
2025-05-01,0.0,0.0,0.05178032465632319,0.09407557891820174,0.34474119428248867,0.32707513593422644,0.12101292798340102,0.06131483822535884
2025-05-02,0.02025197944939853,0.0,0.0638305504098354,0.08383889171238024,0.337859714946436,0.3258087328846543,0.09058991470687187,0.07782021589042358
2025-05-05,0.0,0.0,0.015282236690824744,0.02311476213791283,0.4611203564877262,0.4500089920442278,0.00402971834207867,0.04644393429722984
2025-05-06,0.0,0.0,0.0,0.0,0.48180622371313747,0.5181937762868625,0.0,0.0
2025-05-07,0.0,0.23492425350083568,0.0,0.0,0.2044799439334669,0.5605958025656974,0.0,0.0
2025-05-08,0.14676389017687774,0.1672045270365913,0.23093288796477068,0.17787787907015296,0.0,0.004257573320459091,0.06053367111319761,0.21242957131795065
2025-05-09,0.125,0.125,0.125,0.125,0.125,0.125,0.125,0.125
2025-05-12,0.08467288210459718,0.0,0.14074844375266124,0.0961263025231276,0.24313291685684574,0.23559841398003992,0.07200191674357334,0.12771912403915497
2025-05-13,0.0,0.0,0.05702625782311379,0.0,0.5486006399211688,0.3943731022557175,0.0,0.0
2025-05-14,0.0,0.0,0.02014354349186934,0.0,0.619577272312958,0.36027918419517274,0.0,0.0
2025-05-15,0.0,0.0,0.0,0.0,0.6300501255237184,0.36994987447628164,0.0,0.0
2025-05-16,0.0,0.0,0.023287219724356,0.0,0.570988815558711,0.4057239647169332,0.0,0.0
2025-05-19,0.013591223339203868,0.0,0.014707594753277486,0.0,0.5416644383812887,0.4270716133249727,0.0,0.0029651302012574077
2025-05-20,0.07503647248007433,0.0,0.02589628924358328,0.0007541260753065291,0.5004333303111801,0.3857848703004814,0.0,0.012094911589374332
2025-05-21,0.24148004472644324,0.7585199552735568,0.0,0.0,0.0,0.0,0.0,0.0
2025-05-22,0.17202818875440112,0.8279718112455988,0.0,0.0,0.0,0.0,0.0,0.0
2025-05-23,0.11339212817837895,0.886607871821621,0.0,0.0,0.0,0.0,0.0,0.0
2025-05-27,0.16984786971425878,0.7170225552455307,0.016026240519132234,0.07246079174923782,0.0,0.0,0.024642542771840473,0.0
2025-05-28,0.1563976674210859,0.6646317619091398,0.030286955298454626,0.08850853992036477,0.0,0.0,0.060175075450954886,0.0
2025-05-29,0.1102341207950952,0.8337941826573733,0.0,0.022472926418170877,0.0,0.0,0.033498770129360825,0.0
2025-05-30,0.11711939954743844,0.727791251163396,0.0,0.0611981880846981,0.0,0.0,0.09389116120446728,0.0
2025-06-02,0.12761509914992603,0.5662074928945978,0.05323100277656923,0.08441625560464747,0.0,0.0,0.09006300476744906,0.07846714480681032
2025-06-03,0.11509865181549564,0.5797390960153712,0.06131008203431889,0.0785625180365151,0.0,0.0,0.07895654271288866,0.08633310938541063
2025-06-04,0.0,1.0,0.0,0.0,0.0,0.0,0.0,0.0
2025-06-05,0.10067102798314696,0.4692337749428529,0.05585109192749913,0.07054810369707806,0.09077343035248339,0.0,0.11867628440549045,0.09424628669144916
2025-06-06,0.0968292515051327,0.13182179996574725,0.08543057412379042,0.07248906433481592,0.22658882631125055,0.18137184721964006,0.09291349575947572,0.1125551407801474
2025-06-09,0.02648718208655976,0.0,0.016099905122886917,0.0,0.485449803792541,0.40123699033284627,0.0,0.07072611866516611
2025-06-10,0.04170442926466229,0.0,0.03532334419333716,0.0007610690000955752,0.4414188600207463,0.3829640402234835,0.018803649289581535,0.07902460800809348
2025-06-11,0.0,0.0,0.0,0.0,0.5165860944497088,0.44857170405977276,0.0,0.03484220149051851
2025-06-12,0.04016914982831816,0.08194836750168112,0.0,0.0,0.4059806513333809,0.40610617385294223,0.010530109084715725,0.05526554839896179
2025-06-13,0.08713377569784414,0.31096392794747807,0.035040651066374745,0.025706021230960805,0.2045262846617381,0.22412006712510296,0.040341258602341314,0.07216801366815989
2025-06-16,0.09905540266320834,0.2434292043445763,0.061748098592058154,0.045722472001768925,0.23186967987305407,0.20924167788092027,0.03558960392291131,0.0733438607215027
2025-06-17,0.0,0.6973582475876201,0.0,0.0,0.299922384583017,0.002719367829362789,0.0,0.0
2025-06-18,0.08293855395065175,0.32934602844632505,0.1014375771925534,0.059335829617446656,0.30241602661902345,0.043041470858990696,0.02409864285532533,0.05738587045968364
2025-06-20,0.08831122757046724,0.09215657350314319,0.1554290332831145,0.10248786925785688,0.2749672928630824,0.08669855527259114,0.07329434337518734,0.12665510487455722
2025-06-23,0.0031849392552604394,0.0,0.05917874871559911,0.013752393772526001,0.4662397551169737,0.3561497426184577,0.0,0.10149442052118296
2025-06-24,0.013216047380329105,0.0,0.03736156489430626,0.018775131405852925,0.4554450807823334,0.39069653116849595,0.013559534712170746,0.07094610965651166
2025-06-25,0.017058656061825793,0.0,0.032339384217737556,0.016270316538639414,0.4825183629917436,0.4061261644566007,0.015424251839010025,0.030262863894442934
2025-06-26,0.019233089754179502,0.0,0.02774492864102213,0.01580176489569978,0.48664825848712034,0.4189643476048439,0.01778958447132623,0.013818026145807944
2025-06-27,0.02584201966880783,0.0,0.03322657241989938,0.020659379481882775,0.4627631191555772,0.4162546909199352,0.020224785139544132,0.021029433214353407
2025-06-30,0.019295256886566907,0.0,0.024781797659165782,0.011030176430961276,0.4776835506564458,0.43515352261982365,0.01385549805633014,0.01820019769070652
2025-07-01,0.021579586712717917,0.0,0.026653132399675015,0.011414928303944938,0.4439025888361088,0.44472234670528277,0.021008606058527016,0.030718810983743416
2025-07-02,0.031958190822371356,0.0,0.0370497125015644,0.019619193050321174,0.40972341322098155,0.4245266050509979,0.02925791177837276,0.047864973575390844
2025-07-03,0.02415187419676354,0.0,0.03641247347788433,0.013025633075683383,0.4192008292206617,0.43657544941288307,0.018629935506920093,0.05200380510920386
2025-07-07,0.0,0.0,0.020312490235600094,0.0,0.4647289569037206,0.47832776018004214,0.0,0.036630792680637084
2025-07-08,0.0,0.0,0.01706915135833755,0.0,0.47866738126108044,0.4726596690559569,0.0,0.03160379832462523
2025-07-09,0.0,0.0,0.0,0.0,0.5172940301213692,0.4782603607074193,0.0,0.004445609171211553
2025-07-10,0.0,0.0,0.0056756938968217634,0.0,0.48552376945232234,0.4821486947762537,0.0,0.026651841874602032
2025-07-11,0.0,0.04043017090150219,0.04250858820454801,0.001094543500891272,0.4253587801074895,0.41625612098773124,0.0,0.07435179629783768
2025-07-14,0.0,0.0505094575194992,0.020718996174489402,0.0,0.456425867400951,0.38381439094995734,0.0,0.08853128795510312
2025-07-15,0.0,0.0,0.012686273967587355,0.0,0.6888030093008094,0.22682075673479488,0.0,0.07168995999680827
2025-07-16,0.0,0.03213106027920095,0.0,0.0,0.8679513449416579,0.0,0.0,0.09991759477914117
2025-07-17,0.0,0.07260461272475184,0.05461458034147394,0.0,0.7030393108494112,0.07141118552693859,0.0,0.09833031055742437
2025-07-18,0.0,0.06822539606083822,0.0,0.0,0.9263347748160892,0.0,0.0,0.005439829123072564
2025-07-21,0.0,0.328828753142225,0.0,0.0,0.6042363153285825,0.05856095330132274,0.0,0.008373978227869837
2025-07-22,0.01790289010040333,0.44443557649441445,0.018060728311842127,0.032700227320699,0.2923872785687877,0.07683019367499487,0.028187606762025294,0.0894954987668333
2025-07-23,0.08324365497662956,0.23081582764909733,0.060897023228371296,0.06566858121965562,0.18781856389807294,0.19098277566385605,0.07393990784483358,0.10663366551948358
2025-07-24,0.08681763510837505,0.1570967390802285,0.03563289882215639,0.039965112741053126,0.21545452760123385,0.29016197250549625,0.06257675203861134,0.11229436210284546
2025-07-25,0.08559770297504923,0.0,0.011966836561102413,0.023669844288633727,0.23966775786571773,0.4563954441378129,0.07782999891139458,0.10487241526028927
2025-07-28,0.06227872643727492,0.0,0.055895373383982885,0.06527715164844793,0.24699526910041314,0.39722321222217255,0.10862580452744942,0.06370446268025916
2025-07-29,0.0,0.0,0.0,0.0,0.18447312733396082,0.6499929173594066,0.1655339553066326,0.0
2025-07-30,0.0,0.0,0.08053689072987112,0.1427702135087615,0.25021643374353075,0.2118056481639814,0.29511797491634784,0.019552838937507467
2025-07-31,0.0,0.0,0.05846639921883008,0.2552144153611266,0.0,0.0,0.6863191854200432,0.0
2025-08-01,0.125,0.125,0.125,0.125,0.125,0.125,0.125,0.125
2025-08-04,0.01272595245910411,0.07722959416915322,0.11314352553865564,0.3156473322182655,0.0,0.0,0.4812535956148215,0.0
2025-08-05,0.018900713156828293,0.3628878069738555,0.04688306524567048,0.2110026164002754,0.0,0.0,0.3603257982233703,0.0
2025-08-06,0.11907226490732732,0.3992580519681237,0.07016955300069624,0.16722160923279264,0.0,0.0,0.24427852089106009,0.0
2025-08-07,0.12713364182821035,0.5774237399433727,0.027264017476957253,0.10896012782144682,0.0,0.0,0.15921847293001293,0.0
2025-08-08,0.12827154693076842,0.4120499586047814,0.057189586382864144,0.08299225466873371,0.22300023553296064,0.0,0.09649641787989167,0.0
2025-08-11,0.11560649209956347,0.25268941734782724,0.023062211420298455,0.035381315384756834,0.47807267616201,0.05536143823418526,0.039826449351358754,0.0
2025-08-12,0.09286203134011402,0.04902611174192711,0.04437691067346002,0.03639480444273611,0.4592601141388213,0.2937489335492324,0.024331094113708946,0.0
2025-08-13,0.06245013667189607,0.0,0.016431793681690954,0.0036164643164790875,0.4979646690422468,0.41953693628768707,0.0,0.0
2025-08-14,0.060336587431513704,0.0,0.02621786164279443,0.010301003299624542,0.4445024920473606,0.4441457092998659,0.0,0.014496346278840892
2025-08-15,0.08179075859525309,0.0,0.04454973369671484,0.020017927516628984,0.36241208898598376,0.4370305997434421,0.0,0.054198891461977185
2025-08-18,0.07359599980271436,0.0,0.027375454102424774,0.0,0.3324972496533462,0.5304554145295151,0.0,0.03607588191199959
2025-08-19,0.014369792080532835,0.0,0.0,0.0,0.0,0.8687983358056052,0.0,0.11683187211386196
2025-08-20,0.0,0.0,0.0,0.0,0.0,0.021663434412550368,0.0,0.9783365655874495
2025-08-21,0.0,0.0,0.148722031789657,0.0008148348751993889,0.0,0.0,0.0,0.8504631333351437
2025-08-22,0.09978861717102708,0.0,0.1696121608585876,0.12007510877200082,0.0,0.0,0.06938608530568412,0.5411380278927004
2025-08-25,0.0,0.0,0.12375757372441754,0.05357346996040638,0.0,0.0,0.023125415105212245,0.7995435412099637
2025-08-26,0.0,0.2884947822636392,0.10317259020797245,0.0732078432756048,0.0,0.0,0.04378683412232978,0.4913379501304538
2025-08-27,0.0,0.47796122092848214,0.06437433940625227,0.06745841188438825,0.0,0.11300984279841188,0.023398544271476536,0.25379764071098904
2025-08-28,0.0,0.5440861952568993,0.01991658002891539,0.04278485928534068,0.0,0.24835867118679023,0.027574394225659316,0.1172793000163952
2025-08-29,0.0016613363218242454,0.6338536166599746,0.021751428771425343,0.05236388581192192,0.0,0.16460851401638735,0.023297689477254975,0.10246352894121147
2025-09-02,0.031243227443158522,0.7870328160707861,0.04765790647860387,0.06332809000384511,0.0,0.0,0.02701063782248189,0.043727322181124365
2025-09-03,0.0,0.9671522885468976,0.010120859837292781,0.022726851615809646,0.0,0.0,0.0,0.0
2025-09-04,0.0,0.7885445127948922,0.0,0.01471925898386615,0.11640697465721067,0.06753589669805846,0.012793356865972551,0.0
2025-09-05,0.0,0.674126302379764,0.0,0.0,0.2274623220529266,0.06905944299903537,0.029351932568274022,0.0
2025-09-08,0.0,0.5232025756708761,0.0,0.018418931941024903,0.2857110975714807,0.09480972214315495,0.07785767267346323,0.0
2025-09-09,0.01968779156170587,0.3736004080889003,0.018417459277539457,0.04139398794917591,0.30853020685681054,0.1388113414717286,0.0930823762880378,0.006476428506101387
2025-09-10,0.0,0.3688128872478331,0.0,0.022243639415985485,0.3460922778557437,0.16924432009509405,0.09360687538534372,0.0
2025-09-11,0.011518397645398972,0.2260280164567571,0.015324377559913858,0.03774202619945999,0.33360298791143395,0.25018033772167486,0.10161536567838149,0.023988490826979778
2025-09-12,0.018641121376476034,0.14977186592209166,0.02200452561016959,0.03662468132268497,0.36473636513391916,0.27066905354257675,0.09729747920025984,0.040254907891821845
2025-09-15,0.013766802590965988,0.11826603501897032,0.01841373579508971,0.025570130161067055,0.4164542633981387,0.296453764117341,0.0786701434437963,0.03240512547463099
2025-09-16,0.012672404234921797,0.08847177026687866,0.0,0.00021208029540282751,0.5082919608813746,0.3234298824036471,0.0656976144855969,0.0012242874321780498
2025-09-17,0.05174567169697971,0.0,0.026457584690434337,0.021983571407593844,0.506914560106559,0.2914320603802509,0.08040774685904478,0.021058804859137456
2025-09-18,0.06910537506154492,0.0,0.07047138063009349,0.04707222843374143,0.45038171764458756,0.2487839239382852,0.054117978186010676,0.06006739610573669
2025-09-19,0.0,0.0,0.02650945813792784,0.0,0.6402448040506753,0.3332457378113968,0.0,0.0
2025-09-22,0.013672110728972876,0.0,0.045283562558712735,0.0,0.6016234049090593,0.3394209218032551,0.0,0.0
2025-09-23,0.0,0.046975613929167305,0.0,0.0,0.701895080356817,0.25112930571401576,0.0,0.0
2025-09-24,0.0,0.12386065789387,0.12384858062202778,0.0,0.7522907614841022,0.0,0.0,0.0
2025-09-25,0.125,0.125,0.125,0.125,0.125,0.125,0.125,0.125
2025-09-26,0.0,0.7774585076631246,0.2193705252651201,0.0031709670717552933,0.0,0.0,0.0,0.0
2025-09-29,0.0,1.0,0.0,0.0,0.0,0.0,0.0,0.0
2025-09-30,0.0,0.9711079119451282,0.01067767843823668,0.0,0.0,0.0,0.0,0.018214409616635042
2025-10-01,0.0,0.9682003935852641,0.0,0.0,0.0,0.0,0.0,0.031799606414735795
2025-10-02,0.0,0.8568105817434296,0.0,0.04553617896968105,0.0,0.0,0.06606977706153197,0.03158346222535732
2025-10-03,0.010891470136777062,0.5847216868856537,0.038326300376180865,0.08385311114599102,0.0,0.091999481768862,0.10895118674748844,0.08125676293904689
2025-10-06,0.03455663649401655,0.5042544419790318,0.050755795359753456,0.06809481322302376,0.06953771056624483,0.15141146689067714,0.06837534739459487,0.053013788092657416
2025-10-07,0.0,0.9920693668194035,0.0,0.0,0.0,0.007930633180596528,0.0,0.0
2025-10-08,0.0,0.7771806295643654,0.0,0.011450201912465336,0.09410880805267988,0.10405606327990732,0.013204297190582102,0.0
2025-10-09,0.0,0.7962251235803748,0.0,0.0005590701821278353,0.17951757588280906,0.023037677802577053,0.0006605525521114035,0.0
2025-10-10,0.0,1.0,0.0,0.0,0.0,0.0,0.0,0.0
2025-10-13,0.03675920570502148,0.6314668064445222,0.05559580829203282,0.1237032137840862,0.0,0.0,0.15247496577433725,0.0
2025-10-14,0.0,0.8550242275671818,0.0,0.05275571719876825,0.0,0.0,0.09222005523404989,0.0
2025-10-15,0.04470282695008905,0.6710013115674422,0.048576723867166195,0.08159724538703625,0.0,0.0,0.09821988887293889,0.05590200335532747
2025-10-16,0.0,1.0,0.0,0.0,0.0,0.0,0.0,0.0
2025-10-17,0.06889675278245985,0.6316737784838808,0.045728057964068244,0.06955653019971135,0.0,0.0,0.0857160831707426,0.0984287973991369
2025-10-20,0.04014763732393711,0.7240687055866328,0.023058563645791542,0.03908645937504635,0.01268105718843167,0.0,0.05861591700520932,0.10234165987495118
2025-10-21,0.0,0.3240344738621976,0.0,0.011475408699935177,0.2393208194313275,0.190640160746827,0.064382381809734,0.1701467554499788
2025-10-22,0.02820295544164321,0.0,0.019413573237164226,0.052110075442751605,0.20301020385856924,0.29936888213313567,0.11982848690230205,0.27806582298443405
2025-10-23,0.07344423997496313,0.0,0.0721231730554385,0.06996219687130437,0.2354477134827388,0.2895066839667563,0.08796884735990945,0.17154714528888954
2025-10-24,0.03850131457135956,0.0,0.04029808739219119,0.02683860072675797,0.3535634362295305,0.38634127275041236,0.03575979925205305,0.11869748907769541
2025-10-27,0.03118828004638719,0.0,0.03373305232745844,0.017673476457689418,0.4207527770875084,0.3969948657377939,0.023826048417611413,0.07583149992555115
2025-10-28,0.0070395480943464,0.0,0.008687194549576213,0.0,0.530027254996869,0.44043390727447845,8.589357898403158e-05,0.013726201505745824
2025-10-29,0.024554971047789663,0.0,0.028028075366317858,0.009639741221401552,0.5276394155891638,0.3971692754017316,0.0129685213735956,0.0
2025-10-30,0.0,0.0,0.006743422783461727,0.0,0.5955382857828544,0.39771829143368387,0.0,0.0
2025-10-31,0.0,0.0,0.0005520094016779773,0.0,0.6374236099473934,0.3620243806509286,0.0,0.0
2025-11-03,0.0,0.0,0.0,0.0,0.7198925316176388,0.2801074683823613,0.0,0.0
2025-11-04,0.125,0.125,0.125,0.125,0.125,0.125,0.125,0.125
2025-11-05,0.21102710510190476,0.0,0.47297045550491823,0.31600243939317696,0.0,0.0,0.0,0.0
2025-11-06,0.0,1.0,0.0,0.0,0.0,0.0,0.0,0.0
2025-11-07,0.027619881911298612,0.9540552446754882,0.009070770582547709,0.009254102830665495,0.0,0.0,0.0,0.0
