,Full Alpha Trinity rebuilt,Prediction-only MLP/RF,Crisis-only deterministic,Full Alpha Trinity rebuilt no-cost,Full Alpha Trinity no-leverage
2022-01-03,1.0,1.0,1.0,1.0,1.0
2022-01-04,0.9999034734910824,0.9999122478582197,0.9998900120986691,1.0,0.9999034734910824
2022-01-05,0.996524288526051,0.996840214144603,0.9976413334337372,0.9966236140767645,0.996524288526051
2022-01-06,0.9976142801189793,0.9978314279193258,0.9981792720800168,0.9977150748949357,0.9976142801189793
2022-01-07,0.9965942597474018,0.9969039306604717,0.9979760750328044,0.9966962520491921,0.9965942597474018
2022-01-10,0.9962508727264833,0.996591663733353,0.9973930414858526,0.9963535741000467,0.9962508727264833
2022-01-11,0.997509902127597,0.9977366173949123,0.9984159037689002,0.9976138720357725,0.997509902127597
2022-01-12,0.9979956393897707,0.9981782943989286,0.9988286986302002,0.9981002358002125,0.9979956393897707
2022-01-13,0.9953818115907702,0.9958016342940803,0.9974010807154081,0.9954885014248621,0.9953818115907702
2022-01-14,0.9965293634660397,0.9968452976007081,0.9979186038044974,0.9966373774001075,0.9965293634660397
2022-01-18,0.9940304948799531,0.9945728635710511,0.9958136378431113,0.9941406458897509,0.9940304948799531
2022-01-19,0.9926209165296532,0.993290722790792,0.9951173551676638,0.9927323590295228,0.9926209165296532
2022-01-20,0.9911689271040595,0.9919698323958429,0.9942370216678308,0.9912817520679469,0.9911689271040595
2022-01-21,0.9889184676305185,0.9899222890307059,0.9924766062783217,0.9890330678336766,0.9889184676305185
2022-01-24,0.9891901904896718,0.9901695601664019,0.992584931748457,0.9893053184826227,0.9891901904896718
2022-01-25,0.9870470771828006,0.9882193334333005,0.9912293807874312,0.9871648377978782,0.9870470771828006
2022-01-26,0.9867268099887581,0.9887323871210949,0.9900634728974138,0.9877298698261727,0.9867268099887581
2022-01-27,0.9871011995087017,0.9875952999654866,0.9904391284330488,0.9881125916696742,0.9871011995087017
2022-01-28,0.9860274522980216,0.9898294399749633,0.9893617502959006,0.9870386540183208,0.9860274522980216
2022-01-31,0.984368532997308,0.992899581972663,0.9876972212818974,0.9853828657570304,0.984368532997308
2022-02-01,0.9832813296352254,0.9936445604076836,0.9866063414907408,0.9842959038197633,0.9832813296352254
2022-02-02,0.9824425877122493,0.9947925103707104,0.9857647633226805,0.9834591067669609,0.9824425877122493
2022-02-03,0.9795373735057273,0.9901416525206846,0.9828497249982907,0.9805523729303762,0.9795373735057273
2022-02-04,0.9796065906570945,0.9909776551996542,0.9829191762106961,0.9806225127761394,0.9796065906570945
2022-02-07,0.9819713278140251,0.9908670010404124,0.9852919098370448,0.9829921616068977,0.9819713278140251
2022-02-08,0.9836397314155266,0.9912268714946714,0.9869659552234431,0.9846627659918565,0.9836397314155266
2022-02-09,0.9840648142942283,0.9942390382377618,0.9873924755398024,0.9850899571185658,0.9840648142942283
2022-02-10,0.9835150134451839,0.9921406924398659,0.986840815513444,0.9847384940187467,0.9835150134451839
2022-02-11,0.9904001829199893,0.989335699427714,0.993749267511207,0.9916365889080695,0.9904001829199893
2022-02-14,0.9927976690317314,0.9892232699945419,0.9961548608344913,0.9940380291710307,0.9927976690317314
2022-02-15,0.9888117258143796,0.9924302262260343,0.9921554389635195,0.9900487827621927,0.9888117258143796
2022-02-16,0.9912814891193452,0.9925219566148179,0.9946335538887405,0.9925252685370132,0.9912814891193452
2022-02-17,0.9954581746726953,0.9893852796930769,0.9988243630998506,0.9967111483211911,0.9954581746726953
2022-02-18,0.9960531181952066,0.988084823611776,0.9994213184517399,0.9973078760467401,0.9960531181952066
2022-02-22,0.9967930311211686,0.9871988260813518,1.0001637334279052,0.9980492297577431,0.9967930311211686
2022-02-23,0.9984885366647633,0.9853050054073026,1.001864972402883,0.9997478724636797,0.9984885366647633
2022-02-24,0.9989939851169595,0.9883778774806726,1.0023721300526864,1.0002583379773957,0.9989939851169595
2022-02-25,0.9964946065351465,0.9899704014762513,0.9998642997051729,0.9977567961335455,0.9964946065351465
2022-02-28,1.0000533765860382,0.9904183958916918,1.003435103903621,1.0013227131675333,1.0000533765860382
2022-03-01,1.007818108240389,0.9885196239191065,1.0112260923616225,1.0091004350964274,1.007818108240389
2022-03-02,1.0044370445222794,0.9906226261339359,1.0078335954182414,1.0057179875606714,1.0044370445222794
2022-03-03,1.0073860870733269,0.9894047955596527,1.0107926102947558,1.0086719732837754,1.0073860870733269
2022-03-04,1.0145077986401152,0.9879542903398982,1.0179384042626611,1.0158056305935728,1.0145077986401152
2022-03-07,1.0212224236337064,0.9846364017249555,1.0246757350750613,1.0225315374003452,1.0212224236337064
2022-03-08,1.0288126131352033,0.9847737368391053,1.0322915911577466,1.0303464534687676,1.0288126131352033
2022-03-09,1.0145884346043894,0.9882730999416042,1.018019312901224,1.0161080466900427,1.0145884346043894
2022-03-10,1.0180509245478275,0.9876107308344291,1.0214935114165271,1.0195765947296707,1.0180509245478275
2022-03-11,1.018602190617152,0.9859125228704704,1.0220466416178766,1.0201334326358165,1.018602190617152
2022-03-14,1.01379845974588,0.9842131378763193,1.0172266667057424,1.0153278633624305,1.01379845974588
2022-03-15,1.0075291193756397,0.9870598155090441,1.010936126267496,1.0090554437831383,1.0075291193756397
2022-03-16,1.005800387865516,0.9906496751515533,1.009201548970828,1.0073292637943947,1.005800387865516
2022-03-17,1.0061245983000844,0.9918575262514335,1.009526855738161,1.0076566592779617,1.0061245983000844
2022-03-18,1.00404344749025,0.9945455258913554,1.0074386674194191,1.0055759899136816,1.00404344749025
2022-03-21,1.0082561913690498,0.9948837806065886,1.0116656568888949,1.0097963974700948,1.0082561913690498
2022-03-22,1.0058692381027126,0.9955609557161832,1.0092706320283253,1.0074082809957858,1.0058692381027126
2022-03-23,1.0105595332405595,0.9922175171761686,1.0139767876187906,1.012110246621303,1.0105595332405595
2022-03-24,1.0133333107468439,1.0015021081242887,1.0167599447835867,1.014890464879687,1.0133333107468439
2022-03-25,1.0122785270782646,1.0028454136318448,1.0157015943146448,1.0138357107490505,1.0122785270782646
2022-03-28,1.0082756424540027,1.0042474322444792,1.0116851737486021,1.0098345425364308,1.0082756424540027
2022-03-29,1.005165187402218,1.0089191508381625,1.0085642005474216,1.0069202001188966,1.005165187402218
2022-03-30,1.0058317283257698,1.0054159622678744,1.0092155670070122,1.0077422236513491,1.0058317283257698
2022-03-31,1.0056177485996407,0.9976784471291227,1.00892525876326,1.007672197724201,1.0056177485996407
2022-04-01,1.0046676310901232,0.9978704774973399,1.0081031095018647,1.0067238267715948,1.0046676310901232
2022-04-04,1.0086356916330688,1.0032590895207218,1.0113732028405935,1.0108281034258388,1.0086356916330688
2022-04-05,1.0031530990845043,0.9919513772915598,1.0079797153618513,1.0054521806645258,1.0031530990845043
2022-04-06,0.9991227523889299,0.9837292602995493,1.005276142552498,1.0016361807203262,0.9991227523889299
2022-04-07,1.0011390763833834,0.9855679939479014,1.0078297674774754,1.0036608938007794,1.0011390763833834
2022-04-08,1.0015119535554227,0.9839207831224829,1.0100144717211017,1.0040439514983444,1.0015119535554227
2022-04-11,0.9916044126315909,0.9691930635974715,1.0032962061140132,0.9941246247581046,0.9916044126315909
2022-04-12,0.993315628532636,0.9683255826687075,1.0047677901590808,0.9958462576746381,0.993315628532636
2022-04-13,0.9996808514175783,0.9773007752637692,1.0082513323040463,1.002235091543924,0.9996808514175783
2022-04-14,0.9940929137938969,0.9686961484421074,1.005774741042303,0.996641653976147,0.9940929137938969
2022-04-18,0.99919856018008,0.973568697925962,1.0075820403172797,1.0017646396264794,0.99919856018008
2022-04-19,1.0010929613870188,0.9787207661380066,1.0111535823216922,1.0036728636282866,1.0010929613870188
2022-04-20,0.9963023566123375,0.9781397214442908,1.0115100325753117,0.9988792085170359,0.9963023566123375
2022-04-21,0.9839868313145115,0.9631262497313962,1.0033863593665604,0.986545018930094,0.9839868313145115
2022-04-22,0.9743291889884653,0.9486483060999354,0.9928688119519758,0.9768716053694675,0.9743291889884653
2022-04-25,0.9706028253866815,0.9474882716441324,0.9903309958344765,0.9739483248053592,0.9706028253866815
2022-04-26,0.9740803846582475,0.9332335841523118,0.9938792388916831,0.977439772986285,0.9740803846582475
2022-04-27,0.9748942674934648,0.9352876425339921,0.9947096644556845,0.9782615530876265,0.9748942674934648
2022-04-28,0.9793062073264633,0.9539760813542535,0.9992112800023265,0.9826896180864602,0.9793062073264633
2022-04-29,0.9773256155891283,0.9326463714541728,0.9971904313747788,0.9807037054041229,0.9773256155891283
2022-05-02,0.9743624786466416,0.9403189204578469,0.9941670666345436,0.9777388659632422,0.9743624786466416
2022-05-03,0.974256234496245,0.9446317877734052,0.9940586629986671,0.9776338914768833,0.974256234496245
2022-05-04,0.9730698381807715,0.9623080199824698,0.992848152361539,0.9764500894457417,0.9730698381807715
2022-05-05,0.9760322924356847,0.9427324996256531,0.9958708205381058,0.9794274503218623,0.9760322924356847
2022-05-06,0.9773989874400412,0.9424427923129497,0.9972652945590599,0.9807991739805619,0.9773989874400412
2022-05-09,0.9733244432585563,0.9121227871166545,0.9931079324627627,0.9767157103963727,0.9733244432585563
2022-05-10,0.9719081095191894,0.9178102240349284,0.9916628107653451,0.975298257790773,0.9719081095191894
2022-05-11,0.9748117053170315,0.9111417165964526,0.9946254241461915,0.9782144275342294,0.9748117053170315
2022-05-12,0.9745249425983822,0.9078616654786099,0.9943328327779198,0.9779354423164954,0.9745249425983822
2022-05-13,0.970762624547413,0.9277398341004606,0.9904940430231323,0.9741616971868641,0.970762624547413
2022-05-16,0.9716268147791868,0.9287953203686915,0.9913757985161497,0.9750337898996639,0.9716268147791868
2022-05-17,0.9657846252090991,0.9414397456743671,0.9854148624221364,0.9691722862617576,0.9657846252090991
2022-05-18,0.9683836178472308,0.9190313105468336,0.9880666813744066,0.9717821745342331,0.9683836178472308
2022-05-19,0.9675878350714052,0.9184930259620764,0.9872547237659611,0.9709927981147177,0.9675878350714052
2022-05-20,0.9688461932003027,0.9172235603764604,0.9885386588898992,0.9722561886086589,0.9688461932003027
2022-05-23,0.9657952632019852,0.9286359095380616,0.9854257166395494,0.9691996774053243,0.9657952632019852
2022-05-24,0.9665552128566167,0.9237459357194978,0.9862011127939501,0.9699660661188583,0.9665552128566167
2022-05-25,0.9665793419393462,0.9325401657437299,0.986225732316893,0.9699938125880397,0.9665793419393462
2022-05-26,0.9644499007844005,0.9434780774232422,0.9840530088048755,0.9678574820039866,0.9644499007844005
2022-05-27,0.9635366438248151,0.9586861947557427,0.9831211892690332,0.9669420330540817,0.9635366438248151
2022-05-31,0.9615597087276273,0.9525523488851381,0.9811040716053606,0.964962267552646,0.9615597087276273
2022-06-01,0.9671064886981994,0.9505889031093449,0.9867635936964311,0.9705297896603855,0.9671064886981994
2022-06-02,0.9664376297366669,0.9617454154306211,0.9860811397161603,0.9698662602560151,0.9664376297366669
2022-06-03,0.9656224702024971,0.9546059510437346,0.9852494115034213,0.9690534672572937,0.9656224702024971
2022-06-06,0.9654054997821193,0.9557034188222515,0.9850280310099184,0.9688381145708135,0.9654054997821193
2022-06-07,0.9667613951925164,0.9661060054048265,0.986411485927733,0.9702015289352717,0.9667613951925164
2022-06-08,0.96790654759062,0.9612524632444073,0.9875799143364845,0.971352215673613,0.96790654759062
2022-06-09,0.9705095078869422,0.9456097794148954,0.9902357815923287,0.9739683912637391,0.9705095078869422
2022-06-10,0.9782794881026929,0.9285701586031919,0.9981636920036888,0.9817676617370276,0.9782794881026929
2022-06-13,0.9752603604803084,0.8954237588938548,0.995083198534451,0.9787509167223664,0.9752603604803084
2022-06-14,0.9739563044735701,0.8939766873916785,0.9937526366918532,0.9774458499333843,0.9739563044735701
2022-06-15,0.973957506036595,0.8949622123695797,0.9937538626774736,0.9774547011433261,0.973957506036595
2022-06-16,0.97252896668793,0.8697182712765044,0.9922962872833482,0.9760287653522347,0.97252896668793
2022-06-17,0.9750437116560523,0.8567270585327597,0.9948621461737323,0.9785594013263992,0.9750437116560523
2022-06-21,0.9722058180510281,0.8785587654630059,0.9919665704279927,0.975711844258618,0.9722058180510281
2022-06-22,0.9726680022881543,0.8674202260184186,0.992438148877839,0.9761776552483012,0.9726680022881543
2022-06-23,0.9714015608959741,0.8604103794331115,0.9911459661927287,0.974909219901459,0.9714015608959741
2022-06-24,0.9700633835327972,0.8746162559370275,0.9897805894536386,0.9735667003507142,0.9700633835327972
2022-06-27,0.9688649785338547,0.8801710122650683,0.9885578260482848,0.9723642767466912,0.9688649785338547
2022-06-28,0.971178282669167,0.8793564120346267,0.9909181496822894,0.9746887575936435,0.971178282669167
2022-06-29,0.9737381950992904,0.8698179898838149,0.9935300940944265,0.9772604292401018,0.9737381950992904
2022-06-30,0.9703999322989346,0.860943443180868,0.990123978805079,0.9739109751065688,0.9703999322989346
2022-07-01,0.9717182575209256,0.8640645027772546,0.9914690998945502,0.9752356158591664,0.9717182575209256
2022-07-05,0.9724508779588964,0.852249415198936,0.9922166113471522,0.9759839000552633,0.9724508779588964
2022-07-06,0.9700435739221641,0.8505475257344559,0.9897603771990353,0.9735752015597292,0.9700435739221641
2022-07-07,0.9703747461797361,0.8661074464089008,0.9900982807606732,0.9739076460548572,0.9703747461797361
2022-07-08,0.9701605293959863,0.8666105234496098,0.989879709873358,0.973693073096193,0.9701605293959863
2022-07-11,0.9741969871695598,0.8596388216039981,0.9939982114292899,0.9777506073963845,0.9741969871695598
2022-07-12,0.9729409841688603,0.8492976286647084,0.9927166793031514,0.9764911959429238,0.9729409841688603
2022-07-13,0.9733256688146643,0.8487403663252162,0.9931091829291424,0.9768797780014646,0.9733256688146643
2022-07-14,0.9725924290864831,0.8442806178683285,0.9923610395988304,0.9761515131298013,0.9725924290864831
2022-07-15,0.9691570443244584,0.8537236566640686,0.9888558282770983,0.9727051374438104,0.9691570443244584
2022-07-18,0.9667423964981858,0.8590871026331957,0.9863921010718644,0.9702841364591932,0.9667423964981858
2022-07-19,0.9643999294958927,0.8751619882352885,0.9840020218155361,0.9679363551228823,0.9643999294958927
2022-07-20,0.9627446919471664,0.8807373648550569,0.9823131404244072,0.9665637719118979,0.9627446919471664
2022-07-21,0.9659166160638232,0.8787537677359832,0.9844184122147602,0.9699565711472887,0.9659166160638232
2022-07-22,0.9595768824530554,0.8724140734273518,0.977721989614541,0.9637439286884755,0.9595768824530554
2022-07-25,0.9600381486445624,0.88271514398722,0.978694267652973,0.9643080717250215,0.9600381486445624
2022-07-26,0.953642619877979,0.8774491924250186,0.9757091293640403,0.957896015626487,0.953642619877979
2022-07-27,0.9691948140086963,0.8946543499451229,0.9860932774747682,0.9735381249605215,0.9691948140086963
2022-07-28,0.97075667975045,0.9037453084301396,0.9868491904920782,0.9751161139685929,0.97075667975045
2022-07-29,0.9759497849150971,0.9183223936112137,0.9885282917658319,0.9803423584585016,0.9759497849150971
2022-08-01,0.9752801589760495,0.9126774088446664,0.9850830071323525,0.9796752946412599,0.9752801589760495
2022-08-02,0.9754802343824328,0.9096511735491375,0.985045723683589,0.9798816479890059,0.9754802343824328
2022-08-03,0.9836310405504893,0.9075116014113533,0.9905477971348314,0.9880808340788149,0.9836310405504893
2022-08-04,0.9825193134887032,0.8995841911135539,0.9878727313943981,0.986973165806772,0.9825193134887032
2022-08-05,0.9826279980137794,0.9031075387905042,0.9889921658255725,0.9870917177975882,0.9826279980137794
2022-08-08,0.9783184516643176,0.900063180400102,0.9867278306528614,0.9828819697809592,0.9783184516643176
2022-08-09,0.9690184809209516,0.9022580063656621,0.9785227843627446,0.9736267974061716,0.9690184809209516
2022-08-10,0.9840523188182912,0.9132081442158554,0.9907242888446747,0.9887540802001652,0.9840523188182912
2022-08-11,0.9838541383616202,0.9217515116188982,0.9894442723796555,0.9885586853705813,0.9838541383616202
2022-08-12,0.9963100921408988,0.9317294355572209,1.0019681576172033,1.0010826980404923,0.9963100921408988
2022-08-15,1.000534818107803,0.9290718008136303,1.007409607636893,1.0053328262753887,1.000534818107803
2022-08-16,0.997604346151092,0.9271625385511056,1.004941441524274,1.0023918181011522,0.997604346151092
2022-08-17,0.9897078092792598,0.9259382621700958,0.9986925262835196,0.9944665024590991,0.9897078092792598
2022-08-18,0.9967730501721644,0.9345959509600585,1.0045068942691,1.0015698561241062,0.9967730501721644
2022-08-19,0.9850883825876755,0.9293751967638089,0.9954170022386126,0.9898443550761369,0.9850883825876755
2022-08-22,0.973391523598497,0.9205721197708373,0.983348127300866,0.9781077095379032,0.973391523598497
2022-08-23,0.9740527679005735,0.930400104407516,0.9832915213446978,0.9787784508279262,0.9740527679005735
2022-08-24,0.9770244816667097,0.9348696195668429,0.9849151353661902,0.9817673773710196,0.9770244816667097
2022-08-25,0.9883707799780375,0.9426313799346048,0.994257472906359,0.9931804259148788,0.9883707799780375
2022-08-26,0.9661216424740777,0.9258266107276765,0.972929532206606,0.9708459782508396,0.9661216424740777
2022-08-29,0.9589790174063314,0.9272434575614608,0.9661254660974303,0.9645170211272651,0.9589790174063314
2022-08-30,0.9564121862094143,0.9132725397826255,0.9635395065075927,0.961938130967025,0.9564121862094143
2022-08-31,0.9538649158284275,0.9077016871391513,0.9609732535036813,0.9593785545895146,0.9538649158284275
2022-09-01,0.9556029182199424,0.8996099399662751,0.9627242077374061,0.9611330679400858,0.9556029182199424
2022-09-02,0.9582867770658046,0.9007262356301529,0.9654280670829538,0.9638353735602635,0.9582867770658046
2022-09-06,0.959376217674767,0.8980085885179668,0.9665256263590327,0.9649353799869828,0.959376217674767
2022-09-07,0.9588877194046589,0.9007604647825584,0.9660334877300015,0.9644503251214475,0.9588877194046589
2022-09-08,0.9581386502742161,0.9029685584552274,0.9652788364293448,0.9636997840541276,0.9581386502742161
2022-09-09,0.9562309645580842,0.9121116644046676,0.9633569343666175,0.9617856115308003,0.9562309645580842
2022-09-12,0.9552242614232831,0.9188193072598975,0.9623427291361819,0.9607767915763088,0.9552242614232831
2022-09-13,0.9580645533578157,0.9033618580940433,0.9652041873321336,0.9636433894009152,0.9580645533578157
2022-09-14,0.9559818165403714,0.9117923081093127,0.9631059296622695,0.9615490740440701,0.9559818165403714
2022-09-15,0.9509434430974745,0.8998257845923275,0.9580300095404123,0.9564880882249934,0.9509434430974745
2022-09-16,0.9525246099304161,0.8938093418385185,0.959622959454567,0.9580803847064959,0.9525246099304161
2022-09-19,0.9524201490879917,0.8964396381100885,0.9595177201550157,0.9579758407901339,0.9524201490879917
2022-09-20,0.9530551210700261,0.8926223225063157,0.9601574240390078,0.9586183115129107,0.9530551210700261
2022-09-21,0.9590617754030503,0.8873410288173246,0.9662088408185684,0.9646621930307887,0.9590617754030503
2022-09-22,0.9595383177528538,0.8852087936681715,0.9666889344300682,0.9651422366745878,0.9595383177528538
2022-09-23,0.9621070921262788,0.8656032586066433,0.9692768516772428,0.9677380971307016,0.9621070921262788
2022-09-26,0.9641354143324276,0.8563867557825656,0.9713202892303513,0.9697866859642974,0.9641354143324276
2022-09-27,0.9648849950417716,0.8561660866488079,0.9720754559222684,0.9705412493117395,0.9648849950417716
2022-09-28,0.9645977058572481,0.8690093688600189,0.9717860258176837,0.9702645994460304,0.9645977058572481
2022-09-29,0.962628126787164,0.8607528984566487,0.9698017691628851,0.9682849198921492,0.962628126787164
2022-09-30,0.9626467666105495,0.8543393143169347,0.9698205478928983,0.9683036917724451,0.9626467666105495
2022-10-03,0.9674220930763406,0.8744458658187916,0.9746314607739828,0.9731173506759976,0.9674220930763406
2022-10-04,0.9649617254793783,0.8893440994946861,0.9721527581660621,0.9706528340964637,0.9649617254793783
2022-10-05,0.9679168581585863,0.892851259335086,0.9751299129163311,0.9736310045251167,0.9679168581585863
2022-10-06,0.9724445604001606,0.8928308810222463,0.9796913562420905,0.9781897420937297,0.9724445604001606
2022-10-07,0.9711742455119892,0.8856867425779281,0.9784115747858242,0.9769173396230231,0.9711742455119892
2022-10-10,0.9688216696188848,0.8808488884299419,0.9760414671609438,0.9745578758239128,0.9688216696188848
2022-10-11,0.9685408693945678,0.8783890579580311,0.9757585743732243,0.9742763914814513,0.9685408693945678
2022-10-12,0.9700933175773968,0.8767573271991647,0.9773225916217814,0.9758399088244464,0.9700933175773968
2022-10-13,0.9648914386143912,0.8901032130994575,0.972081947513312,0.9706082607190283,0.9648914386143912
2022-10-14,0.9646272051153402,0.8789679360683583,0.9718157449084629,0.9703495117166159,0.9646272051153402
2022-10-17,0.9605460016003735,0.8826507416874775,0.9677041276816337,0.96624905185236,0.9605460016003735
2022-10-18,0.9608462381242,0.8866714493780521,0.9680066016109443,0.96655207537465,0.9608462381242
2022-10-19,0.9604845830517262,0.8952180806565949,0.9676422514331843,0.9661957592401914,0.9604845830517262
2022-10-20,0.9603443530230571,0.8934342659924246,0.9675009763903004,0.96605550057315,0.9603443530230571
2022-10-21,0.9613603203118658,0.9009953530976537,0.9685245148125433,0.9670870161815172,0.9613603203118658
2022-10-24,0.9609022358297971,0.9037056157995941,0.9680630166194466,0.966627717917956,0.9609022358297971
2022-10-25,0.9562935057140192,0.9026333600799434,0.9634199415881849,0.9619965520242917,0.9562935057140192
2022-10-26,0.9531406627055247,0.9034030544886159,0.9599633399886919,0.9588311105841817,0.9531406627055247
2022-10-27,0.9564099848640808,0.906764274026978,0.9628136286628011,0.9621234767373695,0.9564099848640808
2022-10-28,0.9542804098464907,0.9099270726782644,0.9653220645148357,0.9599853645768279,0.9542804098464907
2022-10-31,0.9559434534302323,0.9139943045924167,0.9681958205632488,0.9616643956278805,0.9559434534302323
2022-11-01,0.9587068174149805,0.9167163349172882,0.9702547929083737,0.9644479570334074,0.9587068174149805
2022-11-02,0.9587731540400899,0.9103506872174072,0.9638387309443319,0.964518783185539,0.9587731540400899
2022-11-03,0.9616489602647449,0.9175741419364242,0.9668241382444394,0.9674163447714913,0.9616489602647449
2022-11-04,0.9614713755536944,0.9169377831738496,0.9678484343686158,0.9672556376481419,0.9614713755536944
2022-11-07,0.9575879141539535,0.9196230999915717,0.9702776644774842,0.9633496381897643,0.9575879141539535
2022-11-08,0.9621155916823293,0.9192682448275913,0.9712254565554616,0.9679142562208466,0.9621155916823293
2022-11-09,0.9642467117202039,0.9068951405167395,0.9647791377852759,0.9700628540805938,0.9642467117202039
2022-11-10,0.9620140895130933,0.9104444595081661,0.9723005417680304,0.9678362623004966,0.9620140895130933
2022-11-11,0.9569633377725405,0.9147944060942577,0.9700901121748846,0.9627628365428418,0.9569633377725405
2022-11-14,0.9597615794994357,0.9150954606914716,0.9695114438765652,0.9655790259278383,0.9597615794994357
2022-11-15,0.9591042235604786,0.9178365220541879,0.9721299480804116,0.9649202495240831,0.9591042235604786
2022-11-16,0.9574399595343189,0.9122020113782674,0.9657543903843525,0.9632462279064122,0.9574399595343189
2022-11-17,0.9571884595966403,0.9126753377791774,0.9676487411522227,0.9629972045532178,0.9571884595966403
2022-11-18,0.9565381641543366,0.9125587774131451,0.9707891633036869,0.9623464259626108,0.9565381641543366
2022-11-21,0.9590790068995201,0.9110773640323255,0.9708058280231492,0.9649079751131246,0.9590790068995201
2022-11-22,0.9564436290960825,0.9192570920505427,0.9770027676989357,0.9622593781855308,0.9564436290960825
2022-11-23,0.9532579440742749,0.9150887131698046,0.9751979419875978,0.9590604781714485,0.9532579440742749
2022-11-25,0.953503152709738,0.9146517596274283,0.9744015553377383,0.9593074757433255,0.953503152709738
2022-11-28,0.9544597572801876,0.9073469893141699,0.9682272299646025,0.9605573564220553,0.9544597572801876
2022-11-29,0.9571173756355109,0.9109410391340937,0.9706238935532782,0.9632340938458539,0.9571173756355109
2022-11-30,0.962019279356071,0.9144690363613398,0.9790233026270024,0.968179563010633,0.962019279356071
2022-12-01,0.9608377464524214,0.9110934739817839,0.9753607039766392,0.9671911971129024,0.9608377464524214
2022-12-02,0.9605255252853672,0.9091280437224467,0.9728698808692272,0.9670169335427318,0.9605255252853672
2022-12-05,0.955687568589832,0.900953070709474,0.9668889673928893,0.9622530498023595,0.955687568589832
2022-12-06,0.9454871565198671,0.893830962968962,0.9584913499475735,0.9519943180183144,0.9454871565198671
2022-12-07,0.9455268174545061,0.8927570403986371,0.9595165032610223,0.9520376280815971,0.9455268174545061
2022-12-08,0.9466875662081663,0.8921451809577516,0.9651417713474624,0.9532107234396938,0.9466875662081663
2022-12-09,0.9439257484467801,0.8847394707629324,0.9602042541866719,0.9504362031078831,0.9439257484467801
2022-12-12,0.9470771874282566,0.8945944113112269,0.9682810995185807,0.954335912176964,0.9470771874282566
2022-12-13,0.9477497726253793,0.8984838617491432,0.968968743084316,0.9550228815592502,0.9477497726253793
2022-12-14,0.9448671384983182,0.8959393608857738,0.9660215702676632,0.9521190545843913,0.9448671384983182
2022-12-15,0.9446077269163335,0.8933624282361428,0.9657563507742933,0.9518667976314723,0.9446077269163335
2022-12-16,0.9479089184750111,0.8882409446818271,0.9691314520169255,0.955195668177038,0.9479089184750111
2022-12-19,0.9472248161458011,0.8877477809017134,0.9684320334644532,0.954507371551165,0.9472248161458011
2022-12-20,0.948726377743466,0.8905973595959382,0.9699672132091264,0.9560287625796231,0.948726377743466
2022-12-21,0.9494445509254813,0.8982265835151545,0.9707014654195665,0.9567539939784848,0.9494445509254813
2022-12-22,0.946676998887644,0.8915280681006668,0.9678719512408449,0.9539698467744908,0.946676998887644
2022-12-23,0.9473582524932058,0.9011144082625449,0.968568457290194,0.9546575143222438,0.9473582524932058
2022-12-27,0.9495817735562027,0.9045846005389783,0.9708417602989252,0.9569012004104321,0.9495817735562027
2022-12-28,0.9499928325750229,0.8974551813663632,0.9712620224317204,0.9573183491647476,0.9499928325750229
2022-12-29,0.9487073717551179,0.900450951847931,0.9699477816997,0.9560272236278436,0.9487073717551179
2022-12-30,0.9485059483687234,0.9004429337662406,0.9697418486874432,0.9558270894376915,0.9485059483687234
2023-01-03,0.9560023979341341,0.8925251849778164,0.9774061346865518,0.9633829134975815,0.9560023979341341
2023-01-04,0.9569966268273595,0.8929304069940085,0.9784226231614982,0.9643894522258007,0.9569966268273595
2023-01-05,0.9578556483471863,0.8967562457056021,0.9793008771335812,0.9652630149769593,0.9578556483471863
2023-01-06,0.956951624634831,0.9029786788427794,0.9783766134243399,0.9643635520483025,0.956951624634831
2023-01-09,0.9546776330134724,0.9004860820275946,0.9760517098825239,0.9620750767809436,0.9546776330134724
2023-01-10,0.9560737394873143,0.902785662129314,0.9774790734907716,0.9634829966109109,0.9560737394873143
2023-01-11,0.9558765153610843,0.9045220566934178,0.9772774337550324,0.9632844823273432,0.9558765153610843
2023-01-12,0.9545358492512845,0.9071564613772221,0.9759067517534848,0.9619411852132005,0.9545358492512845
2023-01-13,0.9577947742553985,0.907597716293036,0.9792386401445471,0.96522968846195,0.9577947742553985
2023-01-17,0.9573054111953423,0.9083177056470433,0.9787383208377948,0.9647399260769772,0.9573054111953423
2023-01-18,0.9564796780578605,0.8998748258350047,0.9778941005346525,0.9639087778034758,0.9564796780578605
2023-01-19,0.9598114789019253,0.9016126694549056,0.981300496367529,0.9672729420250803,0.9598114789019253
2023-01-20,0.9581519890092703,0.9051610483769281,0.9796038525044631,0.9656011498849608,0.9581519890092703
2023-01-23,0.9593951582546848,0.9061798470557756,0.9808748548048208,0.966854234978034,0.9593951582546848
2023-01-24,0.9599113557146026,0.9051439498773665,0.9814026093011732,0.9673761270506016,0.9599113557146026
2023-01-25,0.9593766266846278,0.9040519372972781,0.9808559083353369,0.9671263566187399,0.9593766266846278
2023-01-26,0.9621871719544302,0.9131214856948152,0.98120458663986,0.9701566023389808,0.9621871719544302
2023-01-27,0.9652435284298456,0.9064623783406838,0.9823056914200825,0.9734427924025746,0.9652435284298456
2023-01-30,0.9553506665428497,0.8972154633263212,0.9759076060113987,0.9635684675189953,0.9553506665428497
2023-01-31,0.9616632941446891,0.9029551288206733,0.9801845418917002,0.9700063469049716,0.9616632941446891
2023-02-01,0.9741136518364861,0.9047631700973796,0.9871869557570477,0.9825810181262596,0.9741136518364861
2023-02-02,0.9938104468776874,0.9046427649909015,0.9980215523777988,1.0024742690019732,0.9938104468776874
2023-02-03,0.9850259215722285,0.8978397547289599,0.9917860824295094,0.9936269081943407,0.9850259215722285
2023-02-06,0.9832839679011303,0.8951890020795821,0.9896548523265326,0.9918757417155402,0.9832839679011303
2023-02-07,0.9967249626616564,0.9072843755861999,0.9985679468755944,1.0054491490468478,0.9967249626616564
2023-02-08,0.9909842747254748,0.9012322091569219,0.9931273168193754,0.9996666408814515,0.9909842747254748
2023-02-09,0.9869772119213778,0.8978181224958909,0.9883993953114683,0.9956297780032177,0.9869772119213778
2023-02-10,0.9823966989206738,0.9033821510219983,0.9866863749230265,0.9910208493965669,0.9823966989206738
2023-02-13,0.9900721962979655,0.9080652830815875,0.9942265546756343,0.9987741904905467,0.9900721962979655
2023-02-14,0.9972755993600659,0.9132444857853886,0.9974822782108861,1.006051152397934,0.9972755993600659
2023-02-15,0.9959778175725856,0.9092297190698427,0.996300403426313,1.0047483968974504,0.9959778175725856
2023-02-16,0.9848079249159565,0.8984176231915995,0.9875945424733574,0.993491397834695,0.9848079249159565
2023-02-17,0.9799916657611543,0.8883674971147215,0.9852000578072796,0.988640383832351,0.9799916657611543
2023-02-21,0.9691931907728937,0.8772636342248665,0.9747296645216512,0.9777583365210424,0.9691931907728937
2023-02-22,0.9680765103095836,0.8744456647204116,0.9727931397000642,0.9766473686706723,0.9680765103095836
2023-02-23,0.9862900031219657,0.8923322903430055,0.9838927864532776,0.9950448360939411,0.9862900031219657
2023-02-24,0.9795420779504443,0.8857799031278979,0.9765264566201817,0.9882461263105473,0.9795420779504443
2023-02-27,0.9820994783039704,0.8899906170811511,0.9790333850672496,0.9909680816005679,0.9820994783039704
2023-02-28,0.9805356649700254,0.8814414718284278,0.9770473459887393,0.9893984474896544,0.9805356649700254
2023-03-01,0.9749556309224436,0.8820549194030641,0.9751300109514028,0.9838678223846907,0.9749556309224436
2023-03-02,0.9838427198367494,0.8917706087742077,0.9813012939916452,0.9928414997752655,0.9838427198367494
2023-03-03,0.9968857345677121,0.9035191978769664,0.9924038892401976,1.0060163332096894,0.9968857345677121
2023-03-06,0.9918656175841577,0.8978879177578319,0.9882626427701073,1.0009565757294483,0.9918656175841577
2023-03-07,0.98854379677222,0.8877445038178634,0.9841932058742526,0.9976142990803122,0.98854379677222
2023-03-08,0.9946690037615681,0.892400251215572,0.9883847342139835,1.0038039341169802,0.9946690037615681
2023-03-09,0.9847559022593356,0.8798298143892183,0.9782862398826784,0.9938085237921644,0.9847559022593356
2023-03-10,0.9779436282072287,0.8715472073777332,0.9708203919634713,0.9869386576906121,0.9779436282072287
2023-03-13,0.9798502615825775,0.868083200481587,0.9687800080668648,0.9888707014753034,0.9798502615825775
2023-03-14,0.9965976431921267,0.8824670566353131,0.9814584316604102,1.0067365451348165,0.9965976431921267
2023-03-15,1.004251187262859,0.8673978642287075,0.9889957115362134,1.0144695004869764,1.004251187262859
2023-03-16,1.0043280362296074,0.8840254126839966,0.9890713930982709,1.0145482977183424,1.0043280362296074
2023-03-17,1.0102560649094185,0.8795582999683874,0.9949093697086607,1.0205495740259065,1.0102560649094185
2023-03-20,1.007503082983139,0.8895064736144438,0.9921982080455632,1.0177709975260618,1.007503082983139
2023-03-21,1.001611690668386,0.8991999131735869,0.9863963112610061,1.0118263353491104,1.001611690668386
2023-03-22,1.0029649087885832,0.8920370764886016,0.9874423729317222,1.0132025841652956,1.0029649087885832
2023-03-23,1.007454654939424,0.8986019736913734,0.9943421374612064,1.0177421487796787,1.007454654939424
2023-03-24,1.0071209389178324,0.8959082365884916,0.9941560637391474,1.0174116331635847,1.0071209389178324
2023-03-27,1.0027052318232033,0.8982554526875887,0.9891742056270225,1.012952890830837,1.0027052318232033
2023-03-28,1.0033698145545997,0.8999505059869545,0.9883095679403036,1.0136287011694252,1.0033698145545997
2023-03-29,1.0031351985595265,0.9142849828241429,0.9918859662882222,1.0133945166047358,1.0031351985595265
2023-03-30,1.0033184863760927,0.9230041508075777,0.9939056957577744,1.0137826348764631,1.0033184863760927
2023-03-31,1.0028304271566273,0.9310220090947557,0.9961226757929915,1.013292165406017,1.0028304271566273
2023-04-03,1.003432584057049,0.9442460954111076,0.9961101901103406,1.0140647891495305,1.003432584057049
2023-04-04,1.006004283663373,0.9342409621470021,0.9981308924440254,1.0168185336128495,1.006004283663373
2023-04-05,1.0050758586876476,0.9319326769064784,0.9968588338763891,1.0160207916303579,1.0050758586876476
2023-04-06,1.0039435108816082,0.9302671744002604,0.9971325813293835,1.0148815870648749,1.0039435108816082
2023-04-10,1.006189780822424,0.937805913967229,0.9976961504479767,1.0172627498518991,1.006189780822424
2023-04-11,1.005419085393545,0.9360381705662056,0.9963479867039421,1.0165879989078945,1.005419085393545
2023-04-12,1.001427154480399,0.9290852907229254,0.9945542586786373,1.0126465128451783,1.001427154480399
2023-04-13,1.0076897743548834,0.936493231753075,0.9986787791665348,1.0190552501539545,1.0076897743548834
2023-04-14,1.0086168720205302,0.9400653889209895,0.9967894126212153,1.0200637916023767,1.0086168720205302
2023-04-17,1.004161739071687,0.9332535582210219,0.9963205467517382,1.0155673038963036,1.004161739071687
2023-04-18,1.0101287084633908,0.9408112126740931,0.9967113430128426,1.0216092887168997,1.0101287084633908
2023-04-19,1.0075956953871568,0.9375857250427603,0.9952589845692906,1.0191257168990369,1.0075956953871568
2023-04-20,0.9992507824272737,0.9278340345077725,0.9943107899244799,1.0106956589894913,0.9992507824272737
2023-04-21,0.9968510371885038,0.9263158507382317,0.9921692684455651,1.0082714585587613,0.9968510371885038
2023-04-24,0.9977645466307455,0.9285825414039143,0.991031871910175,1.0092010647319745,0.9977645466307455
2023-04-25,0.9826626308393522,0.9086775014459475,0.9877818623882894,0.9939381144423342,0.9826626308393522
2023-04-26,0.9880641221988669,0.9129276286140924,0.9893577207957025,0.9994139155610534,0.9880641221988669
2023-04-27,1.0108901774093217,0.9373938360189822,0.9986926468940422,1.0225295914942356,1.0108901774093217
2023-04-28,1.0204343036935484,0.9493223548002586,1.001525395103474,1.0321897914202511,1.0204343036935484
2023-05-01,1.0297440503557045,0.9587202199114965,1.0035263194998865,1.04162215353378,1.0297440503557045
2023-05-02,1.0161630945897706,0.9376845114917824,1.0035757077007175,1.0279003142089915,1.0161630945897706
2023-05-03,1.0087370901568067,0.9274303250370342,1.002274044039189,1.020395819658166,1.0087370901568067
2023-05-04,1.0040693377040322,0.9204194634802232,1.0028552588220847,1.0156803782840216,1.0040693377040322
2023-05-05,1.0179125087077001,0.9404080031037209,1.0042118123324728,1.0297012963313248,1.0179125087077001
2023-05-08,1.022904465254738,0.9460163682742346,1.0054424247688245,1.0347563921222291,1.022904465254738
2023-05-09,1.0180628376083123,0.938009747509264,1.005737275033985,1.0298677004216148,1.0180628376083123
2023-05-10,1.020110024344641,0.9425277641122962,1.007132666528931,1.0319464743757722,1.020110024344641
2023-05-11,1.0153649510853089,0.9375221283681496,1.0063436592757227,1.0272351875228316,1.0153649510853089
2023-05-12,1.0123145389755344,0.9334628094425267,1.0067339775156843,1.0242409826492243,1.0123145389755344
2023-05-15,1.0232135197191392,0.9452772259948613,1.0089050004321507,1.0352764947908633,1.0232135197191392
2023-05-16,1.0202703683687693,0.944025057264537,1.0065888880016447,1.0323698336284282,1.0202703683687693
2023-05-17,1.0380859132197915,0.962894875782147,1.0105069902707184,1.050465784574688,1.0380859132197915
2023-05-18,1.061901700701808,0.9878600083862604,1.0149896764777793,1.0746131034426911,1.061901700701808
2023-05-19,1.0578907904189714,0.9832796677559225,1.0153135283534478,1.0706079206667267,1.0578907904189714
2023-05-22,1.0596630514518461,0.9855213539374037,1.0160636983521727,1.0724427384276431,1.0596630514518461
2023-05-23,1.0497414510148226,0.9749493579414218,1.0137273488401277,1.0624497108031838,1.0497414510148226
2023-05-24,1.0459314195712897,0.9711444888817643,1.0115206190739452,1.058642381281732,1.0459314195712897
2023-05-25,1.1360305480833754,1.0565205840642262,1.0239684118295553,1.149927332852603,1.1360305480833754
2023-05-26,1.1611625885225552,1.0807002703395898,1.0304575451500386,1.175378458989558,1.1611625885225552
2023-05-30,1.169424005631632,1.0880278121544862,1.0316941494631615,1.1837562123959597,1.169424005631632
2023-05-31,1.1474273461746278,1.0674859585951437,1.0296400673920887,1.1615146358769086,1.1474273461746278
2023-06-01,1.174128020392263,1.0926434959548328,1.0324930306912194,1.1886198515101216,1.174128020392263
2023-06-02,1.1732666111159835,1.09195501134904,1.0341574023377562,1.1878225493053145,1.1732666111159835
2023-06-05,1.1697873892846813,1.0886688882229,1.034203482942557,1.1843912098220049,1.1697873892846813
2023-06-06,1.164017357394421,1.0829994737834332,1.0347645552731355,1.1786089729252176,1.164017357394421
2023-06-07,1.1411546962134027,1.0631502057147437,1.0288642445926897,1.1554910327138053,1.1411546962134027
2023-06-08,1.1547542153909227,1.0756009316738866,1.0317457774331193,1.169290325760372,1.1547542153909227
2023-06-09,1.15678794573158,1.0774956410411174,1.0323207717563143,1.171382092831666,1.15678794573158
2023-06-12,1.1754009776311984,1.0949321175794937,1.035745462093702,1.1902595641287794,1.1754009776311984
2023-06-13,1.1917927521061655,1.1104012328280193,1.036255516983492,1.2068942075654872,1.1917927521061655
2023-06-14,1.212488814805846,1.1297275787328893,1.0376282562982808,1.2278886512294274,1.212488814805846
2023-06-15,1.2222984249487172,1.1390483718533841,1.040535902299153,1.2378584307669982,1.2222984249487172
2023-06-16,1.2164219442513478,1.13389851016785,1.0385972539118755,1.2319316831699811,1.2164219442513478
2023-06-20,1.2288312890062156,1.1455793539284538,1.036220683684377,1.2445234122130535,1.2288312890062156
2023-06-21,1.2146428348465506,1.1328365123520754,1.032188520962272,1.2301785947661974,1.2146428348465506
2023-06-22,1.2219176285980835,1.139362651647746,1.0326322150006253,1.237565077393971,1.2219176285980835
2023-06-23,1.2133444327242815,1.1321014439710027,1.0290261987924245,1.2289109509992702,1.2133444327242815
2023-06-26,1.187316965731393,1.1076533763160819,1.0256078511940536,1.2025734687713592,1.187316965731393
2023-06-27,1.2175478520758916,1.1347279042665053,1.0324918104927838,1.233209516832361,1.2175478520758916
2023-06-28,1.2086310769145079,1.1264364240550504,1.0315098554264746,1.2241914384175487,1.2086310769145079
2023-06-29,1.201108273315366,1.1194564202722923,1.0325419582369584,1.216583409993083,1.201108273315366
2023-06-30,1.2220854217064707,1.1389349734077465,1.0395951159733285,1.2378525842860144,1.2220854217064707
2023-07-03,1.2247027099934882,1.1408434270642354,1.0415710770056195,1.2405175817960417,1.2247027099934882
2023-07-05,1.2284912659321159,1.1456216124882126,1.0412603819081558,1.2443855005987288,1.2284912659321159
2023-07-06,1.2177158257590464,1.1368879619042842,1.0352267894965361,1.2334871883496275,1.2177158257590464
2023-07-07,1.2184110244313093,1.1377314259890736,1.0343021259231528,1.2342064482264532,1.2184110244313093
2023-07-10,1.2248272930390143,1.1426436355354708,1.0357967823591574,1.2407237688897796,1.2248272930390143
2023-07-11,1.2304222751816989,1.1483148566578767,1.039879364703546,1.246405124771736,1.2304222751816989
2023-07-12,1.2650497086911991,1.1788180046285386,1.0476757641178724,1.2814963790677165,1.2650497086911991
2023-07-13,1.2982924700099063,1.207492774184646,1.0543274917893348,1.3151922707958013,1.2982924700099063
2023-07-14,1.2897221461427228,1.1991389410908098,1.0526401562150807,1.3065244861488094,1.2897221461427228
2023-07-17,1.3006097054032912,1.209226317628205,1.0542136184124458,1.317574790394433,1.3006097054032912
2023-07-18,1.3136817617237186,1.2207901502982843,1.061242352489573,1.330833243773349,1.3136817617237186
2023-07-19,1.2976681097375065,1.2098122610181983,1.0606937867211785,1.314641591691767,1.2976681097375065
2023-07-20,1.2499332274010768,1.169345488386432,1.0535481015813115,1.266292351538227,1.2499332274010768
2023-07-21,1.2368341742752251,1.1555243130158424,1.0525504551472746,1.2530561681775407,1.2368341742752251
2023-07-24,1.232548093935885,1.1523093178063146,1.0540421227269021,1.2487228316163934,1.232548093935885
2023-07-25,1.2467704161757969,1.1652175669015803,1.0577011989555563,1.263139451300328,1.2467704161757969
2023-07-26,1.2475853815097104,1.1665567277353375,1.0569305023530533,1.2639977360723222,1.2475853815097104
2023-07-27,1.2764694918073984,1.1914068371556479,1.0563841458512417,1.2933126143409577,1.2764694918073984
2023-07-28,1.3042507129737233,1.2169479265169227,1.0648947499586674,1.3214943051973562,1.3042507129737233
2023-07-31,1.2953479361054665,1.2084320224534486,1.065001118164483,1.312496850671303,1.2953479361054665
2023-08-01,1.2956645177831905,1.2096293468443806,1.06277852775598,1.3128388609238655,1.2956645177831905
2023-08-02,1.2577859707254007,1.1750164691279363,1.0521001688906848,1.274478869893255,1.2577859707254007
2023-08-03,1.2578389471575229,1.1750555237880362,1.0503415791483917,1.2745468970260179,1.2578389471575229
2023-08-04,1.2556498796008655,1.1728303684768544,1.0482096029401802,1.272333638578749,1.2556498796008655
2023-08-07,1.273823740301684,1.1897084315270947,1.0535262703792128,1.2907535139187356,1.273823740301684
2023-08-08,1.2579616099861048,1.1751506749071556,1.0489695652768045,1.27468436265648,1.2579616099861048
2023-08-09,1.2296801524080179,1.1479616096682472,1.0432163057528259,1.246040462125828,1.2296801524080179
2023-08-10,1.2308109794552393,1.1487493212362687,1.0436640742869598,1.2471902244822346,1.2308109794552393
2023-08-11,1.2071278150063858,1.1270654735856867,1.0403373366307198,1.223201643928211,1.2071278150063858
2023-08-14,1.2393360617944675,1.1576183614519417,1.0451361793184095,1.2558640437032145,1.2393360617944675
2023-08-15,1.230837940210637,1.14996457374173,1.0384745890427616,1.2472630977034065,1.230837940210637
2023-08-16,1.2170180592321769,1.1361831404752856,1.0338407100272886,1.2332646245233683,1.2170180592321769
2023-08-17,1.20511477320506,1.1236670034396408,1.029311077849287,1.221213388660277,1.20511477320506
2023-08-18,1.2069391773450229,1.124286291957819,1.030635556787135,1.22306958754212,1.2069391773450229
2023-08-21,1.2477539140692033,1.1630634504416604,1.0374618554296386,1.2644580109939612,1.2477539140692033
2023-08-22,1.2368452410939015,1.1521800322462419,1.0360705088466824,1.2534253264723532,1.2368452410939015
2023-08-23,1.2597267568639645,1.1740809244285977,1.0442937456727825,1.2766212348293537,1.2597267568639645
2023-08-24,1.2405431433055034,1.156689524851225,1.0382932771375257,1.2571973561523484,1.2405431433055034
2023-08-25,1.2314751223750025,1.1479140760548778,1.0397673073560243,1.2480185458725461,1.2314751223750025
2023-08-28,1.2463327530578618,1.1620599587984266,1.0446932811776788,1.2630796783483158,1.2463327530578618
2023-08-29,1.2738155969852838,1.1885462204560213,1.053282107111616,1.2909432673026062,1.2738155969852838
2023-08-30,1.2751773125258723,1.1892829890954215,1.0541947981171131,1.2923308139007037,1.2751773125258723
2023-08-31,1.2731897069812625,1.1881598425021378,1.0527578680507723,1.2903223819435854,1.2731897069812625
2023-09-01,1.2679677884408718,1.1832226546157527,1.0549720733477537,1.2850392402945576,1.2679677884408718
2023-09-05,1.273081812068479,1.1885258289679181,1.0536566686628919,1.2902271275309811,1.273081812068479
2023-09-06,1.261301211228458,1.1771307749269369,1.0503541492784951,1.278301674068612,1.261301211228458
2023-09-07,1.2431950424345664,1.1619282839921985,1.0470101948040458,1.2599642582158623,1.2431950424345664
2023-09-08,1.2332571024864734,1.1532337938128494,1.0466741694025206,1.2499259950219987,1.2332571024864734
2023-09-11,1.2411652637566113,1.1616730650174778,1.0495074760475156,1.257970702405902,1.2411652637566113
2023-09-12,1.2280325390468019,1.1496922255281683,1.0459019991395,1.2446964886956136,1.2280325390468019
2023-09-13,1.2367416365008328,1.158004803928558,1.0471462825283362,1.2535300707669526,1.2367416365008328
2023-09-14,1.2473517445769926,1.167707454483902,1.0540705393381231,1.2642918024213912,1.2473517445769926
2023-09-15,1.2108081680920613,1.1349178253446142,1.0453233207706831,1.2272651859119919,1.2108081680920613
2023-09-18,1.2143816425101586,1.1381963405902622,1.0457524080439131,1.2308897392505849,1.2143816425101586
2023-09-19,1.2123633598462973,1.136535502176721,1.044325855707304,1.2288545414546739,1.2123633598462973
2023-09-20,1.1937637427440746,1.1192293618659288,1.0391622528337672,1.21000987647629,1.1937637427440746
2023-09-21,1.1761218307293846,1.1030691026463453,1.029492964332615,1.1921340347702827,1.1761218307293846
2023-09-22,1.1868256428004285,1.1127828280138974,1.0311425477022307,1.2029865708609866,1.1868256428004285
2023-09-25,1.193796365173776,1.1194051676864125,1.032719285251709,1.2100569633423746,1.193796365173776
2023-09-26,1.184308353301912,1.1112357845534384,1.0250667393023547,1.2004436617019507,1.184308353301912
2023-09-27,1.1881719328097735,1.1147606128725698,1.0250075938392396,1.204366201781693,1.1881719328097735
2023-09-28,1.2029186112968873,1.1282566425176614,1.0269703018618308,1.2193182041417838,1.2029186112968873
2023-09-29,1.2047188773648398,1.1294557097985103,1.0248058675289686,1.2211535778668319,1.2047188773648398
2023-10-02,1.2212680667694253,1.145447749776939,1.024515911224924,1.2379424793812206,1.2212680667694253
2023-10-03,1.1997068625761194,1.1258318045633884,1.0163235748756176,1.2160919536414125,1.1997068625761194
2023-10-04,1.2167958126442344,1.1406697418877119,1.0201680935847621,1.2334199308546558,1.2167958126442344
2023-10-05,1.2180949781379051,1.1424522880276489,1.0189448896051743,1.234746664593477,1.2180949781379051
2023-10-06,1.2452135054764195,1.1670144995313676,1.027691911182229,1.2622422860719487,1.2452135054764195
2023-10-09,1.242617480855005,1.1650018437121976,1.0322485611173238,1.259620158730376,1.242617480855005
2023-10-10,1.2547183770530266,1.1756791478562976,1.0358827472824135,1.2718897106710847,1.2547183770530266
2023-10-11,1.2714874196975328,1.191197349555053,1.0405204396291994,1.2888950169275417,1.2714874196975328
2023-10-12,1.272011521247144,1.1909768997961487,1.0392267552923,1.2894354589614545,1.272011521247144
2023-10-13,1.2429030883796333,1.1646942513251086,1.0390876764848014,1.259935372010227,1.2429030883796333
2023-10-16,1.2572189809079348,1.1779448816358566,1.043527972652452,1.2744528124006438,1.2572189809079348
2023-10-17,1.2445450712396973,1.1657435182952416,1.0430011348179773,1.2616304147158421,1.2445450712396973
2023-10-18,1.2129976057905876,1.1376827498093975,1.036612075146589,1.2296603556978565,1.2129976057905876
2023-10-19,1.2090060639264264,1.133606303093831,1.0342593583953261,1.2256203190068968,1.2090060639264264
2023-10-20,1.1953823555120664,1.1212112265018899,1.0283669689502244,1.2118126311647013,1.1953823555120664
2023-10-23,1.2180641203474085,1.142030377269044,1.0289529832525717,1.2348151467671984,1.2180641203474085
2023-10-24,1.2266849927889054,1.1493537699488143,1.0343783103472737,1.2435653671128033,1.2266849927889054
2023-10-25,1.1898899227527295,1.1158932530583743,1.028086598381355,1.2062740058441352,1.1898899227527295
2023-10-26,1.1655621946434924,1.0926186062679057,1.0226493866990218,1.1816285336118086,1.1655621946434924
2023-10-27,1.1778786474927208,1.1040817360230668,1.0229565439191761,1.1941251149064385,1.1778786474927208
2023-10-30,1.1904621691640305,1.116048033173077,1.0271053319964272,1.2068901640452379,1.1904621691640305
2023-10-31,1.1888418717383438,1.1139476003140696,1.029930069037049,1.205255249214819,1.1888418717383438
2023-11-01,1.2186313849176769,1.1413182033151326,1.0371521013071714,1.2354657490375103,1.2186313849176769
2023-11-02,1.2353122353300545,1.155634264688361,1.047090018231663,1.2523936352634564,1.2353122353300545
2023-11-03,1.2561787894328786,1.174587244913454,1.0530060592946302,1.2735573828294928,1.2561787894328786
2023-11-06,1.2623275120644668,1.1806755586302342,1.0524739706378121,1.2797987989893178,1.2623275120644668
2023-11-07,1.2673541616346757,1.1855166048823338,1.0525967749321574,1.2848986917953413,1.2673541616346757
2023-11-08,1.2746751265547627,1.192206287755064,1.0517182466749035,1.2923253368574497,1.2746751265547627
2023-11-09,1.2769887596651408,1.194620035773609,1.0499491233229752,1.2946758569763268,1.2769887596651408
2023-11-10,1.3072520741553981,1.2214407081666794,1.0576867819366005,1.3253654665930752,1.3072520741553981
2023-11-13,1.3077890764578461,1.2223229415670631,1.0578884669642759,1.3259268903841228,1.3077890764578461
2023-11-14,1.3317320052592667,1.2433913404037409,1.0683077987664578,1.3502074616216904,1.3317320052592667
2023-11-15,1.3221064366554875,1.2342571950814305,1.0683525126750417,1.3404713365234207,1.3221064366554875
2023-11-16,1.329719663401835,1.2412462521221326,1.0705673593319718,1.3482091631062363,1.329719663401835
2023-11-17,1.3305856422137297,1.2417554098164998,1.0705915423083505,1.3491018825202084,1.3305856422137297
2023-11-20,1.3488088923414447,1.2581386094285973,1.0748518301088807,1.3676018769847957,1.3488088923414447
2023-11-21,1.3377707550293252,1.2485532785301234,1.0730458085376915,1.3564253442222958,1.3377707550293252
2023-11-22,1.3341535081501996,1.245009778256056,1.0745638387385104,1.3527839674482214,1.3341535081501996
2023-11-24,1.3244783288332163,1.2356205612641482,1.0742379884361828,1.3429915896812592,1.3244783288332163
2023-11-27,1.3235055890509624,1.2348513576629094,1.0726948111267585,1.3420277695069924,1.3235055890509624
2023-11-28,1.3221024303696962,1.2341319038972516,1.0747148269783633,1.3406214490520059,1.3221024303696962
2023-11-29,1.3195731067861893,1.2313598863187758,1.0745093748385666,1.3380839175351364,1.3195731067861893
2023-11-30,1.301350419512484,1.2147683460336105,1.0760119500273113,1.319654086097521,1.301350419512484
2023-12-01,1.3006906867736614,1.2138943135271503,1.083003146120165,1.3190399770352303,1.3006906867736614
2023-12-04,1.2845378784457693,1.1985661162853838,1.0767288277814313,1.3026677990371784,1.2845378784457693
2023-12-05,1.2935592775250702,1.2065236315251815,1.0748225637580626,1.3118269599818162,1.2935592775250702
2023-12-06,1.282707415432157,1.196519110593994,1.0701571987745069,1.300830334509308,1.282707415432157
2023-12-07,1.3028758783006034,1.2157023160741256,1.0774727021333406,1.3212922811688326,1.3028758783006034
2023-12-08,1.3156219478719893,1.2283160379331222,1.0818779595686305,1.3342280992597826,1.3156219478719893
2023-12-11,1.3053157131813247,1.2172131987398218,1.0829636633883248,1.3237906827509094,1.3053157131813247
2023-12-12,1.325393719263219,1.2361237616115057,1.0890380967677467,1.3441598695791903,1.325393719263219
2023-12-13,1.3336671598375816,1.243052957797351,1.106144598398102,1.352556312824802,1.3336671598375816
2023-12-14,1.3383038342641462,1.2463033533968069,1.1126180969035624,1.357267589540529,1.3383038342641462
2023-12-15,1.3448904611884962,1.252551848957446,1.1102469742723202,1.3639518075779349,1.3448904611884962
2023-12-18,1.360924598459369,1.2689754666585142,1.1158102384796393,1.3802293187192691,1.360924598459369
2023-12-19,1.3630538413128617,1.2713333159661346,1.122889079021752,1.3823985552096922,1.3630538413128617
2023-12-20,1.3451001361125463,1.2553836660224609,1.1056619700835897,1.3642020094494256,1.3451001361125463
2023-12-21,1.3642293659579303,1.2721394201601068,1.1187972905251615,1.3836093127635338,1.3642293659579303
2023-12-22,1.3617011161123627,1.2698667357874684,1.1213994558315579,1.3810464564422669,1.3617011161123627
2023-12-26,1.3695511349469003,1.2767328617600193,1.1285763765277952,1.3890118079400038,1.3695511349469003
2023-12-27,1.3736378473091946,1.2807436694921333,1.1312853017035718,1.393158881188186,1.3736378473091946
2023-12-28,1.3734326721912706,1.2809373113729299,1.1315378368080269,1.3929540366059991,1.3734326721912706
2023-12-29,1.3694180139478176,1.2768521562786364,1.1274250545048596,1.3888870639266946,1.3694180139478176
2024-01-02,1.339750514519778,1.2508887080487763,1.1196272577080766,1.3588071585097032,1.339750514519778
2024-01-03,1.3291718141638424,1.2416469916874102,1.110434149430688,1.3480832688971827,1.3291718141638424
2024-01-04,1.3337934661037834,1.2464272002131,1.1097075797682985,1.3527764996156588,1.3337934661037834
2024-01-05,1.347993876551941,1.2599492595835882,1.1125491467859001,1.3671870305794618,1.347993876551941
2024-01-08,1.3860010649267662,1.2949122646861437,1.1275139167575237,1.4057543730352366,1.3860010649267662
2024-01-09,1.3907820357722738,1.2995367556387412,1.124665598848049,1.4106135975801364,1.3907820357722738
2024-01-10,1.4132667051730656,1.3215216028425518,1.1312769635760789,1.433431399501605,1.4132667051730656
2024-01-11,1.416691256009599,1.3245737014479162,1.1301907274241259,1.4369747835470046,1.416691256009599
2024-01-12,1.4185648804449686,1.3269629937294372,1.1333966664471022,1.4389350130161453,1.4185648804449686
2024-01-16,1.4249672584957382,1.332822254304199,1.1265508175266932,1.4454765457975662,1.4249672584957382
2024-01-17,1.4241737906428729,1.3318699196828943,1.1196574163041784,1.4447064488759847,1.4241737906428729
2024-01-18,1.4450830834970076,1.3501425409247274,1.1305003167654468,1.4659834616554623,1.4450830834970076
2024-01-19,1.4711807564874395,1.3740708664501227,1.143395805508309,1.4925062943106628,1.4711807564874395
2024-01-22,1.4732418720038702,1.3755559124324914,1.146159787982252,1.4946311864122463,1.4732418720038702
2024-01-23,1.4792508744443698,1.3806977292057032,1.1508081071229612,1.5007665404289452,1.4792508744443698
2024-01-24,1.5060672923900131,1.4030211479384593,1.1594723589045792,1.528053650128919,1.5060672923900131
2024-01-25,1.5127137669698987,1.408479938152303,1.1690557271501616,1.5348684878606045,1.5127137669698987
2024-01-26,1.5079045577503192,1.4041850358216101,1.1694177996543749,1.5300685016529865,1.5079045577503192
2024-01-29,1.523891052556422,1.4185582976974764,1.1800027488321942,1.5463727097513082,1.523891052556422
2024-01-30,1.5218066614110288,1.4174619389528103,1.1793040356135458,1.5443332843514666,1.5218066614110288
2024-01-31,1.5109700553450125,1.4069726029542342,1.1650672350059985,1.5333982402787623,1.5109700553450125
2024-02-01,1.5310966452909696,1.4241115724333424,1.1806377206423042,1.5538862950279615,1.5310966452909696
2024-02-02,1.560087919109867,1.4543816614872365,1.2005162270368688,1.583382102331279,1.560087919109867
2024-02-05,1.5856192848887538,1.4768132459851502,1.196191587052062,1.6093611119283338,1.5856192848887538
2024-02-06,1.5808876443241424,1.4715860564796603,1.2006472230155052,1.604622846939424,1.5808876443241424
2024-02-07,1.6066231980226053,1.493522368334143,1.210766401553319,1.6308098087433558,1.6066231980226053
2024-02-08,1.6039880354800768,1.4909818568587532,1.2121771028211275,1.628191430844162,1.6039880354800768
2024-02-09,1.6347302174723766,1.517235228650052,1.2197186442994594,1.6594636437902157,1.6347302174723766
2024-02-12,1.6251244815990558,1.5098770857898705,1.2208270070935776,1.6497657596628876,1.6251244815990558
2024-02-13,1.6048343390902542,1.4939560806206844,1.2013406081143243,1.6292244478636515,1.6048343390902542
2024-02-14,1.6370381521432014,1.5206758781092597,1.215284976513501,1.6619532602757685,1.6370381521432014
2024-02-15,1.6390420526863234,1.5209689974906686,1.2261241461382506,1.6640243335181921,1.6390420526863234
2024-02-16,1.6299386363006196,1.5140477449241365,1.2208241439800638,1.6548259604979698,1.6299386363006196
2024-02-20,1.5968352486465753,1.4849907015281552,1.2140448797935144,1.6212478004051762,1.5968352486465753
2024-02-21,1.5796044317960134,1.4695925770078384,1.2144919876620224,1.6037787070105574,1.5796044317960134
2024-02-22,1.6964794127847342,1.5723106607522792,1.2433376996900878,1.722515076489665,1.6964794127847342
2024-02-23,1.6864602580579173,1.5648258863990008,1.2433510789932316,1.7123854777615566,1.6864602580579173
2024-02-26,1.6935500735904467,1.5706194782395817,1.2410637559580517,1.7196293572615142,1.6935500735904467
2024-02-27,1.692931210278811,1.5696583335160024,1.2442709426549587,1.719033401580053,1.692931210278811
2024-02-28,1.6819618360186064,1.56024436685868,1.2401692981213719,1.7079364573025202,1.6819618360186064
2024-02-29,1.7047695994709589,1.5789844852787536,1.2475203374909598,1.7311405136707294,1.7047695994709589
2024-03-01,1.7592266556653957,1.6232195965540699,1.263832872999864,1.7864765563972822,1.7592266556653957
2024-03-04,1.7770496342553983,1.6398793728110352,1.268710289439823,1.804610716415928,1.7770496342553983
2024-03-05,1.7559111769009002,1.6247259491614718,1.2569031202827847,1.7831695707707094,1.7559111769009002
2024-03-06,1.7970941550752353,1.658746901623905,1.2709469982405361,1.8250222898591792,1.7970941550752353
2024-03-07,1.8618765649330444,1.712291853189316,1.2894792622145517,1.890826866059546,1.8618765649330444
2024-03-08,1.7966252256042647,1.6578970972628122,1.277285814451505,1.8246122346244338,1.7966252256042647
2024-03-11,1.7456214082804336,1.6166857167625277,1.269595985558623,1.7728510538600066,1.7456214082804336
2024-03-12,1.8136468482868227,1.6751779544227363,1.28676171015091,1.8419696192457324,1.8136468482868227
2024-03-13,1.7942019284305095,1.6595678102175486,1.285002091759485,1.8222497192793758,1.7942019284305095
2024-03-14,1.7683679761270543,1.6370672349665625,1.2779764139256544,1.7960529312827016,1.7683679761270543
2024-03-15,1.7470610417674421,1.621057539667586,1.2729442020656305,1.7744463472026037,1.7470610417674421
2024-03-18,1.7660971309558464,1.6368865120680776,1.2792349911121195,1.7938180901552572,1.7660971309558464
2024-03-19,1.7775877164516785,1.6460485324965168,1.285437490697279,1.8055114922593598,1.7775877164516785
2024-03-20,1.805197578537493,1.667857349473365,1.298450304679956,1.8335703369844267,1.805197578537493
2024-03-21,1.825880357686969,1.68381684584481,1.3071004763628251,1.8545904721161355,1.825880357686969
2024-03-22,1.8388650574000023,1.6970294139801883,1.3048021435216937,1.8678169614116054,1.8388650574000023
2024-03-25,1.834308884053358,1.6941792999934153,1.3038442684729348,1.8632124800269372,1.834308884053358
2024-03-26,1.8077561151002897,1.671596554175196,1.2969333025522711,1.8362633032267845,1.8077561151002897
2024-03-27,1.793637672743804,1.6587030397408045,1.3081063637229122,1.821954317682506,1.793637672743804
2024-03-28,1.7831165272100415,1.6505186386205277,1.3098404770698833,1.8112876803200213,1.7831165272100415
2024-04-01,1.8022441301000174,1.664449477531297,1.31065334570882,1.8307384902501223,1.8022441301000174
2024-04-02,1.788536539281186,1.654162109569644,1.3018673323545573,1.8168368703003415,1.788536539281186
2024-04-03,1.8031943057362148,1.6648546715409993,1.3049430976934508,1.831743601159829,1.8031943057362148
2024-04-04,1.7734844255740634,1.6398363972543921,1.2918580651090874,1.801593248636795,1.7734844255740634
2024-04-05,1.819198253899693,1.6769562382606615,1.3088651098274622,1.8480374543219784,1.819198253899693
2024-04-08,1.8070725414593725,1.6663926938271436,1.3083770856048695,1.835732078002136,1.8070725414593725
2024-04-09,1.7976921540715618,1.6571993195841372,1.310786250620119,1.8262191651968755,1.7976921540715618
2024-04-10,1.8025147308775147,1.6629099172652793,1.2987990310997704,1.8311399584070889,1.8025147308775147
2024-04-11,1.8387459405048137,1.694139645438417,1.3074940912896134,1.867967344461397,1.8387459405048137
2024-04-12,1.7941615448988746,1.6578891413212373,1.286986896495901,1.8226816676060882,1.7941615448988746
2024-04-15,1.7633505934310358,1.6313413270305461,1.2737262675437206,1.7913938139437922,1.7633505934310358
2024-04-16,1.783683125398558,1.6473707667462854,1.2694660655102379,1.8122157779131096,1.783683125398558
2024-04-17,1.7247400208930808,1.5964790267190996,1.2610138330508942,1.7523635690398205,1.7247400208930808
2024-04-18,1.725205496602345,1.598545063255576,1.2612656068480246,1.752857751119632,1.725205496602345
2024-04-19,1.642667358937634,1.5199073044542597,1.2525233328249203,1.669033728641386,1.642667358937634
2024-04-22,1.6695859919950775,1.5459807275242539,1.2616510989923055,1.6964049522892422,1.6695859919950775
2024-04-23,1.7158328239798328,1.5876830467496805,1.2752290418977537,1.7434033464234227,1.7158328239798328
2024-04-24,1.6932902382208515,1.566969236967989,1.2740088114008314,1.7205141816295122,1.6932902382208515
2024-04-25,1.6661246389860074,1.5433815817447867,1.2664946481199326,1.6929918310329144,1.6661246389860074
2024-04-26,1.7060597396838761,1.5811314394542677,1.2749293699121422,1.7335994582417973,1.7060597396838761
2024-04-29,1.6902249369050133,1.5673398633293627,1.2741674040450868,1.7175212681953949,1.6902249369050133
2024-04-30,1.6602826489576388,1.5413494031508796,1.2570687318637415,1.6871134193731308,1.6602826489576388
2024-05-01,1.6422911241502667,1.5242855155014712,1.2524608211289492,1.6688647961944938,1.6422911241502667
2024-05-02,1.6693416532003744,1.5490517419813274,1.2623892251884994,1.6963678361671173,1.6693416532003744
2024-05-03,1.7130064561263019,1.588432894742713,1.2762533575517283,1.7407497613295673,1.7130064561263019
2024-05-06,1.7533119070112235,1.6257224837055166,1.2873082315510416,1.7817216473151234,1.7533119070112235
2024-05-07,1.742935130924515,1.616617683301375,1.289790008057546,1.7711897699241868,1.742935130924515
2024-05-08,1.748362361141744,1.6211555513040734,1.2898801946078873,1.7767105536452745,1.748362361141744
2024-05-09,1.743748387780763,1.616224809712125,1.2965352892254662,1.772036325698614,1.743748387780763
2024-05-10,1.7594320318155323,1.6299398881359466,1.3000878237921278,1.7879845444528981,1.7594320318155323
2024-05-13,1.7472768473994051,1.6197158678741985,1.2951312114543236,1.775647119750767,1.7472768473994051
2024-05-14,1.755407985961078,1.628103162853437,1.300542878815441,1.783918357647558,1.755407985961078
2024-05-15,1.794843910367823,1.6643164470355147,1.3147264305010038,1.824003584149571,1.794843910367823
2024-05-16,1.7754994680984244,1.647947159564479,1.310066130006127,1.804406212949402,1.7754994680984244
2024-05-17,1.7670645279117214,1.6393545044299165,1.3113086008678574,1.795848280058666,1.7670645279117214
2024-05-20,1.7841644054638297,1.654745628085088,1.3136264930259267,1.813245852706797,1.7841644054638297
2024-05-21,1.7757985622512698,1.6490916889339462,1.3144753353405576,1.8047939222907035,1.7757985622512698
2024-05-22,1.775470248123964,1.6486404073262733,1.3094793358187244,1.804467806844531,1.775470248123964
2024-05-23,1.8270486471167384,1.6957137523018282,1.3077852795227363,1.8569499775248266,1.8270486471167384
2024-05-24,1.8670182607393826,1.7299708485484513,1.3188195622433578,1.8976366897625248,1.8670182607393826
2024-05-28,1.9271301175504483,1.7812962333883182,1.3261283230310148,1.9588015336292823,1.9271301175504483
2024-05-29,1.906849859862384,1.7660639652729297,1.3134774771313245,1.9382486942951627,1.906849859862384
2024-05-30,1.8803201300121712,1.741098160824564,1.3102220655639907,1.9113350215070646,1.8803201300121712
2024-05-31,1.872243572931082,1.734928186320708,1.319151758352216,1.903159561087602,1.872243572931082
2024-06-03,1.9151781812683362,1.7721711511778224,1.3224559138909875,1.9468421353378078,1.9151781812683362
2024-06-04,1.9137801322539816,1.7724646702978184,1.3203474160018676,1.945462493227981,1.9137801322539816
2024-06-05,2.0158368734180288,1.8557543723139855,1.3443748840407967,2.049290945037594,2.0158368734180288
2024-06-06,2.0120140927818997,1.852701964924549,1.3449947320094362,2.0454498723247942,2.0120140927818997
2024-06-07,1.9989605994049586,1.8418896700400793,1.3370679522982998,2.032223682898311,1.9989605994049586
2024-06-10,2.0239510941400614,1.8608228361576205,1.3433269258305565,2.0576650981399514,2.0239510941400614
2024-06-11,2.0205488572668893,1.8602134343560248,1.3418435435590899,2.054242783138475,2.0205488572668893
2024-06-12,2.059406154224319,1.8955481857063372,1.3548753185942208,2.0937885681931236,2.059406154224319
2024-06-13,2.0658659525274494,1.9044966985970952,1.353936591909065,2.1004230468931766,2.0658659525274494
2024-06-14,2.0642295327789295,1.9050460084855283,1.3495761385291245,2.098803533292281,2.0642295327789295
2024-06-17,2.07989629987826,1.9149540174267696,1.3559460349285755,2.1147740273881994,2.07989629987826
2024-06-18,2.0978048825249482,1.931148385552712,1.3617087497524505,2.1330193860276445,2.0978048825249482
2024-06-20,2.075177918793512,1.9084368653407682,1.3578167675087465,2.110050044091128,2.075177918793512
2024-06-21,2.039917312196016,1.8779259671152488,1.350373355059771,2.074251647868,2.039917312196016
2024-06-24,1.9865433496517153,1.8306746950560928,1.3470648258909568,2.0200574376894047,1.9865433496517153
2024-06-25,2.0542406084247986,1.8875469090806924,1.3534968098201263,2.088949517014561,2.0542406084247986
2024-06-26,2.0549333832276915,1.8886630392060764,1.3500109467926356,2.0897027431814488,2.0549333832276915
2024-06-27,2.0587266461481835,1.8889184479632823,1.3515596099727702,2.0936076870094324,2.0587266461481835
2024-06-28,2.034377064764414,1.8695206826003121,1.347415972769863,2.068885762686241,2.034377064764414
2024-07-01,2.0463125866088894,1.87864006755954,1.3473397316017912,2.081040961241431,2.0463125866088894
2024-07-02,2.0520498474461224,1.8830700159346874,1.3547913367652886,2.08692121745909,2.0520498474461224
2024-07-03,2.0943151944550604,1.918806758715373,1.3647781442500209,2.129936360149659,2.0943151944550604
2024-07-05,2.119854705554061,1.9398825892492475,1.3724659828134242,2.155998042037153,2.119854705554061
2024-07-08,2.122139045219835,1.9417287659044795,1.3715667567114214,2.1583472676555595,2.122139045219835
2024-07-09,2.127332788695783,1.9496495307158674,1.372193268327145,2.1636582703339635,2.127332788695783
2024-07-10,2.174515312762866,1.9865871772242554,1.3874642334520615,2.2116702884507524,2.174515312762866
2024-07-11,2.089719122636613,1.9162666985100336,1.3837363663524556,2.12544753676577,2.089719122636613
2024-07-12,2.09658367685026,1.920268905235829,1.390552874424029,2.1324669591582412,2.09658367685026
2024-07-15,2.07778327775352,1.9060629270214897,1.3886576548376293,2.1133570308203735,2.07778327775352
2024-07-16,2.063797964793601,1.892250192906994,1.3965314035500282,2.099150170734192,2.063797964793601
2024-07-17,1.9106493685350454,1.7719447450831873,1.368503339856279,1.943436348489389,1.9106493685350454
2024-07-18,1.9363760070806981,1.7954889128619556,1.3630127473502232,1.9696358373282619,1.9363760070806981
2024-07-19,1.9044939266650376,1.7691004634181815,1.3507789499171663,1.9372314192880375,1.9044939266650376
2024-07-22,1.9718339407791372,1.8259540693142748,1.3727779411856675,2.005754562583609,1.9718339407791372
2024-07-23,1.963581976699529,1.8194331991874442,1.3686623344416973,1.9973701658419762,1.963581976699529
2024-07-24,1.8536406826081424,1.726652205061142,1.3364331692105025,1.885554330420961,1.8536406826081424
2024-07-25,1.8286599960043755,1.7044375120209871,1.3294914781480607,1.8601498293424632,1.8286599960043755
2024-07-26,1.8636777175357033,1.7327017413605517,1.3481985053368177,1.8957888839312431,1.8636777175357033
2024-07-29,1.846867427252952,1.7191078778970639,1.3433157778309008,1.8787020059141428,1.846867427252952
2024-07-30,1.7980486853486182,1.6757440844151372,1.337547670361229,1.8290895685104043,1.7980486853486182
2024-07-31,1.9276955342451199,1.7841528856605873,1.3658763614936027,1.961047200269588,1.9276955342451199
2024-08-01,1.883222376988899,1.7472412256125818,1.3463085352624546,1.9158904405069963,1.883222376988899
2024-08-02,1.814090393276375,1.694287980829348,1.3194746598544265,1.8456098647185937,1.814090393276375
2024-08-05,1.7712982895755514,1.6528810114095154,1.2846405306303446,1.802588178593254,1.7712982895755514
2024-08-06,1.8130135676199854,1.6985704413742493,1.2974426571007864,1.8477461829358823,1.8130135676199854
2024-08-07,1.8145504494524587,1.66600278648415,1.2985424922503885,1.8493145159553575,1.8145504494524587
2024-08-08,1.8243519019088956,1.7312063859063038,1.3055566827372367,1.8593131559974374,1.8243519019088956
2024-08-09,1.824736439682946,1.731505870877014,1.3058318686046952,1.859707486032531,1.824736439682946
2024-08-12,1.8341105284294446,1.7457975241127828,1.3125402257997945,1.8692727050160822,1.8341105284294446
2024-08-13,1.8284497761400265,1.7960961325830056,1.3084892348845893,1.863506322964122,1.8284497761400265
2024-08-14,1.8245700190328566,1.8078810812987072,1.305712773384282,1.8599304242968364,1.8245700190328566
2024-08-15,1.8282106402477176,1.8597281157370233,1.3083181026255337,1.8636430871830474,1.8282106402477176
2024-08-16,1.8377850168058643,1.8557137632856757,1.3151697913186262,1.8734182826483432,1.8377850168058643
2024-08-19,1.8339689643742023,1.887154179465114,1.312438918646189,1.8695302866123091,1.8339689643742023
2024-08-20,1.8340372725450234,1.8719523579394186,1.3124878018626382,1.8696039623206913,1.8340372725450234
2024-08-21,1.8315440052637673,1.8913451262396224,1.310703550832183,1.8670633887590922,1.8315440052637673
2024-08-22,1.8272643998084552,1.8526306369601109,1.3078093929736438,1.862950037077376,1.8272643998084552
2024-08-23,1.832021896070708,1.8741873185470574,1.308995300899522,1.8678136171093975,1.832021896070708
2024-08-26,1.8322959296881525,1.8465223460995328,1.311089642546582,1.868317544161836,1.8322959296881525
2024-08-27,1.834014164660337,1.8555300714383267,1.3108885705092368,1.870285045304019,1.834014164660337
2024-08-28,1.829074841276555,1.8409837271836467,1.3103729889559939,1.8654607145711564,1.829074841276555
2024-08-29,1.8216297950701914,1.8114195865165807,1.3138066059133402,1.8578870591103613,1.8216297950701914
2024-08-30,1.8262752774725972,1.8300404184882006,1.3121125615105014,1.8626349036237944,1.8262752774725972
2024-09-03,1.7957836069380002,1.7468196726886693,1.3111044583857432,1.831570565212094,1.7957836069380002
2024-09-04,1.78630880373668,1.7247251438040148,1.30939694313762,1.821917237677749,1.78630880373668
2024-09-05,1.78837767578812,1.7247274015456349,1.3121086243861282,1.8240366234132348,1.78837767578812
2024-09-06,1.768054474685119,1.670066042968592,1.3097507605535674,1.8033275031753577,1.768054474685119
2024-09-09,1.7788328498228354,1.6908425138768663,1.3130752080281543,1.8143298322686514,1.7788328498228354
2024-09-10,1.7845709898781947,1.6999317245946648,1.3149476860790954,1.820187419404274,1.7845709898781947
2024-09-11,1.8087433621926818,1.767979088871283,1.3147372687277434,1.8448733882665587,1.8087433621926818
2024-09-12,1.820450023989543,1.789819716328269,1.3199874498767845,1.8568271706223336,1.820450023989543
2024-09-13,1.8275531319990317,1.7981988529352226,1.3233593220518847,1.8640807018443895,1.8275531319990317
2024-09-16,1.822032075571028,1.7905920495283734,1.3220569050779367,1.8584575074480354,1.822032075571028
2024-09-17,1.820331434493671,1.789907405663949,1.3211305309648849,1.8567298277766884,1.820331434493671
2024-09-18,1.8110986139591077,1.772663240649657,1.31849304572885,1.847321459261562,1.8110986139591077
2024-09-19,1.834177451698171,1.8301643914581545,1.3229497406505373,1.8708820285716226,1.834177451698171
2024-09-20,1.8317469302488143,1.8083480123446378,1.3286965207379484,1.8684185494757017,1.8317469302488143
2024-09-23,1.835399292589045,1.8162392675427148,1.330036047743668,1.8721461854977344,1.835399292589045
2024-09-24,1.8481640557684949,1.8397892212943887,1.3333365268088095,1.8851824239705246,1.8481640557684949
2024-09-25,1.8548193161519286,1.8561803433047042,1.3354929188280207,1.8919793675649594,1.8548193161519286
2024-09-26,1.861761545263846,1.8750770110124573,1.3356807421095542,1.8990702969456845,1.861761545263846
2024-09-27,1.8524883824619858,1.8583002753751403,1.3323551072235875,1.8896194546978409,1.8524883824619858
2024-09-30,1.850463746659771,1.85867756762648,1.3307192995460666,1.887561917897413,1.850463746659771
2024-10-01,1.847247767619173,1.8355155950761213,1.336605054366956,1.8842987062997212,1.847247767619173
2024-10-02,1.852852829485994,1.8447595362807694,1.3383853783441384,1.890022807455368,1.852852829485994
2024-10-03,1.860506922091758,1.8680211829325104,1.3393774791685926,1.8978411029943008,1.860506922091758
2024-10-04,1.8672027588541489,1.8877166192973764,1.3408274173490198,1.904679493758412,1.8672027588541489
2024-10-07,1.8654428571918835,1.8807762949020994,1.339743668425885,1.9028950985650244,1.8654428571918835
2024-10-08,1.872604489588412,1.912521786971894,1.3367777582986777,1.9102157007474299,1.872604489588412
2024-10-09,1.8755890361299103,1.9221178534520182,1.336406795153015,1.9132694504957461,1.8755890361299103
2024-10-10,1.8786067055732536,1.919629107064835,1.3392085220492826,1.9163575338523127,1.8786067055732536
2024-10-11,1.88649051517457,1.9295544632245076,1.3438679303188517,1.9244068328167618,1.88649051517457
2024-10-14,1.8973428946503852,1.9588372955602669,1.3444676175273504,1.9354898474043458,1.8973428946503852
2024-10-15,1.867823857454932,1.864087476294588,1.3461443719530928,1.9054202082087606,1.867823857454932
2024-10-16,1.8682089778347244,1.848318089053273,1.3492793553045548,1.9058324149429111,1.8682089778347244
2024-10-17,1.876673814768621,1.8625381376942958,1.3529572020278418,1.9144737372518217,1.876673814768621
2024-10-18,1.8863185787014443,1.8794678019040758,1.3561461208979708,1.9243230194397354,1.8863185787014443
2024-10-21,1.8931821819418773,1.8937226838587589,1.357885133304626,1.9313380854144067,1.8931821819418773
2024-10-22,1.8998733473861398,1.9032612509313032,1.3626946287614894,1.9381715712350194,1.8998733473861398
2024-10-23,1.8856526818773112,1.8665366724338763,1.3591624641624185,1.9236780145830052,1.8856526818773112
2024-10-24,1.889774765433052,1.874027616427754,1.3607633943445925,1.9278896381071444,1.889774765433052
2024-10-25,1.8942350529323593,1.8829379294955229,1.363001212921556,1.93244318237286,1.8942350529323593
2024-10-28,1.8933474381373798,1.8819857056247582,1.3630173295748265,1.9315411512541276,1.8933474381373798
2024-10-29,1.9026843037045602,1.9018865369936953,1.3676076370315655,1.941074272787442,1.9026843037045602
2024-10-30,1.8955038650917762,1.8767011989476208,1.3688828001582234,1.9337615084485869,1.8955038650917762
2024-10-31,1.8718682364836552,1.822178033892366,1.3622323315779636,1.9096652918605912,1.8718682364836552
2024-11-01,1.8760711663515652,1.8337035661061007,1.3622319269911953,1.91396088718849,1.8760711663515652
2024-11-04,1.8747120294373323,1.8285245832305945,1.3612793038193385,1.9125792976959957,1.8747120294373323
2024-11-05,1.8834291862975774,1.8564755176100833,1.360519695566619,1.921484051770054,1.8834291862975774
2024-11-06,1.8851796476059366,1.8732480327070098,1.354692630922727,1.9233051549701117,1.8851796476059366
2024-11-07,1.8990862195338063,1.9105852886545147,1.3579167779060637,1.9375106045392956,1.8990862195338063
2024-11-08,1.895983555605699,1.900914155431657,1.3579323818149307,1.9343549512810005,1.895983555605699
2024-11-11,1.8850960611018173,1.8891203823847222,1.3507046310869377,1.9232640793453735,1.8850960611018173
2024-11-12,1.8858533233766683,1.898715567521005,1.348976094346236,1.924047831284344,1.8858533233766683
2024-11-13,1.8814759643273622,1.8908961743281913,1.3471970101103647,1.9195926528777976,1.8814759643273622
2024-11-14,1.8847968776080064,1.8999443571112495,1.3477570089532804,1.9229896194615033,1.8847968776080064
2024-11-15,1.8671062873819555,1.8451669691036823,1.3466372287806403,1.9049600436144645,1.8671062873819555
2024-11-18,1.872734930491794,1.8443287584595216,1.3522969677106722,1.9107172778369108,1.872734930491794
2024-11-19,1.886001854079083,1.8723116963354949,1.3557923190396703,1.9242672303291066,1.886001854079083
2024-11-20,1.8885945618712363,1.8697336260882875,1.3601204958899598,1.9269192592379585,1.8885945618712363
2024-11-21,1.8976899502583788,1.8800622135802503,1.3648782154554067,1.9362049398030334,1.8976899502583788
2024-11-22,1.9000083499367233,1.863930915619404,1.3723254924939636,1.9385851443497888,1.9000083499367233
2024-11-25,1.8805770213463027,1.8542530982129786,1.3573375530876304,1.918782854529025,1.8805770213463027
2024-11-26,1.8822210971352138,1.8588705259295055,1.3586670943835042,1.9204663132608102,1.8822210971352138
2024-11-27,1.8765935448528392,1.8484785634505683,1.3560548147465386,1.9147315273882082,1.8765935448528392
2024-11-29,1.8877950179444758,1.872548255977369,1.3588789693478718,1.9261706525959625,1.8877950179444758
2024-12-02,1.893536954781885,1.9003462682521586,1.3577623403845378,1.9320433139185438,1.893536954781885
2024-12-03,1.8995527629581184,1.9235221175198467,1.3584456288233768,1.938188667804112,1.8995527629581184
2024-12-04,1.9085067662444015,1.9440651725901255,1.3595448244493102,1.9473345733513439,1.9085067662444015
2024-12-05,1.900616375127567,1.9361835397100806,1.3543509515585501,1.9392884995248663,1.900616375127567
2024-12-06,1.8998469242896836,1.9362435734238346,1.355589514281136,1.9385108615064468,1.8998469242896836
2024-12-09,1.897904047965229,1.914328069322631,1.3602996416505793,1.9365411613574546,1.897904047965229
2024-12-10,1.8990095122845194,1.9031231478425903,1.366620296868799,1.9376823219919384,1.8990095122845194
2024-12-11,1.9143616343549221,1.9346186043653908,1.371890822843522,1.953356805176491,1.9143616343549221
2024-12-12,1.9052884105458479,1.92372451941393,1.3672133737721928,1.9441091302062834,1.9052884105458479
2024-12-13,1.8959528643227619,1.9080516747797198,1.362384344695857,1.9345951130692818,1.8959528643227619
2024-12-16,1.8952775732503426,1.9056950779950015,1.3626944794023956,1.9339131923608264,1.8952775732503426
2024-12-17,1.8928769668111725,1.901934186445037,1.361529195872733,1.9314714644064885,1.8928769668111725
2024-12-18,1.8770310040674565,1.8642028825966968,1.3584078565440019,1.9153228385334367,1.8770310040674565
2024-12-19,1.8786763070943717,1.8642657108927827,1.3597857599162773,1.9170076750598124,1.8786763070943717
2024-12-20,1.8865587227358744,1.8731558722608543,1.3620395180978677,1.9250659001179569,1.8865587227358744
2024-12-23,1.8976036589269836,1.91020626470929,1.3616102318395,1.93635172738828,1.8976036589269836
2024-12-24,1.902129760557489,1.919844108259299,1.3635388596242024,1.9409733325685092,1.902129760557489
2024-12-26,1.9028750240614127,1.9137480013146042,1.365461222654435,1.9417396339328243,1.9028750240614127
2024-12-27,1.8930016664068543,1.8959916640354912,1.3619458731430487,1.9316709321461625,1.8930016664068543
2024-12-30,1.8872773730758883,1.8801607301687508,1.3610598379014611,1.9258374192418866,1.8872773730758883
2024-12-31,1.8857418835606181,1.8626590847097524,1.3654156520338065,1.9242816667284766,1.8857418835606181
2025-01-02,1.9025716686746326,1.890341461184039,1.3744587462653537,1.9414648025569647,1.9025716686746326
2025-01-03,1.9113685986500804,1.9266379235795947,1.3699633332111172,1.9504612964497579,1.9113685986500804
2025-01-06,1.9279817139552224,1.9912739270410615,1.3668149325838854,1.9674420170580729,1.9279817139552224
2025-01-07,1.915627834201989,1.9422264092348074,1.3706580522010416,1.954858236932273,1.915627834201989
2025-01-08,1.9164449200209785,1.9310070266962316,1.374375634050292,1.9556992575326195,1.9164449200209785
2025-01-10,1.914294252025408,1.9127129016696152,1.380402948934423,1.9535211825031225,1.914294252025408
2025-01-13,1.9050496378204655,1.8924028010405607,1.3775289448004753,1.9440986598467627,1.9050496378204655
2025-01-14,1.9038476497750976,1.8830973862116382,1.3770630569822058,1.9428829230951103,1.9038476497750976
2025-01-15,1.915857262469457,1.9158985646960247,1.3794566785416702,1.9551540618663075,1.915857262469457
2025-01-16,1.9193390381407167,1.9148553336089027,1.3823138319376738,1.9587205822732556,1.9193390381407167
2025-01-17,1.9266647878873129,1.9372244388813653,1.3816497667975591,1.966207629242688,1.9266647878873129
2025-01-21,1.9360632831339082,1.9578968554638707,1.3827568589818726,1.9758159061310947,1.9360632831339082
2025-01-22,1.9495112714948641,1.9902437406454077,1.385592783066712,1.9895527513449442,1.9495112714948641
2025-01-23,1.9473355435569546,1.990567486167524,1.3848627638088167,1.9873392234493046,1.9473355435569546
2025-01-24,1.9397787672224394,1.9736576643038857,1.384895900816148,1.979641916101091,1.9397787672224394
2025-01-27,1.894033715581826,1.8665704339728224,1.3807108272023894,1.933010834160295,1.894033715581826
2025-01-28,1.9169067233876032,1.9182912026795444,1.3859959822131156,1.9563795321248976,1.9169067233876032
2025-01-29,1.913388938756615,1.9139203445516506,1.3852473075896148,1.95280616694959,1.913388938756615
2025-01-30,1.926830110108261,1.935967409438686,1.3915351002643743,1.9665364701623034,1.926830110108261
2025-01-31,1.9224819314196007,1.9183032435660123,1.3940636614584128,1.9621113233353236,1.9224819314196007
2025-02-03,1.9191462490314384,1.9029567061100505,1.3981365385111713,1.9587207012514416,1.9191462490314384
2025-02-04,1.9248871903460205,1.9174276521858868,1.3984386221515568,1.9645922036499954,1.9248871903460205
2025-02-05,1.939563463983439,1.951728087859856,1.4003261751201188,1.9795861807777844,1.939563463983439
2025-02-06,1.944473522452768,1.9708641720066462,1.3989254058220602,1.984608525331712,1.944473522452768
2025-02-07,1.9455412576161928,1.968546721611835,1.4015351276475798,1.9857058739442932,1.9455412576161928
2025-02-10,1.9638077715567375,1.9964500210395209,1.409936975423318,2.004362031429252,1.9638077715567375
2025-02-11,1.961637395599107,2.000200463278081,1.4069583456298413,2.00215279983005,1.961637395599107
2025-02-12,1.9603374350363176,1.997488997820742,1.4076869990060572,2.000831530687956,1.9603374350363176
2025-02-13,1.9727659444533363,2.029621303692322,1.4084018026541403,2.0135329573735166,1.9727659444533363
2025-02-14,1.9663999166908368,2.0348642113088395,1.400955453177591,2.007052443034172,1.9663999166908368
2025-02-18,1.9729565017102582,2.0230283034230534,1.4087756779460558,2.013755337988563,1.9729565017102582
2025-02-19,1.9724778916247203,2.015979188498079,1.409444064343526,2.0132697518194256,1.9724778916247203
2025-02-20,1.969259299027918,2.0119082927981515,1.4063296813377524,2.009991285941465,1.969259299027918
2025-02-21,1.957131621198171,1.974793011043313,1.407394433775068,1.997628976639505,1.957131621198171
2025-02-24,1.9513830972790953,1.946504619063786,1.4099752940204142,1.9917745374313511,1.9513830972790953
2025-02-25,1.9358857122191235,1.9205266432600192,1.4027937798571297,1.9759665878981727,1.9358857122191235
2025-02-26,1.9493537453593779,1.9584183825056924,1.4043065301319815,1.9897283744249166,1.9493537453593779
2025-02-27,1.9169494619630125,1.8749342167434504,1.4009220630943071,1.956685164211253,1.9169494619630125
2025-02-28,1.9281706296712213,1.9100329204923843,1.4001514547900502,1.9681547149715206,1.9281706296712213
2025-03-03,1.9085138949560991,1.8485807782849817,1.401676502694228,1.9481186735501892,1.9085138949560991
2025-03-04,1.910918815387964,1.8494852390525838,1.4015706662014225,1.9505889482160914,1.910918815387964
2025-03-05,1.918815145518521,1.8855292010431903,1.3973387772883157,1.9586660470725081,1.918815145518521
2025-03-06,1.8956834123520756,1.8221674701564083,1.3949127280529972,1.9350764258153268,1.8956834123520756
2025-03-07,1.901906270670859,1.8397138763659546,1.393807176842518,1.9414392979803967,1.901906270670859
2025-03-10,1.873716717736153,1.7665013240128702,1.3904365799897513,1.9126901043158988,1.873716717736153
2025-03-11,1.8810530679644717,1.7815994672197875,1.3929720465164128,1.9201918778592326,1.8810530679644717
2025-03-12,1.9005242033468084,1.8285259127477664,1.3958228727515898,1.9400874451844616,1.9005242033468084
2025-03-13,1.902833021118515,1.8024284441280545,1.4047308904905011,1.9424602573015899,1.902833021118515
2025-03-14,1.9210617144130708,1.8546042238031701,1.4044538716911221,1.9610906153227183,1.9210617144130708
2025-03-17,1.9225924514338077,1.8552816320721852,1.4050983968443187,1.962665650634978,1.9225924514338077
2025-03-18,1.917517501324162,1.8216782309169337,1.4097151256654425,1.9575022059786633,1.917517501324162
2025-03-19,1.9261783295416595,1.836358669430841,1.4124987750398785,1.9663486330625635,1.9261783295416595
2025-03-20,1.927965818003082,1.84082076788855,1.4131510018131896,1.9681777846859612,1.927965818003082
2025-03-21,1.921934843065932,1.835246904856327,1.4110765256752245,1.9620314684720994,1.921934843065932
2025-03-24,1.9335673110034794,1.8751351293048204,1.4099317133193932,1.97392309138197,1.9335673110034794
2025-03-25,1.9348630242069311,1.877145746112087,1.4113462161195076,1.975251389183173,1.9348630242069311
2025-03-26,1.9182129630371574,1.8252671815627095,1.412924157710205,1.9582769691583455,1.9182129630371574
2025-03-27,1.914604970978173,1.8018231530643365,1.4172679955334049,1.9546085209256236,1.914604970978173
2025-03-28,1.9056104495407342,1.7643431530172593,1.419671216252402,1.9454421066107028,1.9056104495407342
2025-03-31,1.9078424940513643,1.7534318322259845,1.4262310467233024,1.947733018422188,1.9078424940513643
2025-04-01,1.9131551465198626,1.771659596312988,1.4258330482879453,1.9531642384568326,1.9131551465198626
2025-04-02,1.914200142223373,1.774134771065523,1.4249113571483212,1.9542356173539304,1.914200142223373
2025-04-03,1.8685155231616746,1.6680739579303643,1.4148125027829523,1.9076306331274742,1.8685155231616746
2025-04-04,1.8341286296208246,1.593025820714907,1.4093076340110626,1.873736590981687,1.8341286296208246
2025-04-07,1.8261830670974049,1.6170699438328076,1.4032024232096356,1.8656371234432496,1.8261830670974049
2025-04-08,1.8249759987541831,1.5942507298152613,1.4022749361166353,1.8644110499345623,1.8249759987541831
2025-04-09,1.846497199554936,1.7902047427011976,1.4188113949515078,1.8864210596554771,1.846497199554936
2025-04-10,1.8407402724153519,1.7159437943467903,1.4143878876602343,1.8805719763701907,1.8407402724153519
2025-04-11,1.8429544974052467,1.744249678741477,1.4160892537101837,1.8828538217751363,1.8429544974052467
2025-04-14,1.836777110003345,1.7413873715391708,1.4113426731906136,1.8765440946932987,1.836777110003345
2025-04-15,1.8446937616893895,1.745755760058071,1.4174256694847478,1.8846337643944422,1.8446937616893895
2025-04-16,1.8549629626418571,1.677838265580317,1.4253163174271979,1.8951536817091286,1.8549629626418571
2025-04-17,1.853196054682224,1.6680122338908192,1.4239586608071053,1.8933520429030692,1.853196054682224
2025-04-21,1.8615425389364437,1.625477211464004,1.4303719318212853,1.9019076760012776,1.8615425389364437
2025-04-22,1.858764439500224,1.657337531770734,1.428237295961904,1.899083279661733,1.858764439500224
2025-04-23,1.853915663622798,1.6923856225536393,1.4245115938768338,1.8941527106649934,1.853915663622798
2025-04-24,1.857944711984007,1.725553899579167,1.4276074337877047,1.8982824414111528,1.857944711984007
2025-04-25,1.8542728085474112,1.7491310345328912,1.4247860168701707,1.8945401738922785,1.8542728085474112
2025-04-28,1.8564269517708383,1.7440468498934238,1.4264412172964116,1.896755510653296,1.8564269517708383
2025-04-29,1.8540631682755984,1.748615656666255,1.4246249334921073,1.8943495373812052,1.8540631682755984
2025-04-30,1.8532881565387382,1.7464130204548998,1.424029430025466,1.8935655644148885,1.8532881565387382
2025-05-01,1.8471299576167597,1.7679565924530232,1.4192975935488186,1.8872921148705146,1.8471299576167597
2025-05-02,1.8467565091715232,1.8066237798742866,1.4190106432573932,1.8869128291240194,1.8467565091715232
2025-05-05,1.8616057946250724,1.8038429679964656,1.4304205362230915,1.9021066563469506,1.8616057946250724
2025-05-06,1.8714750973429553,1.7968724755780723,1.4380039103867421,1.9122145660537093,1.8714750973429553
2025-05-07,1.8698944976935128,1.8200103483352073,1.436789409333599,1.9106154847883474,1.8698944976935128
2025-05-08,1.866105809994305,1.8240653214424403,1.4342916181844931,1.9073139088173465,1.866105809994305
2025-05-09,1.8664623303514418,1.8199102125559452,1.4353396668890632,1.9076840735415987,1.8664623303514418
2025-05-12,1.875534772570317,1.8843451003356615,1.4332970409767498,1.9169851104611735,1.875534772570317
2025-05-13,1.8708652623963204,1.9205278419908358,1.4285113702835304,1.9126540703083739,1.8708652623963204
2025-05-14,1.8640640341825878,1.9384011565601107,1.421115897973972,1.9059111376130562,1.8640640341825878
2025-05-15,1.8701926020064146,1.9356585072757595,1.4269394297019495,1.9123797961156637,1.8701926020064146
2025-05-16,1.8709049608259227,1.937360176417908,1.42605412951563,1.9133021437606508,1.8709049608259227
2025-05-19,1.8737476908001913,1.9413838510068244,1.428691186616801,1.9163987066442,1.8737476908001913
2025-05-20,1.874615382180392,1.936400383175264,1.431221034691412,1.9174503165626533,1.874615382180392
2025-05-21,1.8600146405746971,1.9133368655129561,1.420772492673098,1.9026636716212832,1.8600146405746971
2025-05-22,1.859473137443414,1.9151629663420915,1.4182648346195952,1.9021154246076448,1.859473137443414
2025-05-23,1.8553473052251488,1.9052005784835226,1.4182181766454147,1.8979081351433371,1.8553473052251488
2025-05-27,1.8740367853086275,1.941186559830785,1.429087649351386,1.9170464491516461,1.8740367853086275
2025-05-28,1.8685110189315537,1.9311410200316137,1.4234221472364477,1.9113998059170145,1.8685110189315537
2025-05-29,1.8730175730396674,1.9499698707289792,1.4280381552233576,1.9160164120028484,1.8730175730396674
2025-05-30,1.8705948860743749,1.9357184255230813,1.4249662069012434,1.9136624095301233,1.8705948860743749
2025-06-02,1.8828181409104234,1.9605827205637691,1.4345825489822006,1.9261834976980512,1.8828181409104234
2025-06-03,1.8883994412895058,1.9724865711027249,1.4385404999547642,1.9319028870738193,1.8883994412895058
2025-06-04,1.8917480564923692,1.980810970177729,1.4393350330542267,1.9354451863327202,1.8917480564923692
2025-06-05,1.887542955502845,1.9729396146107083,1.4373735348254921,1.9312683084452895,1.887542955502845
2025-06-06,1.8990149317674605,1.9896562036106324,1.4449378989399362,1.9430944247366315,1.8990149317674605
2025-06-09,1.8991792341339377,1.9959070853625935,1.4468990592608069,1.9433756783614957,1.8991792341339377
2025-06-10,1.9041361848346967,2.010113955737512,1.4522228823138112,1.9484557094107766,1.9041361848346967
2025-06-11,1.9005822808990955,2.0025946905182903,1.451224653550461,1.944942132262986,1.9005822808990955
2025-06-12,1.9051838919628776,2.014032632866776,1.4556285893825116,1.9496604308536405,1.9051838919628776
2025-06-13,1.8912385119250081,1.9851105423987356,1.447826460815191,1.9354035473687003,1.8912385119250081
2025-06-16,1.9044173771255237,2.0092463507873757,1.4534119692306666,1.9489035610466332,1.9044173771255237
2025-06-17,1.8967640182943482,1.9953675694870308,1.4473365466395272,1.941078470882398,1.8967640182943482
2025-06-18,1.8965936495693025,1.9993772131581877,1.4472380101706128,1.9409083400537506,1.8965936495693025
2025-06-20,1.8906503744455858,1.9866555953516014,1.4435183321037668,1.9348339807178745,1.8906503744455858
2025-06-23,1.9068192160196726,2.0099017155687955,1.4521492469112394,1.9513909964646141,1.9068192160196726
2025-06-24,1.9197115703920338,2.0427854211773275,1.4590316555969203,1.964600685072013,1.9197115703920338
2025-06-25,1.9198429937800054,2.057425725384163,1.4568609449582046,1.9647460026966832,1.9198429937800054
2025-06-26,1.9325026976860455,2.066625215113964,1.4620675343528875,1.9777113864758606,1.9325026976860455
2025-06-27,1.936512780650693,2.0780832077144233,1.4628285671174737,1.9818258438807552,1.936512780650693
2025-06-30,1.944336530882775,2.086976425094712,1.4667449030431459,1.9898386611514245,1.944336530882775
2025-07-01,1.9392470752449338,2.064573358925848,1.4658608718217199,1.9846461044209964,1.9392470752449338
2025-07-02,1.9436215503451564,2.078092123310223,1.4704319312954388,1.989131571247718,1.9436215503451564
2025-07-03,1.9550770471813514,2.0894620584946875,1.4751916033405899,2.0008632130299593,1.9550770471813514
2025-07-07,1.9479368232080823,2.0785915041175222,1.4693835314507053,1.9935627852418418,1.9479368232080823
2025-07-08,1.9454525754909842,2.0839488262339074,1.4702347219468315,1.9910278286156138,1.9454525754909842
2025-07-09,1.9576690571849875,2.1030873188689845,1.4767406131651888,2.0035373417265507,1.9576690571849875
2025-07-10,1.960532525222618,2.108135597989833,1.4797289428473435,2.0066935907691956,1.960532525222618
2025-07-11,1.9566502021712473,2.104320596539429,1.4785857391156823,2.002956062697952,1.9566502021712473
2025-07-14,1.9595237826721148,2.107251565302056,1.4803432365305376,2.0059041076525026,1.9595237826721148
2025-07-15,1.959496263268699,2.1204312564522545,1.4765086923383393,2.005898836472347,1.959496263268699
2025-07-16,1.9612346966824943,2.1021010255434036,1.4750543249996466,2.007905712674517,1.9612346966824943
2025-07-17,1.97043620957958,2.1076651113629286,1.4790017704884262,2.0175296420455897,1.97043620957958
2025-07-18,1.9696635460393428,2.105686410099012,1.4780791854248336,2.0169308246343176,1.9696635460393428
2025-07-21,1.9721326037871627,2.104853522213577,1.478129786302763,2.019650813897494,1.9721326037871627
2025-07-22,1.9555092431584118,2.084668798241155,1.479559293995855,2.0026460482946318,1.9555092431584118
2025-07-23,1.9751859886796663,2.1080418635916116,1.4871468705281916,2.0228122868267597,1.9751859886796663
2025-07-24,1.9850219263131943,2.120628007142773,1.4871431338956567,2.0328989442345224,1.9850219263131943
2025-07-25,1.985280219390073,2.1162028380457567,1.4864289530110668,2.033170581778132,1.985280219390073
2025-07-28,1.9965454542924705,2.1309007449541997,1.4867895967677278,2.044722849695655,1.9965454542924705
2025-07-29,1.9821453960989857,2.115869442459563,1.485260546151269,2.0299879857647722,1.9821453960989857
2025-07-30,1.988192869547047,2.1244932107088217,1.482017301095293,2.036202202067093,1.988192869547047
2025-07-31,2.0292066037707164,2.155036750964716,1.4841498149516008,2.0783438723053593,2.0292066037707164
2025-08-01,1.9950127468280348,2.1229554257268903,1.4746715942457609,2.0434379514276495,1.9950127468280348
2025-08-04,2.0401133243825993,2.16978071261652,1.4891785382818132,2.089655467912067,2.0401133243825993
2025-08-05,2.0239073033471593,2.151809221752375,1.485635957991465,2.073105891037712,2.0239073033471593
2025-08-06,2.0335930288531205,2.1621138751625857,1.4856805465959548,2.083068537083568,2.0335930288531205
2025-08-07,2.031281077433679,2.1647909857270484,1.4889328854044441,2.0807151514764755,2.031281077433679
2025-08-08,2.0452487074450327,2.179537829020382,1.4932780798652336,2.0950297981607817,2.0452487074450327
2025-08-11,2.0384852440479957,2.172614443273835,1.4902840651041624,2.0881054372396393,2.0384852440479957
2025-08-12,2.0629209868213656,2.1994796807860695,1.5007618819171298,2.1131528677725484,2.0629209868213656
2025-08-13,2.0522551653508487,2.1910239521819244,1.5048588820761903,2.102240187694193,2.0522551653508487
2025-08-14,2.053826152383349,2.1921194763007352,1.5016840874640376,2.1038549795147623,2.053826152383349
2025-08-15,2.0475776376656962,2.1847721422876227,1.5008778266449911,2.0974631533727033,2.0475776376656962
2025-08-18,2.0420811237014433,2.179890091388485,1.4998406871284957,2.0918519108781433,2.0420811237014433
2025-08-19,2.007936390550865,2.145653030771104,1.496280796686123,2.05689804010913,2.007936390550865
2025-08-20,2.0049964980345707,2.144081820313999,1.498576047391171,2.0538918813065288,2.0049964980345707
2025-08-21,1.9966750047193864,2.1329538484450348,1.4952130572944249,2.0453734569014808,1.9966750047193864
2025-08-22,2.0252740825998194,2.164063311571467,1.5100650337037502,2.0746792393500826,2.0252740825998194
2025-08-25,2.0274261406693372,2.1657609708018617,1.5058216064516141,2.0768959109335348,2.0274261406693372
2025-08-26,2.0375720633513548,2.1766673260140843,1.5088705588346694,2.0872980873940272,2.0375720633513548
2025-08-27,2.0352612091134183,2.1745025740350576,1.5115666863007253,2.0849378373677308,2.0352612091134183
2025-08-28,2.03525899250775,2.1721612608603134,1.511946742850075,2.084946167693727,2.03525899250775
2025-08-29,2.005799745512984,2.1391480198513584,1.5083577859622463,2.0547900299703823,2.005799745512984
2025-09-02,1.9914356999612646,2.1207871438325343,1.5061187930796964,2.040089860192879,1.9914356999612646
2025-09-03,1.993197024894469,2.1239664426961427,1.5066342408446536,2.041899556352215,1.993197024894469
2025-09-04,2.008111457986804,2.140321382633333,1.5127474657649633,2.0571864201126377,2.008111457986804
2025-09-05,1.9900597002508447,2.127082674571629,1.5128490100113607,2.0387198685265804,1.9900597002508447
2025-09-08,1.9973671581006016,2.135665380625673,1.5166947105690682,2.0462129885752622,1.9973671581006016
2025-09-09,2.014162648152458,2.1547078875096197,1.5199134965634953,2.063433544292113,2.014162648152458
2025-09-10,2.031372354237113,2.171392171400583,1.5227185072037277,2.081099768115722,2.031372354237113
2025-09-11,2.034591339744174,2.1763851424504317,1.5303321932325913,2.0844053559854,2.034591339744174
2025-09-12,2.0407690306784585,2.183681882807594,1.5308250327363648,2.090741042789271,2.0407690306784585
2025-09-15,2.050018221546832,2.1989907783884837,1.5383402517321327,2.100226655633052,2.050018221546832
2025-09-16,2.0462372133825184,2.1962232410489677,1.5369611502116385,2.096374406916338,2.0462372133825184
2025-09-17,2.0277441162274177,2.1762068780458765,1.5341523414310776,2.077448121946181,2.0277441162274177
2025-09-18,2.0539066321941566,2.209461311738317,1.5422550600214477,2.10427713904028,2.0539066321941566
2025-09-19,2.059040365307458,2.213758068999454,1.5448819717062734,2.1097794538070223,2.059040365307458
2025-09-22,2.076138846026055,2.2347716353983333,1.5505266595371885,2.127554888256551,2.076138846026055
2025-09-23,2.0535270238628387,2.2124268597829704,1.549228356462708,2.1045899590119745,2.0535270238628387
2025-09-24,2.048182152398173,2.2057114223066594,1.547001060181935,2.099285692714546,2.048182152398173
2025-09-25,2.0398714037313193,2.1972575314277014,1.5439746330786879,2.0909011226720833,2.0398714037313193
2025-09-26,2.0414188342629576,2.1988702610910558,1.5499624690961007,2.0926173635543197,2.0414188342629576
2025-09-29,2.055966030298499,2.2142795758066462,1.555294049487116,2.1076715960270835,2.055966030298499
2025-09-30,2.0615628969228776,2.2204987441225157,1.5600695508084286,2.113555760506659,2.0615628969228776
2025-10-01,2.0655443399515927,2.2261980157633974,1.5645952619451085,2.1176721592234555,2.0655443399515927
2025-10-02,2.088515944107471,2.2502151079179233,1.5660819118412048,2.1413438504653897,2.088515944107471
2025-10-03,2.0754571744739314,2.237297202331937,1.568840767913907,2.1280845431974558,2.0754571744739314
2025-10-06,2.0861696731284303,2.2472919728442813,1.5757135845380754,2.139207122877855,2.0861696731284303
2025-10-07,2.058191174263485,2.2186632647670783,1.5727202790976205,2.1106606617436348,2.058191174263485
2025-10-08,2.0598579963634975,2.219506299124905,1.5788053730302636,2.112390968260761,2.0598579963634975
2025-10-09,2.067859736691354,2.227638115407344,1.5744123779839623,2.120623225517871,2.067859736691354
2025-10-10,1.99803374277569,2.1566159065913926,1.5514106343486744,2.0490368965608448,1.99803374277569
2025-10-13,2.049675916833696,2.209908651267482,1.5701922586484016,2.1020262168045747,2.049675916833696
2025-10-14,2.0359203050620356,2.19559913248224,1.5716052089054715,2.0879376174297883,2.0359203050620356
2025-10-15,2.061510987625185,2.2223915552508737,1.580049024539138,2.1141984816122306,2.061510987625185
2025-10-16,2.0635162080925804,2.2251593028748333,1.5787510792928448,2.1162742330020703,2.0635162080925804
2025-10-17,2.075124590568747,2.237505448390443,1.579601244803628,2.1283565054048106,2.075124590568747
2025-10-20,2.0992188783086863,2.2634418082721433,1.5955929747693807,2.153079969040294,2.0992188783086863
2025-10-21,2.085266934259162,2.2474787318640908,1.5824354703715668,2.13878671369024,2.085266934259162
2025-10-22,2.07508927108687,2.2360992115335194,1.5804100634051348,2.128357432481031,2.07508927108687
2025-10-23,2.0938826550892133,2.257391909177865,1.5867018067615761,2.1476493911433736,2.0938826550892133
2025-10-24,2.1012704965367055,2.265489915969659,1.5901567593410713,2.1552382962584318,2.1012704965367055
2025-10-27,2.131984181197924,2.300445263436861,1.593683826196845,2.186757063744858,2.131984181197924
2025-10-28,2.1376401222629,2.3065158633898313,1.5915113812430834,2.1925777659195687,2.1376401222629
2025-10-29,2.153048438028418,2.3242527262072605,1.5908626785205584,2.2084026868537148,2.153048438028418
2025-10-30,2.0883775487002936,2.254075758656552,1.5824245969283632,2.142151821491147,2.0883775487002936
2025-10-31,2.065229223656903,2.2279778223842763,1.5795446194394593,2.118425773556074,2.065229223656903
2025-11-03,2.064389629322931,2.227718526487574,1.5812578098712493,2.1177327168929914,2.064389629322931
2025-11-04,2.0236469929663485,2.182492141221048,1.567864463148252,2.0760828445223822,2.0236469929663485
2025-11-05,2.0352803998996696,2.1952356119379037,1.572488696210792,2.0880334193265657,2.0352803998996696
2025-11-06,2.003003889114364,2.1603686461110505,1.5610982362849835,2.0549366284005184,2.003003889114364
2025-11-07,1.9999240715519657,2.1568059402498103,1.5661966522077864,2.051788226024359,1.9999240715519657
2025-11-10,2.039664746152954,2.199682886640942,1.5837138209419737,2.0925760865989735,2.039664746152954
2025-11-11,2.0217732547968756,2.1798261753301005,1.5855357795664724,2.0742363385557634,2.0217732547968756
2025-11-12,2.0198083499042774,2.177987696795438,1.588028067501425,2.0722453613335245,2.0198083499042774
2025-11-13,1.9957005878990228,2.152073792459945,1.5738795845006182,2.047528989349257,1.9957005878990228
2025-11-14,1.9915332055491417,2.147188505372372,1.5720754520728166,2.0432676630308877,1.9915332055491417
2025-11-17,1.9825068272082411,2.138367065093806,1.5633199087123268,2.0340272157377632,1.9825068272082411
2025-11-18,1.9620201408969995,2.1159882989866667,1.558948172270207,2.0130256565266023,1.9620201408969995
2025-11-19,1.982190179535868,2.1387834479195638,1.5603243950070091,2.0337521290466687,1.982190179535868
2025-11-20,1.938650792467064,2.09040859793126,1.5466688201578724,1.9891144996320604,1.938650792467064
2025-11-21,1.9358314459681065,2.086073587852805,1.552245359687716,1.9862400600885628,1.9358314459681065
2025-11-24,1.9700392006838026,2.1225971347045096,1.563447278956639,2.021351609905561,1.9700392006838026
2025-11-25,1.9917543713918984,2.1424141461022383,1.5717692142298472,2.043658237807832,1.9917543713918984
2025-11-26,2.016605656825341,2.171139181004028,1.5820407759453354,2.069180663184166,2.016605656825341
2025-11-28,2.034812046859372,2.189529997820719,1.5904581313279853,2.087881488516388,2.034812046859372
2025-12-01,2.04617617316257,2.203456235406029,1.5868643403359455,2.099569042263971,2.04617617316257
2025-12-02,2.0632710074819327,2.220443820490242,1.5874081717984845,2.117120608794205,2.0632710074819327
2025-12-03,2.0729494961566957,2.2304597336108616,1.589546383837515,2.1270796799159313,2.0729494961566957
2025-12-04,2.0800704305841164,2.235048304633719,1.592740695084877,2.1344234401021454,2.0800704305841164
2025-12-05,2.082001508022121,2.2353044000981974,1.5919412004446216,2.13642157841147,2.082001508022121
2025-12-08,2.091252846333754,2.2461812925995828,1.5899428165389724,2.145936399296644,2.091252846333754
2025-12-09,2.0796941400555276,2.235894708193513,1.5887874571926073,2.134084351347694,2.0796941400555276
2025-12-10,2.080729165386857,2.237612570540128,1.5926367409144517,2.1351616991174844,2.080729165386857
2025-12-11,2.083331156307039,2.240298839697519,1.598156372294886,2.1378422173953453,2.083331156307039
2025-12-12,2.045556207724895,2.2004772518780236,1.589554811926485,2.099102146000762,2.045556207724895
2025-12-15,2.052714978736532,2.2079738207764805,1.5906007290588922,2.1064547357495376,2.052714978736532
2025-12-16,2.0540160712278213,2.208263015462066,1.5860167149795548,2.1078067386812136,2.0540160712278213
2025-12-17,2.006144865289092,2.157903898623046,1.5786716492200286,2.0587183422235387,2.006144865289092
2025-12-18,2.0340898491254937,2.1867075727977765,1.5848960204153812,2.087408822436132,2.0340898491254937
2025-12-19,2.0540285669735323,2.209847627978837,1.5916649694046026,2.1078929836952978,2.0540285669735323
2025-12-22,2.0645981773984565,2.222982629572014,1.600678359957525,2.118748024623804,2.0645981773984565
2025-12-23,2.079161407511046,2.2406122910111956,1.6060587230472025,2.133703768749501,2.079161407511046
2025-12-24,2.08272391800789,2.243534606218615,1.6085437811124184,2.1373642591605355,2.08272391800789
2025-12-26,2.0871628811627403,2.2507194435642384,1.6112077430391,2.141930466803951,2.0871628811627403
2025-12-29,2.072282861159781,2.230733373723448,1.600989453932321,2.126666207454073,2.072282861159781
2025-12-30,2.0790211169364805,2.237224661121534,1.602152907879466,2.1335901224308,2.0790211169364805
2025-12-31,2.0694784009068266,2.227082468864345,1.594887374958818,2.1238019298597313,2.0694784009068266
2026-01-02,2.116559731874382,2.2796328418601535,1.60606296840242,2.1721835655301316,2.116559731874382
2026-01-05,2.1586474283616774,2.325315903788381,1.620156936583246,2.2154125836180265,2.1586474283616774
2026-01-06,2.1689899629230416,2.337152235412667,1.6275621433571181,2.2260364570788473,2.1689899629230416
2026-01-07,2.154233751861767,2.322685858385722,1.6202215288611204,2.210907679491797,2.154233751861767
2026-01-08,2.132104876287318,2.2987321257812834,1.6226028311078518,2.188219651748134,2.132104876287318
2026-01-09,2.176575467204031,2.3464356363045447,1.6323455015308628,2.233905666131437,2.176575467204031
2026-01-12,2.174950114549298,2.349078889630377,1.636187770650696,2.232254013679829,2.174950114549298
2026-01-13,2.160897361081867,2.3355499666722563,1.6344542853463173,2.217843594795992,2.160897361081867
2026-01-14,2.1426335633351052,2.3188387504852277,1.6353353631891154,2.1991155163622373,2.1426335633351052
2026-01-15,2.1830707680172625,2.361082576694431,1.6420116358316732,2.2406534507962546,2.1830707680172625
2026-01-16,2.1928631809616106,2.3708670912719323,1.6426291531722506,2.2507215078913116,2.1928631809616106
2026-01-20,2.1506120428113786,2.331079144618339,1.632040336385813,2.207530157233312,2.1506120428113786
2026-01-21,2.185568939871121,2.36841019078553,1.646134135507442,2.243426206644182,2.185568939871121
2026-01-22,2.231276624358782,2.413210820413204,1.6561130147502843,2.290504338489465,2.231276624358782
2026-01-23,2.2411257717907027,2.4253096432456935,1.6596162973148727,2.3007359087967623,2.2411257717907027
2026-01-26,2.2607476633447314,2.4459233835124077,1.6656574336036412,2.320898912549878,2.2607476633447314
2026-01-27,2.2888950168953834,2.4789454900412426,1.6748622592295581,2.34981615532698,2.2888950168953834
2026-01-28,2.2783920241636997,2.471726967287515,1.6801756495248437,2.33905878061999,2.2783920241636997
2026-01-29,2.335994404259189,2.5228164664793233,1.6843874984474145,2.3982514381957913,2.335994404259189
2026-01-30,2.2969906527369637,2.4747431258160777,1.6613378314539746,2.358229832390096,2.2969906527369637
2026-02-02,2.290573712649555,2.4650500515434928,1.6542833551326246,2.351674239812879,2.290573712649555
2026-02-03,2.2506052064090123,2.4298470266559766,1.6602715806918102,2.310665682785716,2.2506052064090123
2026-02-04,2.196889240088356,2.3757263634722277,1.6567536775043428,2.255546738654644,2.196889240088356
2026-02-05,2.191189920365561,2.3667998392642544,1.6431351098996112,2.2497142219269577,2.191189920365561
2026-02-06,2.2556764579076614,2.4377864217299123,1.6702968350423097,2.3159859099380697,2.2556764579076614
2026-02-09,2.285811091913511,2.471379723383043,1.681133190454234,2.3469402419184773,2.285811091913511
2026-02-10,2.2716529938770864,2.456784869562194,1.6782688559857604,2.332411076285401,2.2716529938770864
2026-02-11,2.284396970445292,2.47196129886042,1.6839391715079057,2.3455104876791926,2.284396970445292
2026-02-12,2.2459132055883373,2.4305711979088485,1.666865373036275,2.3060076686159094,2.2459132055883373
2026-02-13,2.2337134895325756,2.4206381826924535,1.6739839188332046,2.2935004533980967,2.2337134895325756
2026-02-17,2.2430614598807534,2.427628991256048,1.6692431667174203,2.3031104703479452,2.2430614598807534
2026-02-18,2.2768032902449478,2.4646334138770687,1.679828875717752,2.3377784420685472,2.2768032902449478
2026-02-19,2.2719297747027194,2.4592812253472744,1.680145208704532,2.3327817316639012,2.2719297747027194
2026-02-20,2.2913322153107845,2.481005806306963,1.6893221199873991,2.3527110677579577,2.2913322153107845
2026-02-23,2.286454915111652,2.480343499411272,1.6877463556574623,2.3477335115920788,2.286454915111652
2026-02-24,2.298251705734149,2.4919017902130323,1.6920318869502284,2.3598526276698193,2.298251705734149
2026-02-25,2.329113958362775,2.5237195225027165,1.6994531893800704,2.391554168893697,2.329113958362775
2026-02-26,2.2820794124627506,2.4729240432897237,1.6951687176055137,2.3433069590440416,2.2820794124627506
2026-02-27,2.253058067477691,2.4442953414982505,1.6926699941893435,2.313526590259762,2.253058067477691
2026-03-02,2.2535338262812896,2.444129460322741,1.6972912007415304,2.3140470321483564,2.2535338262812896
2026-03-03,2.2107975954544608,2.393695943681242,1.6772102360696535,2.270307319604059,2.2107975954544608
2026-03-04,2.245368750654673,2.430153292342127,1.6860112385351727,2.3058273790724804,2.245368750654673
2026-03-05,2.222267535199453,2.4053798430916595,1.6750783756532615,2.2821204824774908,2.222267535199453
2026-03-06,2.165059825417085,2.349113899104383,1.6648807084812507,2.2234042606251387,2.165059825417085
2026-03-09,2.2093031363511417,2.3955816624471153,1.6731341374801032,2.268874769396022,2.2093031363511417
2026-03-10,2.2297443913522157,2.417464499006245,1.6750479389518442,2.28987963325217,2.2297443913522157
2026-03-11,2.2334062531814474,2.421101361350604,1.6743266010489408,2.293645218648677,2.2334062531814474
2026-03-12,2.1934982910645604,2.3789557262659695,1.6583609903419076,2.2526718199291706,2.1934982910645604
2026-03-13,2.1681041799125818,2.3534385424767295,1.6520375257245663,2.2266116051332547,2.1681041799125818
2026-03-16,2.2008047500861774,2.387026880692575,1.6614327626799106,2.2602063455260644,2.2008047500861774
2026-03-17,2.203213584775797,2.390060496181161,1.6623946908701341,2.2626936535557944,2.203213584775797
2026-03-18,2.1717283095443296,2.35345623968499,1.6446698561563697,2.230371245866439,2.1717283095443296
2026-03-19,2.163917888779111,2.341909867742451,1.6333493532104124,2.22236833167168,2.163917888779111
2026-03-20,2.1127127303068964,2.28436682422927,1.6090693442663788,2.169796525165429,2.1127127303068964
2026-03-23,2.1527090173280645,2.3238100416704244,1.6169971111516894,2.2108944299452262,2.1527090173280645
2026-03-24,2.1568836915658594,2.328832210299522,1.6197554195560342,2.215206932582854,2.1568836915658594
2026-03-25,2.1690325771142693,2.3449572296809675,1.627681772921164,2.227701166139489,2.1690325771142693
2026-03-26,2.087662195846354,2.2610711482549997,1.6136496984990054,2.1441610180095343,2.087662195846354
2026-03-27,2.0522821031812994,2.230693814047928,1.6107035436405819,2.1078423991061044,2.0522821031812994
2026-03-30,2.031843348725602,2.2077874476252126,1.6064932144629416,2.0868831074205905,2.031843348725602
2026-03-31,2.1169614691880745,2.2972540617185966,1.6183140899666026,2.1743329502689575,2.1169614691880745
2026-04-01,2.1455457644321725,2.3280343575796802,1.6166337572345633,2.203708136989581,2.1455457644321725
2026-04-02,2.1248880298042674,2.304880270257501,1.6161286018666108,2.1825159547107966,2.1248880298042674
2026-04-06,2.1200854024432765,2.2997357829455978,1.6168403536020837,2.1775924011046865,2.1200854024432765
2026-04-07,2.1242032079928816,2.304827521066038,1.613882947205154,2.1818243257777294,2.1242032079928816
2026-04-08,2.2195005684344324,2.401752536309644,1.6258700277425113,2.2797585469946045,2.2195005684344324
2026-04-09,2.2458387228493804,2.4277960785458497,1.629406783574627,2.306827571718335,2.2458387228493804
2026-04-10,2.268260210990572,2.4512675282957677,1.6284426982642377,2.329879610486947,2.268260210990572
2026-04-13,2.28645582783726,2.4695328328952395,1.6284435123695218,2.348579294106895,2.28645582783726
2026-04-14,2.330945416546812,2.5155751150850354,1.629990371648007,2.394303644523567,2.330945416546812
2026-04-15,2.326224585054221,2.5090676714465983,1.623738068611515,2.3894860152487145,2.326224585054221
2026-04-16,2.297556890838888,2.4792472651922344,1.6216388619299351,2.360082408016776,2.297556890838888
2026-04-17,2.339506922419372,2.523012271410607,1.6248259052754952,2.4031898741537416,2.339506922419372
2026-04-20,2.3365040008809848,2.52031436465568,1.6237938929944395,2.4001268002807468,2.3365040008809848
2026-04-21,2.316790493362426,2.4963450472499726,1.6199890282988703,2.3798871363706486,2.316790493362426
2026-04-22,2.3229211518903856,2.5044502478344213,1.6232759260733345,2.3862041462839967,2.3229211518903856
2026-04-23,2.2928823246777625,2.4732644695926185,1.6255202670926503,2.355359845712469,2.2928823246777625
2026-04-24,2.3396857692685997,2.522412660772314,1.6336697204660129,2.4034614048098417,2.3396857692685997
2026-04-27,2.3454576666497777,2.5267384454627884,1.6326736611535988,2.409420899553978,2.3454576666497777
2026-04-28,2.3096584020062996,2.48846960354184,1.6307927393888237,2.3726656861689195,2.3096584020062996
2026-04-29,2.3039866485080145,2.4813652434630082,1.6294061532163961,2.3668552069156923,2.3039866485080145
2026-04-30,2.2834409808868945,2.4690228782806956,1.6364689108927692,2.3458334846068407,2.2834409808868945
2026-05-01,2.2747403428954858,2.460373502882425,1.633336623507881,2.3369026149219336,2.2747403428954858
2026-05-04,2.252964673579649,2.434930241911632,1.6263495596155453,2.314556346498934,2.252964673579649
2026-05-05,2.27709559555744,2.4621493198808357,1.63666029837368,2.339383827081166,2.27709559555744
2026-05-06,2.3582976455480233,2.550040417320602,1.6551598649552632,2.422857130985827,2.3582976455480233
2026-05-07,2.351506228992635,2.5421672251511933,1.644593423547011,2.415906153298845,2.351506228992635
2026-05-08,2.3898319975488485,2.5843135314772323,1.65207619758238,2.4553229565580703,2.3898319975488485
