,Full Alpha Trinity rebuilt,SPY buy-and-hold,60/40 SPY/AGG,Equal-weight universe,Momentum Top-5,Volatility-targeted SPY,Risk parity inverse-vol,Defensive basket buy-and-hold
2022-01-03,1.0,1.0,1.0,1.0,1.0,1.0,1.0,1.0
2022-01-04,0.9999034734910824,0.999000999000999,0.999000999000999,0.999000999000999,0.999000999000999,0.9988995939476234,0.999000999000999,0.999000999000999
2022-01-05,0.996524288526051,0.9798181484910109,0.9862490289842909,0.9818642268506996,0.9673935307152792,0.977744181787983,0.9878562739187562,0.9958321758914742
2022-01-06,0.9976142801189793,0.978897567111582,0.9852739068169463,0.9852944236426027,0.9671447886720259,0.9766661185244029,0.9882203329358025,0.9933555128899032
2022-01-07,0.9965942597474018,0.97502757915432,0.9817834973917902,0.9833019275941156,0.9593741920701613,0.9725564766675813,0.987157832379118,0.9906024586734661
2022-01-10,0.9962508727264833,0.9738142362482126,0.9807011211986048,0.9793993334613141,0.9564669247118164,0.971254884221792,0.9847387534881052,0.9923221333981661
2022-01-11,0.997509902127597,0.9826839765932435,0.9867900821977663,0.9875532173503285,0.9652190225065602,0.9805815467951065,0.9904826345852245,0.9963615945755674
2022-01-12,0.9979956393897707,0.9853406216443981,0.9883894488652624,0.9901894563383192,0.9669839735445435,0.9834414039811611,0.9918635595151799,0.9944233637363156
2022-01-13,0.9953818115907702,0.9717640934629139,0.9809131546916919,0.9800974626004547,0.954448432143085,0.9687220478931227,0.9861154360086729,0.996120523739379
2022-01-14,0.9965293634660397,0.9721616157023292,0.9789597876329575,0.982866764172682,0.9602667041885105,0.9691136305046285,0.9863573574846127,0.9908986012943528
2022-01-18,0.9940304948799531,0.954944991127644,0.9661782630515366,0.9668875172345291,0.9454894049919583,0.9508117301849327,0.9754037211233288,0.9870593003063689
2022-01-19,0.9926209165296532,0.9450292678523439,0.9609850164463113,0.9629523383945758,0.94327253402191,0.9402304774558339,0.9744422145055607,0.9926557795191625
2022-01-20,0.9911689271040595,0.9345695738994102,0.9548042309515767,0.9570198873834269,0.9332705051553433,0.9294782173213022,0.9708224042473905,0.9944409185697833
2022-01-21,0.9889184676305185,0.9162233879188552,0.945050663723149,0.9450000160553681,0.9223529853040444,0.9108480577262069,0.9632619084855829,0.9968458181552703
2022-01-24,0.9891901904896718,0.9201145581132533,0.9470184136570376,0.9457242799550546,0.9205555291264246,0.9147261954405578,0.9631722411078865,0.9966669627331611
2022-01-25,0.9870470771828006,0.9088807312191092,0.9397042296510999,0.936264380103438,0.9240766533037502,0.9038152498649882,0.9575919717409017,0.9969316518948941
2022-01-26,0.9867268099887581,0.9066005615199918,0.9361737780905149,0.9331460793750346,0.9172107766837315,0.9015991498080422,0.9534413066969849,0.9897988502574556
2022-01-27,0.9871011995087017,0.9021237329224785,0.9346406707932308,0.9284670414753822,0.9175376893155447,0.8972634362876382,0.9517775861393505,0.994001946189131
2022-01-28,0.9860274522980216,0.9245283137235116,0.9488246906904515,0.9413668654463934,0.9201355523027722,0.9189710061480765,0.9610989862572963,0.9934319177999344
2022-01-31,0.984368532997308,0.9411800560829434,0.959036226857055,0.957272210424414,0.9239611736090594,0.9350339009040209,0.9705257176976293,0.9918401946441037
2022-02-01,0.9832813296352254,0.9475394644652798,0.9627869379843218,0.962718021337241,0.9299727810434347,0.9408398390864783,0.973983544375962,0.9904614495872346
2022-02-02,0.9824425877122493,0.9567440601117452,0.9688087374991642,0.9693733633793901,0.9343697408639136,0.9490694992758977,0.9787689657838415,0.9914925372081144
2022-02-03,0.9795373735057273,0.9342558331602323,0.9535754673855505,0.9419615801670254,0.931135383183474,0.9290117087304663,0.9631664379707161,0.9869557386504866
2022-02-04,0.9796065906570945,0.9386488802575079,0.9538613827865401,0.9436670326248437,0.9314041144804771,0.9328811185798694,0.9624129561535197,0.9819797293527129
2022-02-07,0.9819713278140251,0.9356366037170569,0.9523678590824182,0.942211974292813,0.934738421820138,0.9303074713416399,0.9626597431995818,0.9842949669390487
2022-02-08,0.9836397314155266,0.9433347565563412,0.955893823994149,0.9455666431438824,0.9328372754509421,0.9368738918337162,0.9656001666762621,0.983078686258799
2022-02-09,0.9840648142942283,0.9571416500260393,0.9645243229312452,0.9613648102626323,0.9395819760960573,0.9486755983899727,0.9748260466941361,0.9842495532736495
2022-02-10,0.9835150134451839,0.939945869314095,0.9505587432822128,0.9463340599992663,0.9286479693757798,0.9340686537213038,0.9631830471346907,0.9775984991005641
2022-02-11,0.9904001829199893,0.9214114118200818,0.9418032731808968,0.9351414514762512,0.9315029333136672,0.9184516194989246,0.9592322661873559,0.9885548899679174
2022-02-14,0.9927976690317314,0.9183989999298727,0.9377649805369112,0.9307569512900018,0.9218360805802218,0.9159437886830274,0.9550096964888777,0.9861956623133661
2022-02-15,0.9888117258143796,0.9332097825550841,0.9462138883046001,0.9433798283500193,0.9161761967658245,0.927937432432679,0.9609158174828294,0.979688038740752
2022-02-16,0.9912814891193452,0.9342558331602324,0.9473005577649238,0.945516069150126,0.9183016361059546,0.9287693956470812,0.9633000824137391,0.9835052166296757
2022-02-17,0.9954581746726953,0.9142987820341548,0.93594501975252,0.9316355979798923,0.9151657273288701,0.9129224585837378,0.956555237935108,0.9893876099585206
2022-02-18,0.9960531181952066,0.9083787189664734,0.9330904186189455,0.9267583792618669,0.913571790247071,0.9081858055572591,0.9543429978112985,0.9928875646978091
2022-02-22,0.9967930311211686,0.8986303556670115,0.9266701962341243,0.9210086364463417,0.9094206346618066,0.9005922203173893,0.9509647409959636,0.9938907800818895
2022-02-23,0.9984885366647633,0.8826898086112934,0.9151466783152332,0.9094341279152883,0.9109372166652363,0.8881633339750881,0.9430370574955852,0.9909533455670035
2022-02-24,0.9989939851169595,0.8959735752660989,0.9240743420084829,0.9199213118771172,0.9057372318125765,0.8985130611234949,0.9474826613499738,0.9918899136872186
2022-02-25,0.9964946065351465,0.9157422872038393,0.9366697073801106,0.9341550236115076,0.9097195366440125,0.9140154165798521,0.9578489535705065,0.9901799751081468
2022-02-28,1.0000533765860382,0.9133993152169831,0.9379287455738455,0.9354706872487155,0.9156934821073601,0.9121877970715753,0.9594556440088101,1.0002275122250797
2022-03-01,1.007818108240389,0.8994879994089436,0.9314625528317418,0.9257129508829066,0.9226472099272495,0.9014754631389289,0.9566757882426014,1.0111223580417485
2022-03-02,1.0044370445222794,0.9160351840802761,0.9372586259955203,0.9366890743512442,0.9290558153391267,0.9143325954266446,0.9614693068073537,0.9967873123428056
2022-03-03,1.0073860870733269,0.9114747093322831,0.9357221347228913,0.9332580942161983,0.9396046537245678,0.9107836286848384,0.9624479690047401,1.002571326840095
2022-03-04,1.0145077986401152,0.9040692503447983,0.9326542604032136,0.9274583589977289,0.9515797710216137,0.9051219301709232,0.9618564509092783,1.013868991030153
2022-03-07,1.0212224236337064,0.8774180708847078,0.9139826380686696,0.9086171822784251,0.9596131279703011,0.8845548780213577,0.9507716893718117,1.0164485771101608
2022-03-08,1.0288126131352033,0.8707658333008137,0.9085229940408295,0.906972658493452,0.9590864047583265,0.8792367247099891,0.9480629944161159,1.020174208541923
2022-03-09,1.0145884346043894,0.8941117716691376,0.9223604646128899,0.9239076488880772,0.9413391924320735,0.8970367456704593,0.955671797277438,1.0064166442778868
2022-03-10,1.0180509245478275,0.8900742883862792,0.9177969095206119,0.9187568814249538,0.9490969867822828,0.8939557411381055,0.9524080075701225,1.0037643641452505
2022-03-11,1.018602190617152,0.8787570860411718,0.9107218736161174,0.9084245316833978,0.9472125609748101,0.8856728865619578,0.946255935415465,1.0039296783464937
2022-03-14,1.01379845974588,0.8723347400213384,0.9031989842287181,0.9002080011658958,0.9380438877941674,0.8809454414526822,0.9397247611154961,0.9919125745513361
2022-03-15,1.0075291193756397,0.8915177935559636,0.9159151794305256,0.9125572627909949,0.9291500282699781,0.8950140860352879,0.9470276954275921,0.9867297410662617
2022-03-16,1.005800387865516,0.911286437818825,0.9283638113587113,0.9342691138600758,0.924786989934425,0.9096088021707041,0.9596329237805566,0.988965729641524
2022-03-17,1.0061245983000844,0.9226874893390493,0.93594869552261,0.9428009247453621,0.934568031678043,0.9177631889294323,0.965994993148283,0.9883540432145557
2022-03-18,1.00404344749025,0.9327934466992994,0.9429284173548272,0.9538563875549364,0.9310755658906557,0.9248223533302105,0.9715226904054189,0.989638793716747
2022-03-21,1.0082561913690498,0.9325207846116924,0.9390602058447339,0.9538224485245353,0.9446436036704495,0.9246268037806058,0.9712958915259059,0.9848956062794282
2022-03-22,1.0058692381027126,0.9434325467565384,0.944629286087696,0.9589186225951823,0.9424175398573059,0.9322748552626645,0.9741242169581631,0.9793180770914077
2022-03-23,1.0105595332405595,0.9312826726998605,0.9388796906182476,0.9514619657364947,0.9495608318539334,0.9237398023715936,0.9706155147289284,0.9891040538137118
2022-03-24,1.0133333107468439,0.9453210142558371,0.9465228198946436,0.964564224815016,0.9522915575806227,0.9335876376092618,0.9774916461714976,0.9890129540196884
2022-03-25,1.0122785270782646,0.949937659153424,0.9462812994644262,0.9668197621988738,0.959980296498586,0.9368156216787502,0.9792783843470089,0.9829713053070979
2022-03-28,1.0082756424540027,0.9566947251249337,0.9512453937942097,0.9698572929909381,0.9506938685486354,0.9414873421076086,0.9810464710747503,0.9813474292063731
2022-03-29,1.005165187402218,0.9685296402946116,0.9600911566842208,0.980675016794568,0.9494209535511743,0.9496416958813946,0.988400037944495,0.982730388898139
2022-03-30,1.0058317283257698,0.9625493465845945,0.9575724876031037,0.9763666464876528,0.9560631665054443,0.9455412854426951,0.9870717605614141,0.9859153624290178
2022-03-31,1.0056177485996407,0.9477342327671252,0.9485435416221093,0.9657176758150848,0.9529233845287142,0.9354446992622475,0.9802272227675934,0.9875299467806216
2022-04-01,1.0046676310901232,0.9504201810408992,0.9494805533207998,0.9691091114108688,0.9549816013960073,0.9372769255530349,0.983380836242151,0.9866789088744949
2022-04-04,1.0086356916330688,0.9585621457368544,0.9546774416052713,0.9753773356583934,0.9568718922752388,0.9427845132386389,0.9863292350188506,0.9877148334884197
2022-04-05,1.0031530990845043,0.9464543654549324,0.943580937087851,0.9625527564745529,0.9555770739405813,0.9344785564885897,0.9782886488126153,0.9798300972046605
2022-04-06,0.9991227523889299,0.9369901689725125,0.9369526396564429,0.9540171443755209,0.961010904196274,0.9279826524347989,0.9753826960982847,0.978229100592183
2022-04-07,1.0011390763833834,0.9417118452823521,0.9389652931948063,0.9550608961716295,0.9645741698237343,0.931208398560017,0.976935081343848,0.9775296987167753
2022-04-08,1.0015119535554227,0.9391937983834484,0.9355667325834235,0.9525739124127844,0.9747174660478483,0.9294935190282476,0.9766365717269396,0.9756293625734968
2022-04-11,0.9916044126315909,0.9231408433536634,0.9243581770512653,0.9389119531563149,0.9687746458973658,0.9185323166207001,0.9679147925853194,0.9730830923416078
2022-04-12,0.993315628532636,0.9197202842680317,0.9234703158888536,0.9368751193868504,0.9734927470607542,0.9161820765142787,0.9678947764170197,0.9764499854258258
2022-04-13,0.9996808514175783,0.930254420587897,0.9305539187213353,0.9459447557746569,0.9758851474226026,0.9233879300280824,0.9734237524517226,0.9775830128623054
2022-04-14,0.9940929137938969,0.9186711206184481,0.9205813327765603,0.9357318571933166,0.9755173358411466,0.9154856154392368,0.9669207630479013,0.9716525221189678
2022-04-18,0.99919856018008,0.9190488141183077,0.91967353102474,0.9369201618166838,0.9781014482253267,0.9157444222467154,0.9667924603784543,0.9718006543358847
2022-04-19,1.0010929613870188,0.9338848394733967,0.9263353668362303,0.9451656098461655,0.9747940043612605,0.9259424730723045,0.9717148524426593,0.9653061575375801
2022-04-20,0.9963023566123375,0.933192187086537,0.9280423407071802,0.9453351071051665,0.9809620613508552,0.9254621265589978,0.9749259516448324,0.970273782418998
2022-04-21,0.9839868313145115,0.9192376270307979,0.9176693750771795,0.9291744978990906,0.9678830857742842,0.9158025874246432,0.9648373365743337,0.9672576322321179
2022-04-22,0.9743291889884653,0.8940145228679731,0.9021934805825043,0.9118765004817819,0.9466547883640588,0.8982544907974342,0.9514492619919859,0.9646509812372419
2022-04-25,0.9706028253866815,0.8991976065030309,0.9077503298416973,0.9128411916189637,0.9392920913148339,0.9018560502320985,0.9522205696753552,0.9647592239806616
2022-04-26,0.9740803846582475,0.8731563130527479,0.8930841636644778,0.8946049173445714,0.9321716403033178,0.8842744223468956,0.9412166319610279,0.9696398254245365
2022-04-27,0.9748942674934648,0.8756112869643966,0.8931444744074027,0.8943480845557747,0.9327183696021968,0.8859417213596693,0.9417461070862881,0.9656409958089215
2022-04-28,0.9793062073264633,0.8977287909285897,0.9065317001626428,0.9185688628356493,0.9433792208750023,0.9008765534550931,0.955836072317353,0.9688140050462696
2022-04-29,0.9773256155891283,0.8645526703320582,0.8842449016268779,0.894669560865267,0.9297021754762016,0.8783107433998084,0.9368725633732429,0.9636069896518024
2022-05-02,0.9743624786466416,0.8697566655047361,0.8855081844196487,0.8988214533239393,0.9282181556789608,0.8817714825331737,0.9358627536798149,0.9552770245307642
2022-05-03,0.974256234496245,0.873743731002718,0.88874046856314,0.9031982002339723,0.9332677496215964,0.88431046476231,0.9392312054245489,0.9573621267670875
2022-05-04,0.9730698381807715,0.9003518015648672,0.9072612133533526,0.9237949412726426,0.947161128784018,0.9015633738238139,0.9538894583138727,0.9602554653482693
2022-05-05,0.9760322924356847,0.8683507875677918,0.8843089747137175,0.8972088681878939,0.9435772561084034,0.8810126829136616,0.9359845463072739,0.9535495331477974
2022-05-06,0.9773989874400412,0.8631677716076129,0.8796501382843749,0.8912555431266929,0.9490429420356442,0.8777436535589528,0.9315729968501146,0.9505344728000215
2022-05-09,0.9733244432585563,0.835531313583742,0.8644680354149484,0.8641318000606764,0.9247866303624029,0.8610299254395413,0.913559001584072,0.94974763294611
2022-05-10,0.9719081095191894,0.8374619425326756,0.8667164767932606,0.8675860101811809,0.9239843214697335,0.8622102927585192,0.9148998990348611,0.9506837932811728
2022-05-11,0.9748117053170315,0.8241580087639194,0.8597340218164987,0.860100519431441,0.9305430249479189,0.8541725082520868,0.9124065216093313,0.9577778581367733
2022-05-12,0.9745249425983822,0.8232974550021892,0.8598299960753104,0.8589665409978819,0.9318566035099793,0.8536411389756313,0.9126274018167764,0.9562339557512446
2022-05-13,0.970762624547413,0.8429808289174743,0.8706824652684263,0.8775878130101791,0.9444892616571976,0.8656470721412485,0.9235322250989709,0.9494091349841066
2022-05-16,0.9716268147791868,0.8395604051816006,0.8693415569495494,0.8775577792835253,0.955777004557131,0.863548548164571,0.924870155825481,0.9510164516192555
2022-05-17,0.9657846252090991,0.8568304252358396,0.8781648872785172,0.8909063232435065,0.9580725304196106,0.8738852040675547,0.9320196280299279,0.9435250113633666
2022-05-18,0.9683836178472308,0.8222903174524826,0.858315564509574,0.8651375388708918,0.9349000971093778,0.8531182365466065,0.9143157710302737,0.9501876756038898
2022-05-19,0.9675878350714052,0.8172540206300382,0.856028012864111,0.8642897423044262,0.9321923586412831,0.8500616977329274,0.9128090221356895,0.952115237968112
2022-05-20,0.9688461932003027,0.8176105318927618,0.857283086413782,0.8654559989948579,0.9349375216524421,0.8502644608198543,0.914490142265038,0.9558855185997591
2022-05-23,0.9657952632019852,0.8329084382972225,0.865767966715868,0.8771380454821155,0.943737840468599,0.8591737300339973,0.9219599420238378,0.9504812136313173
2022-05-24,0.9665552128566167,0.8265501127129504,0.8644568320487714,0.8715618466329539,0.9459576817987334,0.8554677338477318,0.921338070148028,0.9573952519265637
2022-05-25,0.9665793419393462,0.8338527058843113,0.8704724818743066,0.8785564571053548,0.9494298813112831,0.8597506019393779,0.925884673955736,0.958592009685074
2022-05-26,0.9644499007844005,0.8505139904016863,0.8806319149151878,0.8910054533030017,0.9541402712626176,0.8694768422899785,0.9335713284081526,0.9561283120289477
2022-05-27,0.9635366438248151,0.8713935854786846,0.8941695952312405,0.907258201726565,0.9645548795290103,0.8815926203598987,0.9449669234979723,0.9565642363620572
2022-05-31,0.9615597087276273,0.8665042108186117,0.8888918997180982,0.8998220112746472,0.953068228055708,0.8787808719693821,0.9376892634048868,0.9486596600190799
2022-06-01,0.9671064886981994,0.8594952589473568,0.8831165451194337,0.8938937197699637,0.9540397081149243,0.8748248094972451,0.9340899372776239,0.9511220933008857
2022-06-02,0.9664376297366669,0.8758631728641418,0.8936462262158099,0.9089560988422728,0.9575833504586521,0.8840925035912574,0.9432374707562653,0.9523161207591736
2022-06-03,0.9656224702024971,0.8614888255337873,0.8842501439413505,0.8969914287370682,0.9491310288138968,0.8758194899257412,0.935439145808552,0.9500548115371229
2022-06-06,0.9654054997821193,0.8641118361700647,0.8836943644020788,0.8989424833551444,0.9532868711070347,0.8773192922625965,0.9360227502813141,0.9443677921006549
2022-06-07,0.9667613951925164,0.8724005200037543,0.8901268397444783,0.9069523231923181,0.9630151301350304,0.8821382145693923,0.9425058919864925,0.9487480827420636
2022-06-08,0.96790654759062,0.8629158857078677,0.8828597389322702,0.8991023084610142,0.9580856877152283,0.8766399822556477,0.9356881356068862,0.9465667448658938
2022-06-09,0.9705095078869422,0.8423931402679883,0.8698716634951726,0.881063105394,0.9350621400068974,0.8646671647905071,0.923753777122461,0.9481131517318004
2022-06-10,0.9782794881026929,0.8179673138550018,0.852035617596099,0.8623878713776959,0.9215378677109857,0.8502979838614569,0.911702075827772,0.9506451612984711
2022-06-13,0.9752603604803084,0.7869107027947733,0.8270295188165786,0.8306999066215358,0.8967738416284745,0.8318222409441997,0.8869046708808697,0.9365264455547723
2022-06-14,0.9739563044735701,0.7845394427084831,0.8235735984475272,0.8275973304158453,0.8903472918489321,0.8303837236520262,0.8827517497508824,0.9313584284736312
2022-06-15,0.973957506036595,0.7957242729902102,0.8342771433197208,0.8393895903533488,0.8864323905146735,0.8368989454687188,0.8916176439727991,0.9384697615952061
2022-06-16,0.97252896668793,0.769388796840789,0.8184959209542642,0.8177704374485881,0.871391476298681,0.8215697238816065,0.8770188792465341,0.9407593937883799
2022-06-17,0.9750437116560523,0.7710474404509058,0.819521171355741,0.8185045840949522,0.8591794102858463,0.8225326371072484,0.8772817732142151,0.9419857533488815
2022-06-21,0.9722058180510281,0.7904576108795516,0.8305812338230665,0.830495675160101,0.8642321463685444,0.833672316488614,0.8855268286404219,0.9358589065534088
2022-06-22,0.9726680022881543,0.7890244599663586,0.8324992094452864,0.8283637053264626,0.8567839091114858,0.8328520362274008,0.8856504376045448,0.9436690663141487
2022-06-23,0.9714015608959741,0.7967588865408023,0.838781054765806,0.831867099393,0.8494901506604877,0.83719730002552,0.8885940684842915,0.9449751084193982
2022-06-24,0.9700633835327972,0.8220909472588634,0.8542380231264997,0.8522826819849249,0.8546476504568311,0.851383959431639,0.9022773932160125,0.9410213417255292
2022-06-27,0.9688649785338547,0.8189509005468061,0.850758360265268,0.8501988201496813,0.8508545953548434,0.8496422204248919,0.9000536899513372,0.9375762016717205
2022-06-28,0.971178282669167,0.8022173392586285,0.8404551349323282,0.8387803130119098,0.8494152635926618,0.8406260267500617,0.8936300146231912,0.9397117603431208
2022-06-29,0.9737381950992904,0.8015640736513634,0.8419792852788043,0.8377806088062514,0.847661156664908,0.840269036012913,0.8947072692074287,0.9454223755586655
2022-06-30,0.9703999322989346,0.7950519230670589,0.8394003999852085,0.8321553579921444,0.8418026164273441,0.8367363310173873,0.8912526073888671,0.9458081573498838
2022-07-01,0.9717182575209256,0.8034607298110245,0.8475248040477321,0.8336890213565531,0.844711862346725,0.8413153839338561,0.8950639246529678,0.9504216293848264
2022-07-05,0.9724508779588964,0.8049781359486082,0.8491147323726269,0.8307832800223908,0.8392672268715171,0.8421385490391755,0.8911540543600839,0.9510543452048729
2022-07-06,0.9700435739221641,0.8076967711889532,0.8485454185942907,0.8306052065156274,0.8379222760177594,0.8436110249597758,0.8900482572953803,0.9434922514973454
2022-07-07,0.9703747461797361,0.8197937234902305,0.8553971856729283,0.8423928523088728,0.8441684667602869,0.8501570674799119,0.8978023811099625,0.9414371461328048
2022-07-08,0.9701605293959863,0.8191194109955875,0.8536941066070899,0.8415336319376501,0.8430674674243134,0.8497912827651798,0.8970555442245096,0.9382894161909973
2022-07-11,0.9741969871695598,0.8097622761717912,0.8494218044514865,0.8323499412514349,0.8458613718200391,0.8447895593061158,0.8928312007774284,0.944652362444353
2022-07-12,0.9729409841688603,0.8025966569555846,0.8453753491176033,0.8261174191830779,0.8361161950631669,0.8409185035046252,0.8876501188018482,0.9451767825924758
2022-07-13,0.9733256688146643,0.7983815271152757,0.843936450818109,0.8261507479387192,0.8357058622518959,0.8386345498925472,0.8874392805173074,0.948870528045738
2022-07-14,0.9725924290864831,0.7964427095059795,0.8415173980329189,0.8219071687999465,0.8345626123280525,0.8375772525883306,0.8832028224082986,0.9449939201813753
2022-07-15,0.9691570443244584,0.8116587293068154,0.8524794499577029,0.8342938740728757,0.8397558148607401,0.8458887392715494,0.8919234491736344,0.944908706950782
2022-07-18,0.9667423964981858,0.8049570890612302,0.8471536518419168,0.8333483183947709,0.8313467641092831,0.8422582957478632,0.8895699224625943,0.9407232476912889
2022-07-19,0.9643999294958927,0.8267063063337485,0.8604103621659661,0.8513480299652607,0.8334186224266132,0.854044564396277,0.9012232532980213,0.9381415457353477
2022-07-20,0.9627446919471664,0.8319749986907778,0.8634607717843447,0.8571604279835343,0.8318661339531009,0.8568538173450349,0.902986104796494,0.9370769762148028
2022-07-21,0.9659166160638232,0.8404472844712726,0.8716222110355363,0.8643054332205282,0.839664205157958,0.8612916081160563,0.9091842177238351,0.9449544635056514
2022-07-22,0.9595768824530554,0.8326494465351789,0.8694823497585795,0.8565178371166812,0.8258981828332415,0.8571580358358374,0.9063554665602103,0.9503770919595014
2022-07-25,0.9600381486445624,0.8336611183017805,0.8688354500908572,0.8586160882750482,0.8290905110021979,0.8576874851921628,0.9081475743479209,0.946460320094263
2022-07-26,0.953642619877979,0.8237981137572439,0.8625956184023539,0.850905739255788,0.8298094126311718,0.8523497401967179,0.9046166966741036,0.9484226589574316
2022-07-27,0.9691948140086963,0.8451891278950627,0.8772318152286155,0.8697272889159315,0.8325113444728077,0.8639874309205132,0.9165769033914815,0.9481441616744332
2022-07-28,0.97075667975045,0.8557898562958923,0.8863443033941815,0.8787758512893805,0.841603221601063,0.8697684169991243,0.926001583307672,0.954131634161173
2022-07-29,0.9759497849150971,0.8682661262941261,0.8941252953550826,0.8858640987165571,0.8488060219874242,0.876645998774865,0.930682456448681,0.9532055580730919
2022-08-01,0.9752801589760495,0.8656949546151849,0.8937734536075332,0.8857199461967611,0.8514024095315219,0.8752399442799174,0.9307654769365163,0.9592770139027073
2022-08-02,0.9754802343824328,0.8599836685493072,0.8865638008394842,0.8791921105381626,0.8490461777631428,0.8721191871957142,0.9241785558821647,0.9527230996189215
2022-08-03,0.9836310405504893,0.8734504280770065,0.8964700965087278,0.8897749416301142,0.8555661016851361,0.8796488011873017,0.9323320704004628,0.9583648566654819
2022-08-04,0.9825193134887032,0.8728605738313914,0.8969707780945547,0.8913385741664093,0.8533402226830887,0.8793055581236588,0.9338411739279923,0.9611166570781844
2022-08-05,0.9826279980137794,0.8713852614685634,0.8920501477402111,0.8879264193079853,0.8446587578995193,0.8784421434399178,0.9305791521772874,0.9530895461554516
2022-08-08,0.9783184516643176,0.8703735220270828,0.893059040742748,0.8878876789473705,0.8320309971838659,0.8778415243605928,0.9324980116663972,0.9591180245824532
2022-08-09,0.9690184809209516,0.8669171629304449,0.8901341679477645,0.883502983302903,0.8135882872386577,0.8757839413718619,0.9303866370882822,0.9582571849297873
2022-08-10,0.9840523188182912,0.8851261719312085,0.9022434822100375,0.8997204455168976,0.8435101438772334,0.886707421123132,0.9409099526068009,0.9538650539859395
2022-08-11,0.9838541383616202,0.8851261719312085,0.9003180347626374,0.8994684471556542,0.8401283168404585,0.886705210413325,0.9401353873145378,0.9473841239834762
2022-08-12,0.9963100921408988,0.9001102022467335,0.9110709725245163,0.9122607871052225,0.8549584596401558,0.8956509539691548,0.9507720064011723,0.9537674058528107
2022-08-15,1.000534818107803,0.903819394691423,0.913781728732127,0.9134949867687622,0.8596956894951264,0.897851636492019,0.951903584631326,0.9531192571872321
2022-08-16,0.997604346151092,0.9055899048765746,0.9143231942689273,0.9121994431631698,0.8593517787110252,0.8988713414722356,0.9511740623972201,0.9531046712283113
2022-08-17,0.9897078092792598,0.8991619418417819,0.9082648931578533,0.9051631531989616,0.8475352720947629,0.8947980883182269,0.9456548407541321,0.948427904284216
2022-08-18,0.9967730501721644,0.9017753426452371,0.9106283374537103,0.9073233199976956,0.8495678417667125,0.8964589510587336,0.9468650862975477,0.9507130150111015
2022-08-19,0.9850883825876755,0.8896572757817027,0.9007298123364036,0.8957106552741776,0.8354441699273093,0.8887686635124654,0.9388036540068809,0.9458288480531394
2022-08-22,0.973391523598497,0.8711323604456327,0.8879151502011251,0.881119628810282,0.811884219145128,0.8768323137501877,0.9282996017010688,0.9449111100203493
2022-08-23,0.9740527679005735,0.8690247616880388,0.8864854443354502,0.8817874428675287,0.8126231128411141,0.8754630900738424,0.9280479138482438,0.9442349073809803
2022-08-24,0.9770244816667097,0.8718067406151548,0.8872425537959967,0.884285444116279,0.8145996561899647,0.8772248439292462,0.9297896606349713,0.9430915372481822
2022-08-25,0.9883707799780375,0.884114567839486,0.8967174135032507,0.8960174790085464,0.8236964380204841,0.8851408515359672,0.9387434193787485,0.9473183397457633
2022-08-26,0.9661216424740777,0.8541881949339176,0.877822381102574,0.8732112897066256,0.8039051231757995,0.8655138296887669,0.921838644979219,0.9465223323050351
2022-08-29,0.9589790174063314,0.8485400495301738,0.8726457088512897,0.8678322944594266,0.8003380131343218,0.8617672822091544,0.9177757535362994,0.9440208323301673
2022-08-30,0.9564121862094143,0.8392248054564962,0.8673413369278844,0.8587509852453649,0.7917358461147552,0.8558549989152678,0.9105501539320258,0.9427179341048911
2022-08-31,0.9538649158284275,0.8328390715462175,0.8615303370581301,0.8546702408804239,0.7870108184461265,0.8517363707650768,0.9060274226905018,0.9375948870163366
2022-09-01,0.9556029182199424,0.8354524723496728,0.861654327539788,0.8484709776110434,0.7888485695356231,0.8534327463756473,0.9029472155314933,0.9334731233711145
2022-09-02,0.9582867770658046,0.8266430303218566,0.8571961649540193,0.8423645419803569,0.7861770144472616,0.8477209094196249,0.8985520682065609,0.937357631271658
2022-09-06,0.959376217674767,0.8235242335218143,0.8520419309960544,0.8384919685918837,0.7849590559145408,0.8456844438825065,0.8949810651292063,0.9307221591784801
2022-09-07,0.9588877194046589,0.8383185711514215,0.8635867896461616,0.8492635805759045,0.7945141417165895,0.8553481986577804,0.9048309180796082,0.9355986984829803
2022-09-08,0.9581386502742161,0.8437982061063837,0.8658654723957238,0.8527575119181559,0.7969009877225274,0.8589719448532765,0.9067500678181695,0.9320768310412018
2022-09-09,0.9562309645580842,0.8569066948245045,0.8738950681881986,0.8660970065171857,0.8027621462209223,0.8678009389261706,0.9164397281388358,0.9316825102239636
2022-09-12,0.9552242614232831,0.8661165014366552,0.8789997675793616,0.872137919342276,0.8110162944432392,0.874413332563645,0.9214260857144343,0.9295206494821568
2022-09-13,0.9580645533578157,0.828455634281764,0.8540749432841312,0.8407876249334012,0.7792080035300568,0.8476474879769192,0.8978451284650467,0.92950183028437
2022-09-14,0.9559818165403714,0.8316169309058365,0.85647765926431,0.8424381689339837,0.7797660090283735,0.8499090664958322,0.8986339557246531,0.9289652892101976
2022-09-15,0.9509434430974745,0.8221753378330122,0.8496038139469063,0.8330068683020668,0.7707266260892037,0.8433436939565369,0.890635586312554,0.9240200871335593
2022-09-16,0.9525246099304161,0.8159028916702278,0.8454715406200254,0.8287587926431997,0.7597128891009153,0.838955968421534,0.8868916822814512,0.9235446670518024
2022-09-19,0.9524201490879917,0.8222302221599047,0.8488883388882043,0.8328741791806351,0.766419493957627,0.8434628192817896,0.890000198169926,0.9236329852784064
2022-09-20,0.9530551210700261,0.812792283530548,0.8415251555754526,0.8248451763356206,0.7595030880608319,0.8367679511254131,0.8832302160023052,0.9208083912683594
2022-09-21,0.9590617754030503,0.7986141256744979,0.8337714359404295,0.8169179547980944,0.7512133887497328,0.8266368971571035,0.8775288649089074,0.9285039368581799
2022-09-22,0.9595383177528538,0.7919059209656468,0.8260148887207845,0.8090652435966158,0.7441318063693947,0.8216244400363759,0.8710634999189701,0.9215488518415842
2022-09-23,0.9621070921262788,0.7786374488335018,0.8166888850613012,0.7964849137923614,0.7292360817381752,0.8118235965970249,0.8603126492723316,0.9222219515129771
2022-09-26,0.9641354143324276,0.7709348294522016,0.8076392518698876,0.7857520906745025,0.7188066232235184,0.8060113812073563,0.8507031444658673,0.9165376199128555
2022-09-27,0.9648849950417716,0.7689668439700441,0.8050211175809465,0.7828607276689836,0.7163076096933595,0.8045430782036027,0.8468625525395245,0.911364743626863
2022-09-28,0.9645977058572481,0.7840972550489085,0.8197140734945337,0.7991874598145523,0.7222884435679201,0.8158201523182237,0.8612072705086685,0.9215306379476921
2022-09-29,0.962628126787164,0.7677182424519627,0.8077116199445291,0.7853111686697486,0.713812827865028,0.8036021644695251,0.8492276292301683,0.9182340342351096
2022-09-30,0.9626467666105495,0.7558465798229722,0.7994429911898425,0.7779697170216762,0.7045593962412082,0.7948600200453254,0.8425727890630997,0.9153737688555068
2022-10-03,0.9674220930763406,0.775801803727316,0.8146978173966483,0.7957871577667863,0.7208327635924792,0.8093391914278665,0.8583150463573135,0.9241745054166796
2022-10-04,0.9649617254793783,0.7998414096056851,0.8307080186415808,0.8163979900352138,0.7276425380854912,0.8266593178365425,0.8748953138155234,0.9236207839377923
2022-10-05,0.9679168581585863,0.7979790646096915,0.8278022508095493,0.8141943735888505,0.7303752806054348,0.8253525468776278,0.8724499325345719,0.9221285328158133
2022-10-06,0.9724445604001606,0.7897474306990231,0.8213744490343127,0.8072267424360843,0.7290484523067746,0.8198515568261002,0.8657985366487934,0.9229085657196079
2022-10-07,0.9711742455119892,0.7677182424519626,0.805878346658276,0.7874179384444678,0.7156124949922211,0.805039002313366,0.8504966508195687,0.9186015101906484
2022-10-10,0.9688216696188848,0.7618564474551248,0.8007377591549333,0.7808714762400666,0.7095428097739208,0.8010575644124502,0.8454983258402531,0.9125886271986817
2022-10-11,0.9685408693945678,0.7570316346296454,0.7978940841688046,0.7747857654676138,0.7058301075083057,0.7978688349433798,0.8418107726789602,0.9132224406750247
2022-10-12,0.9700933175773968,0.7545344992683617,0.7965809737410728,0.7722304790556918,0.7052182073433475,0.7961958166864933,0.8397040739726952,0.9154894300345016
2022-10-13,0.9648914386143912,0.7744475617230705,0.8081821316079079,0.7861004982976394,0.7163531846505041,0.8095455604681929,0.8500245237817161,0.909595956742489
2022-10-14,0.9646272051153402,0.7567989007206654,0.7953590022933313,0.7691750952226641,0.7059365395775636,0.7974318015109453,0.8369626297067165,0.9061726316791033
2022-10-17,0.9605460016003735,0.7762463600076561,0.8082850550592506,0.7862219625247143,0.7089264153253763,0.8104927778295592,0.849789775166269,0.9034211729508894
2022-10-18,0.9608462381242,0.7853669711292468,0.8145247549231184,0.792146371896686,0.7106656285838234,0.816477957832861,0.8551252891467639,0.9044782905999359
2022-10-19,0.9604845830517262,0.7798015244276761,0.8082491755175781,0.7891776802539878,0.7110050461531611,0.8129196192459326,0.8497997339978904,0.8985750718756349
2022-10-20,0.9603443530230571,0.7732625745912761,0.8022254252943455,0.7853331364426485,0.7062216348269926,0.8087493717711074,0.8451153921692829,0.8942243804146685
2022-10-21,0.9613603203118658,0.7920539259260826,0.8143937341189167,0.7980673054887575,0.7175138753003972,0.8207912190733955,0.8553775133521762,0.8929788206870252
2022-10-24,0.9609022358297971,0.8017459837261925,0.8199159239694308,0.8019798597518623,0.7213660474820255,0.8270926070562094,0.8577452925304776,0.8908816278465033
2022-10-25,0.9562935057140192,0.8145487850157404,0.8309916144018288,0.8165552790850461,0.7223181167613864,0.8352513090201605,0.8688846704602975,0.8950153510499004
2022-10-26,0.9531406627055247,0.8084117562858925,0.8287066722670619,0.8119012435854888,0.7241470471893089,0.8313495801988189,0.8668267295643375,0.8968192989709725
2022-10-27,0.9564099848640808,0.8040949787772823,0.8277226628730058,0.801858896872951,0.7253402890822043,0.8286272468703331,0.8620910644412045,0.9015503217805333
2022-10-28,0.9542804098464907,0.8232248398569909,0.838694960234939,0.8144756426600918,0.7313425046247756,0.8407074259943614,0.8709882695207708,0.8979862221088869
2022-10-31,0.9559434534302323,0.8172783835864882,0.8339311036569265,0.8073476896550076,0.7340474559087521,0.8369409578845419,0.8671459586841137,0.8966289115705016
2022-11-01,0.9587068174149805,0.8137021722790903,0.8323592094256274,0.8100472903740658,0.735459451029747,0.8347244194798527,0.8700534119118432,0.9007965023308401
2022-11-02,0.9587731540400899,0.7932813452070283,0.8192546653642672,0.7936817256652474,0.7273793130299376,0.8220591743177135,0.8579699906161167,0.8993755585770806
2022-11-03,0.9616489602647449,0.785112987308252,0.8129795862388047,0.7909180960829655,0.7284562721179445,0.8169381266089888,0.8557101770512145,0.8992341853794441
2022-11-04,0.9614713755536944,0.7964131355838443,0.8199601942431827,0.8056503703857907,0.732881562191206,0.8239021775277869,0.8667088280942475,0.8977092348852738
2022-11-07,0.9575879141539535,0.8040312967161166,0.823618230123017,0.8126051106702727,0.7381077057489289,0.8286360877018398,0.8699159754366526,0.8928133434918867
2022-11-08,0.9621155916823293,0.8083695271613789,0.827685377264864,0.8186259331910437,0.7384672562928012,0.8312990742150946,0.8748972983578344,0.8995614682919555
2022-11-09,0.9642467117202039,0.791715416181181,0.8178312773070008,0.808001593717091,0.7275984427248242,0.8210076553123581,0.8664412090851709,0.9013078614949199
2022-11-10,0.9620140895130933,0.8352233928841608,0.8518074814280584,0.8506170465161269,0.7386817970893358,0.8480771380238556,0.8984682483597106,0.9128432729093547
2022-11-11,0.9569633377725405,0.8433072248590303,0.8565028682415792,0.8575132759068741,0.7397756564065424,0.8529011750433714,0.9019948282023842,0.9095753216384259
2022-11-14,0.9597615794994357,0.8361331462829451,0.8511702008059401,0.8527416328636633,0.7384839578336787,0.8489881991518673,0.8978069904196323,0.9103324595769389
2022-11-15,0.9591042235604786,0.8432649280596374,0.8580374725998238,0.8618609248115576,0.7453450554457526,0.852881746580761,0.904990319423687,0.9146102421663255
2022-11-16,0.9574399595343189,0.8368318217340385,0.8562285044959312,0.8546210903307672,0.7353987656671022,0.8493675650572913,0.9016323736810672,0.918658796261828
2022-11-17,0.9571884595966403,0.8342711396613467,0.853216581879067,0.85152525168246,0.7374503147950522,0.8479534056166678,0.8983255313261495,0.9151410847823704
2022-11-18,0.9565381641543366,0.8380590379903469,0.8550465269203296,0.8536206611571523,0.7411140761103042,0.850044529127987,0.9004094063126507,0.9127148973292116
2022-11-21,0.9590790068995201,0.835011976562075,0.8529684288744193,0.8512379330706134,0.7352987102063036,0.8483615567555564,0.8998882376672113,0.9144026457660154
2022-11-22,0.9564436290960825,0.8462485781262593,0.8616117955000995,0.8614150383232141,0.7484498421815206,0.8545871928783346,0.9071720498308398,0.9165771783399146
2022-11-23,0.9532579440742749,0.8515811555690919,0.8669207954690192,0.8666395754474089,0.750529672528818,0.857622897341401,0.910901444741673,0.9195975717125772
2022-11-25,0.953503152709738,0.8513907184595048,0.8668749723712719,0.8655445285631844,0.7489573860666591,0.857513781435147,0.9108979643714791,0.9192289707013216
2022-11-28,0.9544597572801876,0.8378051218442308,0.8580035068528586,0.8543922224447222,0.7362760099731448,0.8497993275885912,0.9026085791608861,0.9195152878145662
2022-11-29,0.9571173756355109,0.8363661508914415,0.8558914395373372,0.8552506090894699,0.7381708734835618,0.8489719588536175,0.9035643209992369,0.9182495069480241
2022-11-30,0.962019279356071,0.8627121843219911,0.87472601864463,0.8790528630412461,0.7640598981431256,0.8639488634878071,0.9211935537634053,0.9221213868751184
2022-12-01,0.9608377464524214,0.8620774616315799,0.8772476025453315,0.8818823509602727,0.7648079090771325,0.8635786714560344,0.9232913701910967,0.9308436031997034
2022-12-02,0.9605255252853672,0.8610828439344936,0.8780930849203186,0.8823902297538653,0.7604759321408526,0.8630294418758687,0.9239916418353386,0.9329818963619786
2022-12-05,0.955687568589832,0.8455926055238331,0.865851857130252,0.87021960491026,0.7485686470137655,0.8544612017343421,0.9132381493370261,0.9265633462794095
2022-12-06,0.9454871565198671,0.8334034800373185,0.8593755474673456,0.8600755924222391,0.7343334533663698,0.8476587496420883,0.9072721028826152,0.9304857493149995
2022-12-07,0.9455268174545061,0.8319858943463022,0.8615558120496462,0.8618886488820562,0.7384704427151892,0.8468641681372499,0.909661312564572,0.9382615530880889
2022-12-08,0.9466875662081663,0.8385033912460501,0.8645635580805914,0.8686625128178259,0.7505622626751435,0.8504831610356748,0.9136187226972972,0.9363893665793845
2022-12-09,0.9439257484467801,0.8322396074677814,0.8586347519650819,0.8622056987260908,0.7437521483422362,0.846787779752749,0.9075557777027846,0.9314714321181722
2022-12-12,0.9470771874282566,0.8442382281698299,0.8661259567268973,0.8713370034583777,0.75605912157097,0.8538751758618367,0.9149833717360221,0.9302808183504139
2022-12-13,0.9477497726253793,0.8506289700211568,0.8723735729535043,0.8817309950920975,0.7683940310742342,0.8576340121681019,0.9222690132432403,0.9353429199685767
2022-12-14,0.9448671384983182,0.8451904813926442,0.8697951776956454,0.8784762641770087,0.7614787966734777,0.8544538400484148,0.9199476448497839,0.9347923968101038
2022-12-15,0.9446077269163335,0.824515602824708,0.8575290012994872,0.861470468848429,0.7391599116744059,0.8423290886318527,0.9077222788547925,0.9343361461652627
2022-12-16,0.9479089184750111,0.8147813159000842,0.8505555388377953,0.854744570575935,0.7284318528119821,0.8365430281027978,0.9019067675773031,0.9342020304179451
2022-12-19,0.9472248161458011,0.8078721844753967,0.8441379998919086,0.8474616168521728,0.7230515524454613,0.832456424098173,0.8967476193225195,0.9290002675784822
2022-12-20,0.948726377743466,0.8089778566489692,0.8425368728825303,0.8484692696421545,0.7230933105584564,0.8331081124464358,0.8972177294689394,0.9263730162681876
2022-12-21,0.9494445509254813,0.8210740645265773,0.8510185694247853,0.859521319114296,0.7383700253632658,0.8403155532239932,0.9064239285252645,0.9277154372656722
2022-12-22,0.946676998887644,0.80936035506524,0.8436243958977365,0.847350248750333,0.7151130713729732,0.8333525155664459,0.8990856797235492,0.924998049170905
2022-12-23,0.9473582524932058,0.8140160483680263,0.8453653209852537,0.8499926541145963,0.71859577127371,0.8361202262226581,0.9014768482409644,0.9221660807643415
2022-12-27,0.9495817735562027,0.8108060935059322,0.8409132366886207,0.844973684037681,0.7068152409167504,0.8342009730164487,0.898714144044379,0.918950524137464
2022-12-28,0.9499928325750229,0.8007293716934226,0.834050536180535,0.8373353908417631,0.6979912193071016,0.8280961163932725,0.8929710314042121,0.9173743880993693
2022-12-29,0.9487073717551179,0.8151427674289768,0.844289687154164,0.8507582157066264,0.7142113997446112,0.8369329217298752,0.9018057951646077,0.9199213643493411
2022-12-30,0.9485059483687234,0.812995511192272,0.8413603138388066,0.8474687132685234,0.7118761751964352,0.8355927157298626,0.8984193502646083,0.9171765793043658
2023-01-03,0.9560023979341341,0.8095729895351484,0.84120896870104,0.8483537445020162,0.7060683943946925,0.833425206244515,0.8993058360530926,0.9268620084394947
2023-01-04,0.9569966268273595,0.8158231706627326,0.8469671350457519,0.8558805262782611,0.7191924301496657,0.8373879604508762,0.9044641390957282,0.9319476349081539
2023-01-05,0.9578556483471863,0.8065117840571596,0.8408862538795674,0.8478292385438835,0.7096887408467726,0.8314638484885708,0.8983071639646625,0.9319034648818789
2023-01-06,0.956951624634831,0.82500671942182,0.8561231757498733,0.8651731865126491,0.7339341628462424,0.8435884085618087,0.911984870788691,0.9387832645937344
2023-01-09,0.9546776330134724,0.82453915368261,0.856694851417997,0.8690281709568016,0.7472215255620216,0.8432771061455617,0.913035308985436,0.939258247737595
2023-01-10,0.9560737394873143,0.8303214306965889,0.8589842176470568,0.8737229049972216,0.7546067365747678,0.8469695573719596,0.9147525612705009,0.9364259398605435
2023-01-11,0.9558765153610843,0.8408232184242783,0.8676180291837132,0.8819726022102128,0.7616803020378785,0.8536552407713708,0.9212959784920878,0.9406312928608611
2023-01-12,0.9545358492512845,0.8438845592520253,0.8720213844681931,0.88981060755727,0.772230210940927,0.855632353256604,0.9267203925779558,0.9462947425423353
2023-01-13,0.9577947742553985,0.8471583991999226,0.8727613161881774,0.8930244816388027,0.7792089854619967,0.8577812806389039,0.9289084059195829,0.9466884208379264
2023-01-17,0.9573054111953423,0.8456064111991551,0.8711728864674069,0.8934900916223685,0.7842876014247165,0.8567307527667047,0.928408817871183,0.9441126452336706
2023-01-18,0.9564796780578605,0.8322559171136272,0.8663685764876177,0.883737139089047,0.7780579359209555,0.8476694058858102,0.9204325688160464,0.9501660854908588
2023-01-19,0.9598114789019253,0.8261972558936946,0.8617909344488787,0.8784448209556572,0.7707627244699449,0.8435232092445341,0.9162391573040402,0.9518930564508397
2023-01-20,0.9581519890092703,0.841588621306094,0.8700080125613411,0.8903031750984947,0.7875024841203027,0.853975844471992,0.9235342852609333,0.9465811964253447
2023-01-23,0.9593951582546848,0.8516864576808607,0.8753959779320686,0.9006142326046416,0.8059194147957096,0.8609289931206269,0.9291269065951464,0.9460191243366418
2023-01-24,0.9599113557146026,0.8507724407646977,0.8763732231012372,0.9015754179714581,0.805616146914134,0.8603036352091656,0.9308399153120496,0.9503799545268931
2023-01-25,0.9593766266846278,0.8510911894449235,0.8769892725776315,0.9020095713704109,0.810710857996598,0.8605201556003238,0.9313581305566283,0.9514569623025722
2023-01-26,0.9621871719544302,0.8604450758745263,0.882173234218831,0.9106380456231356,0.8148820360078189,0.8669390471928409,0.9371119138607068,0.948452054249857
2023-01-27,0.9652435284298456,0.8624220621155948,0.8828596044926812,0.9118289593385724,0.8190654082773028,0.868282756279098,0.9371657017305338,0.9476556484692386
2023-01-30,0.9553506665428497,0.8516013903579216,0.8752564008129781,0.9000538441418382,0.7961394823690394,0.8607297363131101,0.9299631805521024,0.9466516179716928
2023-01-31,0.9616632941446891,0.8641228671753466,0.8844117405810058,0.9107533014440781,0.8052308207944673,0.8695181543362868,0.9392909849290733,0.9494599918276017
2023-02-01,0.9741136518364861,0.8733065512841921,0.892544422973659,0.9210163097447154,0.8286846738191904,0.8758833291098465,0.9453152750813528,0.9541362369124103
2023-02-02,0.9938104468776874,0.8860192773097526,0.900724343384693,0.938270337177771,0.8762824455442455,0.8848911712877744,0.9533832268551242,0.950839064851134
2023-02-03,0.9850259215722285,0.8766015734692254,0.8915121772441762,0.9272795918859772,0.8602757989148213,0.8782236569843239,0.9447421202057701,0.942731695457778
2023-02-06,0.9832839679011303,0.8712443623704264,0.886277950900148,0.9228372667696944,0.8524902154213624,0.8744192679735869,0.941331920787207,0.9421712512691239
2023-02-07,0.9967249626616564,0.882639052452022,0.8926193706947945,0.9333205180768507,0.8707275382140747,0.8824842320688747,0.9470766699373501,0.9400185347490114
2023-02-08,0.9909842747254748,0.8729876672542085,0.8872622665707631,0.9262360013043791,0.8585015595686534,0.8756765416150989,0.9426751402451156,0.9421530476048436
2023-02-09,0.9869772119213778,0.8654195178575386,0.8812503362887798,0.9193648200242096,0.8508434698880466,0.8701320279206205,0.936425380509185,0.9370648122991725
2023-02-10,0.9823966989206738,0.8674392746221531,0.8809480334252865,0.9190397631770784,0.835652613721098,0.8718290027793885,0.9385520685636799,0.9353704689463238
2023-02-13,0.9900721962979655,0.8776219752952218,0.8882233521086521,0.9289260188845049,0.8508265919021466,0.880378320097428,0.9458645958167918,0.9355234052799285
2023-02-14,0.9972755993600659,0.8772181592920569,0.8867170548466148,0.930832484322495,0.8631667103176507,0.8800351000474697,0.9455468008550324,0.934300176149878
2023-02-15,0.9959778175725856,0.8800667979750162,0.8877575877524256,0.9288688738487509,0.8570535217200758,0.8824230853944927,0.9443152020891967,0.9314621882023929
2023-02-16,0.9848079249159565,0.8679494755351511,0.8789366129723445,0.918062164359747,0.8361365836933615,0.87220853200493,0.937028595235212,0.928115582847878
2023-02-17,0.9799916657611543,0.8657809693864312,0.8784441639971999,0.9161902279484186,0.8285954258786714,0.8703663362610761,0.9375972018194623,0.9306004421127744
2023-02-21,0.9691931907728937,0.8484126177329634,0.864567409634035,0.9025411922953842,0.8109041124786619,0.8558689660531205,0.926722747062098,0.9249072343249951
2023-02-22,0.9680765103095836,0.8472433988479827,0.8647770514237942,0.9005873542847302,0.8077542584683955,0.8548782069026267,0.9251121422605836,0.9266005157836471
2023-02-23,0.9862900031219657,0.8517500720671477,0.8687802602813575,0.9111759847812138,0.8358994591430022,0.8585944787996301,0.9302933915321056,0.9291226258390767
2023-02-24,0.9795420779504443,0.8426515229561204,0.861217663675189,0.901322423107206,0.8241039363106093,0.8510791164283206,0.9220214524365344,0.925737479370842
2023-02-27,0.9820994783039704,0.8455212762013368,0.8636507859052656,0.9041413067100476,0.8309109982474653,0.8534439527309468,0.9238346268448244,0.9261743038267052
2023-02-28,0.9805356649700254,0.8423965240119399,0.861698745978095,0.9013727301255678,0.8296151794571048,0.8508404407037359,0.9210671061167987,0.9288870908937198
2023-03-01,0.9749556309224436,0.8391650485383146,0.8577405078129257,0.8987624973688965,0.8229416923767878,0.8480980172318707,0.9194301962747186,0.9256573758404942
2023-03-02,0.9838427198367494,0.8456914108472152,0.8610280115602765,0.9050567444041929,0.8308241037532588,0.8539206361056961,0.9239188785675339,0.9249298670976429
2023-03-03,0.9968857345677121,0.8592546070775307,0.8720277184803016,0.919098915241487,0.8499817479625885,0.8659974522405591,0.9344422429095129,0.9325825687741355
2023-03-06,0.9918656175841577,0.8598498076385889,0.8715263987642532,0.9159485561821664,0.8415318843947264,0.8665203324982659,0.9321109983822992,0.928954355473203
2023-03-07,0.98854379677222,0.8466693805240604,0.8630369694447754,0.9055965572026335,0.8309933707704057,0.8547846623152631,0.9232192700999131,0.9287663059339198
2023-03-08,0.9946690037615681,0.8480510985291915,0.8635240993420639,0.9085795112814145,0.8395901765643264,0.8560221817063771,0.9242115332703599,0.9285030426450767
2023-03-09,0.9847559022593356,0.8324048018474904,0.8552070913543299,0.896384289514794,0.8226281466179712,0.8421046295438098,0.9145231237130844,0.9314070953346469
2023-03-10,0.9779436282072287,0.8203936612928217,0.8517789895550169,0.8890492289374147,0.8082147443927061,0.8313426761031335,0.9096258633651073,0.9439096325994099
2023-03-13,0.9798502615825775,0.8192244424078411,0.8537561155108239,0.8896085083802842,0.8123753206178841,0.8303157402501326,0.9098386250256155,0.9494451144688605
2023-03-14,0.9965976431921267,0.8327661857015044,0.8602111468570321,0.9022340379285189,0.8327958333669632,0.8422110035887628,0.9171639204849451,0.9435026729104781
2023-03-15,1.004251187262859,0.8275578593365688,0.8604071612031285,0.8982294976326379,0.8371399020291751,0.8376119531271434,0.9138673013966435,0.9542782934307249
2023-03-16,1.0043280362296074,0.8420775723070772,0.8681038523212903,0.91147474294872,0.8592927079810944,0.8501573092848818,0.9223494999272362,0.9521479462318316
2023-03-17,1.0102560649094185,0.8322313511325398,0.8641832342781324,0.9047325569563917,0.8585565669729596,0.841294978781447,0.9171114613560757,0.9624747537815201
2023-03-20,1.007503082983139,0.8402338379028166,0.8677736143881456,0.9102094785830253,0.8612559549261066,0.8484179739794426,0.9215280928754795,0.9584287662470621
2023-03-21,1.001611690668386,0.851266467381608,0.873552799374223,0.915688390052295,0.8693472556039569,0.8581784744232712,0.9250349319840572,0.9509136426797722
2023-03-22,1.0029649087885832,0.8367553491207362,0.8679669902184156,0.9076152138812392,0.8653184197333692,0.8454241261918224,0.9181565894344523,0.9580414416102021
2023-03-23,1.007454654939424,0.8390173819522739,0.8702098732464756,0.911670652542516,0.8858061662918543,0.8474180152691868,0.9197710526697742,0.9623632804331298
2023-03-24,1.0071209389178324,0.8445231394105411,0.8742260426047695,0.9161837353437556,0.8826833048141774,0.8522495838527151,0.9255761980811449,0.9621343353169246
2023-03-27,1.0027052318232033,0.8461020620131621,0.8714307315735667,0.9153756785380592,0.8735338158804729,0.8536354250086508,0.9252866885721017,0.9518167678187497
2023-03-28,1.0033698145545997,0.8442029695578558,0.869729181477208,0.9154991657945278,0.8680427302272407,0.8519598103939713,0.9258363962447087,0.9530348957698707
2023-03-29,1.0031351985595265,0.856473372574084,0.8777304305564981,0.925657888819947,0.8876167755383872,0.8628494886037859,0.9329445560726647,0.9522744304311733
2023-03-30,1.0033184863760927,0.8614882164598763,0.8812019164555461,0.9323097410012736,0.9010402810961259,0.8673844915904461,0.9380613739223038,0.954543082128974
2023-03-31,1.0028304271566273,0.873630646279861,0.8903564242355512,0.9415828599140723,0.9139516833866655,0.8782368682869593,0.9458705517050674,0.9580000923776777
2023-04-03,1.003432584057049,0.8769595059044089,0.893939816984891,0.944970562307452,0.9132312820539509,0.8812009896790205,0.9489084469367867,0.9605511781936096
2023-04-04,1.006004283663373,0.8720941558263912,0.8922854384702192,0.941658456061392,0.9092083773749333,0.8768899803200251,0.9465409331469937,0.9663345848060627
2023-04-05,1.0050758586876476,0.8698107377330804,0.8920922128719571,0.9404420975079527,0.8977784367929191,0.874819875266621,0.947245406866978,0.969674549562907
2023-04-06,1.0039435108816082,0.8732038884927055,0.8938589028173362,0.9438554659416679,0.906339267243356,0.8779588893423257,0.9499995335687813,0.9681936760149354
2023-04-10,1.006189780822424,0.8740999715659258,0.891949621718213,0.9447650189323471,0.9060155569494788,0.8787853805200169,0.9502180104379735,0.9630185504274511
2023-04-11,1.005419085393545,0.8743348033961558,0.8923077313730207,0.9454652611056337,0.8980702191839677,0.8789936145276002,0.9518786256356888,0.9642961910021646
2023-04-12,1.001427154480399,0.870771044266499,0.8905524938141284,0.9426307047487821,0.8919623543712535,0.87565366864813,0.9497095146949792,0.9642477904342803
2023-04-13,1.0076897743548834,0.8823372901664325,0.8975013874433105,0.9506291400854766,0.9053789739123393,0.8865001940633329,0.9558858767932692,0.965108576300855
2023-04-14,1.0086168720205302,0.8801818452693652,0.8944238356375555,0.9473176474892684,0.905661363060906,0.8844720428316328,0.952302075779272,0.9588696820004003
2023-04-17,1.004161739071687,0.8833400965238813,0.89454613533685,0.9483829732652718,0.90582571207969,0.8873747536306233,0.954478604929275,0.9556373573662402
2023-04-18,1.0101287084633908,0.8839163481188116,0.8954024368220517,0.949996038081255,0.9100735175298299,0.8879148148556437,0.9553510183655078,0.9567029121600772
2023-04-19,1.0075956953871568,0.8837670573356741,0.8947685944058013,0.9480225292155483,0.9083165866296989,0.8877499951577258,0.9537285679043191,0.9554576705838144
2023-04-20,0.9992507824272737,0.8789443424314446,0.8934634454666133,0.9451613239292246,0.8975992566885558,0.8830331961774524,0.9525656462790967,0.9591506698804317
2023-04-21,0.9968510371885038,0.879626978936208,0.8932670707185763,0.9442112406323522,0.8963205688002287,0.8837044282709888,0.9516548495489279,0.9547039577839858
2023-04-24,0.9977645466307455,0.8805447179707175,0.8952301006943344,0.9449473439597111,0.8938738257508161,0.8846076357869019,0.9531094790290826,0.9573465657766532
2023-04-25,0.9826626308393522,0.8665670807812297,0.8889242143818229,0.9336194983149996,0.8761743522395999,0.8708424219570932,0.9456966259625262,0.9641870151068223
2023-04-26,0.9880641221988669,0.8628965983673446,0.8853515393825022,0.9333426411884853,0.8961460867197164,0.8671725608176912,0.9428897675604259,0.9589368134441824
2023-04-27,1.0108901774093217,0.8800751219851366,0.8946395221557061,0.950027287970558,0.9299004859498792,0.8838518686128295,0.9530216063703443,0.9563491469107228
2023-04-28,1.0204343036935484,0.8875866951829384,0.9010547840957456,0.9572510818133214,0.9369692983175855,0.8912251586646396,0.9588343640555921,0.9610011961672948
2023-05-01,1.0297440503557045,0.8866905444348391,0.8968144847286482,0.9565525620181967,0.9459202759493369,0.8903548999389225,0.9564562816614919,0.9533176704233843
2023-05-02,1.0161630945897706,0.8767248094239367,0.894247172641838,0.9486077668863386,0.9360115356884567,0.8806605031738878,0.9511746025535778,0.9646676419728638
2023-05-03,1.0087370901568067,0.8707069561560585,0.8921388464277739,0.9455465635691052,0.9278309403415935,0.8747038331455363,0.9491471047101314,0.9676076901694143
2023-05-04,1.0040693377040322,0.8645398797799219,0.887917114325615,0.9427302197540213,0.924935573900893,0.8686066916574529,0.947442634636458,0.9676992256952601
2023-05-05,1.0179125087077001,0.8805447179707173,0.8966336077831683,0.9547609233046793,0.9338355594362806,0.8844058269920528,0.9567434701564878,0.9615620015406948
2023-05-08,1.022904465254738,0.8807795498009473,0.8947951068541178,0.9539216062403875,0.9357606480366588,0.8846222916848198,0.9551123625364345,0.9583969305602692
2023-05-09,1.0180628376083123,0.8769168707306204,0.8921140322707892,0.9505014422966587,0.9314801959142024,0.8808363947753912,0.9529260951355099,0.9603645361719455
2023-05-10,1.020110024344641,0.8810142462814192,0.8969209477770239,0.9542768101203624,0.9382730787500803,0.8848737100003456,0.9558432118203392,0.9627334198584089
2023-05-11,1.0153649510853089,0.8794776881530703,0.8970604159649623,0.951067465301521,0.9361324031792531,0.8833525667200566,0.9536238701932871,0.9647644251761713
2023-05-12,1.0123145389755344,0.8783253879878469,0.8943429712707618,0.9490198396416413,0.9313185997089267,0.8822064774269798,0.9524657753068779,0.963193445033624
2023-05-15,1.0232135197191392,0.8813555983712404,0.8952917858809131,0.9536276548303683,0.94069062754992,0.8852182490899189,0.9554511654922381,0.9604915176321119
2023-05-16,1.0202703683687693,0.8754657859744848,0.8908694341229378,0.9463638105459504,0.9394132159669352,0.8793433785704469,0.9485325682676662,0.9566474461884656
2023-05-17,1.0380859132197915,0.8860930429278937,0.8968115831443338,0.9551075740889063,0.9518981160993243,0.8900964919476498,0.9540167037082234,0.9553121152452142
2023-05-18,1.061901700701808,0.8946290107695545,0.9003181933538781,0.9610966056431122,0.9685778708937832,0.898678037760836,0.9566902862936371,0.9514285331654072
2023-05-19,1.0578907904189714,0.8933272167965564,0.8987258830058698,0.9601380872691793,0.9660764500991816,0.8973138610354262,0.956294748570412,0.9515039390234573
2023-05-22,1.0596630514518461,0.8936899541481508,0.8986142571657908,0.9614655545301778,0.9713010300552055,0.8976807239569211,0.9565401869614385,0.9502138088648406
2023-05-23,1.0497414510148226,0.8836602663765661,0.8929614986022595,0.9541183163015062,0.9561966775823665,0.887319421315376,0.9505220430523631,0.9520904372128602
2023-05-24,1.0459314195712897,0.8772582904953204,0.8881676301110147,0.9474940127913499,0.9508451770520412,0.8806067864348474,0.9444987149228727,0.9494189896967833
2023-05-25,1.1360305480833754,0.8848552693904567,0.8914701900422104,0.9615481016426516,1.0095105704813299,0.8884222561764071,0.9501973689362531,0.9468413255154093
2023-05-26,1.1611625885225552,0.8963148596810409,0.8986847069378319,0.972724205604784,1.039409091452995,0.9001682783144368,0.9583010478717323,0.9494417609177833
2023-05-30,1.169424005631632,0.8966562117708622,0.9012821722270445,0.9717896576716727,1.0437245240002206,0.9005047185130118,0.9563854735423118,0.9540939953318422
2023-05-31,1.1474273461746278,0.891684138408616,0.8995643285650096,0.966960594585559,1.0291140820017106,0.8954491142694808,0.9544471005886981,0.9573909764093159
2023-06-01,1.174128020392263,0.9001559504649576,0.9057803011050511,0.9768504981218924,1.0518627434957792,0.9042109316507152,0.9607757709594937,0.9575996329057794
2023-06-02,1.1732666111159835,0.9131732811210266,0.911720226606294,0.9865876424735862,1.0522608830566862,0.9176159702985534,0.9701500229008737,0.9533131897367163
2023-06-05,1.1697873892846813,0.9114234794488579,0.910634097163899,0.984153506026834,1.050257279366636,0.9157478476908584,0.9682822869041443,0.9540653491525394
2023-06-06,1.164017357394421,0.9134080452763774,0.9122690998744244,0.9868460046815863,1.044202940356786,0.9177532256361665,0.9711103394688406,0.9565935422776756
2023-06-07,1.1411546962134027,0.9102497263469822,0.9084431889106919,0.9833543459796478,1.0201926247031865,0.914313513307123,0.9687144716699311,0.9495394136090084
2023-06-08,1.1547542153909227,0.9157552131057333,0.9136742274620605,0.9893759711186569,1.0331258087258866,0.9203821555678692,0.9737675957903253,0.954113220681318
2023-06-09,1.15678794573158,0.9173984945183107,0.9137999981637829,0.9885243304314922,1.0353656367604773,0.9221518749700942,0.973016271542771,0.953492491926006
2023-06-12,1.1754009776311984,0.9257210157915148,0.9194051267487732,0.9941328003921586,1.0547782604794578,0.9315324092487254,0.9767903004606042,0.9542833464030132
2023-06-13,1.1917927521061655,0.9318243424316064,0.9213132070500988,0.9996234159672145,1.068429177285539,0.9384419188435341,0.979921332898157,0.9485608398256872
2023-06-14,1.212488814805846,0.9329338720732836,0.9223109334117867,1.0028400567661064,1.0846564858663041,0.9396817949059281,0.9810924720678516,0.9490064775619689
2023-06-15,1.2222984249487172,0.9445001856480961,0.9317351447720424,1.0134286184124521,1.0986934483640924,0.9534561608055058,0.9905480593504786,0.9526336333620053
2023-06-16,1.2164219442513478,0.9412829895739458,0.9286574101370233,1.010644044435398,1.0882125937413294,0.9495237427074751,0.9890237822662085,0.9512807987266614
2023-06-20,1.2288312890062156,0.9363993672785904,0.9264445996205738,1.0062596607883303,1.092992587712633,0.9435175517394311,0.9841805204518698,0.9509829763464781
2023-06-21,1.2146428348465506,0.9316014213800854,0.9241965158397103,1.0037057294502905,1.0768244164700875,0.9373715228552051,0.9832478499604076,0.9501469137714156
2023-06-22,1.2219176285980835,0.9349643214687845,0.9242797842497011,1.0023390597971746,1.0860523633001709,0.9415354472083306,0.9813752204503547,0.9450845563492932
2023-06-23,1.2133444327242815,0.9278960187286213,0.9211770362003091,0.9944986694269053,1.0751240808269882,0.9326274916708575,0.9753017472039459,0.9497705145624026
2023-06-26,1.187316965731393,0.9241048043305488,0.9193663513554927,0.9923161259441392,1.0527355935593048,0.9278252717187534,0.9752649854903498,0.9504064408154294
2023-06-27,1.2175478520758916,0.9342360044206764,0.9246981551855804,1.0012636736900922,1.0754148327652393,0.9402614764419143,0.9801950763212598,0.9475950863382999
2023-06-28,1.2086310769145079,0.934707224603354,0.926069262756101,0.9995963651477725,1.071541435423217,0.9407872894782305,0.9791430928007723,0.9497152438938756
2023-06-29,1.201108273315366,0.938391377342803,0.9253953827764203,1.0001106071240167,1.0670792425495936,0.9453099750403222,0.9797049807822673,0.9455019124011557
2023-06-30,1.2220854217064707,0.9494649501234068,0.9328146021913419,1.0100828444571375,1.0878157700910347,0.9594504859586739,0.987273321443414,0.948755890822758
2023-07-03,1.2247027099934882,0.9505574933704479,0.9330183337219772,1.0125046856265014,1.0888413311258187,0.9607823729566611,0.9894705776085332,0.9480284754715121
2023-07-05,1.2284912659321159,0.9491437651475363,0.9305016168220843,1.0104334074029873,1.0940341269471707,0.9589181322581175,0.9873550402041394,0.9456098620594732
2023-07-06,1.2177158257590464,0.9417113038833191,0.9237151759161408,1.0012523356165506,1.0860736850487733,0.9493612962735859,0.9791047873629839,0.9401199915877234
2023-07-07,1.2184110244313093,0.9393338177081583,0.9223912855266287,1.000988996878383,1.0842377028567414,0.9462568964342306,0.9777514792201694,0.9386979082472164
2023-07-10,1.2248272930390143,0.941711303883319,0.9248238660296632,1.0042254147858662,1.084498050992019,0.9491882062854438,0.9804298809792125,0.9390737962398941
2023-07-11,1.2304222751816989,0.9477085839879724,0.929158337275993,1.0112361429247534,1.0911768705270588,0.9566550584553907,0.9862693285136912,0.9407794552105858
2023-07-12,1.2650497086911991,0.9553339186574217,0.936670651764155,1.0223339305903487,1.1185162623425167,0.9661993865977294,0.9933221323933967,0.9449512944705278
2023-07-13,1.2982924700099063,0.9629162121038087,0.9434672139644767,1.032303824880481,1.1397285252962097,0.9758955027604749,0.9996316467896728,0.9465996874629606
2023-07-14,1.2897221461427228,0.9623164096509764,0.9413104457415492,1.0293322331297647,1.1344448336843487,0.9750560001969257,0.9981302178048678,0.944073482101883
2023-07-17,1.3006097054032912,0.9656578568030236,0.9436933622122082,1.0309553750434894,1.1432555718397714,0.9792603812875998,0.9983971736721561,0.9443143432462296
2023-07-18,1.3136817617237186,0.9728332212018105,0.9482056091197418,1.0382590640730782,1.1611183312917996,0.9883591698382197,1.0036384851475937,0.9485872248770454
2023-07-19,1.2976681097375065,0.9749965840597243,0.9506299485482717,1.0391305674391835,1.1464503967033637,0.9910612655939224,1.0065085446918485,0.9524696615361337
2023-07-20,1.2499332274010768,0.9685279484226353,0.9448747918630238,1.031464330065949,1.1057780040588323,0.9827004025809893,1.003830215191225,0.9492357675259306
2023-07-21,1.2368341742752251,0.9685279484226353,0.9451447709030517,1.0310106551675569,1.0963964350635824,0.9826263252093772,1.004932006679845,0.9494064881931616
2023-07-24,1.232548093935885,0.9728547418133419,0.946980808234212,1.0336017240356008,1.0972238468378575,0.9879996363533393,1.0075141780995072,0.9481532335575971
2023-07-25,1.2467704161757969,0.9755107101157062,0.9481043009264296,1.036862705136035,1.1103008079971297,0.9914346155260922,1.008917311267389,0.9487528977122912
2023-07-26,1.2475853815097104,0.975660609972755,0.949432416587596,1.0370027383626927,1.1049324283716653,0.9915618168816044,1.0096041189357676,0.9501961317861409
2023-07-27,1.2764694918073984,0.9691920420105451,0.9424002128507242,1.0323441773485122,1.1083864107152102,0.9829421421077648,1.0031345542414114,0.9430100948533899
2023-07-28,1.3042507129737233,0.9786807367991734,0.9494073974783568,1.0423833577970738,1.130111688238611,0.9953785812590176,1.010597331309674,0.9465318911843298
2023-07-31,1.2953479361054665,0.9805441645932316,0.9509587442249903,1.0428237435342496,1.1273485981140206,0.9977706239936367,1.0111708924984844,0.9484499980723803
2023-08-01,1.2956645177831905,0.9777382964338184,0.9468057373723371,1.038402742181731,1.1256977425962398,0.993986435817822,1.0066476907559647,0.942492598867462
2023-08-02,1.2577859707254007,0.9641370669214887,0.9379978505543437,1.0244486296761024,1.0924068697599656,0.9759345120249473,0.997598217251536,0.9397719875450792
2023-08-03,1.2578389471575229,0.9613741046353799,0.9338571217801054,1.0202966885786084,1.0904975023258885,0.9722278176723527,0.9929572423629494,0.9339380624267749
2023-08-04,1.2556498796008655,0.9570261290075374,0.9343947247259243,1.018901529999369,1.0868091273586362,0.9664403829704576,0.9917900302037086,0.9383859677195664
2023-08-07,1.273823740301684,0.9653793746758204,0.9393615833683248,1.0254809464852668,1.0991234536767651,0.9773341969704674,0.9966976993554811,0.9363022120133812
2023-08-08,1.2579616099861048,0.9611812312301476,0.9378013400275399,1.0204908543764484,1.0885002414148501,0.9717374660393613,0.9937664534101656,0.9384311513427356
2023-08-09,1.2296801524080179,0.9547555014663629,0.9343072552103776,1.0151805559693357,1.0683833588121951,0.963220238033457,0.9912945952076346,0.9384410025066284
2023-08-10,1.2308109794552393,0.9550982070537647,0.9320781429358058,1.0141603215186399,1.067340973975508,0.9636008584095774,0.989886014407277,0.9343043348518085
2023-08-11,1.2071278150063858,0.9545413781491158,0.9305902847851603,1.0105120850915417,1.0585401472123004,0.9628013989889328,0.9886799554262505,0.9338026944282213
2023-08-14,1.2393360617944675,0.9598105442302983,0.9333984023141336,1.0141770177138352,1.0782874882822764,0.9696398375950162,0.9890251795874757,0.9334423666701157
2023-08-15,1.230837940210637,0.9486296390915548,0.9258592906826573,1.0040330597953941,1.0666952072848346,0.9548820469980605,0.9801093652409283,0.9312001016445777
2023-08-16,1.2170180592321769,0.9416685333597732,0.9208911418634671,0.9976812306227977,1.0537741835524406,0.9457019338749622,0.9753160678865418,0.9286102063973383
2023-08-17,1.20511477320506,0.9344930336112283,0.9162921849550578,0.9919793795201557,1.0449332391432786,0.9362633772596782,0.9705692270099138,0.9271606379328811
2023-08-18,1.2069391773450229,0.9349428685321327,0.917362868095562,0.9941142912256642,1.0455623717532558,0.9367823058299498,0.97247971458365,0.9284800480972178
2023-08-21,1.2477539140692033,0.9410258927085157,0.9190967604240408,0.999500325622413,1.0699554561465756,0.944636595474564,0.9731456285360667,0.9255275374669277
2023-08-22,1.2368452410939015,0.9384769860647749,0.9179878564694883,0.9970136836286454,1.0598724695381885,0.9412417416245561,0.9717981989969405,0.9284467182484243
2023-08-23,1.2597267568639645,0.9489295741554103,0.9276302765398995,1.0086347409917225,1.076470226340439,0.9547989100223893,0.9810761676538903,0.9363809073642364
2023-08-24,1.2405431433055034,0.9357782472388642,0.9190624567000527,0.9991270112103674,1.0620762502288061,0.9375229819104777,0.974352074845633,0.9369207919806525
2023-08-25,1.2314751223750025,0.9423753297963497,0.9227166429336059,1.0019919248826372,1.0608331270964024,0.9460457260577729,0.9777728870246284,0.9373963087295143
2023-08-28,1.2463327530578618,0.948351292314109,0.9270340398533494,1.008805212861211,1.0724794930957404,0.9537749117071505,0.9830216803193499,0.9383226862705608
2023-08-29,1.2738155969852838,0.9620594481353041,0.9374633524568848,1.0202908674366309,1.0912703976846,0.9716240221653851,0.9916109023364451,0.9425404464415583
2023-08-30,1.2751773125258723,0.9660220153270774,0.9396230180074735,1.0215177030407527,1.0930592564606485,0.9767557025776146,0.9925214594462096,0.9424421821164886
2023-08-31,1.2731897069812625,0.9646083547790448,0.9393410370931506,1.0183219119751243,1.093863858259888,0.974827106855539,0.9897685167717057,0.944467336358583
2023-09-01,1.2679677884408718,0.9664076267877836,0.9384431614919717,1.0196064718116344,1.095864971384525,0.9771206913173383,0.9911595025578553,0.9424786829514635
2023-09-05,1.273081812068479,0.9622306655792469,0.9339766075090998,1.0151224332389892,1.096572971382991,0.9715589127939699,0.9857288062370203,0.9381641451738694
2023-09-06,1.261301211228458,0.9557620976170369,0.9298547522287411,1.0116992872427721,1.0859343151772731,0.9629962149951073,0.9832329944617829,0.937279461985379
2023-09-07,1.2431950424345664,0.9528277825372271,0.9293084810667206,1.0079807557059903,1.0789156644899596,0.9590827032676399,0.981974824392622,0.9394057661499625
2023-09-08,1.2332571024864734,0.9542628283470329,0.9303419094021865,1.007884453130068,1.0761013579970133,0.9608915298723113,0.9824715765548899,0.9405561228979201
2023-09-11,1.2411652637566113,0.9605387936035269,0.9335823158530018,1.0119451750034627,1.081490893734601,0.9690359513393716,0.9856790066960806,0.9381867856834084
2023-09-12,1.2280325390468019,0.9552695598474653,0.9306238884843637,1.0089878918089181,1.0827643217961245,0.9620539678391893,0.983893694126362,0.938370055452342
2023-09-13,1.2367416365008328,0.9563832853316424,0.9318192765333788,1.0100535933750183,1.0866834429029542,0.9634430278844176,0.9841347940764062,0.9382473610889163
2023-09-14,1.2473517445769926,0.964629807715697,0.936130164632629,1.01818087706433,1.0977666913954385,0.9741706787438504,0.9911488573408124,0.9386022056374681
2023-09-15,1.2108081680920613,0.9530075946908066,0.928497811042135,1.0069066089101497,1.0771647449027033,0.9588381066837731,0.9842800746493708,0.9385880862873307
2023-09-18,1.2143816425101586,0.9535663861669476,0.9293685147076332,1.0070067862628098,1.080710224043603,0.9595003614095551,0.9841801939986011,0.9409317671516751
2023-09-19,1.2123633598462973,0.951588926201726,0.9271233220578334,1.0043820804969312,1.0794945443745823,0.956844264214504,0.9820670532988282,0.9389783307372099
2023-09-20,1.1937637427440746,0.9428406622645518,0.9218109845836764,0.9980791595122757,1.065753354684193,0.9453368427580279,0.9782895020705077,0.9400696628154116
2023-09-21,1.1761218307293846,0.9272569648459524,0.9101501581001687,0.9834398304956761,1.0532489317203857,0.9249506870913059,0.9655683493468556,0.9325112444770117
2023-09-22,1.1868256428004285,0.9251719694979541,0.9104578887515828,0.9845767197206707,1.057490948257459,0.9221799686039813,0.9658746648838624,0.936281295792165
2023-09-25,1.193796365173776,0.9290625982933199,0.9098762638793255,0.9848674069349204,1.0616024871348504,0.9271541341326426,0.9653226784314844,0.9301852465365908
2023-09-26,1.184308353301912,0.915413454966638,0.9013868667451578,0.9739625074589058,1.0556706751751164,0.909375066343018,0.956138259186654,0.9281328778647624
2023-09-27,1.1881719328097735,0.9157788316385145,0.9003377587298015,0.9738870339122156,1.0628497865656314,0.9097819104150643,0.955059699039149,0.924693234557192
2023-09-28,1.2029186112968873,0.921088061248082,0.904542811235852,0.9782940262228788,1.0693510799891743,0.9165717571740872,0.9579607174570954,0.9229851115852274
2023-09-29,1.2047188773648398,0.9188525569691235,0.9028790352962297,0.9755163215013789,1.060742012807312,0.9136134278191983,0.9544028496826529,0.9203697154944734
2023-10-02,1.2212680667694253,0.918487180297247,0.9001461168173067,0.9710697843839019,1.0707576136948234,0.9130756615331743,0.9492174299987606,0.9157586983214001
2023-10-03,1.1997068625761194,0.9061922112999313,0.8900917829076918,0.9592737943397864,1.0585791706271475,0.8971162951891833,0.9397947445461042,0.910236213932427
2023-10-04,1.2167958126442344,0.9127911210791508,0.896485249755653,0.9646562415088232,1.0566005459605075,0.9055424185677438,0.9435414460445639,0.9130159703644415
2023-10-05,1.2180949781379051,0.9124471296690474,0.8965132500117509,0.963839278074411,1.0583281428380238,0.9050338819115563,0.9425022828535492,0.9109378988956304
2023-10-06,1.2452135054764195,0.923280456629099,0.9015064422559138,0.9738102966045785,1.0725847473363055,0.918934039310677,0.949124671300703,0.9089069040230292
2023-10-09,1.242617480855005,0.9291915866127487,0.9087001841870406,0.9799399349425182,1.0775834765320917,0.9265144885950528,0.955267426793308,0.9192478523976887
2023-10-10,1.2547183770530266,0.9340279041676629,0.9111861910823371,0.9859463173218708,1.0800874808109362,0.9327156153272103,0.9596861786137911,0.9177109263345863
2023-10-11,1.2714874196975328,0.9378538357786773,0.9150994887040987,0.9915536609702759,1.0842285842178012,0.9376143143363597,0.9632120884856948,0.9238585358651895
2023-10-12,1.272011521247144,0.9321361882741709,0.9085983994258734,0.9853883890020849,1.08360572644737,0.9301139790594354,0.9577419781858545,0.9192738346674623
2023-10-13,1.2429030883796333,0.9274934885481579,0.9074382263284498,0.9835424999078554,1.0762453436771318,0.9240232307941654,0.9589888064201864,0.9314032978935852
2023-10-16,1.2572189809079348,0.9372520030794742,0.9111441932722166,0.9904047795256127,1.0843624945092978,0.9365921315722081,0.9637125226573776,0.9250824509004416
2023-10-17,1.2445450712396973,0.9372090295312909,0.9084935970893722,0.9894311022341775,1.0797507418671983,0.93646636464991,0.9637203098304062,0.9223878180587591
2023-10-18,1.2129976057905876,0.9247207134045901,0.8995362666415804,0.9776686824098741,1.0694133604469005,0.9202153058696131,0.9554660506369858,0.9249019404738438
2023-10-19,1.2090060639264264,0.916595599753513,0.8934232307418057,0.9712161493222771,1.0673019476790877,0.9096100007481138,0.9495050541964926,0.9233317432033877
2023-10-20,1.1953823555120664,0.9053324696367495,0.8881159533515366,0.9630891543700872,1.0610431246947332,0.8953147483248721,0.9434324094245429,0.9257843238368275
2023-10-23,1.2180641203474085,0.9037634275664667,0.8885799359601249,0.964138531332465,1.0596004584579295,0.8932864900910703,0.9423781904429059,0.9260605761984272
2023-10-24,1.2266849927889054,0.9105772727614817,0.8938680297951356,0.9711617670911827,1.0562015810446077,0.9015842050656878,0.9483706329969712,0.9304757704770079
2023-10-25,1.1898899227527295,0.8975083738475926,0.8835059450556952,0.9608128842365875,1.0627765481703988,0.8851345045802297,0.9413260279311778,0.9273347563052632
2023-10-26,1.1655621946434924,0.8867611970085447,0.8795319573026278,0.9555114320406779,1.0543583900968376,0.8717723073695126,0.9382544867768308,0.932209578968676
2023-10-27,1.1778786474927208,0.882741647568629,0.8770241020681476,0.9521953499329284,1.054625387348636,0.8668889951912079,0.9345142773502435,0.9342454743875878
2023-10-30,1.1904621691640305,0.8932954772782916,0.8824758340580647,0.9591306147782056,1.0566412753178227,0.879592955969181,0.9396092289882819,0.9303271412059756
2023-10-31,1.1888418717383438,0.8989057247497793,0.8855690329590736,0.9628048263777604,1.0590187388583068,0.8863116507135529,0.9433593133731749,0.9297108249252892
2023-11-01,1.2186313849176769,0.9084921420637252,0.8951496763942536,0.9728727046944602,1.0626138818391326,0.8976148250431097,0.9502273546027739,0.9346120476362505
2023-11-02,1.2353122353300545,0.925902925866344,0.907591909783499,0.9896787164140565,1.0721425159255702,0.9183404846259432,0.9637714085185743,0.938891011741711
2023-11-03,1.2561787894328786,0.9343503072913562,0.9147693117058291,0.9998469705121397,1.0773494872322982,0.9282030048279658,0.9709915279504754,0.9395434499657911
2023-11-06,1.2623275120644668,0.9364997291241899,0.9142027986630828,0.9984437815139612,1.0823078684879934,0.9305846388812202,0.9696095320499772,0.9350725757979994
2023-11-07,1.2673541616346757,0.9391649012101022,0.9177139282298515,0.9981470368573052,1.082204289509701,0.9335290856373062,0.969263024410766,0.9384282858555263
2023-11-08,1.2746751265547627,0.9398527486805509,0.9193627906962468,0.9986003446243613,1.088274138160976,0.9342657179174201,0.9691400315054043,0.9391343892982784
2023-11-09,1.2769887596651408,0.9325232209073365,0.9119874299755211,0.9921195424342253,1.0887259160250746,0.9260290506838619,0.9632827826084003,0.9358670164258589
2023-11-10,1.3072520741553981,0.9470750794453837,0.9213765885507462,1.0034533351979427,1.105107592662965,0.9425054685393138,0.9708104159424549,0.9341610918735259
2023-11-13,1.3077890764578461,0.9461720935345025,0.9208098990144344,1.0035116154258417,1.10736993961325,0.9414242676362368,0.9715993842462253,0.9348545187875625
2023-11-14,1.3317320052592667,0.964528769121307,0.9361517166701115,1.0232379492370978,1.122715574219407,0.9617898236888419,0.9860482750051458,0.9390095566908483
2023-11-15,1.3221064366554875,0.966570655571364,0.9350145798888755,1.0225069886316267,1.1174954106001824,0.9639972821831694,0.9862812895959953,0.9357058347406406
2023-11-16,1.329719663401835,0.9677528680331181,0.9377561097426559,1.0232488391415528,1.123604086920982,0.9652473547570851,0.9865800041784214,0.942136328825566
2023-11-17,1.3305856422137297,0.9689566011064034,0.9392052987165956,1.0258238274729377,1.1192139099942484,0.9665090692096527,0.9883394005390331,0.9417530956483645
2023-11-20,1.3488088923414447,0.9764151848739258,0.9441318153415602,1.0323467743650012,1.1350240540445447,0.9745743361037494,0.9928283174817981,0.9417858796015368
2023-11-21,1.3377707550293252,0.9742873513275021,0.9432918321594226,1.029408517863008,1.1237503478666864,0.9721744463235458,0.9916459461135364,0.9451534372879749
2023-11-22,1.3341535081501996,0.978048788778802,0.9458311656808708,1.0314677038241924,1.1251446307379425,0.9763304147395349,0.9937440083449355,0.9457596351844904
2023-11-24,1.3244783288332163,0.9786506214780052,0.9444365152056027,1.0309618357454626,1.1197329004119807,0.9769500099006684,0.9931498646577651,0.942928821669956
2023-11-27,1.3235055890509624,0.9768881646034581,0.9455564845423391,1.0303667756299701,1.1162297282815845,0.9749012911056268,0.9922121039054081,0.9481778800030559
2023-11-28,1.3221024303696962,0.9778553062996587,0.9477767570093979,1.0325378530224687,1.117550495213963,0.9759737859798909,0.9947706855713832,0.9521707957576356
2023-11-29,1.3195731067861893,0.977167526504089,0.9492282031771166,1.0332607010951154,1.1147687753570736,0.9751527740491746,0.9956384605890142,0.9560675998568507
2023-11-30,1.301350419512484,0.9810149787266343,0.9502094434629169,1.0341660203270746,1.1082288777940852,0.9795176741609488,0.9983977186858349,0.9542561236666781
2023-12-01,1.3006906867736614,0.9868187086772653,0.9569230920006391,1.0415329170650327,1.1118510411821303,0.9861375105566739,1.0045590626437442,0.9632928144031638
2023-12-04,1.2845378784457693,0.9816383997122476,0.95244571254864,1.0363973577284191,1.0978146584573345,0.9801189926440552,1.0007512299824066,0.9569114804986868
2023-12-05,1.2935592775250702,0.9814449172331043,0.9548576396147743,1.0359466470562742,1.0980469371944932,0.9798559645618483,1.0001673071772936,0.9620767959782798
2023-12-06,1.282707415432157,0.9774899296277821,0.9535293577904134,1.033245966863757,1.093768612392826,0.9752843523915123,0.9982943145233072,0.9666687699038525
2023-12-07,1.3028758783006034,0.9849485810701835,0.9580090651223357,1.0384849351552885,1.0990243070470362,0.9838277681469721,1.0016716226718874,0.9646240240356403
2023-12-08,1.3156219478719893,0.9891830659258947,0.9585477866943259,1.041005932551693,1.101880550666802,0.9886720124847918,1.0030502110105077,0.9594320687426067
2023-12-11,1.3053157131813247,0.9930305858233192,0.9608226869983383,1.041889813479774,1.0972980666152337,0.9930441620941088,1.0047244050048116,0.9564595031637133
2023-12-12,1.325393719263219,0.9975659531911922,0.9646050256332143,1.0466308106888247,1.1126194285072697,0.9982253598299126,1.00804103866374,0.9567183908076772
2023-12-13,1.3336671598375816,1.011322496550893,0.9774289924961413,1.0622356458931228,1.12234382715686,1.0143984596698874,1.0208925452834086,0.9672815416754579
2023-12-14,1.3383038342641462,1.014568251423993,0.9824644770877123,1.06938338294392,1.1228688310588382,1.0181605270448364,1.0257314491707459,0.9727323143622145
2023-12-15,1.3448904611884962,1.012897697035167,0.9805798016654429,1.0670499285913664,1.1299084919986349,1.0161767249299727,1.0236569703178588,0.9717059106926501
2023-12-18,1.360924598459369,1.018595312775481,0.9830908653549106,1.070745235953702,1.1388550134180133,1.0227574854971284,1.0263925980697648,0.9709964674420597
2023-12-19,1.3630538413128617,1.0247893914283501,0.987154499007637,1.0768116981480642,1.140327812278233,1.0302760507904938,1.0314004313268335,0.9728904512440398
2023-12-20,1.3451001361125463,1.0105884271380672,0.98038006141814,1.0638820289928335,1.1237349833430506,1.0128373911807151,1.0205572856068676,0.9746911774883524
2023-12-21,1.3642293659579303,1.0201709869839084,0.9859136924581231,1.0737675862273437,1.1425953773564825,1.024447652542906,1.0282793762720241,0.9735978160433484
2023-12-22,1.3617011161123627,1.022221129769207,0.9865827919037621,1.0756561542614476,1.1420902042416825,1.0268953013484343,1.0301718040232444,0.9736001599304476
2023-12-26,1.3695511349469003,1.0265373658787849,0.9898798335116157,1.081569448156985,1.149479524284787,1.0320857029249044,1.0348543509162011,0.9760937744071555
2023-12-27,1.3736378473091946,1.0283934847859078,0.9934705120944285,1.085032363126995,1.15259101825736,1.0342935389263284,1.0377255095112685,0.980609588028363
2023-12-28,1.3734326721912706,1.028782006266412,0.9928173078951321,1.0847092195113257,1.1520791197078328,1.034714325544355,1.0377834157484893,0.9780386135922695
2023-12-29,1.3694180139478176,1.0258037701901124,0.9903334961998163,1.080922697501279,1.1399620325226372,1.0309779987883956,1.03489185861098,0.976016903948479
2024-01-02,1.339750514519778,1.02006284252722,0.9851317268593001,1.074899193696181,1.1199833804758668,1.023657359584915,1.031763842351694,0.9755990131553186
2024-01-03,1.3291718141638424,1.0117324032931696,0.9804999802800979,1.0679748013850874,1.1023521748960003,1.0130646698972603,1.026363515427319,0.975062944323788
2024-01-04,1.3337934661037834,1.0084734518186587,0.9770172722823541,1.066437261491864,1.0989700166695373,1.008930528585032,1.0251646713276326,0.9716503346998123
2024-01-05,1.347993876551941,1.0098547637745157,0.9769053060610389,1.067869843643725,1.0990185136137274,1.0105965070062668,1.0255391124571787,0.9694470491743404
2024-01-08,1.3860010649267662,1.0242714079042632,0.9867403751409751,1.0796646661382934,1.1123525783796575,1.0285614341380023,1.033666729288777,0.9693582161968292
2024-01-09,1.3907820357722738,1.022717457332004,0.9857615497999451,1.0769183317242,1.1067332819085074,1.0265150183379974,1.0315071215560527,0.9691934873928985
2024-01-10,1.4132667051730656,1.0285014262179586,0.9883426583106122,1.0813500777756815,1.1121377239922217,1.0335563477639502,1.0341011366745263,0.9667700993262969
2024-01-11,1.416691256009599,1.0280482075531028,0.9903292364669785,1.0809766460969874,1.107927854429513,1.0329326298145372,1.0342076847748662,0.9698207346563028
2024-01-12,1.4185648804449686,1.0287604179800018,0.9914611777825726,1.0835025196660968,1.112262765928703,1.0337457656939708,1.0363900411587499,0.9729118115591265
2024-01-16,1.4249672584957382,1.0249834153065254,0.9863139489219948,1.0764869766671343,1.1121691586200364,1.0289338217498565,1.030078602745172,0.9679006356717934
2024-01-17,1.4241737906428729,1.0192860025908486,0.9819400292633549,1.0707032594676842,1.1087085152794638,1.0216762982081278,1.024776686858223,0.9641546572284735
2024-01-18,1.4450830834970076,1.0283502405382083,0.9868143472846073,1.078188138055663,1.1288817055602531,1.0333110939910264,1.0304902670947649,0.9648902558456892
2024-01-19,1.4711807564874395,1.0411698928726343,0.994270287250541,1.0880088905069307,1.152178276915373,1.0499783087483765,1.0375346874078213,0.9658985044515082
2024-01-22,1.4732418720038702,1.0433712890125624,0.9962619053471748,1.09059405805639,1.1546182186897114,1.052788569247959,1.0394657595955727,0.9664066421830035
2024-01-23,1.4792508744443698,1.0464142899480924,0.9970287530031718,1.0935128004252521,1.1608611136844267,1.0567038782331322,1.0420143945823945,0.9662693923222981
2024-01-24,1.5060672923900131,1.0475581307534372,0.9967854488492275,1.099052356230587,1.1888190126629539,1.0581296624091021,1.0440853749772254,0.9616309764491372
2024-01-25,1.5127137669698987,1.0532557464937509,1.0018326797717234,1.10697376971653,1.2002801621854453,1.065533586162803,1.050309664646739,0.965699043917641
2024-01-26,1.5079045577503192,1.0519176111107142,1.0006199147905845,1.1072507114230346,1.1957457651001635,1.0636969946090322,1.0508507875414792,0.9649200647639572
2024-01-29,1.523891052556422,1.0602481856945227,1.006964336648285,1.1159738881882808,1.2126979125859119,1.07456885242495,1.0574330645358716,0.9697603952999784
2024-01-30,1.5218066614110288,1.0594281015104516,1.007272950490435,1.1162181026333775,1.2102661078876542,1.0734111637475205,1.0585353176090322,0.971960998763425
2024-01-31,1.5109700553450125,1.0421411627364554,0.9992392498966978,1.1062553237919126,1.188817052427227,1.050557917117912,1.0508040306439301,0.9752599611346411
2024-02-01,1.5310966452909696,1.0557808315800734,1.0093601342223222,1.1195736926953488,1.206138407165726,1.0683523960589811,1.0615330246850145,0.9814979465128434
2024-02-02,1.560087919109867,1.0668952799876106,1.0120286321309657,1.1315198310038277,1.2721735343052376,1.0828926335122482,1.0680837906212182,0.9753105243353615
2024-02-05,1.5856192848887538,1.0630106065815992,1.006485256995829,1.1263837925609474,1.2768675400988405,1.0776878458117745,1.063230389511871,0.9698622774939027
2024-02-06,1.5808876443241424,1.0660968517648288,1.0103400527526687,1.1309840700256315,1.2719854764088974,1.0816772643912895,1.0681522348312267,0.9733649086654492
2024-02-07,1.6066231980226053,1.074988518770665,1.0145675254072102,1.137874134673973,1.2961677255785082,1.0933246860860015,1.072246822707748,0.9716630938587444
2024-02-08,1.6039880354800768,1.075463258047052,1.0135918962711077,1.138538825550676,1.2934293682732771,1.0938741928209375,1.072499633962782,0.9700080118286379
2024-02-09,1.6347302174723766,1.0816789249863314,1.016979068497989,1.1437673118809422,1.3118539314368904,1.1020123934042856,1.075318038041428,0.9683041150337368
2024-02-12,1.6251244815990558,1.0812040503601863,1.0167943524088408,1.144979028501069,1.3125172918234669,1.1013044450882927,1.076589684719644,0.9681438899200192
2024-02-13,1.6048343390902542,1.0663126669540517,1.0046410116999829,1.1286094213090359,1.2844300415403302,1.081501061760446,1.0636354528545808,0.9615536048209332
2024-02-14,1.6370381521432014,1.0760029652073069,1.011902702108757,1.1395193806349557,1.3119835123325236,1.0941969069053898,1.0714192968655156,0.9627445218027212
2024-02-15,1.6390420526863234,1.0834269671116457,1.0170474833046885,1.1487940356869204,1.3204047040101652,1.1039303038925232,1.0788348891611461,0.9648520612698028
2024-02-16,1.6299386363006196,1.0780315873810744,1.012712999743364,1.1445303293706077,1.3084391023019613,1.0967024721544378,1.0760504056296138,0.9642361601428218
2024-02-20,1.5968352486465753,1.0720966358400066,1.0097401505577004,1.1400934823616833,1.2858582796132563,1.0887726125916941,1.074424757998229,0.9658430270160407
2024-02-21,1.5796044317960134,1.0730677026791908,1.0090819540107816,1.1401817986697962,1.2772100829847235,1.0899765827272092,1.0754025661770859,0.9636502057243028
2024-02-22,1.6964794127847342,1.095275484932008,1.0219356298060787,1.1613301780881984,1.345587006751873,1.1192150804673549,1.0878518440173646,0.96478581477065
2024-02-23,1.6864602580579173,1.0960307365819695,1.0238743843362734,1.1625898207110876,1.342196465427014,1.1201382268134914,1.0899716724941835,0.9696853894573905
2024-02-26,1.6935500735904467,1.0920166011323762,1.0207401986007332,1.1605153164740896,1.344245272453503,1.1147233550954923,1.0875383597454515,0.9675400507213113
2024-02-27,1.692931210278811,1.0940452909810225,1.0213298208868553,1.1624645546338048,1.3452483881822725,1.1173351639914995,1.0889559347671998,0.9659307495998462
2024-02-28,1.6819618360186064,1.0925994171905722,1.0213185955882695,1.1600427204851051,1.3408690346852137,1.115335024467964,1.087346701362463,0.9681724350786113
2024-02-29,1.7047695994709589,1.0965271318196457,1.0241931348732924,1.1658739277135812,1.3554197209107741,1.1204661784610177,1.0907942777041342,0.9718167543996891
2024-03-01,1.7592266556653957,1.10682163139287,1.03192690211583,1.1785743337306733,1.38711421512753,1.1340571716327192,1.0989897949991088,0.9787455008627934
2024-03-04,1.7770496342553983,1.105634817039342,1.0302464682082384,1.1821130191021616,1.3959315748573482,1.1323947634869564,1.1010482734496239,0.9820745587915488
2024-03-05,1.7559111769009002,1.094584727441761,1.0263058954581408,1.1753559209036117,1.3718675496800776,1.117596554414172,1.0964561094570344,0.9872247152948742
2024-03-06,1.7970941550752353,1.1001312928520828,1.0300540150399,1.1856638064091096,1.3964072756301644,1.124876748524668,1.1031947663533412,0.9899610100129947
2024-03-07,1.8618765649330444,1.1110515820316864,1.0370681011567624,1.1984207942600709,1.4338619906277719,1.1393078530776997,1.1103181068289167,0.9904965701503209
2024-03-08,1.7966252256042647,1.1043828994521883,1.0337102093792994,1.19058660996131,1.3956975066049118,1.1303339328882263,1.1071772065260763,0.9929854907822127
2024-03-11,1.7456214082804336,1.103433353224535,1.0327139755968762,1.1855488344231027,1.3658396438410667,1.1289892935984394,1.106292391208458,0.9934916399991766
2024-03-12,1.8136468482868227,1.115303391656429,1.0383208419630736,1.1962422633913037,1.4024315465802955,1.1446924648292633,1.1116195865752811,0.9883767994561514
2024-03-13,1.7942019284305095,1.113555214181357,1.0365806698848616,1.194939969568677,1.3979414325888238,1.1422773777589736,1.1114495941381133,0.9888535030184558
2024-03-14,1.7683679761270543,1.11135375036655,1.0327185278062214,1.1886104026908888,1.3919992811750541,1.1392590778249023,1.107402581620661,0.9850357455453641
2024-03-15,1.7470610417674421,1.1037226633323833,1.0284179156386477,1.185131638857596,1.3750123850555616,1.129005033538947,1.106073613016829,0.9843256468112712
2024-03-18,1.7660971309558464,1.110282186332008,1.0316580496533205,1.1894291249610456,1.3866944113383732,1.1376445935240507,1.1089399848126122,0.9846672181050189
2024-03-19,1.7775877164516785,1.1164523080777011,1.0361173846765923,1.194147729636092,1.393072691796745,1.1457798123698764,1.11264927207384,0.9860991412383845
2024-03-20,1.805197578537493,1.126778614844069,1.042716212681561,1.2037213976492984,1.4122412938997932,1.1594707816106302,1.1191470485442356,0.9886673385478856
2024-03-21,1.825880357686969,1.1305024250626288,1.0450821326330915,1.210122703559394,1.4268822368347682,1.1643679852074718,1.1238573024701737,0.9908656466622512
2024-03-22,1.8388650574000023,1.1283591616437867,1.0452198076731436,1.2090514360008981,1.4351685552700686,1.1614141380833103,1.1224916431614589,0.9924122749122251
2024-03-25,1.834308884053358,1.125241582991567,1.0427172767390076,1.2081352546796778,1.436063976788666,1.1571582393834745,1.121702677343674,0.9913356165482382
2024-03-26,1.8077561151002897,1.1231633551314715,1.0419876201470866,1.2038289447277852,1.420143818036172,1.1542963151900536,1.1202094069728599,0.9932166030833465
2024-03-27,1.793637672743804,1.1326025119086507,1.0486037215331714,1.2128435206945416,1.4142596251439503,1.1668212350370102,1.1294411830997722,0.9980469420552731
2024-03-28,1.7831165272100415,1.1323857492711213,1.047969574341143,1.2146023703760178,1.4088055442722893,1.1664473899246768,1.1318332344157505,1.0023073608968511
2024-04-01,1.8022441301000174,1.1304157335425928,1.043824951838395,1.214049488890311,1.4237429858300432,1.1637251165933729,1.129863963304642,1.0016072515633236
2024-04-02,1.788536539281186,1.1232282553404598,1.039538538271938,1.2081750577274997,1.4112031418050592,1.1540199473624715,1.1251964440554494,1.0046011688979235
2024-04-03,1.8031943057362148,1.124462171409792,1.0404809305419604,1.210505655656568,1.4170161395649379,1.1555851953503662,1.1257877917373464,1.0060795864764214
2024-04-04,1.7734844255740634,1.1107369615190816,1.0338412201292144,1.2018919589235888,1.4027922423249906,1.1371604102944814,1.1198204583905056,1.0060497319741168
2024-04-05,1.819198253899693,1.122340631627118,1.0382707997385006,1.2131838989128265,1.4325322327598524,1.152518287423674,1.1267886499543622,1.0081677665836026
2024-04-08,1.8070725414593725,1.12296831613011,1.0382318977368286,1.2130563137839918,1.4221101741679953,1.1532737508228026,1.1271905296186802,1.0094959419530183
2024-04-09,1.7976921540715618,1.124267403107947,1.040370132415221,1.215791744674828,1.4189815049308143,1.1549253503380739,1.1302432026483902,1.0134998245564355
2024-04-10,1.8025147308775147,1.113010025355901,1.029138083670818,1.2050951786804571,1.4251837853117184,1.139804566677834,1.1209592686752043,1.007120327737341
2024-04-11,1.8387459405048137,1.121409831340956,1.0338805327769347,1.2116537927566133,1.4429617903564886,1.1509025365144,1.124066140645504,1.0127842060605472
2024-04-12,1.7941615448988746,1.1059308269602142,1.0260874491265102,1.1972421368161632,1.418109055696837,1.1301620923845748,1.1146041142056775,1.0122017868431292
2024-04-15,1.7633505934310358,1.0920756813017685,1.0158905932099318,1.187359985381269,1.4024411589461954,1.1116602594793707,1.1084818104616763,1.0147361533323582
2024-04-16,1.783683125398558,1.0900839419370718,1.013628068198126,1.1839121198088078,1.4043668096236752,1.1089345449901615,1.1039679194238534,1.0138183214692542
2024-04-17,1.7247400208930808,1.0836325633941353,1.011899415175223,1.176856741173326,1.3734066647388543,1.1005300951549641,1.1021752386027563,1.0133380709912627
2024-04-18,1.725205496602345,1.0814027438050153,1.0095059493886318,1.1768987383733793,1.3788611364825454,1.097519798504797,1.1024151818039745,1.0135951153567702
2024-04-19,1.642667358937634,1.0719638577273523,1.0046381767627237,1.169606324453707,1.339637291939981,1.0851560401916713,1.1026668947026184,1.0154410697510723
2024-04-22,1.6695859919950775,1.0818357276810415,1.0104380150619499,1.177110867566127,1.3435441904938572,1.0978813446260514,1.107424256962455,1.007365424772459
2024-04-23,1.7158328239798328,1.0946735168830473,1.0184744984968965,1.1895201181114807,1.359720441770852,1.1142928462793662,1.1147148088007794,1.0058641465889209
2024-04-24,1.6932902382208515,1.0941539091618642,1.0171184677322942,1.1879020957073883,1.3550930042570142,1.113535359470245,1.114871638379055,1.0038283255302551
2024-04-25,1.6661246389860074,1.0899973180919151,1.013648037819934,1.1806466848638921,1.3355493954261348,1.1082485636951684,1.1105583030398039,1.0033037834347924
2024-04-26,1.7060597396838761,1.1003237602080411,1.0203015050551052,1.1889343635921998,1.3502526787486235,1.1212284361963116,1.1150377854892064,1.0070331086727788
2024-04-29,1.6902249369050133,1.1042206150922775,1.0237109490732157,1.188819356706981,1.3353361692322872,1.1260390409758205,1.1163520368089852,1.0075071521833319
2024-04-30,1.6602826489576388,1.086728418410187,1.01230495188348,1.17168475456727,1.3115214817936858,1.103119925392714,1.1039085155329191,1.0006997301012768
2024-05-01,1.6422911241502667,1.083199579518109,1.0117581773193682,1.1683238289817923,1.2959535076919815,1.0983548545570092,1.1022297541810044,1.0052140825220321
2024-05-02,1.6693416532003744,1.093331185657511,1.0192604065959636,1.177668679336142,1.3024373690471345,1.1113719053821192,1.1082447500357115,1.0036793323885402
2024-05-03,1.7130064561263019,1.1068833508825446,1.028924898737356,1.191149935594991,1.319111439314776,1.1288524349414912,1.1164725541487819,1.0054315979940294
2024-05-06,1.7533119070112235,1.1183139086500256,1.035594971989142,1.2019642555529946,1.333168115139464,1.1434658900173647,1.123133981743454,1.0098600761752845
2024-05-07,1.742935130924515,1.1195480277439946,1.0371408115705403,1.2047908024957739,1.3381743268230473,1.1449517780093148,1.1268745767594333,1.0107298191821765
2024-05-08,1.748362361141744,1.1196561722006826,1.036339720905312,1.2042980294354035,1.3386910553767515,1.1450200593128295,1.1260360143357109,1.0087202532299027
2024-05-09,1.743748387780763,1.1261073477189822,1.0406955928508714,1.2114926187373587,1.345311923692399,1.153091482470922,1.1328420655133045,1.0138900687018089
2024-05-10,1.7594320318155323,1.1275580264258436,1.0406349124229897,1.2146337703638932,1.352145126944666,1.1548193624272725,1.1345306809547984,1.015475089055516
2024-05-13,1.7472768473994051,1.127709550479989,1.0409350162434878,1.209758582240253,1.336788440346918,1.1549271966850774,1.1317765217745508,1.0123096333532875
2024-05-14,1.755407985961078,1.1328834980063782,1.0449238962249103,1.215537884838401,1.3455519236209905,1.1616294287370008,1.1359109144875845,1.015945772497667
2024-05-15,1.794843910367823,1.1469120267048956,1.0554552085556987,1.2301269828841184,1.3650890566165461,1.1800813026116672,1.1455736877272338,1.0220213996709935
2024-05-16,1.7754994680984244,1.1445524743726774,1.0536739614413408,1.2257028203531568,1.3574227888881463,1.176838769249169,1.1439246775848073,1.021054559319936
2024-05-17,1.7670645279117214,1.1461977860316255,1.0532345684489217,1.2270065804275863,1.3598433036544104,1.178917203650458,1.1456041071906133,1.0245141000896827
2024-05-20,1.7841644054638297,1.1475183936209936,1.0535698423174376,1.2288929611412676,1.3648601086897856,1.180538144914883,1.145106863724356,1.0255394408455514
2024-05-21,1.7757985622512698,1.1503324504407693,1.0559042318388345,1.229974649314899,1.365737835300885,1.1842163430522408,1.1465085038713017,1.0263540846190937
2024-05-22,1.775470248123964,1.1470204418610996,1.0535560957666739,1.2253310961684238,1.3502039724592747,1.1796978784901269,1.142561551321229,1.0211430162066524
2024-05-23,1.8270486471167384,1.138642291837334,1.0477604600384691,1.2224695144600097,1.360296988118336,1.1684082543211016,1.1355439622693706,1.0135636599843727
2024-05-24,1.8670182607393826,1.1461758593708202,1.0523949200983238,1.2310741441582822,1.3705498953223385,1.1783715533824732,1.14030196982798,1.013686371448176
2024-05-28,1.9271301175504483,1.1469771299385212,1.0508721997414165,1.2358997952675252,1.3975245173053625,1.1793580837922988,1.1388247595108172,1.0131105729707799
2024-05-29,1.906849859862384,1.1389453399456249,1.0448373692168844,1.225025687897503,1.3923100338184187,1.1685344073097592,1.130016076322076,1.0088773675496416
2024-05-30,1.8803201300121712,1.1313897780764541,1.0426369558731323,1.2235230526268916,1.3853501341612064,1.1583703991025196,1.1311326854097732,1.011211106427054
2024-05-31,1.872243572931082,1.1416946995810489,1.0496758061402873,1.2303702462496333,1.3906682373490968,1.1719995225925095,1.1385576931032098,1.01100115060464
2024-06-03,1.9151781812683362,1.142625635216969,1.0527263621560594,1.2341777990988576,1.407001596583309,1.1731578847785291,1.1394540106241462,1.016375707076931
2024-06-04,1.9137801322539816,1.1439029308837585,1.0549537424498616,1.233172722424198,1.40449911888447,1.1747785401766504,1.1390622495096907,1.0164373823414354
2024-06-05,2.0158368734180288,1.1574984080313706,1.0637752782124044,1.2510399326788992,1.4205368286015727,1.1928404686760505,1.1488334818206198,1.0225902965865097
2024-06-06,2.0120140927818997,1.1574766167203234,1.0638941531863888,1.251746332449806,1.4201360240305985,1.1927259524393412,1.149401817584356,1.024355123788947
2024-06-07,1.9989605994049586,1.1560696559853147,1.059359963504261,1.2431972981721509,1.3983266996984636,1.1907553305801395,1.1431876529907532,1.010081894671639
2024-06-10,2.0239510941400614,1.159641671450213,1.0609709495251745,1.247673038900389,1.4043236758386892,1.1954518971416692,1.145986134773051,1.0123354149703285
2024-06-11,2.0205488572668893,1.1624343430082156,1.0639542056262405,1.2476875930197806,1.4047176700427741,1.1991080808344228,1.145725758549971,1.0161885245933029
2024-06-12,2.059406154224319,1.1719816442420827,1.0712164788861993,1.2573063185275521,1.427251049391849,1.2118217683118218,1.1508889521058776,1.0180568468903868
2024-06-13,2.0658659525274494,1.1743410612245428,1.0746660674644544,1.2576005808668689,1.4322814592709212,1.2149058811055264,1.1511553933797862,1.020325273720077
2024-06-14,2.0642295327789295,1.1750557079470871,1.0754975256324806,1.256073380412916,1.4286614970146536,1.2157800590577106,1.150424880486182,1.027455138988031
2024-06-17,2.07989629987826,1.1844076994800774,1.0790897533924266,1.2592728950861503,1.4291764683080455,1.2282685007531944,1.1528018395310313,1.0224921101202296
2024-06-18,2.0978048825249482,1.1874172013504882,1.0822826148007882,1.2642307096656806,1.4405512360833859,1.2322368996611583,1.1563444936079579,1.0260916616373268
2024-06-20,2.075177918793512,1.1841915459164594,1.0797665290460117,1.261974989548957,1.4313176334729134,1.2277958285956618,1.156374770240147,1.029718975306745
2024-06-21,2.039917312196016,1.1826036225549277,1.0789412258356668,1.2561841301919747,1.4113551454352002,1.2255670598000938,1.1537899699003336,1.025491324688283
2024-06-24,1.9865433496517153,1.1787595540763338,1.077188040681431,1.2543454689844875,1.3840945775230211,1.2202990114729466,1.15582599773163,1.026605071452116
2024-06-25,2.0542406084247986,1.1832987789123117,1.0796308129789376,1.2585959881505573,1.4106728451174166,1.226319073229,1.155739002302306,1.0256164533732737
2024-06-26,2.0549333832276915,1.1847757154722365,1.0784940966465122,1.254816627421097,1.4083527668582374,1.2282208187083254,1.1524763746063822,1.0205874645604274
2024-06-27,2.0587266461481835,1.1866434067836735,1.080222955399624,1.256773825599785,1.4072182710635552,1.2306494805637547,1.1539839314463405,1.0247923586231673
2024-06-28,2.034377064764414,1.1819738401306863,1.0755458232900235,1.2525713664789875,1.3962527495794834,1.2242640157427251,1.1510001250078161,1.0204307096087515
2024-07-01,2.0463125866088894,1.1844063459824976,1.0745625558276577,1.25130025099065,1.4061587728357923,1.2274511014173326,1.1485664714973218,1.0171641055018068
2024-07-02,2.0520498474461224,1.1923772285842678,1.0803288809501057,1.2570585350757983,1.4097677252075815,1.2380990605458977,1.1532777284236817,1.0188070237569966
2024-07-03,2.0943151944550604,1.1976983689725444,1.085548026713023,1.2654237670197779,1.433494839647528,1.2451913218021402,1.1577287966207908,1.0246071372591552
2024-07-05,2.119854705554061,1.20460486107695,1.0914948999459362,1.2720534353624704,1.4376954374637145,1.2544341647853212,1.1625631130214196,1.0304875375688463
2024-07-08,2.122139045219835,1.2059950384419595,1.092384522449821,1.271023516490458,1.4440856068804215,1.256226102716465,1.16179569725095,1.0274178735427895
2024-07-09,2.127332788695783,1.2071675733960125,1.0926178020546138,1.2713224184903429,1.4429433277582429,1.2577237971399942,1.1616886073524573,1.0273949997555532
2024-07-10,2.174515312762866,1.2191128662933863,1.0995484745033808,1.2822139247433584,1.4707863812402349,1.2738084597772394,1.1690174465320802,1.029043407292375
2024-07-11,2.089719122636613,1.2086010626836006,1.096105468269835,1.2814456143770703,1.4429103513513872,1.2594346244699306,1.1726094465897237,1.0360903941724473
2024-07-12,2.09658367685026,1.216224502456437,1.1014583122589487,1.2863904867846017,1.455460041765064,1.2696689919941622,1.1768861757829587,1.0362369298302596
2024-07-15,2.07778327775352,1.2195689949780404,1.1017499465504987,1.2844814372004734,1.4412098801507527,1.2741159563907984,1.176055813873834,1.0349827308004038
2024-07-16,2.063797964793601,1.2268012739500904,1.107466901665006,1.292174753789906,1.4431128623441265,1.2838446021908434,1.1848697695396206,1.0449595765639967
2024-07-17,1.9106493685350454,1.2096000792478239,1.0984572538449373,1.2726963367252484,1.3776361470834868,1.2603444381958315,1.1767988576738122,1.042251870596208
2024-07-18,1.9363760070806981,1.2003045285639438,1.0921857389466767,1.2681255767059618,1.3729144991506719,1.2476593490564183,1.170485377397583,1.039474336261601
2024-07-19,1.9044939266650376,1.1923337813119315,1.0869423155054865,1.258421998155627,1.359590417628365,1.2367961036566089,1.1646922148299055,1.0328332325669214
2024-07-22,1.9718339407791372,1.2046266523879974,1.0934830347193505,1.2734769593473787,1.386508806175761,1.2532795657657443,1.172873794142242,1.0321268200312188
2024-07-23,1.963581976699529,1.202737034415755,1.0924084311823496,1.27082966816992,1.3856870434628619,1.2506334440122315,1.1709813179757493,1.033527115600277
2024-07-24,1.8536406826081424,1.1754798940888407,1.0762064846164234,1.2475830574008642,1.340022340561517,1.2136875524340827,1.1577552755896718,1.0296856259499243
2024-07-25,1.8286599960043755,1.1693553175367342,1.0740277023647196,1.2426421756385924,1.327813816269223,1.2053775344106998,1.1553657604967447,1.026623235423031
2024-07-26,1.8636777175357033,1.182451895476146,1.0827759252033828,1.2569042707577445,1.3434810727254698,1.2228363163504026,1.1660668710944762,1.03198482562358
2024-07-29,1.846867427252952,1.1831466457842557,1.083861854571841,1.2540152125038693,1.3385395904467958,1.2236828261161126,1.1654256563757934,1.033677140874571
2024-07-30,1.7980486853486182,1.1771524110491587,1.081004138567856,1.2509555782558917,1.3161569330403562,1.2155333986672177,1.1658820986439975,1.0380380689751298
2024-07-31,1.9276955342451199,1.1962865356462462,1.0938660271520666,1.2722356737989036,1.3619577452386444,1.2411243811030779,1.1755979209436584,1.0453711772797785
2024-08-01,1.883222376988899,1.1793460245779985,1.0863956472959069,1.2594300695604415,1.3293828565609282,1.218180657874418,1.1693329285829275,1.0477808396784207
2024-08-02,1.814090393276375,1.1573886393775876,1.0791055179491806,1.2426839257058648,1.3007018792358591,1.1886001301672589,1.159769497939724,1.0523706911638828
2024-08-05,1.7712982895755514,1.123681000281164,1.0598900271567808,1.2177261172242848,1.2557731262734673,1.14349997143707,1.1396196384284591,1.047285984071121
2024-08-06,1.8130135676199854,1.134040941462409,1.063208002278165,1.2294381200389513,1.266866886517931,1.1569545284736875,1.1461987565460237,1.040008872226577
2024-08-07,1.8145504494524587,1.126460813612151,1.05766184015087,1.2239747774313519,1.24891315758168,1.1480064971327295,1.1438872864809484,1.0384165797224443
2024-08-08,1.8243519019088956,1.152501836362918,1.0716810300912996,1.2460529605336295,1.2747911497717586,1.1783028032897962,1.1580791149328713,1.0424598584906206
2024-08-09,1.824736439682946,1.157583813728707,1.076028270341949,1.2503090515186872,1.2786938492455706,1.1840931180579786,1.1620591792106774,1.0455615251546768
2024-08-12,1.8341105284294446,1.1581920755414177,1.0771018989281917,1.2515269536112026,1.2862788581041424,1.1847389388306486,1.1619779402756478,1.0522956517267932
2024-08-13,1.8284497761400265,1.1772391702440739,1.0894518429539706,1.2660757437610133,1.315962972342953,1.20554973261028,1.1703426522099982,1.0524359374129164
2024-08-14,1.8245700190328566,1.1809531676051745,1.0922967897516127,1.2696908094893422,1.3222821380777219,1.2096257883198198,1.1728887963517987,1.0515852305635889
2024-08-15,1.8282106402477176,1.2011949946222051,1.1016893968268866,1.2855858075322761,1.3348281064037402,1.2315450666403154,1.1818927695467414,1.0511822629094176
2024-08-16,1.8377850168058643,1.2038880487582773,1.1042301969221306,1.2881359117963558,1.3345278805351823,1.234411805613641,1.1842313447345534,1.0584217982820716
2024-08-19,1.8339689643742023,1.2153988689322863,1.1110457369868287,1.2995979803885087,1.3521425152756201,1.2465384767269583,1.190864360100909,1.0574136685369342
2024-08-20,1.8340372725450234,1.2134226271148871,1.1112895218669547,1.295753353335994,1.3474909763657346,1.244438152637364,1.1891471144823282,1.0598099248681716
2024-08-21,1.8315440052637673,1.2175924824611257,1.1144201321682978,1.302137020817543,1.3564299912147526,1.2487942848598172,1.192884336974477,1.0589836293676427
2024-08-22,1.8272643998084552,1.2080361127934685,1.1073555221466103,1.2919235301432193,1.339044883092976,1.2387026136427024,1.1879019318230175,1.0534179025031651
2024-08-23,1.832021896070708,1.2208721424486195,1.1164433313160564,1.3051132100538605,1.3580339279639992,1.2522546706644957,1.1966576084763005,1.0571282932805133
2024-08-26,1.8322959296881525,1.217961716601107,1.1144468502071079,1.3016744090615249,1.3474300851437973,1.2491902309190628,1.1964070831161329,1.0581563615200058
2024-08-27,1.834014164660337,1.219634233561425,1.1154971883556346,1.3026213141596332,1.3506475310271069,1.2509282793313583,1.1964444609317666,1.0579006533407334
2024-08-28,1.829074841276555,1.2125539523676736,1.111210456872167,1.2971862612366856,1.342696768538185,1.243467077710215,1.1936061058622922,1.056706709971532
2024-08-29,1.8216297950701914,1.2126625028736358,1.1106950262635291,1.2962954376490037,1.3246083094290897,1.2435664084562756,1.1951803112666362,1.0586005351379433
2024-08-30,1.8262752774725972,1.2242384262812704,1.11598918532105,1.3036705874102898,1.3360323142528017,1.255748008555903,1.2001937621103904,1.0544565983989063
2024-09-03,1.7957836069380002,1.1990446930159442,1.1040812671307516,1.281887477990548,1.3186189092216765,1.2292009928938061,1.1904575337966956,1.0574826209434858
2024-09-04,1.78630880373668,1.19659080190236,1.104658452692851,1.277806826982304,1.3204791516773025,1.2265422643676267,1.1894430021022402,1.0596660158516418
2024-09-05,1.78837767578812,1.1936803760548471,1.1041832429411376,1.2754865971958111,1.3103733587334367,1.2235974813503985,1.1873189911233493,1.0637570326062318
2024-09-06,1.768054474685119,1.173590546816115,1.0935916981204643,1.2567546744058908,1.3018082845930474,1.2032795056481747,1.1768665462982808,1.061930491324096
2024-09-09,1.7788328498228354,1.1867301659785892,1.1015813870604314,1.2687028204649717,1.3129274123495371,1.2165367742355033,1.1862261208565983,1.0657758342894095
2024-09-10,1.7845709898781947,1.1918994439383253,1.1058076844763007,1.2717130759464041,1.3170413458357038,1.221622437129194,1.1884495867052385,1.0694445694553576
2024-09-11,1.8087433621926818,1.2041268057314913,1.11247805139462,1.2853462279694603,1.3129082601875977,1.2336029338989216,1.1931978864479662,1.068988420345793
2024-09-12,1.820450023989543,1.2142699166003281,1.1177015541731719,1.2939994472139669,1.3214101211320284,1.2435163157801896,1.198277748846453,1.0726484476599274
2024-09-13,1.8275531319990317,1.2206115941643592,1.1221270542784747,1.3028003585270909,1.3331598981069475,1.2496656572110532,1.20486350303134,1.0767055593879116
2024-09-16,1.822032075571028,1.2224141822421704,1.1241797086400236,1.3066168672887208,1.3405841655495827,1.2514103975283184,1.209177415657481,1.078052788655459
2024-09-17,1.820331434493671,1.2229136228494029,1.1240135403130802,1.306992974809913,1.3359040749320823,1.251892604809046,1.2088518042946537,1.0758786005234158
2024-09-18,1.8110986139591077,1.2192867907324914,1.1206011384163295,1.301137626688667,1.3291060531495467,1.2483806148997645,1.2050394096273374,1.070369062488457
2024-09-19,1.834177451698171,1.2400930262406225,1.1321095091525128,1.319215398207677,1.340137559084485,1.2685335202987986,1.2140347374603362,1.073913673234765
2024-09-20,1.8317469302488143,1.2379493567725062,1.1305335844969617,1.3149506895101628,1.3464926060858138,1.266433298341674,1.2133107351013852,1.0779775590648586
2024-09-23,1.835399292589045,1.2410427754929128,1.1320487603842397,1.3205195614433147,1.3510406158543087,1.269363546151575,1.2177052179449346,1.0785928203064397
2024-09-24,1.8481640557684949,1.24459394709507,1.1346164038518092,1.3264167120227912,1.350924875539323,1.2727255359459153,1.2201588742995761,1.0822204388968368
2024-09-25,1.8548193161519286,1.2418489186519037,1.131371630448541,1.324501594242368,1.3467456235844815,1.270125412922201,1.2174434526277051,1.0812126228245995
2024-09-26,1.861761545263846,1.2467725368007652,1.1341503967001352,1.3309246432182902,1.3449452766840004,1.2747923518228903,1.2204951444227339,1.0821859822201234
2024-09-27,1.8524883824619858,1.2449642640331156,1.1344610294925783,1.3304126214569725,1.3459685878586822,1.2730770263463231,1.2217726558189403,1.0808511788847968
2024-09-30,1.850463746659771,1.249953120765361,1.1361568481833806,1.3308965160085144,1.3507587969996304,1.277812084229297,1.2223139917467893,1.0776696420599645
2024-10-01,1.847247767619173,1.2387553645817393,1.1312454204624256,1.3253076540740505,1.3555114466851779,1.2671758355611995,1.220591118536488,1.0846491686117108
2024-10-02,1.852852829485994,1.2392783560468736,1.1305919439209475,1.3267422631613246,1.3533310673995618,1.267664694033831,1.2204376412857256,1.0838928580088782
2024-10-03,1.860506922091758,1.2370127364467474,1.1275151621647435,1.3257694887088725,1.347212185456151,1.2655249026523856,1.2170024635737806,1.0818516411694812
2024-10-04,1.8672027588541489,1.2482538045529477,1.1307405962783283,1.3321684808049299,1.3495615477626188,1.2761350239479812,1.2200528057020925,1.078979717561958
2024-10-07,1.8654428571918835,1.236969153824653,1.123065728091863,1.3236488010309957,1.3343334476692217,1.2654079369173354,1.2126030450278622,1.075786135502516
2024-10-08,1.872604489588412,1.2486678394628459,1.1302010160401161,1.3278306667481872,1.3367908439392868,1.2765347486113159,1.2143622587587626,1.0738452337359061
2024-10-09,1.8755890361299103,1.2573168243524848,1.1337150974531016,1.3322677243022614,1.331988150892082,1.2847145102291044,1.2172852345346101,1.0716050747204775
2024-10-10,1.8786067055732536,1.2551163079859842,1.1322505075329106,1.3302224249571781,1.3258517115842892,1.2826443287037403,1.2153958552730604,1.0732630376949928
2024-10-11,1.88649051517457,1.2626321447011648,1.1364520128452988,1.339824415246588,1.340217087400115,1.289686295417097,1.2228941756495972,1.0767251073296547
2024-10-14,1.8973428946503852,1.2729583837926537,1.141612511197682,1.3479206272449988,1.3498290197084104,1.2995452711475812,1.2275193269560245,1.0769879603162968
2024-10-15,1.867823857454932,1.2630679709221104,1.1381214652533773,1.3302932793312414,1.3284604290788635,1.2900672770269974,1.2225927333527975,1.0815662666483103
2024-10-16,1.8682089778347244,1.2685577571089268,1.1416808885476617,1.3327267582216502,1.3405889810793634,1.2953324694074988,1.226509659611184,1.0852781774696236
2024-10-17,1.876673814768621,1.2686667136641632,1.1394977734521057,1.3323494945833356,1.339301335376856,1.2954364333327089,1.2240625683353972,1.0843569960872947
2024-10-18,1.8863185787014443,1.2735466138411722,1.1424468163071615,1.337998806255036,1.3458374068517132,1.3000557940129314,1.2271829812790027,1.0877148127907412
2024-10-21,1.8931821819418773,1.2714551893796662,1.1381498938833547,1.3324901616218707,1.351663564782854,1.2979433190646423,1.2206468525421204,1.084230468795893
2024-10-22,1.8998733473861398,1.2707799294367168,1.1378789331625463,1.3344353658960832,1.3533298505935194,1.2972496863266134,1.2218739065769486,1.0887519240279386
2024-10-23,1.8856526818773112,1.2591684090427129,1.1304858801938285,1.3250000039001884,1.3352052898488356,1.2854076448787122,1.2168351465484755,1.084211187840002
2024-10-24,1.889774765433052,1.2618915108250737,1.1328239259371717,1.325766683454224,1.3388100589826246,1.288175872615041,1.2166124180835087,1.0874847496136084
2024-10-25,1.8942350529323593,1.2614555492543702,1.131670843627787,1.3239750736917817,1.3393524411993922,1.2877058381468827,1.2139817147006102,1.087824554066176
2024-10-28,1.8933474381373798,1.2653553818332839,1.1330329135628379,1.3272027758734821,1.3451499032261955,1.2917095890622967,1.2167004315429086,1.0869824587992905
2024-10-29,1.9026843037045602,1.2674030883229375,1.1346393134747315,1.3283035784614194,1.3485716878484126,1.2938098279365833,1.216269545829178,1.0916800222291003
2024-10-30,1.8955038650917762,1.2635691710761978,1.1321182438380402,1.3240189928321422,1.345941065646904,1.2893702899779567,1.214742489046047,1.0933023660686798
2024-10-31,1.8718682364836552,1.2387990825535917,1.1186997045246185,1.3059128523754076,1.3075170425639528,1.258463065088615,1.203175827079944,1.0874544980099656
2024-11-01,1.8760711663515652,1.2440275083575991,1.1197494487787798,1.305783268479327,1.3142770872028056,1.2648251657908793,1.2018207746359026,1.0837614967912816
2024-11-04,1.8747120294373323,1.2413477184978166,1.1201780438377191,1.3063647863721362,1.310109139527063,1.2615124660920638,1.2026554988758755,1.0868159694081343
2024-11-05,1.8834291862975774,1.2563581420161627,1.129350204511722,1.3196236995932926,1.328861139711123,1.2803326095161751,1.2118047951722322,1.087893671589691
2024-11-06,1.8851796476059366,1.2875982196734383,1.1426451666404946,1.3295839878728968,1.3579639700451418,1.3196696370280872,1.2177599089971605,1.0747531096953313
2024-11-07,1.8990862195338063,1.2975538711273653,1.1514118256418704,1.3421226532039112,1.3706217179194318,1.331962817322999,1.225794101953164,1.0820047704317959
2024-11-08,1.895983555605699,1.3031746758799816,1.155199287005758,1.3439396306251767,1.37551943708635,1.338632299038875,1.2295105712909153,1.084207527886919
2024-11-11,1.8850960611018173,1.304416374560402,1.1548258986315971,1.3415701235759359,1.37838658283295,1.340012161366295,1.22767976372448,1.0760167163345438
2024-11-12,1.8858533233766683,1.3003644088534316,1.1499928534653112,1.3353456223187492,1.3768697447211373,1.3349630863149677,1.221088375337179,1.0702947766873745
2024-11-13,1.8814759643273622,1.3009959508245283,1.1502335427563573,1.3335168269512157,1.3688639690853288,1.3356657512483634,1.2202820577301488,1.0668120517819295
2024-11-14,1.8847968776080064,1.29263052367802,1.1456041500618677,1.331573658718983,1.3594064114865354,1.3252429788388724,1.2173481794766712,1.0680381135243697
2024-11-15,1.8671062873819555,1.2760735938241075,1.1368397115425504,1.3174659350378777,1.335404585458049,1.3046715854966169,1.2090222673667674,1.0666754956710973
2024-11-18,1.872734930491794,1.2813022903276308,1.1400520139595083,1.3227820969057684,1.3325416509314336,1.3109952802144527,1.2132747838209905,1.0722660233255714
2024-11-19,1.886001854079083,1.2859860687052143,1.1432043915299521,1.3286740817609421,1.3433254846341294,1.3165785419747897,1.2164111216289732,1.0765546883661694
2024-11-20,1.8885945618712363,1.2864216242266437,1.1429688094183608,1.3294998890260004,1.3442642666468831,1.3170494941015518,1.2177172271982135,1.0793384507660584
2024-11-21,1.8976899502583788,1.2933275749320168,1.146413342858719,1.3373414854176295,1.352219091677199,1.3254332639296285,1.2237584200207419,1.0831283192337346
2024-11-22,1.9000083499367233,1.2973360933666507,1.1488722999548329,1.3414832425299386,1.3487432286566912,1.3302724151476781,1.2288486661305917,1.0897367320904596
2024-11-25,1.8805770213463027,1.3017368554001356,1.1553421414587342,1.3439129626890243,1.3355323114143651,1.335619727976126,1.232589299751532,1.0832800276875394
2024-11-26,1.8822210971352138,1.3085338495502725,1.1582555500738079,1.3474592766587798,1.3398891813789688,1.3438992810075907,1.2356095924699346,1.083342716045401
2024-11-27,1.8765935448528392,1.304568913737733,1.1574160184369537,1.3465182458885219,1.3346659786134631,1.3387930985701848,1.235543007003407,1.0833036534408087
2024-11-29,1.8877950179444758,1.312672845151674,1.1635560301090433,1.3544925256238611,1.3457450749290587,1.3494716677480303,1.2409285046233403,1.0886399677048768
2024-12-02,1.893536954781885,1.3150259006955054,1.1648629151515515,1.3566995519933476,1.3503553008933695,1.3525061507855671,1.240911545485797,1.0878010217921117
2024-12-03,1.8995527629581184,1.315635651355555,1.1642905603237579,1.3576292254718083,1.3568181363097926,1.353212396181091,1.2398288949808298,1.0864150213997905
2024-12-04,1.9085067662444015,1.323805227402154,1.1701365112410764,1.361992471664786,1.369606818968806,1.3640363773276718,1.242605733914786,1.0900807057057906
2024-12-05,1.900616375127567,1.3216266376964587,1.1690745484519938,1.3608082891893387,1.364167050081799,1.361019705043682,1.2417210966271095,1.0861641279926415
2024-12-06,1.8998469242896836,1.3241319617181049,1.171725788598281,1.3602875877968523,1.3692359859620435,1.364275609331596,1.2419632188008922,1.0880691976829924
2024-12-09,1.897904047965229,1.3173133116066789,1.1667358228082727,1.3562016789502185,1.3505140016184447,1.3550423087089483,1.2394415967350465,1.0897787465275215
2024-12-10,1.8990095122845194,1.3132174925780977,1.1639927345088619,1.3512381318925217,1.3436111259885566,1.349466683830477,1.2363498551775594,1.0941340651782292
2024-12-11,1.9143616343549221,1.3233695365309663,1.168303540012542,1.3567769558488711,1.3643965304399674,1.3629283117724713,1.2383043062314054,1.0964293635016682
2024-12-12,1.9052884105458479,1.3165510217692984,1.1627971085058968,1.349550130706239,1.3532038297803155,1.353699052698747,1.2327486536999275,1.0889463896353777
2024-12-13,1.8959528643227619,1.316289390686973,1.1609054982058122,1.3449962426182334,1.3420823547322056,1.3532524116901117,1.2295174942483378,1.0819799650026365
2024-12-16,1.8952775732503426,1.321909924740073,1.1643047911373468,1.34362979176788,1.3434595916983783,1.3606655008712851,1.228371331802345,1.0830619482211468
2024-12-17,1.8928769668111725,1.316463450475835,1.1614242190050101,1.3399744763592905,1.3345435379375723,1.3532779954838536,1.2253323246543966,1.0824089699050128
2024-12-18,1.8770310040674565,1.2772283979598549,1.1371051928948375,1.3100411741804363,1.3049211698088155,1.300733531673845,1.2024395545135962,1.0751894673558984
2024-12-19,1.8786763070943717,1.276836154361004,1.1357215587270832,1.3053487437415838,1.3075482120005901,1.3000397729963282,1.1978495768339448,1.0731222862115868
2024-12-20,1.8865587227358744,1.292172364746995,1.1451226480251857,1.3145416044888003,1.3141057827257057,1.319284676964975,1.2052389660157357,1.0768330198909613
2024-12-23,1.8976036589269836,1.299910039715632,1.1478147416476643,1.3212152496589082,1.3339652323498414,1.3289701270347825,1.2083671552236366,1.0740382286119317
2024-12-24,1.902129760557489,1.3143586263882814,1.15598649138007,1.3295260236383666,1.3433763586894552,1.3468874630878103,1.2152250397965054,1.0765882884437425
2024-12-26,1.9028750240614127,1.3144461976817445,1.1563667113618985,1.3293098676028756,1.3407992584701849,1.3469062501873772,1.2153709598667926,1.078411058333011
2024-12-27,1.8930016664068543,1.3006096626150319,1.1481033992929122,1.3190441137848639,1.327103462554442,1.3298427828154724,1.2074420378265165,1.0735457757256097
2024-12-30,1.8872773730758883,1.285767614195709,1.1420397167088416,1.3112991011636734,1.3265171548918728,1.3113202909245865,1.2024645233046123,1.0749969297381634
2024-12-31,1.8857418835606181,1.2810899265572382,1.1389805298786235,1.31034326609736,1.3227588484921151,1.3055421402006868,1.203073991270303,1.0774265682883197
2025-01-02,1.9025716686746326,1.2779422325838505,1.1373469955405036,1.3150181642612726,1.3320375709914207,1.3017252942844009,1.2056205015262946,1.0854696836209903
2025-01-03,1.9113685986500804,1.293920948271341,1.1454026969589268,1.3262207069403193,1.3482338007003432,1.320832572255128,1.2120216198060065,1.0808721133607226
2025-01-06,1.9279817139552224,1.3013746594475732,1.1488846279216631,1.3344550765805672,1.3573978830103592,1.3298275720447428,1.2135558304783969,1.0773791030608928
2025-01-07,1.915627834201989,1.2866639002935665,1.1394724533594913,1.3243016909830916,1.3362327921172803,1.3120069254316569,1.2080048862066888,1.077891187517818
2025-01-08,1.9164449200209785,1.2885436377334705,1.1409913635045448,1.323560827028121,1.332166642098473,1.314191605121293,1.208615799427065,1.081476419853612
2025-01-10,1.914294252025408,1.2688706857495557,1.1279794401751577,1.3108396806931177,1.3255150959840338,1.2908024428006761,1.1986426314604028,1.0841685026654038
2025-01-13,1.9050496378204655,1.2708382651824393,1.1286042892792845,1.3106315369811259,1.324617160262826,1.2930552585753399,1.2002037934790417,1.0812324366893027
2025-01-14,1.9038476497750976,1.2725867133570274,1.129676592841446,1.313311786008886,1.3189247020596242,1.2950321255859663,1.2020863093125045,1.0808743853429308
2025-01-15,1.915857262469457,1.2957351764283451,1.1459126269790056,1.3302227511407179,1.3415629245639185,1.322080900551952,1.214630133653762,1.0878791005259936
2025-01-16,1.9193390381407167,1.2932432520327466,1.1455832845653628,1.3352062831994451,1.3415428686719846,1.3190425986957626,1.2189345194900782,1.0914563270363513
2025-01-17,1.9266647878873129,1.3062274896729706,1.152478796409351,1.3432990874066078,1.352077772783926,1.3336882729654136,1.2245690341834508,1.090978767414929
2025-01-21,1.9360632831339082,1.3181838812505051,1.1603270511392132,1.3564737411293812,1.3538317878957224,1.347185475117152,1.2344463542940538,1.0948075172521843
2025-01-22,1.9495112714948641,1.3255940098046426,1.1631384978665893,1.3596578645860997,1.359886921873243,1.355459729835628,1.2346732705443935,1.0958276890243588
2025-01-23,1.9473355435569546,1.3328291311216118,1.1661761428293662,1.3635498690077024,1.360802037489942,1.3634759643269705,1.2380537833680068,1.0934991195293398
2025-01-24,1.9397787672224394,1.328938366976488,1.1649017426485415,1.3622660086696088,1.3601389003657336,1.3590679312808096,1.2383793286335152,1.095006607974028
2025-01-27,1.894033715581826,1.3101399097793835,1.1575975971957877,1.3450031070737416,1.356154032453751,1.3379599199119196,1.232945805960549,1.0944759994241349
2025-01-28,1.9169067233876032,1.3213973552063085,1.163418315862633,1.352255998080953,1.3697851100895209,1.350478510115014,1.23521388546506,1.0988164451896663
2025-01-29,1.913388938756615,1.3154735023454014,1.1600004509421191,1.3508397869447795,1.3740680876296099,1.3439777978632563,1.2348130195456972,1.0975343989549209
2025-01-30,1.926830110108261,1.3225337517749602,1.1644002189222784,1.3595604136346726,1.3801574586784855,1.3516125905465994,1.241906054952389,1.104175477143895
2025-01-31,1.9224819314196007,1.3154952936564488,1.159725737190979,1.3509362365750548,1.3784085845276004,1.3439045850396285,1.2356700194846832,1.1046343093901503
2025-02-03,1.9191462490314384,1.3066424720311751,1.1554784950867196,1.347203177872751,1.3757031784499918,1.3338391955596332,1.2342796501999231,1.1096702570440222
2025-02-04,1.9248871903460205,1.3154079930625016,1.1609828919259018,1.353601893976409,1.3821121170983026,1.3436814481495112,1.238220390289502,1.1114659047695468
2025-02-05,1.939563463983439,1.3207413149290033,1.1662870371663772,1.3651967626702173,1.3921668269882188,1.3496167870774443,1.2461627104013486,1.1173923932729233
2025-02-06,1.944473522452768,1.325331837323285,1.1682400216395825,1.367597780630932,1.3949866452806396,1.3546751903648464,1.2466671318547835,1.1158248958957777
2025-02-07,1.9455412576161928,1.3132004385085818,1.1603389703510982,1.36189910167154,1.3894927096415728,1.339809844173468,1.2418925780556744,1.1160611523039263
2025-02-10,1.9638077715567375,1.3221183633674811,1.165206124088604,1.3728624629959079,1.4025893049775378,1.3506545050958312,1.249297500140837,1.1231750818172435
2025-02-11,1.961637395599107,1.3231240120698493,1.1646844379528007,1.373862507795954,1.406599783381019,1.351806064770384,1.2495340719782495,1.119016833851991
2025-02-12,1.9603374350363176,1.3188615774890993,1.1599894905057704,1.3692223446013199,1.410699317393043,1.3465988421573487,1.2456938779532172,1.1161021014964871
2025-02-13,1.9727659444533363,1.3327854131497592,1.1701161816378112,1.3819400568730504,1.4281185705539459,1.3633684224000433,1.2546371687796556,1.1215802245874809
2025-02-14,1.9663999166908368,1.3327199038668593,1.171810523268741,1.3802979751671023,1.417895734492352,1.3632181745983862,1.253110965145589,1.116567738037431
2025-02-18,1.9729565017102582,1.3366324593230305,1.1719996569553115,1.3833620842931669,1.4155817274064215,1.3678167450342886,1.2560803005445398,1.1207493696026731
2025-02-19,1.9724778916247203,1.3397804239959343,1.1743297670761124,1.3843803421906065,1.4094540293494537,1.3716202062308283,1.2572288213182932,1.1218468794624137
2025-02-20,1.969259299027918,1.334206314909848,1.172118117971802,1.3827113988583342,1.4011759160164157,1.364689910055636,1.2553718264998923,1.120555012950049
2025-02-21,1.957131621198171,1.3113858043023037,1.1620947403510349,1.3688275937736252,1.384059668739095,1.3365139640480406,1.2473019605104374,1.1243481018327612
2025-02-24,1.9513830972790953,1.305418639518818,1.1597248018082844,1.3621100022981367,1.3734397711122242,1.329092672968564,1.2437718121072305,1.1276424765002657
2025-02-25,1.9358857122191235,1.2989265883735852,1.159140011500049,1.3587651012452202,1.366081026303185,1.3213989273470244,1.24415367604768,1.1256208067673403
2025-02-26,1.9493537453593779,1.2995820872518582,1.1602411663648633,1.3641738314919303,1.380450163266001,1.3221172586607024,1.2460021678370041,1.1283022780789669
2025-02-27,1.9169494619630125,1.2788383833319499,1.1484179383123996,1.343205115003435,1.345413194156529,1.297761825162121,1.2345896518530821,1.1229291680417337
2025-02-28,1.9281706296712213,1.2987954344580275,1.1612103928654467,1.3569514999366337,1.3495242761186974,1.3210795983554398,1.244253799236869,1.125115855458457
2025-03-03,1.9085138949560991,1.276040433133383,1.149997333037938,1.3404959340614755,1.34273656440801,1.2950331694185493,1.235580561050368,1.1285376156453082
2025-03-04,1.910918815387964,1.2609363475824606,1.1406651348664798,1.3315598525018737,1.3424010718749155,1.2781726200492591,1.2264804915746608,1.126325387506439
2025-03-05,1.918815145518521,1.2744885128074945,1.1464446338697893,1.34500725672946,1.3599901385319089,1.292703166747753,1.2344814026024749,1.1211162745020151
2025-03-06,1.8956834123520756,1.2518650714476822,1.1337598859580047,1.3255043856503264,1.341650974288319,1.268666151755053,1.2224717348833916,1.1180594737089598
2025-03-07,1.901906270670859,1.2588816029053884,1.137016295812274,1.332689381917001,1.351731062518684,1.2759947963298468,1.2269404168481788,1.1164376029180834
2025-03-10,1.873716717736153,1.2253505952432298,1.1210015794544106,1.3096900602617563,1.3283790627736,1.2417246120489975,1.213809268441992,1.1161498845220177
2025-03-11,1.8810530679644717,1.2151641724518145,1.11381944298801,1.3066244194914651,1.3312734023664063,1.2312808233560164,1.209004270481005,1.1169034297168587
2025-03-12,1.9005242033468084,1.2216125056251947,1.1160492508024744,1.3132304823419303,1.3247638528363994,1.2374717858222377,1.210061764190298,1.117639377806367
2025-03-13,1.902833021118515,1.2053278994844943,1.1084781555818564,1.3042534670748136,1.3274959741099857,1.2218866026139927,1.205361584946834,1.1280480924020986
2025-03-14,1.9210617144130708,1.2302248107304001,1.1213034459185856,1.3258447940498848,1.332364896996779,1.2457874651669563,1.218623149729567,1.1264720804493953
2025-03-17,1.9225924514338077,1.2397113399228996,1.1270812161601647,1.3363103388055555,1.343486198359395,1.2547466555414675,1.2278215968587716,1.1286569934568917
2025-03-18,1.917517501324162,1.2263122552742292,1.120223910463334,1.3273439899264852,1.3436207272792795,1.2425113441365196,1.223271619456558,1.1336140087362294
2025-03-19,1.9261783295416595,1.2396676219510472,1.1288588188238988,1.3363177291161097,1.3504942771978563,1.2546628688011374,1.2298582059104475,1.1376795091096361
2025-03-20,1.927965818003082,1.2360830189586496,1.1271725679609246,1.3351732844846025,1.3460710626344758,1.251358661289603,1.228702848446554,1.1382792058812459
2025-03-21,1.921934843065932,1.236490692429919,1.1268475096260004,1.330695332629755,1.3378779098420976,1.2517479211302502,1.2250957108511353,1.1345938208501338
2025-03-24,1.9335673110034794,1.2586345895969333,1.1372093262378948,1.3443293473039977,1.3416535720914888,1.2728985252645706,1.2325863636918508,1.130591945760898
2025-03-25,1.9348630242069311,1.261659927389037,1.1392647666721991,1.3434584489172874,1.337148577912905,1.2757960551709844,1.2316427413547946,1.1322627646216952
2025-03-26,1.9182129630371574,1.2465979356128707,1.1299881129643363,1.332089788721921,1.3332626775989518,1.2615704367206462,1.2261821519735905,1.131613039274794
2025-03-27,1.914604970978173,1.2432874158805398,1.1279563857631196,1.3280365343655722,1.3347140333987455,1.258398601386999,1.224784262997094,1.1355068333172371
2025-03-28,1.9056104495407342,1.2182497408862538,1.116933184292873,1.313817222288681,1.326532295274363,1.2347361003218267,1.217221056192938,1.1418013926223933
2025-03-31,1.9078424940513643,1.2264275732680943,1.1222891186960156,1.3170459744002037,1.3328236871791295,1.2425058557272677,1.22174213897171,1.1503153515981368
2025-04-01,1.9131551465198626,1.2298915796260625,1.1258524185440335,1.323583948663381,1.3295174311103142,1.24573150889185,1.226175892853513,1.1522137138821449
2025-04-02,1.914200142223373,1.2376747321134072,1.129622658578876,1.3281684531044404,1.3321194017400053,1.2529588591358425,1.229570643023952,1.1513956893892083
2025-04-03,1.8685155231616746,1.1766812585413606,1.098568956883842,1.2831339663726182,1.3067350828124724,1.1963628209147281,1.2010433194493209,1.1454880724727725
2025-04-04,1.8341286296208246,1.1077947284784269,1.060347360450954,1.2261431515438665,1.2503217532865436,1.1313921126203053,1.1592470501050232,1.1411402587747714
2025-04-07,1.8261830670974049,1.105821599705463,1.0538355621365207,1.2166840814169575,1.2241543973526026,1.129668283901042,1.145715121322187,1.1250956052823422
2025-04-08,1.8249759987541831,1.0885012972161057,1.0417373703739694,1.2011484442921396,1.2147949743884319,1.1177037445101856,1.1336819212081937,1.1213434511647424
2025-04-09,1.846497199554936,1.202814995876397,1.1082659519354252,1.2893001995258182,1.2447321319502451,1.1970718910536255,1.1907691209543716,1.1383147227875705
2025-04-10,1.8407402724153519,1.1501087172907014,1.075622518414697,1.2533937988698338,1.2397390674787199,1.1613917087514918,1.1660031148008947,1.13555456995909
2025-04-11,1.8429544974052467,1.1706297708586049,1.0866850879564809,1.2727598495108992,1.2548911487916585,1.1713084780271616,1.1783785475059638,1.1417256302136023
2025-04-14,1.836777110003345,1.1819866983577023,1.0955617802924402,1.2802374305328508,1.263697860007278,1.1765537323160515,1.185302184847326,1.1408360625858671
2025-04-15,1.8446937616893895,1.1786761786253714,1.0946160220760024,1.2807687198450683,1.266573665947642,1.175030942003343,1.1861383071044347,1.1458351294617548
2025-04-16,1.8549629626418571,1.152476390608403,1.0813917012717693,1.2627251241368984,1.2733243463467296,1.1629873994798927,1.179040337523335,1.15931574064262
2025-04-17,1.853196054682224,1.154120890168803,1.0812133828318018,1.2661362709710715,1.2774890876165486,1.1637504563925112,1.1817623604637593,1.1554243292351152
2025-04-21,1.8615425389364437,1.1266497618743994,1.0631554672641823,1.2451597184493177,1.2755498897207673,1.1510221900113438,1.1677511298404621,1.162148452910726
2025-04-22,1.858764439500224,1.155962594326693,1.0805265539793814,1.2675988423122708,1.2827119551254436,1.1647760486252643,1.1830830049575283,1.1585466198404681
2025-04-23,1.853915663622798,1.1738747813080364,1.0916301156126866,1.2809310144187327,1.279233735354842,1.1729939584814368,1.1906139236155475,1.1524845624344122
2025-04-24,1.857944711984007,1.1985836917400003,1.1078220135825165,1.2999042830255907,1.287181049040596,1.18407114801392,1.2026353591092376,1.160790803449163
2025-04-25,1.8542728085474112,1.2072436399600421,1.114246468000595,1.3064705798594582,1.2831799443496796,1.1878948018202058,1.2064158090278057,1.1587680954055508
2025-04-28,1.8564269517708383,1.207703964487196,1.1157206860181186,1.3082615883080078,1.2894272620342024,1.1880952889664511,1.2084416003690468,1.1650581464599459
2025-04-29,1.8540631682755984,1.215311839037856,1.1210189887512823,1.3123921220938648,1.2916799552012865,1.1914148188571227,1.2119454808203316,1.1636393746558105
2025-04-30,1.8532881565387382,1.215794090225815,1.1208779433441938,1.3103617379949224,1.2889874936546932,1.191624253588078,1.2107936057853814,1.1597188978675599
2025-05-01,1.8471299576167597,1.224410320474004,1.1244168724387558,1.3175467544690225,1.2780464609586573,1.195369812418077,1.2123955085884213,1.1506250935914866
2025-05-02,1.8467565091715232,1.2425857627347692,1.1322275406354645,1.3371246427882542,1.2893350356138646,1.203243683642798,1.2227671109474447,1.1479163646943613
2025-05-05,1.8616057946250724,1.2354604100715847,1.1275438035236456,1.3347557255655098,1.2966190993212217,1.2001800994787544,1.22137640272443,1.1591136190823355
2025-05-06,1.8714750973429553,1.2251337649308218,1.12299018197638,1.3300629846448913,1.3001224097069468,1.195742637113013,1.2193052657664607,1.171086000481032
2025-05-07,1.8698944976935128,1.2302862595205588,1.126509886785722,1.3360846825376593,1.2920251149980344,1.1979645919318052,1.2226053419073462,1.1673763303507412
2025-05-08,1.866105809994305,1.238858636447137,1.1288719360503845,1.3389129766993693,1.2858534907925934,1.2016536679792615,1.2225758017755086,1.1577061075325705
2025-05-09,1.8664623303514418,1.2372801875686692,1.1284701287120067,1.339242395047201,1.2877589061320602,1.2009760683385813,1.2231590954715181,1.1605902446930605
2025-05-12,1.875534772570317,1.2781690787783553,1.1493025856869232,1.3666960224655809,1.2917155370606268,1.218506894477632,1.2368747923887407,1.1497012522614154
2025-05-13,1.8708652623963204,1.2866100310898598,1.1533803873862394,1.3732781091295276,1.2927293313398622,1.2220517582622616,1.23721161583862,1.148041936984752
2025-05-14,1.8640640341825878,1.2882542599507434,1.1529352452744766,1.371494861694811,1.2890951460606563,1.2227286046905672,1.2330792766345486,1.1376212246810886
2025-05-15,1.8701926020064146,1.2945465348530834,1.158927133804036,1.3788246568060467,1.2985089816784068,1.2253165310272347,1.2414744065649732,1.1465580630035435
2025-05-16,1.8709049608259227,1.302746293895729,1.163613342237329,1.3838446617086229,1.2928571470693033,1.2286798908588719,1.2460732438525919,1.1427178912714981
2025-05-19,1.8737476908001913,1.3041712561485594,1.1642333382984038,1.3867465104688153,1.3027070387785076,1.2292618504462938,1.2480228205580497,1.1456786307412659
2025-05-20,1.874615382180392,1.2997864653865252,1.1610729716403656,1.3850624791132733,1.308214771926176,1.2274674670633516,1.2469518772466355,1.151363628778661
2025-05-21,1.8600146405746971,1.2778840321878857,1.1462784366688277,1.3671395546582403,1.295689718535102,1.2184542505692884,1.2332146417999637,1.1489567075682192
2025-05-22,1.859473137443414,1.2783883453864082,1.147874410609857,1.365480224067964,1.2939004230013462,1.218661114444324,1.2318254926021217,1.1473739131829548
2025-05-23,1.8553473052251488,1.2696622111346765,1.1438307820825027,1.3627488309926965,1.297494159947541,1.2150525388441225,1.230923408234178,1.1555976983162866
2025-05-27,1.8740367853086275,1.2960593390988928,1.1601606495470083,1.381404303498941,1.3060334107062033,1.2260007973241165,1.2429050986316483,1.1528633321993251
2025-05-28,1.8685110189315537,1.2885610978522597,1.1552761522847084,1.3728831166172757,1.297098812446118,1.2229140364583442,1.2366734636513819,1.1516643088354492
2025-05-29,1.8730175730396674,1.2936476771098226,1.1597185212433465,1.3796903769055187,1.3091416477484619,1.2250063324401472,1.241068690686272,1.1551037081766609
2025-05-30,1.8705948860743749,1.2922005174966709,1.1600757526758407,1.3772871569353784,1.2969855819623017,1.2244072686478318,1.2413324168978963,1.1528748330181624
2025-06-02,1.8828181409104234,1.2994796274850087,1.1627723699118493,1.385605821189723,1.311019795385608,1.2274208301834308,1.2441264594611516,1.1605069488820086
2025-06-03,1.8883994412895058,1.3068898913889042,1.1664134265904598,1.3902773383231803,1.3193063519500388,1.230483978360411,1.2467276523890891,1.1579311002557668
2025-06-04,1.8917480564923692,1.306539200165777,1.1689990075365808,1.3925213961813454,1.317835011447446,1.2303385074107362,1.249095531510862,1.1636756416710081
2025-06-05,1.887542955502845,1.3002248632528735,1.1644154495520065,1.3908153768845761,1.3123846685306515,1.2277109486477897,1.2480152431040736,1.1606493085170584
2025-06-06,1.8990149317674605,1.3135768461857398,1.1691995353355749,1.3995526054158944,1.3211956118365416,1.2333398883735704,1.2521204309785845,1.152683037914803
2025-06-09,1.8991792341339377,1.3147607505194696,1.1704085745224684,1.4018170058887176,1.3239431473435,1.2338359936168966,1.252946393705726,1.1545144342464304
2025-06-10,1.9041361848346967,1.3222151384444922,1.1754456876643056,1.408442066064535,1.3269566209572214,1.2369596859201266,1.256906262883373,1.1563710896923587
2025-06-11,1.9005822808990955,1.3184440234854913,1.175020115242872,1.407614245680469,1.3214283652813008,1.2353728427351627,1.256989012683746,1.1590482042336505
2025-06-12,1.9051838919628776,1.3236839540189331,1.1795492605778681,1.4137077513601124,1.3325363223520954,1.237588654633487,1.261587989056155,1.1654116153175658
2025-06-13,1.8912385119250081,1.308885217522189,1.1699528282886822,1.4009389499637657,1.3208927070163448,1.2313338096416522,1.253084605093275,1.169697351192186
2025-06-16,1.9044173771255237,1.3213380720122787,1.1756695123590402,1.4087823675072193,1.3358280844235224,1.2366364949349353,1.2563028082487537,1.1611923038023384
2025-06-17,1.8967640182943482,1.3100471951951134,1.171078401257514,1.401120813797127,1.3298293019517042,1.2318540385583354,1.2523760606942296,1.1661469020558868
2025-06-18,1.8965936495693025,1.3098497198981074,1.1713063448520753,1.4015740959757117,1.3315224321141947,1.2317691425653545,1.2526620613296362,1.1646796497834568
2025-06-20,1.8906503744455858,1.3067736259467322,1.170083821360326,1.3970600045779,1.320620915045071,1.2304604545344466,1.2499557100539458,1.1640715370888766
2025-06-23,1.9068192160196726,1.3196809849243794,1.1779667469004027,1.4084436640489613,1.3357444104249943,1.2359701214569103,1.257496615875097,1.1653140962860629
2025-06-24,1.9197115703920338,1.3342599134140378,1.1876859257164107,1.4206313227869916,1.3494739605318151,1.2421601777617939,1.2643004377039402,1.1588036120195435
2025-06-25,1.9198429937800054,1.33500745012779,1.1880366593914462,1.4179684445461012,1.3619110877520706,1.2424752858418,1.2603387775895492,1.1596035565626621
2025-06-26,1.9325026976860455,1.3454525263068533,1.1949093844337495,1.4258141750795994,1.3695239199109717,1.2468818297444886,1.2655553450256454,1.159430145976463
2025-06-27,1.936512780650693,1.3521371801578022,1.1971161953130944,1.4282162984982032,1.3765539771002124,1.2497162454923294,1.2663377931961874,1.150003921452264
2025-06-30,1.944336530882775,1.3586018906519075,1.202488614122285,1.4333507017666587,1.3831247051500406,1.252449412748143,1.2702669319029811,1.1564611374718983
2025-07-01,1.9392470752449338,1.3581622746377364,1.2018121232717272,1.43123534956155,1.3587475911930817,1.25226372273461,1.2702032553166254,1.1605613535445822
2025-07-02,1.9436215503451564,1.3643191997820188,1.2044937065028074,1.435898513027235,1.368099992741676,1.254830796311755,1.2720222163150803,1.1614560988474971
2025-07-03,1.9550770471813514,1.3750720613109053,1.209207378455875,1.4414581281787737,1.3790832868877227,1.259559364400941,1.2750799320127042,1.1580724095983401
2025-07-07,1.9479368232080823,1.3648248664781222,1.2020791728333264,1.432599378774986,1.3709575454907097,1.2545755622775625,1.2684957830288375,1.1569006475293344
2025-07-08,1.9454525754909842,1.36407732976437,1.2014881333359402,1.434805025726423,1.3775803336091164,1.2542060519067593,1.2687779508754118,1.1520760710139228
2025-07-09,1.9576690571849875,1.3722571923925813,1.2078189549061074,1.4434516499284216,1.3943690958542987,1.257883082546336,1.2746616770612393,1.1568512264117523
2025-07-10,1.960532525222618,1.3761272480247222,1.2097138102930678,1.4466893081841845,1.3938222140526968,1.2605824869668485,1.2770884383558307,1.1584390238775433
2025-07-11,1.9566502021712473,1.3712897123219854,1.2051468642555487,1.442293428953627,1.3912615790771996,1.256376174188518,1.2728285439048193,1.1602779950805373
2025-07-14,1.9595237826721148,1.3739064291945131,1.206476359810186,1.4444490694414736,1.3933006285532201,1.2586821804196386,1.274833805100804,1.1589964010530491
2025-07-15,1.959496263268699,1.3680353627392485,1.201954835034127,1.438619460592551,1.4073395571644967,1.2534972127201371,1.2684112988272531,1.1568500858352506
2025-07-16,1.9612346966824943,1.372608966413773,1.2050532848551934,1.4368839943267406,1.4060844164215573,1.2574778349633018,1.2697260951469589,1.1585979867720646
2025-07-17,1.97043620957958,1.381008907748586,1.2096716945765091,1.441493810064848,1.4096934316778695,1.2653136773398803,1.2737528190290766,1.1589729718234534
2025-07-18,1.9696635460393428,1.3799974390066216,1.21002799097678,1.440442624500648,1.4080708849053936,1.2642609295114884,1.273785223952294,1.1604151297407859
2025-07-21,1.9721326037871627,1.3826141558791494,1.2127361383894368,1.4403044578481066,1.4098329901007556,1.2667797646834176,1.2742510120172985,1.1675959100924567
2025-07-22,1.9555092431584118,1.3828120372254296,1.213776082664113,1.4422046618166384,1.3960056512164234,1.2669091564154533,1.2776741450974045,1.1719368778607395
2025-07-23,1.9751859886796663,1.3945762321465223,1.2188818641648556,1.453103950993766,1.412353398012858,1.279654681846292,1.2849933350965772,1.1642473763130146
2025-07-24,1.9850219263131943,1.395038045521015,1.2188261046598068,1.4533448352983238,1.42064445057349,1.28010531572609,1.2840633455934154,1.1617525322087991
2025-07-25,1.985280219390073,1.400931038637085,1.2227073369160926,1.4538673815906245,1.424475538043896,1.2867908981755385,1.285671071124041,1.1596280955047145
2025-07-28,1.9965454542924705,1.4005793999656513,1.221876866770839,1.4528827494097314,1.4311185698083828,1.2863074746128451,1.2832520387203605,1.1586451886687938
2025-07-29,1.9821453960989857,1.396885163669227,1.2225729756578083,1.4517327268495113,1.4184039350140378,1.2819771146993941,1.2845529754453315,1.1647866271249359
2025-07-30,1.988192869547047,1.3951260228637523,1.2202630579059874,1.4478425437125928,1.421887402933842,1.2798772093793152,1.280985723718863,1.158354911917288
2025-07-31,2.0292066037707164,1.3898925891186968,1.2177617092618034,1.4494146570321513,1.4613493604416314,1.2737535155765873,1.2809844408818984,1.1621728778106277
2025-08-01,1.9950127468280348,1.3671117359902634,1.2099837706884211,1.4381504424166256,1.4304037784205546,1.24691786332288,1.2736272975607499,1.1721696373230548
2025-08-04,2.0401133243825993,1.3878914429458151,1.22140080167694,1.4560225715461514,1.4649958462355175,1.2711686155435158,1.2857799280202282,1.1753816638286212
2025-08-05,2.0239073033471593,1.3808550150736745,1.2178298931064164,1.451661738564718,1.4503783946581688,1.2630474612799152,1.2835649456984035,1.1763546199692854
2025-08-06,2.0335930288531205,1.391431921917086,1.223225788016363,1.4524646787851025,1.4572540805512197,1.274712449069479,1.2840324745502778,1.1725447947688594
2025-08-07,2.031281077433679,1.390266425150452,1.2222164643322395,1.4554130830785081,1.454067473918921,1.2733534626502316,1.286089128304082,1.1756940302141872
2025-08-08,2.0452487074450327,1.4011071286723176,1.2269919683109094,1.460231040980174,1.465084646096697,1.2851293607724994,1.2886566518954028,1.1749171510232077
2025-08-11,2.0384852440479957,1.3983363837751204,1.2258817508202533,1.4578503631832551,1.4608137957412886,1.281732641353609,1.2875779215435728,1.1698528057199367
2025-08-12,2.0629209868213656,1.413223097614602,1.2337059404655808,1.471689769216022,1.4808866131460678,1.2993748459485766,1.296624194995005,1.1670561533231492
2025-08-13,2.0522551653508487,1.418060768667097,1.2380340019626297,1.4777234311005667,1.4699850314372975,1.3050627587193333,1.3018119758982944,1.1699858045626526
2025-08-14,2.053826152383349,1.418192734681203,1.2367060114479613,1.4732405360562661,1.468502737362199,1.3051273514485902,1.2974952158816848,1.1662148354571549
2025-08-15,2.0475776376656962,1.4148723344165341,1.2342194157169675,1.4720438928698536,1.4631106892660393,1.30106042759251,1.2969108987223914,1.1639138476793633
2025-08-18,2.0420811237014433,1.4145645490667111,1.2335089616152983,1.4702542951627848,1.4581975545554438,1.3005993278655197,1.295941616202693,1.163203446336474
2025-08-19,2.007936390550865,1.406890217784845,1.2304378118549113,1.466604984747054,1.431610828343048,1.2913306939721254,1.2953478451991263,1.1629410360824213
2025-08-20,2.0049964980345707,1.403151992817052,1.2287725314546514,1.4684843977910245,1.4247970075418004,1.2867764703571405,1.2968026420278311,1.1677967636936282
2025-08-21,1.9966750047193864,1.3975227963794363,1.224672828206254,1.4633751297186655,1.4198460149557883,1.2799714081055176,1.2932691430728416,1.1663267841365585
2025-08-22,2.0252740825998194,1.4189842600663243,1.2386769439941128,1.483215746990836,1.4479461891852488,1.3054255715506256,1.307376851101464,1.170859308370042
2025-08-25,2.0274261406693372,1.4127392222295463,1.2346565444823996,1.4765659800408437,1.4441738758115024,1.2978611252266927,1.3016000249670587,1.1712803083536814
2025-08-26,2.0375720633513548,1.418654412705938,1.2383536737938174,1.4799114090039547,1.4475482785224505,1.304830873857571,1.3035397758111502,1.1740328428112352
2025-08-27,2.0352612091134183,1.4218868356278695,1.240544423765294,1.4829997485240412,1.4493167979247965,1.3086016314841193,1.305938035454367,1.1751200028627495
2025-08-28,2.03525899250775,1.4269223880266446,1.2437775615884124,1.4836082667844048,1.4511226645799786,1.3145311411409513,1.3066427270861345,1.1788684256406141
2025-08-29,2.005799745512984,1.418412542688289,1.2386748412971416,1.477268889935039,1.4303368090859785,1.3042426225566217,1.3033648461944154,1.181589044363523
2025-09-02,1.9914356999612646,1.4079016865268097,1.231850121398793,1.4695263448185554,1.417392949612901,1.2915812966132454,1.2980792920550632,1.1926996167324204
2025-09-03,1.993197024894469,1.4155318937875492,1.2376488860330788,1.4704407122070338,1.4121460914009238,1.3005861767549416,1.2991162993004295,1.1986600031229857
2025-09-04,2.008111457986804,1.427362274740332,1.2458480829663647,1.4793522733178361,1.4225331989396413,1.3146197957061387,1.3054467518597832,1.1992525265445366
2025-09-05,1.9900597002508447,1.4232280163804625,1.2460294101867782,1.4798960563918626,1.4080107317365578,1.3095742655166922,1.3060446177850717,1.2079440599478461
2025-09-08,1.9973671581006016,1.4267246420301225,1.2495584985939423,1.4849378759102734,1.4121972187436478,1.3136622101811142,1.3097375600909218,1.2156909900253323
2025-09-09,2.014162648152458,1.43002284493447,1.2502937896774111,1.4881503378406489,1.4148876268658725,1.3175151991018226,1.310902045842635,1.2142633742403572
2025-09-10,2.031372354237113,1.4341568325948233,1.253459788195559,1.4916559608735274,1.4207252429660469,1.3223710973596368,1.31408517266286,1.217750027146931
2025-09-11,2.034591339744174,1.4460749201908274,1.2606542216112995,1.5026527138736196,1.428764073118325,1.3365583525380287,1.322829091483309,1.2176915888180992
2025-09-12,2.0407690306784585,1.4455910448057714,1.259949851738735,1.5024054281117987,1.4288277924081052,1.335881186525862,1.32184938665672,1.2181052760252564
2025-09-15,2.050018221546832,1.4532874380982008,1.2648246639342575,1.5113584888311329,1.4358132370146617,1.345029100974378,1.3266618553349365,1.2231045707137929
2025-09-16,2.0462372133825184,1.4512864272750772,1.2639795278137842,1.5105068107434552,1.4312986176593343,1.3425246423136648,1.3250553415272057,1.2227349681854296
2025-09-17,2.0277441162274177,1.4494832977982337,1.262133704618391,1.507144852498448,1.423156570556634,1.340259571508561,1.323339297518474,1.218952820795991
2025-09-18,2.0539066321941566,1.45625592899192,1.2642619811385682,1.5163025653536544,1.4586403328629005,1.3483024999728068,1.326666229875995,1.2158463629604919
2025-09-19,2.059040365307458,1.4634685822490516,1.268016013671785,1.5175843761075958,1.4568391354478758,1.3568850821341667,1.3278656315327706,1.2216226124050649
2025-09-22,2.076138846026055,1.4703922637727305,1.271004798862595,1.5226312145990804,1.479924381384982,1.3651310516511388,1.329970819628359,1.2282538620070613
2025-09-23,2.0535270238628387,1.4623882204802359,1.2676614578972862,1.5211557281183132,1.4719017067302536,1.3553701399861207,1.3298770830460054,1.2317334899773995
2025-09-24,2.048182152398173,1.4577354371972477,1.2642804798626261,1.5179802399519529,1.4574367531251458,1.3496655395595119,1.3279581274207328,1.2281375525244747
2025-09-25,2.0398714037313193,1.4510101784188816,1.2600718603159808,1.512348796866074,1.4561707273169462,1.3414718956730667,1.3236542144307166,1.2319586749917466
2025-09-26,2.0414188342629576,1.4593232252090214,1.2647530829113698,1.519723239229747,1.4606421114304884,1.351364339208302,1.3293978887321973,1.2338200267070527
2025-09-29,2.055966030298499,1.4634244582279248,1.2678458006438602,1.5253084888615587,1.4765487065076341,1.3562036369599444,1.3334376000967294,1.2435048440516197
2025-09-30,2.0615628969228776,1.468936983174095,1.2706583025577027,1.5301554080505748,1.4890553690615345,1.3627461311772726,1.336679051218182,1.2470747844103958
2025-10-01,2.0655443399515927,1.4739424879265814,1.2745527639616463,1.536122262214209,1.5039058387987723,1.368683857538781,1.3409652507650685,1.2488808686283697
2025-10-02,2.088515944107471,1.47564004459214,1.2759932395574725,1.5385556038731558,1.5162872789254738,1.3706348351664945,1.3416475451488223,1.248277077994939
2025-10-03,2.0754571744739314,1.4756182532810929,1.2754214947150253,1.541024968606684,1.5201966636409623,1.37051048447582,1.3439631849160714,1.2513217902112033
2025-10-06,2.0861696731284303,1.4809101581216293,1.277041967236204,1.545624060836993,1.5280741297203586,1.3768002572365647,1.346990838092422,1.2607068108659882
2025-10-07,2.058191174263485,1.4754196951860226,1.2750665786570154,1.5406972166020971,1.5118506161148957,1.3700639738415294,1.345360407690511,1.2666449190175015
2025-10-08,2.0598579963634975,1.484217700159283,1.279675939258665,1.5458321891912772,1.5239859565656686,1.3805837493835422,1.3493805627792075,1.276355570067406
2025-10-09,2.067859736691354,1.479917909045309,1.2768371288104217,1.5415836192230905,1.5164523332361488,1.3752840145375194,1.3450630736556273,1.267862128130977
2025-10-10,1.99803374277569,1.4399189424948518,1.258205577929647,1.5132926792217753,1.4806237911064104,1.3268489150027358,1.3270119928594009,1.2756482253213883
2025-10-13,2.049675916833696,1.4620131663006588,1.2707331982448624,1.5332207482872144,1.5207720985030535,1.353213382837493,1.3403897917942875,1.2903187912239313
2025-10-14,2.0359203050620356,1.4602270908933306,1.270608306567229,1.534831727914357,1.5257823496415435,1.3509668458301083,1.3437979213059237,1.2943994254570823
2025-10-15,2.061510987625185,1.4667099382550155,1.2737882391737017,1.5433840990499386,1.5453617392321177,1.358665243384776,1.348884752048146,1.3027564334810464
2025-10-16,2.0635162080925804,1.4567212614601224,1.270397782622371,1.539932913137285,1.5445587584852487,1.3465357326702654,1.3462351614977883,1.3171483973417537
2025-10-17,2.075124590568747,1.4649900488793774,1.2740164471438375,1.5432467945119028,1.5402892639770407,1.3563730430281098,1.348139264203361,1.3058610411732081
2025-10-20,2.0992188783086863,1.480226641843438,1.2828194387794218,1.558396063637331,1.5624342917777831,1.3746097922738505,1.3590244560183442,1.3285921405375396
2025-10-21,2.085266934259162,1.4802044444831164,1.283314714495831,1.5506193190423938,1.5334600956099491,1.3744846724018416,1.3546198682007213,1.2927643148629038
2025-10-22,2.07508927108687,1.4725091339887513,1.2792578342561927,1.5482500201366292,1.5240469119106392,1.3650941759682156,1.3532752433250674,1.2925915169583095
2025-10-23,2.0938826550892133,1.4812409529303214,1.2828946481236831,1.554980091077282,1.5380463686737826,1.3755169608456863,1.3566129667784785,1.2932290319157416
2025-10-24,2.1012704965367055,1.4933464999412356,1.2896888308168533,1.5599467144683667,1.5412173448448823,1.390028421916602,1.3597172193245342,1.2916864978509237
2025-10-27,2.131984181197924,1.5109645718983198,1.2991682250438625,1.5688530747452933,1.5449997802684092,1.411241777245279,1.364810192127203,1.2766691489786506
2025-10-28,2.1376401222629,1.5149776922247278,1.3015453658399756,1.5674604826039562,1.5362192248231532,1.4160123789069439,1.3622504842608798,1.273202934157499
2025-10-29,2.153048438028418,1.5157053325240455,1.29944954301009,1.565108509058919,1.540610015637527,1.4167952413173837,1.357819246332041,1.2698715563525027
2025-10-30,2.0883775487002936,1.499035385622155,1.289889054173119,1.55034132671013,1.5369624656994154,1.3964310697892253,1.3491020167442909,1.2800448725859164
2025-10-31,2.065229223656903,1.5039526423323877,1.2921176439522508,1.5467177335629216,1.5326435166200707,1.4022845615561654,1.3475068217335222,1.2772689584771988
2025-11-03,2.064389629322931,1.5067750908371629,1.2929363139567827,1.5482490719668363,1.5414659821117818,1.405604647534976,1.3481886818848545,1.2777040456209867
2025-11-04,2.0236469929663485,1.4889144721136396,1.2839915257131815,1.5333946075290705,1.5093025396091082,1.3838378020292348,1.3405520019841364,1.2696885194478946
2025-11-05,2.0352803998996696,1.4940741402405535,1.2852726221884154,1.536597525678309,1.517000272439139,1.389971414513669,1.3417305596436935,1.2733472050221475
2025-11-06,2.003003889114364,1.478043720945485,1.2788942694114398,1.5241322516342644,1.495937687882759,1.3704786713804145,1.3352305229304557,1.273584141096161
2025-11-07,1.9999240715519657,1.4794988661943622,1.2794448426669673,1.529669411195589,1.4946383144502922,1.3721344022519621,1.3396696822195793,1.2761889203974075
2025-11-10,2.039664746152954,1.502585609776006,1.291209705939073,1.5478890054737136,1.5215564108604571,1.3998629766481008,1.3498192013602486,1.2910979604055126
2025-11-11,2.0217732547968756,1.506025253177524,1.294529698735999,1.5504355881618017,1.5249542656728106,1.4039277128145546,1.354135292450745,1.2944218137341608
2025-11-12,2.0198083499042774,1.5068632035296585,1.2947550817343643,1.5513748508256535,1.5383706507467492,1.404842744658534,1.355081312931327,1.3037621597592395
2025-11-13,1.9957005878990228,1.4818582831768226,1.280308272599124,1.5342418778601699,1.524421480779874,1.3744275767495515,1.3430278115798664,1.2960794875457327
2025-11-14,1.9915332055491417,1.4816158717601413,1.2795682042404273,1.5337396529545755,1.5182603312780667,1.3740084966429915,1.3421662378762134,1.285023520202394
2025-11-17,1.9825068272082411,1.4678123620343946,1.2725120353175952,1.5240566263200555,1.5117521240743674,1.3575384108922035,1.3361828879876512,1.2799222906685657
2025-11-18,1.9620201408969995,1.4554864656173627,1.266400398509299,1.517378469813976,1.498807491470608,1.3427913967880738,1.3326640300816635,1.2843147986782346
2025-11-19,1.982190179535868,1.4611093006163498,1.2693334643550946,1.5177184984105996,1.5190044357327144,1.3494344568655574,1.3315894676535123,1.2868092383169578
2025-11-20,1.938650792467064,1.4388385807260355,1.258323673385251,1.500805702450092,1.4907024473318664,1.3226942571862692,1.3224548694592135,1.2878592818868655
2025-11-21,1.9358314459681065,1.4531711726560295,1.2670453403152828,1.5085289392727044,1.4925774912595153,1.3396129773505114,1.329687480926334,1.2879234441461036
2025-11-24,1.9700392006838026,1.4745596828233243,1.2792362235033485,1.5210228896241975,1.5092518945051487,1.3641390458848357,1.3363999685679078,1.2981699995341638
2025-11-25,1.9917543713918984,1.4884292432310031,1.2872642773994498,1.5323140526733194,1.5196871225315542,1.3798567077333217,1.3444188163647581,1.2979812314814956
2025-11-26,2.016605656825341,1.4987047261632203,1.2934103461143571,1.5450786609810827,1.5395937962701975,1.3912764089252447,1.3524328279066928,1.3027845411336045
2025-11-28,2.034812046859372,1.5068852655402218,1.2969246662772167,1.5536566265402432,1.5522293731416839,1.4003575998257343,1.3572804148272033,1.3083744198973226
2025-12-01,2.04617617316257,1.50000570803767,1.2911315395180933,1.5472475574077766,1.5489495680193908,1.3925963131165433,1.3498725317925038,1.307702057729346
2025-12-02,2.0632710074819327,1.5027840325213184,1.2932371114355543,1.5490260791357693,1.5506084219747602,1.3956405711170632,1.3503297672964865,1.3043020258844795
2025-12-03,2.0729494961566957,1.5079878246693592,1.2969039415546688,1.5530248742661255,1.558303209197199,1.4013971017020805,1.3530128769309209,1.3032265710280238
2025-12-04,2.0800704305841164,1.5090902484487383,1.2962305988849054,1.5560497567326752,1.5533740566897232,1.402562905614608,1.3536602236459867,1.3026879111594658
2025-12-05,2.082001508022121,1.5119568209746403,1.2971365229416962,1.555040741312524,1.5462893708228902,1.4057035125115884,1.3524161758128375,1.3002530646026698
2025-12-08,2.091252846333754,1.507414483094227,1.2939675351011628,1.5522872372434267,1.546368361172881,1.4005309171193951,1.3488734478294957,1.2982060079652196
2025-12-09,2.0796941400555276,1.5061133658700192,1.2928309113525802,1.5498784677632145,1.5421659948203414,1.3989870370577122,1.3476256717754913,1.3015103666170664
2025-12-10,2.080729165386857,1.5161023133644285,1.2996319387384843,1.5555452157808665,1.5556028148770071,1.4101618937063272,1.3526670861597354,1.3037918394011925
2025-12-11,2.083331156307039,1.5196302048081998,1.3015490368001366,1.561516898146985,1.565513207197071,1.414072966046454,1.3568198650293704,1.3086885776699955
2025-12-12,2.045556207724895,1.503291052715002,1.2915356159212863,1.5486523050712073,1.5451159181301954,1.3955894993859557,1.349718743349083,1.3098918022859236
2025-12-15,2.052714978736532,1.5010198837747957,1.290880929226111,1.5500872443519327,1.550757409483947,1.3929388211449458,1.3506377468491588,1.3105750487254877
2025-12-16,2.0540160712278213,1.4969186507558923,1.289743747973233,1.5449886755586044,1.5405273011212817,1.3883353642882659,1.347043873816279,1.31181489652642
2025-12-17,2.006144865289092,1.480447126599314,1.281067439134504,1.5340748575416638,1.5194508528436599,1.3700188332184529,1.3423998070962853,1.31723913961978
2025-12-18,2.0340898491254937,1.4916264752158397,1.2881487387836128,1.5425804274223145,1.5287380401321966,1.3823109516921475,1.347188017801606,1.3178592960870206
2025-12-19,2.0540285669735323,1.5051457504496653,1.2943948181238039,1.5500517144826396,1.5393714319184393,1.3970422612415963,1.3505434798930036,1.3184754615619216
2025-12-22,2.0645981773984565,1.514522646338138,1.2990216910920678,1.558679956820072,1.5529759249152666,1.4072012487373622,1.3549097085435255,1.3302912766147552
2025-12-23,2.079161407511046,1.5214447036647198,1.302581112672796,1.5642676455807,1.5579688386851516,1.414655708124585,1.357028995703405,1.3375294019217996
2025-12-24,2.08272391800789,1.5267965684480758,1.306477998266352,1.568545364869444,1.56055220701222,1.4204052831963954,1.3609915610743588,1.336736668930804
2025-12-26,2.0871628811627403,1.526641728324858,1.3065028772765923,1.569898079870362,1.5657326057729677,1.4201812545338226,1.361520961112127,1.3435153701163356
2025-12-29,2.072282861159781,1.5212013447997326,1.3043332348394343,1.5635071788506338,1.546152876848312,1.4142256562076385,1.3591271502629947,1.3178722997340766
2025-12-30,2.0790211169364805,1.5193438047201502,1.3031687111981973,1.5642390409377573,1.547628867975865,1.4121508208939353,1.3593699576931308,1.3185642840581282
2025-12-31,2.0694784009068266,1.5080870360420153,1.2961229382365325,1.5553160984578343,1.539600767842022,1.3999130580020662,1.3528438036328123,1.312535648047452
2026-01-02,2.116559731874382,1.510851419500584,1.297391353888824,1.5681159665928779,1.5736728464270915,1.4028344481962196,1.3595880380822634,1.3159994812292881
2026-01-05,2.1586474283616774,1.5209138619136184,1.3035604197782802,1.582966467732215,1.6082319364048576,1.4135792138280372,1.3674548492501306,1.3323240775720977
2026-01-06,2.1689899629230416,1.5299590155450922,1.3081037687711683,1.5900622099817812,1.6136004640397104,1.423262982054061,1.3722956009690037,1.339433637052513
2026-01-07,2.154233751861767,1.5250274117605054,1.3060944237588485,1.5824177568477447,1.6046862144387606,1.4178969514770297,1.3680130594572295,1.3353370442969508
2026-01-08,2.132104876287318,1.5248725716372875,1.3050745208598824,1.5836943583930594,1.5954921809127887,1.4174952459550931,1.3703136298023577,1.3381183175937077
2026-01-09,2.176575467204031,1.5349570760608855,1.3113994820081118,1.5952742542473268,1.622007249042611,1.429410042017001,1.3766308257822626,1.344894627605736
2026-01-12,2.174950114549298,1.5373676552518913,1.3123719426500302,1.597482049262566,1.6297625253792822,1.432225468698004,1.377981595504691,1.355116625189529
2026-01-13,2.160897361081867,1.534293726896645,1.3112676247606394,1.5952589840497027,1.6279209799236225,1.4283991064950177,1.3776075059918549,1.3555449936011355
2026-01-14,2.1426335633351052,1.5267523090771915,1.3081817150415327,1.595574565767307,1.6394622724734447,1.4191670066393407,1.379584357585288,1.3630662266260398
2026-01-15,2.1830707680172625,1.530909982945205,1.3096387629435597,1.6041674065871219,1.6573507601907955,1.4240883687321757,1.383399785397131,1.3599777907190638
2026-01-16,2.1928631809616106,1.5296272732880931,1.3080912793683919,1.6050793748652683,1.6620136702599198,1.4224348811828147,1.3829027496809456,1.3555252561534845
2026-01-20,2.1506120428113786,1.4984889786488769,1.2901164077939578,1.5862478709293582,1.6413496009002335,1.3846787761108994,1.3694262864825373,1.3732763037912419
2026-01-21,2.185568939871121,1.5157831586349293,1.3007535247842625,1.6023596673191889,1.6746730163301216,1.4053165876224303,1.3794369497650325,1.3854820796788538
2026-01-22,2.231276624358782,1.523700442732509,1.3049308766371777,1.6133622812774213,1.6906405019521862,1.4145152471397404,1.3832878589169142,1.3970086104077837
2026-01-23,2.2411257717907027,1.5242532111444163,1.3056842692188375,1.6175691820797504,1.68779215294934,1.4150627172914831,1.384149773865963,1.4041676590756187
2026-01-26,2.2607476633447314,1.5319935931082143,1.310442899123849,1.6243684240294136,1.6984292902853035,1.4239744389621756,1.3874703984481498,1.4137941919617816
2026-01-27,2.2888950168953834,1.5380974611473381,1.3132066940406877,1.6338502160971382,1.719541086190478,1.4311573913233377,1.3906095910572,1.4258282957006683
2026-01-28,2.2783920241636997,1.5379426210241203,1.312917454846996,1.6335749730323457,1.7211460112925323,1.4308734280364095,1.3903513078534147,1.454312038304448
2026-01-29,2.335994404259189,1.5348907546794375,1.311353006325881,1.638758144333101,1.7345534708215746,1.4271210812800605,1.3913679455261916,1.455876716891318
2026-01-30,2.2969906527369637,1.5303128198126552,1.308899746277421,1.6228311250065515,1.696805119167412,1.4214838950558932,1.3843938347343545,1.38272258218966
2026-02-02,2.290573712649555,1.537920559013557,1.312196854022296,1.6185943634940334,1.6776974288319972,1.430566464443624,1.383802105909795,1.3572596831881967
2026-02-03,2.2506052064090123,1.5249168310081727,1.3055870361240478,1.617506863486887,1.6977016185136917,1.414734615979745,1.3843179415290043,1.3969236024763727
2026-02-04,2.196889240088356,1.517530253311937,1.301475564584716,1.6123546599679834,1.6838655302460332,1.4057220330931017,1.3840406451847003,1.3968691659465757
2026-02-05,2.191189920365561,1.498577497390647,1.2939590879473255,1.5997345511240915,1.671403501869602,1.3827913705119308,1.3791986951593116,1.3829331705032595
2026-02-06,2.2556764579076614,1.5273272748494207,1.3091524075231566,1.6301468787046858,1.7173530957579273,1.4171693854437668,1.395501175379565,1.402308256563437
2026-02-09,2.285811091913511,1.534691790535093,1.3130940243033142,1.6415145896462262,1.7316251010965449,1.4259192200252255,1.3992401889889063,1.4169151736331953
2026-02-10,2.2716529938770864,1.5306445620696545,1.3125334673783844,1.64042933831502,1.7237134602050965,1.4210228860074834,1.4012354781848024,1.4129685355831687
2026-02-11,2.284396970445292,1.53029089315185,1.3111481197823067,1.6451414081933597,1.7487676861667485,1.4205103183679357,1.403334235031938,1.419484103608434
2026-02-12,2.2459132055883373,1.5066496216114444,1.301337008371994,1.6301661860495917,1.7222578992339368,1.3924998573477132,1.39847478561465,1.3989381607598002
2026-02-13,2.2337134895325756,1.5077110344141322,1.3035401673939195,1.6361875026280508,1.7371032708628247,1.393645276779263,1.403914425735257,1.4172694543738715
2026-02-17,2.2430614598807534,1.5101436756157016,1.3048527865396518,1.6343683623828233,1.7224003376273573,1.3963995217508811,1.4036451615600476,1.3973678420224036
2026-02-18,2.2768032902449478,1.5177514148166036,1.3080694029071114,1.6429708799893115,1.7478976462301377,1.4054187545375942,1.4066804783464424,1.4130861448210321
2026-02-19,2.2719297747027194,1.51374844572205,1.3061013790690954,1.6427931956062125,1.7502141871163275,1.4004980804554212,1.4065999840305863,1.4156516143434128
2026-02-20,2.2913322153107845,1.5246956695035072,1.311867925120405,1.6515114074961303,1.7597022927869754,1.4135609060988614,1.4117360328146218,1.4282873452240192
2026-02-23,2.286454915111652,1.5091265221838992,1.304862833191955,1.64591986155968,1.7686409002253802,1.3946895594642301,1.4084511249564478,1.4481007838994269
2026-02-24,2.298251705734149,1.5200955372764036,1.3104971463963193,1.6534093941312196,1.7705017049448077,1.4077645257713751,1.4135666038173333,1.4387976459583751
2026-02-25,2.329113958362775,1.5329226338475226,1.3168673647141844,1.6633470628286289,1.7692676443400892,1.4231024456258796,1.4181067707928148,1.4366023436941249
2026-02-26,2.2820794124627506,1.5244080512676348,1.313308236134547,1.6569327037752326,1.7605212171196207,1.4127216107132103,1.4162831156834237,1.443933243200984
2026-02-27,2.253058067477691,1.5170879303026055,1.310558282847082,1.6525628567833954,1.7722346629650103,1.4037989698261344,1.4160338384390045,1.4545527696125504
2026-03-02,2.2535338262812896,1.5179505143107064,1.30890737647483,1.6537528205346996,1.773112839985324,1.4047361391739686,1.4138251838107474,1.463709971173895
2026-03-03,2.2107975954544608,1.504570784677438,1.301408170135635,1.6340155673785723,1.727702219043654,1.388534469320653,1.402699591178107,1.4323317098117854
2026-03-04,2.245368750654673,1.5151859955023799,1.3067055970189634,1.6440094319880438,1.7368857260351362,1.4011671018572516,1.407354376142287,1.4364954601840993
2026-03-05,2.222267535199453,1.5067380050034564,1.300824751270241,1.6310014808044018,1.7120976521876785,1.3909078828018817,1.3992922023956236,1.4274710396001433
2026-03-06,2.165059825417085,1.4869889864555135,1.2899644054980488,1.6154788297614697,1.6963870453275318,1.3671012209028257,1.3920376572924942,1.4372596876637798
2026-03-09,2.2093031363511417,1.5000150471709774,1.2983901892716319,1.6271385027166272,1.7138652239953378,1.3825676262394428,1.3983392744488752,1.438065549822887
2026-03-10,2.2297443913522157,1.4976043326302135,1.2954307445802258,1.6268708289618776,1.7170500670749242,1.3795793250477633,1.3957590586666484,1.4430538682796892
2026-03-11,2.2334062531814474,1.4957245951903095,1.2921239869958003,1.6244862467817631,1.718924906455531,1.3772289033215588,1.392250765569911,1.4383541485807396
2026-03-12,2.1934982910645604,1.4730120936896953,1.2784254661346006,1.6060605895507833,1.7077173908077603,1.3499351394091486,1.3817702361455528,1.4247490913470382
2026-03-13,2.1681041799125818,1.464674683943105,1.2736688243663843,1.5982798268236558,1.7082916242169162,1.33989745677746,1.37909969457043,1.4171410306189034
2026-03-16,2.2008047500861774,1.479580482098473,1.283444928479074,1.6120516076470965,1.7198954842160366,1.3574751477655485,1.3865358194302673,1.417078202894831
2026-03-17,2.203213584775797,1.4834725997411775,1.2865011511406914,1.6143037155408904,1.7239633422985403,1.3619632081914639,1.3889479880639988,1.41579810660055
2026-03-18,2.1717283095443296,1.46277274914288,1.2735586393709348,1.5948301960659805,1.692144417028193,1.3377147737375348,1.377900942638623,1.3942558555334699
2026-03-19,2.163917888779111,1.4591679790365317,1.2722372242384974,1.5887561722551067,1.6826889467290185,1.3333238663799578,1.3750197037863678,1.3655747063411279
2026-03-20,2.1127127303068964,1.4382496739287292,1.2570449966475121,1.5598820245659937,1.64077044000185,1.309020532824875,1.3556307412350221,1.3420605546618214
2026-03-23,2.1527090173280645,1.4533513231840063,1.2668460137052444,1.5751708588951339,1.6527959221737412,1.3265356264026562,1.3654445640282926,1.3290218738407586
2026-03-24,2.1568836915658594,1.4484726411548199,1.2629124625179853,1.5735313344989792,1.6693003854678514,1.3208367115845296,1.3641647011823572,1.3287157504466143
2026-03-25,2.1690325771142693,1.456544630025859,1.2689242840855115,1.584148593847618,1.6695254166574176,1.3298678076956845,1.3717810011429654,1.3497451289430151
2026-03-26,2.087662195846354,1.4305325721233164,1.252452080721841,1.5576161609210568,1.6540061689252383,1.3003273203962133,1.3584296566287308,1.3250419658104726
2026-03-27,2.0522821031812994,1.406139297327143,1.239577054070012,1.5444638846596535,1.6505833464656547,1.272855410459325,1.3503499346411632,1.3451141043391281
2026-03-30,2.031843348725602,1.401437923481012,1.239601244109744,1.5425698662806668,1.637287549710438,1.2677042152208002,1.3516924584807732,1.3500713415605616
2026-03-31,2.1169614691880745,1.4421748169123993,1.2623563899496746,1.578241483091733,1.6536229276387167,1.3099273459683385,1.3709753973050476,1.3713651156323572
2026-04-01,2.1455457644321725,1.453040830839022,1.2684009178400146,1.5849622476709462,1.647147751149396,1.321106524546446,1.373424789197564,1.3818923850222489
2026-04-02,2.1248880298042674,1.4543492569501648,1.2702640585673497,1.584409617316482,1.6337760270577129,1.3223300693188147,1.3757395193962576,1.3726212619289386
2026-04-06,2.1200854024432765,1.4612236711619104,1.2729409665902636,1.5866424421800633,1.6327406128968753,1.3288084801467386,1.3776766549003754,1.3689522132599692
2026-04-07,2.1242032079928816,1.461866717862442,1.2738934305908924,1.586787668762875,1.627908969975733,1.3294016855063768,1.376262168039379,1.3744655388230338
2026-04-08,2.2195005684344324,1.4990998121069923,1.2946827235987457,1.6204618212277622,1.6523437494856674,1.3646502025688747,1.3945202294827594,1.3772288154335166
2026-04-09,2.2458387228493804,1.507748255597599,1.299473498241999,1.627578051851505,1.6618427188051292,1.3727515831043575,1.3978123096798063,1.3813527693802086
2026-04-10,2.268260210990572,1.5067504571811983,1.2980686953046365,1.6269487167502759,1.6587777867598659,1.3718569520431638,1.3953571869960875,1.3788985765387691
2026-04-13,2.28645582783726,1.5214750220105269,1.3067205668204425,1.6365851029693932,1.6634837401646274,1.3849591711138247,1.4006231380104275,1.3766518846035034
2026-04-14,2.330945416546812,1.5400140137214349,1.3176334365927196,1.6537061872188235,1.6648413216628781,1.401446607219565,1.409752387020109,1.3919000033100766
2026-04-15,2.326224585054221,1.5521662563988787,1.3230207766510653,1.6557180455343845,1.6482514441404361,1.412167164853995,1.4098183912690885,1.3835689062306742
2026-04-16,2.297556890838888,1.555980412580942,1.32422524899808,1.6557192312564968,1.6408640558865784,1.415488243103529,1.4102280612337152,1.3824387015313604
2026-04-17,2.339506922419372,1.5747855019161914,1.335792523534201,1.6721013525963702,1.6530033772323123,1.4317596291449477,1.4196888001126524,1.3934804361417221
2026-04-20,2.3365040008809848,1.5716364544452233,1.3341350829198264,1.6682982027658513,1.6462851834280834,1.4289183356953599,1.4179531959756455,1.3873098807348667
2026-04-21,2.316790493362426,1.561347030487926,1.326914876910942,1.6564401783157603,1.6361640440170255,1.419648042729505,1.4106615532955122,1.3686431249103417
2026-04-22,2.3229211518903856,1.5771583185246991,1.335718713827307,1.6642294649023648,1.6369862444323218,1.4339034647170226,1.4147650841737938,1.3778351840958711
2026-04-23,2.2928823246777625,1.5710378024653342,1.3317489025789364,1.6594476350552683,1.6504151802420968,1.428399320820147,1.4156045622869298,1.3713904593671615
2026-04-24,2.3396857692685997,1.5832122425030997,1.3386868243702148,1.6707000414358015,1.6638909246014988,1.4392568320377985,1.4195821359006657,1.3747632876284932
2026-04-27,2.3454576666497777,1.5859398108274765,1.3392620640553485,1.6708743265863724,1.6770534150108067,1.4416809825993675,1.4189194674652958,1.3682269108905145
2026-04-28,2.3096584020062996,1.5782227090220642,1.3351336143463786,1.6662762557406114,1.6848489621477036,1.4348353912861436,1.419567006501183,1.3574522044381652
2026-04-29,2.3039866485080145,1.5779788087580444,1.3326430418870054,1.660984127264222,1.6853789171736693,1.4346167962186347,1.4160667189454474,1.3492497526765455
2026-04-30,2.2834409808868945,1.5936791099932104,1.3413472863841889,1.6661400782448896,1.686045761783046,1.4485270675843875,1.421776481290196,1.355842282074901
2026-05-01,2.2747403428954858,1.5980921888546786,1.3442811699933666,1.6644143774327942,1.6774818762590307,1.4524428116837833,1.4216088587528088,1.3566470968582987
2026-05-04,2.252964673579649,1.592237770419655,1.3396405846687112,1.6558810659365273,1.678690941902568,1.4472458978457972,1.4167955573290407,1.3428480752621157
2026-05-05,2.27709559555744,1.6050109977870672,1.3470630443143317,1.665397276652574,1.6803060364673905,1.4585858009294081,1.42316852783453,1.3497289609868794
2026-05-06,2.3582976455480233,1.6273197509593957,1.3605821380661844,1.6864361182526069,1.6934619790240537,1.4786786130811227,1.4322206523931538,1.3691255007487806
2026-05-07,2.351506228992635,1.6223302174783603,1.3567618479769354,1.6779163424874406,1.6726057026625134,1.4740228678366085,1.4252133936450113,1.3693748222983722
2026-05-08,2.3898319975488485,1.6357242941859826,1.3647403839179864,1.6846580912006364,1.7072229698050658,1.4862550189570816,1.4287513069876572,1.3731264794125084
