,SPY buy-and-hold,60/40 SPY/AGG,Equal-weight universe,Momentum Top-5,Volatility-targeted SPY,Risk parity inverse-vol,Defensive basket buy-and-hold,Full Alpha Trinity rebuilt,Prediction-only MLP/RF,Crisis-only deterministic,Full Alpha Trinity rebuilt no-cost,Full Alpha Trinity no-leverage
2022-01-03,0.0,0.0,0.0,0.0,0.0,0.0,0.0,0.0,0.0,0.0,0.0,0.0
2022-01-04,-0.0009990009990009652,-0.0009990009990009652,-0.0009990009990009652,-0.0009990009990009652,-0.0011004060523766013,-0.0009990009990009652,-0.0009990009990009652,-9.652650891756043e-05,-8.77521417802507e-05,-0.00010998790133087688,0.0,-9.652650891756043e-05
2022-01-05,-0.019202033360498083,-0.012764721986724847,-0.017153908922449723,-0.031639075754005486,-0.021178717348392162,-0.01115586980732508,-0.0031719919326343993,-0.003379511177447281,-0.0030723033148127854,-0.0022489260195850402,-0.0033763859232355253,-0.003379511177447281
2022-01-06,-0.000939543098733786,-0.0009887179999040763,0.003493555114952418,-0.0002571260147556931,-0.0011026025863009048,0.0003685343978250266,-0.002487028498907362,0.0010937933028611901,0.0009943557258806912,0.0005392104639732054,0.0010951584959004723,0.0010937933028611901
2022-01-07,-0.003953414624046081,-0.003542577755288656,-0.0020222341674490663,-0.008034574236329584,-0.004207826788371283,-0.0010751656500812556,-0.002771469207864863,-0.0010224596739492053,-0.0009295129747397546,-0.00020356768858664775,-0.00102115611097775,-0.0010224596739492053
2022-01-10,-0.001244419062648272,-0.0011024591430400799,-0.003968866553887618,-0.003030378951586643,-0.0013383206806140135,-0.0024505492553127395,0.0017359887507273353,-0.0003445605044981592,-0.00031323672975369643,-0.000584215956211831,-0.0003438138233597954,-0.0003445605044981592
2022-01-11,0.009108246742420834,0.006208783560601727,0.008325392524209274,0.009150444797012547,0.00960269309820494,0.005832898397441388,0.004070715588665008,0.001263767426038065,0.001148869394783203,0.001025535812365197,0.0012649103375417248,0.001263767426038065
2022-01-12,0.002703458196565478,0.001620776998420892,0.002669465241644353,0.0018285497869694467,0.00291649092867563,0.0013941939835560024,-0.001945308660835643,0.0004869498148716289,0.00044267895586469486,0.0004134498055787805,0.0004875270664064235,0.0004869498148716289
2022-01-13,-0.013778512611026583,-0.0075641177494900624,-0.0101919826284399,-0.012963546185267849,-0.014967191770095978,-0.005795276428258611,0.0017066775228276043,-0.0026190773745250473,-0.0023809975814785833,-0.0014292920465239778,-0.002616705498778349,-0.0026190773745250473
2022-01-14,0.0004090727802039673,-0.0019913761472067915,0.0028255369265823838,0.006095952226943702,0.0004042259721015462,0.0002453277447100888,-0.005242259666956128,0.0011528760741925659,0.0010480634603171612,0.0005188715944823841,0.0011540826173290775,0.0011528760741925659
2022-01-18,-0.017709632119395358,-0.013056230442647254,-0.016257795583924595,-0.015388744743617844,-0.018885195444176994,-0.011105139813847642,-0.0038745649483901135,-0.002507571455190538,-0.0022796255699117918,-0.0021093563677048177,-0.00250515540252938,-0.002507571455190538
2022-01-19,-0.010383554411433793,-0.005375039786988389,-0.004069944817581939,-0.0023446809222226195,-0.011128651859438898,-0.0009857524601821765,0.005669851052572561,-0.0014180433674422233,-0.0012891371031937826,-0.0006992098209818165,-0.0014165871459441703,-0.0014180433674422233
2022-01-20,-0.011068116415805962,-0.00643171890191474,-0.0061606901760469235,-0.010603540870548045,-0.011435770688508429,-0.003714751069160971,0.0017983465038460267,-0.0014627834265976691,-0.0013298124754833607,-0.0008846529459679564,-0.001461226632114676,-0.0014627834265976691
2022-01-21,-0.019630626218663627,-0.010215253464793572,-0.012559688138688685,-0.011698130168039111,-0.020043675309343145,-0.007787722789183826,0.002418343353113084,-0.0022705105174314344,-0.0020641185833158993,-0.0017706194309240475,-0.002268461241800579,-0.0022705105174314344
2022-01-24,0.004246966673964403,0.002082163432525874,0.0007664168120438131,-0.0019487725483181562,0.00425772189055551,-9.308722467538111e-05,-0.00017942134967285917,0.00027476770638568127,0.0002497884313101828,0.00010914662315464341,0.0002752695110006531,0.00027476770638568127
2022-01-25,-0.012209161125740331,-0.007723380982311734,-0.010002809541979962,0.003824999216144098,-0.011928100047812196,-0.0057936359965753415,0.0002655743308748182,-0.0021665331171656366,-0.001969588655879928,-0.0013656775532930876,-0.0021636199106132015,-0.0021665331171656366
2022-01-26,-0.002508766684996111,-0.003756981664215564,-0.0033305771261520345,-0.007429986024938384,-0.0024519392179729316,-0.0043344818737054425,-0.007154754916127826,-0.00032447002928837065,0.0005191698547446499,-0.0011762241037398535,0.0005723786004725451,-0.00032447002928837065
2022-01-27,-0.0049380386330309944,-0.001637631103502124,-0.005014260899843359,0.0003564203998944748,-0.004808914827977739,-0.0017449637916339134,0.0042464142391982485,0.0003794257094806852,-0.0011500454222190815,0.0003794257094806852,0.00038747622724910613,0.0003794257094806852
2022-01-28,0.024835374553834555,0.015175906998764255,0.013893680006683562,0.002831341990066294,0.024193084196378,0.009793674755208093,-0.0005734680816088522,-0.0010877782452443086,0.0022622019460347698,-0.0010877782452443086,-0.0010868575710979433,-0.0010877782452443086
2022-01-31,0.018011068035728828,0.010762300208664088,0.016896011068414207,0.00415767143951018,0.017479218221772896,0.00980828361607422,-0.0016022468448123606,-0.0016824270935330565,0.003101687900672445,-0.0016824270935330565,-0.0016775313251913282,-0.0016824270935330565
2022-02-01,0.006756845665433442,0.003910917045916618,0.005688884366979119,0.006506342047787106,0.006209334417547785,0.0035628387947674867,-0.001390087903589965,-0.001104467814276977,0.0007503059207059071,-0.001104467814276977,-0.0011030858918295028,-0.001104467814276977
2022-02-02,0.009714208211538455,0.006254550490111033,0.00691307516286499,0.004728052164650887,0.00874714255022413,0.004913246671888638,0.0010410174180019993,-0.000853002998935426,0.0011552923537927473,-0.000853002998935426,-0.0008501478565083875,-0.000853002998935426
2022-02-03,-0.023504955911496594,-0.015723712559546188,-0.028277838290091672,-0.003461539408852299,-0.021134164105721,-0.01594097111633519,-0.004575726379547618,-0.002957133824264657,-0.004675203925985083,-0.002957133824264657,-0.0029556224723368274,-0.002957133824264657
2022-02-04,0.004702188566932053,0.00029983510562980875,0.0018105329280160287,0.000288606041459083,0.004165081896212897,-0.0007822965870611931,-0.005041775535524651,7.066310407277676e-05,0.0008443263414292801,7.066310407277676e-05,7.153095306233759e-05,7.066310407277676e-05
2022-02-07,-0.003209162237134522,-0.001565765981382805,-0.0015419192169757734,0.003579871816993929,-0.002758815873717513,0.0002564253156445151,0.0023577244184682655,0.0024139661569082538,-0.00011166160877718045,0.0024139661569082538,0.0024164740253105332,0.0024139661569082538
2022-02-08,0.008227716624917614,0.0037023140565957124,0.003560418401164167,-0.0020338806288651146,0.007058333609431866,0.003054478487806378,-0.001235687188396506,0.0016990349455676679,0.00036318744481467213,0.0016990349455676679,0.0016995093655964855,0.0016990349455676679
2022-02-09,0.014636260748093655,0.009028721308224519,0.016707618900581256,0.007230307817464476,0.012596899816641693,0.009554555121537245,0.00119102064892318,0.00043215301814814033,0.003038826760768165,0.00043215301814814033,0.00043384511069533005,0.00043215301814814033
2022-02-10,-0.017965763700155124,-0.014479240509550073,-0.015634803877686898,-0.011637097133033736,-0.015397196569047256,-0.011943668923219186,-0.006757487621877778,-0.0005587038994364635,-0.0021105043326553607,-0.0005587038994364635,-0.00035678274585926317,-0.0005587038994364635
2022-02-11,-0.019718643486925758,-0.009210866938200946,-0.01182733349259757,0.0030743231364696033,-0.016719364428044226,-0.004101796599397911,0.011207454673297645,0.00700057384044106,-0.0028272129482501684,0.00700057384044106,0.007005001765668206,0.00700057384044106
2022-02-14,-0.0032693451063934287,-0.004287830334615994,-0.004688595697824982,-0.01037769435578384,-0.0027304985506644286,-0.004402030506398202,-0.002386541889067839,0.002420724625346482,-0.00011364133856406333,0.002420724625346482,0.002421693884455678,0.002420724625346482
2022-02-15,0.016126740802573147,0.009009621752831487,0.013561947662622975,-0.006139794192948966,0.013094301089040083,0.00618435709675591,-0.006598714455251953,-0.004014859564728135,0.0032418932396425237,-0.004014859564728135,-0.004013172828171152,-0.004014859564728135
2022-02-16,0.0011209168878236753,0.0011484395587035845,0.002264454608747579,0.0023199023808226915,0.0008965725331513408,0.002481242256117122,0.0038963197854595677,0.0024977083508304077,9.2430063453941e-05,0.0024977083508304077,0.0025013775259752347,0.0024977083508304077
2022-02-17,-0.02136144128591677,-0.011987259924343685,-0.01468031228989064,-0.003414900566204193,-0.017062294620832863,-0.007001810341104253,0.005981049443746667,0.0042134203041162,-0.0031603098559545018,0.0042134203041162,0.00421740374464008,0.0042134203041162
2022-02-18,-0.00647497643441064,-0.003049966689634531,-0.005235114167600363,-0.0017416922795517875,-0.0051884505435728645,-0.002312715498359541,0.0035374960268961253,0.0005976579806650228,-0.0013144081562486143,0.0005976579806650228,0.0005986967503615048,0.0005976579806650228
2022-02-22,-0.010731606868282006,-0.006880600482773835,-0.006204144407202072,-0.004543874525878011,-0.008361268358747842,-0.0035398769866626933,0.0010104018015228977,0.000742844846771451,-0.0008966816504534236,0.000742844846771451,0.0007433549145743346,0.000742844846771451
2022-02-23,-0.017738714205671635,-0.012435403626577468,-0.012567209549427139,0.0016676353555511447,-0.01380079248066457,-0.008336464180654701,-0.002955490254818449,0.001700960470889079,-0.0019183781666015642,0.001700960470889079,0.0017019628444068235,0.001700960470889079
2022-02-24,0.015049190015804514,0.009755445662202877,0.01153154872895401,-0.00570838994996381,0.011652954757865652,0.004714134846614426,0.0009451182786806012,0.0005062135754552166,0.003118701373185262,0.0005062135754552166,0.000510594248585905,0.0005062135754552166
2022-02-25,0.022063945280829556,0.01363025115950256,0.01547274919128272,0.0043967551421801865,0.017253344583520125,0.010940878016451272,-0.0017239197167711051,-0.002501895525947817,0.0016112501421399195,-0.002501895525947817,-0.002500895767495903,-0.002501895525947817
2022-02-28,-0.0025585495172558703,0.0013441645265293012,0.0014083996809453048,0.006566799131725531,-0.001999549980366333,0.001677394366110141,0.010147182703664992,0.003571288823394303,0.00045253314116511234,0.003571288823394303,0.003573934096772202,0.003571288823394303
2022-03-01,-0.015230267393768315,-0.006894119380196129,-0.010430830702463867,0.007593947052987771,-0.011743561980369077,-0.002897325982255894,0.010892367669864012,0.007764317221604644,-0.001917141261169486,0.007764317221604644,0.007767447823380014,0.007764317221604644
2022-03-02,0.018396226166669916,0.0062225509186149,0.011856940596832954,0.006945889331180677,0.014262320843372978,0.005010598808566025,-0.014177360024661856,-0.0033548352529731984,0.002127425863830412,-0.0033548352529731984,-0.003351943392465917,-0.0033548352529731984
2022-03-03,-0.004978492995955985,-0.0016393460993725517,-0.0036628804893684697,0.011354364518552096,-0.003881483345948289,0.0010178818922843558,0.005802656620593316,0.002936015320353036,-0.001229358730716723,0.002936015320353036,0.0029371909020627918,0.002936015320353036
2022-03-04,-0.00812470045703162,-0.0032786168092371337,-0.0062145029916299555,0.012744846728437231,-0.006216293678983464,-0.0006145974790444653,0.011268688708329533,0.007069495656306435,-0.001466038194138708,0.007069495656306435,0.0070723262851979385,0.007069495656306435
2022-03-07,-0.02947913497768695,-0.020019875668044085,-0.020314849218313946,0.00844212665435573,-0.022722963021878928,-0.011524340796371213,0.0025442992169892875,0.006618603624922059,-0.003358342230389333,0.006618603624922059,0.006621253716463604,0.006618603624922059
2022-03-08,-0.00758160539956354,-0.00597346579731195,-0.0018099193115074241,-0.000548891211074487,-0.006012236711943286,-0.002848943638073087,0.0036653417749419326,0.007432454797153376,0.0001394779980805616,0.007432454797153376,0.0076427139727062166,0.007432454797153376
2022-03-09,0.026810811214108332,0.015230732367615296,0.018671996598834006,-0.018504289330141144,0.02024485608962867,0.00802563005426471,-0.013485504876367238,-0.013825820513093445,0.003553469159048639,-0.013825820513093445,-0.01381904769098763,-0.013825820513093445
2022-03-10,-0.004515635976161114,-0.004947691566760004,-0.005574980864507695,0.008241231654411374,-0.0034346469609235486,-0.003415178429052257,-0.0026353699014382004,0.003412703935254502,-0.0006702288134871059,0.003412703935254502,0.003413562220008659,0.003412703935254502
2022-03-11,-0.012714896377498786,-0.007708716199741672,-0.011246010724328959,-0.0019854934044849504,-0.009265396702528905,-0.006459492261465916,0.00016469423218068435,0.0005414916445063422,-0.0017195114541980194,0.0005414916445063422,0.0005461462228772973,0.0005414916445063422
2022-03-14,-0.007308442938157356,-0.008260358738863771,-0.00904481355460085,-0.009679636396720648,-0.005337687515338474,-0.006902122412686729,-0.011970065288786191,-0.004716002886623993,-0.0017236671152156546,-0.004716002886623993,-0.004710726185073066,-0.004716002886623993
2022-03-15,0.02199047298535417,0.014079062780021134,0.01371823135220418,-0.00948128295479167,0.015969938568961117,0.007771354564954924,-0.00522509101915436,-0.006184010549603491,0.0028923385831520765,-0.006184010549603491,-0.00617772820546858,-0.006184010549603491
2022-03-16,0.02217414437014309,0.013591468083240743,0.023792316333855812,-0.004695730724646019,0.016306688758461307,0.013310305932788147,0.002266059775239082,-0.001715812949599993,0.0036369220852718875,-0.001715812949599993,-0.0017106889412060733,-0.001715812949599993
2022-03-17,0.01251094172707412,0.008170163540517361,0.009132069934363773,0.01057653475889797,0.008964718392421522,0.006629690593213944,-0.0006185112472906207,0.0003223407332904049,0.0012192514974533886,0.0003223407332904049,0.00032501337480628223,0.0003223407332904049
2022-03-18,0.010952741287832302,0.007457376526733617,0.011726190035887152,-0.003736984006521782,0.007691705753651634,0.005722283548406981,0.001299888952761119,-0.00206848218734601,0.0027100662834920186,-0.00206848218734601,-0.0020648594390979547,-0.00206848218734601
2022-03-21,-0.0002923070360022484,-0.004102338458463972,-3.558085980637227e-05,0.014572434587320382,-0.00021144552670093741,-0.00023344681678860724,-0.004792847114961085,0.004195778468880196,0.0003401098355251264,0.004195778468880196,0.00419700509831733,0.004195778468880196
2022-03-22,0.011701360789925674,0.005930482633914158,0.005342895922118673,-0.0023565118151376296,0.008271500945881582,0.002911909189499351,-0.00566306637217151,-0.00236740749699349,0.0006806575027102912,-0.00236740749699349,-0.002364948498818187,-0.00236740749699349
2022-03-23,-0.01287837068844866,-0.006086615727595168,-0.00777611017555091,0.007579752810743523,-0.009155082155107741,-0.0036019043240616,0.009992643811261637,0.004662927307225173,-0.003358346388352862,0.004662927307225173,0.004667388301463404,0.004662927307225173
2022-03-24,0.015074200312648722,0.008140690817758589,0.013770659837547328,0.002875777554301351,0.010660832425305244,0.007084299950109063,-9.210334713738444e-05,0.0027447937652813614,0.009357414868610636,0.0027447937652813614,0.0027469519923004615,0.0027447937652813614
2022-03-25,0.004883679541622277,-0.0002551659876983692,0.0023384004152655624,0.00807393371993892,0.003457612268468635,0.0018278807624692028,-0.006108766005576749,-0.0010409049592990938,0.0013412907438326016,-0.0010409049592990938,-0.001039278786367892,-0.0010409049592990938
2022-03-28,0.007113167802539344,0.0052458971054305525,0.0031417756554292797,-0.009673560992680574,0.004986808845572899,0.0018054995964404963,-0.001652007634360686,-0.003954331260799804,0.0013980406088283104,-0.003954331260799804,-0.003946564685183063,-0.003954331260799804
2022-03-29,0.01237062864346039,0.009299138737196122,0.011153933554769901,-0.0013389325834238797,0.008661140101503317,0.007495635616209695,0.0014092457478431797,-0.003084925312897835,0.004651959710010978,-0.003084925312897835,-0.0028859603180281246,-0.003084925312897835
2022-03-30,-0.006174610937253355,-0.002623364524901639,-0.004393270179348097,0.006996067370775627,-0.004317850044372462,-0.0013438661797740004,0.003240943362349702,0.0006631158061436437,-0.0034722193224082654,0.0006458353957408125,0.0008163740605813263,0.0006631158061436437
2022-03-31,-0.015391536932664929,-0.00942899477364334,-0.01090673335767478,-0.003284073779566854,-0.010678101882902413,-0.006934184592544468,0.0016376500591550602,-0.0002127390895545478,-0.007695834787920575,-0.0002876573184589226,-6.948793600669578e-05,-0.0002127390895545478
2022-04-01,0.00283407328859675,0.0009878425792537726,0.0035118292651332705,0.002159897532907129,0.0019586687403674308,0.003217226987079158,-0.0008617844035019306,-0.0009448098055554466,0.00019247721424653363,-0.00081487627973853,-0.0009411502617100442,-0.0009448098055554466
2022-04-04,0.008566700137867533,0.00547340149968889,0.006468027360096773,0.0019794003114492753,0.005876158406816989,0.0029982267988528655,0.0010499105682784116,0.003949625149801905,0.005400111682727138,0.003243808404028048,0.004076864523417267,0.003949625149801905
2022-04-05,-0.012631189679011001,-0.01162330231534725,-0.013148326001632737,-0.0013531783565914335,-0.00881002671704556,-0.008152030702082591,-0.007982806389483676,-0.005435651934632246,-0.011270979099291312,-0.0033553266679512417,-0.005318335276881747,-0.005435651934632246
2022-04-06,-0.00999963318661512,-0.0070246199036881896,-0.008867682359868234,0.005686438492381152,-0.006951367699864486,-0.002970445090881624,-0.0016339532915399246,-0.004017678556994531,-0.008288830662708802,-0.002682169857339489,-0.003795307243430912,-0.004017678556994531
2022-04-07,0.005039195144402875,0.0021480846023351763,0.0010940597894515403,0.00370783058953994,0.003476084511660371,0.0015915652920368561,-0.0007149673578350502,0.002018094362912226,0.0018691460369819612,0.002540222349745047,0.002021405695426415,0.002018094362912226
2022-04-08,-0.00267390381836885,-0.0036194741552365572,-0.0026040054291973647,0.010515828166917984,-0.0018415636439933492,-0.00030555727049719206,-0.0019440188321369067,0.00037245291971443883,-0.0016713314916206867,0.002167731410726681,0.0003816604790831679,0.00037245291971443883
2022-04-11,-0.01709227111317768,-0.01198049817484148,-0.014342151384206026,-0.006096966923736957,-0.01179266146901925,-0.008930424473248988,-0.0026098745379827815,-0.009892583796588195,-0.01496839966960839,-0.006651652818043585,-0.009879375026797477,-0.009892583796588195
2022-04-12,-0.0037053490919167764,-0.000960516371742326,-0.0021693554572580487,0.004870174073370759,-0.002558690711142231,-2.067968012586796e-05,0.003460026292426921,0.001725704201440248,-0.0008950548258610524,0.00146674933693558,0.0017318079380161944,0.001725704201440248
2022-04-13,0.01145363052229409,0.007670634031873069,0.009680731401792597,0.0024575430778213114,0.00786508893649085,0.005712373048618158,0.001160353785028212,0.006408056716418864,0.009268775663580087,0.0034670121585147484,0.006415482128942385,0.006408056716418864
2022-04-14,-0.012451754824372108,-0.010716827627224701,-0.010796506369948222,-0.0003769004809913712,-0.008557957421649776,-0.0066805328999240965,-0.006066483015057189,-0.0055897215753983875,-0.00880448173116355,-0.0024563233217692604,-0.005580963603220468,-0.0055897215753983875
2022-04-18,0.0004111302634672853,-0.0009861179229891937,0.0012699200248791342,0.002648966132366981,0.0002826989338924335,-0.00013269202022569981,0.0001524539004889025,0.0051359850928800466,0.005030008111099438,0.0017969225127922872,0.00514024838305116,0.0051359850928800466
2022-04-19,0.016142804524830412,0.007243696362629226,0.008800587676002003,-0.003381493678459746,0.011136350468364142,0.005091467161709273,-0.006682951662285941,0.0018959206732616085,0.00529194110597464,0.003544666202354829,0.0019048626057700524,0.0018959206732616085
2022-04-20,-0.0007416892935646624,0.0018427169382291275,0.0001793307513893172,0.0063275491662839745,-0.0005187649635649549,0.003304569436292093,0.005146165123498081,-0.0047853745450811,-0.0005936777003399119,0.0003525184105079848,-0.004776113099164148,-0.0047853745450811
2022-04-21,-0.014953575746605496,-0.011177254716736695,-0.017095111653647854,-0.013332804694363376,-0.010437530458723643,-0.010348083414415066,-0.0031085557927376106,-0.012361232728287042,-0.015349005243061042,-0.008031233450120467,-0.012348029152847828,-0.012361232728287042
2022-04-22,-0.02743915547092779,-0.016864346697168187,-0.018616521930401975,-0.021932708322145333,-0.019161440323679835,-0.013875991397557574,-0.002694888009165397,-0.009814808510338002,-0.0150322386452435,-0.010482051421572325,-0.009805344282329265,-0.009814808510338002
2022-04-25,0.005797538521444379,0.006159265588580043,0.0010579186289723097,-0.00777759447237214,0.00400950896606922,0.0008106661218638678,0.00011220922958155022,-0.0038245427150267464,-0.0012228287852767972,-0.002556043746111847,-0.0029924921023809503,-0.0038245427150267464
2022-04-26,-0.028960590266201125,-0.016156607929602274,-0.01997748835375135,-0.007580656834392019,-0.019494938111994875,-0.011556080665301005,0.005058880311853642,0.0035828859968345395,-0.015044711283956125,0.0035828859968345395,0.0035848392486568237,0.0035828859968345395
2022-04-27,0.0028116087291010228,6.753086145594445e-05,-0.0002870907411943735,0.0005865114054544041,0.0018854995357082682,0.0005625433160452165,-0.00412403607067624,0.0008355397029196077,0.0022010120687481205,0.0008355397029196077,0.0008407475570906264,0.0008355397029196077
2022-04-28,0.02525950075503358,0.0149888692578235,0.02708204858727359,0.011429871674289327,0.016857578478754798,0.014961532758185125,0.0032859098268607223,0.004525557263088675,0.01998148801541788,0.004525557263088675,0.0045264632805588345,0.004525557263088675
2022-04-29,-0.03695561614127907,-0.02458468747619802,-0.026017975284514216,-0.014497929460556613,-0.02504872611984299,-0.0198397083907228,-0.005374628532768266,-0.0020224437693927566,-0.022358747055587824,-0.0020224437693927566,-0.0020208951491766936,-0.0020224437693927566
2022-05-02,0.006019292231992157,0.0014286571406254556,0.004640699360171308,-0.0015962313914997805,0.003940221794360932,-0.0010778517088729789,-0.008644566934957743,-0.0030318830236538696,0.008226643279286128,-0.0030318830236538696,-0.003023175526454147,-0.0030318830236538696
2022-05-03,0.00458411605925213,0.0036502024491278373,0.004869428621054217,0.005440093917298938,0.0028794106856826485,0.0035993009995207714,0.00218271996790409,-0.00010903965692954376,0.004586600590210654,-0.00010903965692954376,-0.00010736454283788444,-0.00010903965692954376
2022-05-04,0.03045294589022518,0.02083931748956558,0.022804231710531253,0.014886809458544814,0.01951001345001746,0.015606650209942785,0.003022198706514878,-0.0012177456745625648,0.018712298736769606,-0.0012177456745625648,-0.0012108848122616145,-0.0012177456745625648
2022-05-05,-0.035542788875921216,-0.02529837967480253,-0.02877919319207689,-0.003783804641788513,-0.022794505086193073,-0.018770426542136343,-0.006983487668086097,0.003044441558739175,-0.020342260430473602,0.003044441558739175,0.00304916852208037,0.003044441558739175
2022-05-06,-0.005968804352324275,-0.005268335573379024,-0.006635383657347282,0.005792515548523225,-0.0037105360888762817,-0.004713271682277309,-0.0031619336415832366,0.001400255928977412,-0.00030730595669337113,0.001400255928977412,0.0014005362604947447,0.001400255928977412
2022-05-09,-0.03201748134363169,-0.017259251387189978,-0.030433183024995647,-0.02555870825108586,-0.01904169634453412,-0.019337180582683855,-0.000827786762529148,-0.00416876243360631,-0.032171719539478505,-0.00416876243360631,-0.004163404387481862,-0.00416876243360631
2022-05-10,0.0023106601961484508,0.0026009537498201674,0.003997318603784716,-0.0008675610852580951,0.001370878391218966,0.0014677732346395356,0.0009856937807350974,-0.0014551506942794834,0.0062353851900276425,-0.0014551506942794834,-0.0014512437862032046,-0.0014551506942794834
2022-05-11,-0.015886015940643206,-0.008056215802653255,-0.00862795234351077,0.00709828438187432,-0.00932230173304549,-0.0027253007986557387,0.007462065626590908,0.0029875209079988085,-0.007265671337980284,0.0029875209079988085,0.0029900286606294735,0.0029875209079988085
2022-05-12,-0.0010441611348543933,0.00011163250072265818,-0.0013184254723024313,0.0014116258215293165,-0.0006220866058342933,0.0002420853010294266,-0.0016119629122897106,-0.0002941724202584206,-0.003599935178135838,-0.0002941724202584206,-0.0002851984287710607,-0.0002941724202584206
2022-05-13,0.023907973716781106,0.012621645258541703,0.02167869308467396,0.01355644001409173,0.014064379769728852,0.011948822992259744,-0.007137187218766106,-0.0038606688105259357,0.021895592002302733,-0.0038606688105259357,-0.003858889826809264,-0.0038606688105259357
2022-05-16,-0.00405753442847101,-0.0015400658361295338,-3.4223044359182886e-05,0.01195116065176638,-0.0024242258123585714,0.0014487103862204087,0.0016929652095414305,0.0008902178657492765,0.0011376963987477229,0.0008902178657492765,0.0008952237758046433,0.0008902178657492765
2022-05-17,0.020570312687034686,0.010149440410887722,0.015211014334440165,0.0024017379069956046,0.011969976586670983,0.0077302442504112445,-0.007877298277157552,-0.006012791620428226,0.013613790927215597,-0.006012791620428226,-0.006011590263461097,-0.006012791620428226
2022-05-18,-0.0403114861074757,-0.022603184272668053,-0.028924235579335322,-0.024186512580716468,-0.023763953691270934,-0.01899515468046098,0.007061460120591612,0.0026910685574115245,-0.023802304109735606,0.0026910685574115245,0.0026929043571213285,0.0026910685574115245
2022-05-19,-0.006124718624982983,-0.0026651638861635574,-0.0009799558201717407,-0.0028962864336700145,-0.0035827845224031263,-0.0016479524277334123,0.002028612255991602,-0.0008217639798520082,-0.0005857086462450756,-0.0008217639798520082,-0.0008122976940729831,-0.0008217639798520082
2022-05-20,0.0004362306623451051,0.0014661594373199804,0.001349381617467893,0.0029448460778633834,0.0002385274944955995,0.0018416997297148185,0.003959899475711737,0.00130051048937041,-0.0013821178274994184,0.00130051048937041,0.0013011327132335104,0.00130051048937041
2022-05-23,0.018710505561916113,0.009897407795107949,0.013498140287692362,0.00941273466124537,0.010478233096503198,0.008168267118001227,-0.005653715704740825,-0.003149034407865847,0.012442276512083073,-0.003149034407865847,-0.0031437302628113395,-0.003149034407865847
2022-05-24,-0.007633883019928178,-0.001514418086026037,-0.006357264831782117,0.0023521800599117793,-0.004313442155777891,-0.0006745107324778177,0.007274250344024402,0.000786864135274401,-0.005265759990905616,0.000786864135274401,0.0007907438801317834,0.000786864135274401
2022-05-25,0.008835027736421086,0.006958878225622911,0.00802537479058163,0.003670565374496837,0.005006463624738444,0.0049347833927859686,0.0012500143029767763,2.4963998340288285e-05,0.009520182643490971,2.4963998340288285e-05,2.8605608124454562e-05,2.4963998340288285e-05
2022-05-26,0.019981088266308955,0.011671170832426414,0.014169830631788338,0.0049612826013321065,0.01131286250763952,0.0083019566784448,-0.0025701212103110826,-0.002203069176580197,0.011729158787266769,-0.002203069176580197,-0.0022024167126935,-0.002203069176580197
2022-05-27,0.024549384622276627,0.015372688732677275,0.018240907912868032,0.01091517524211727,0.01393456096888146,0.012206453586412591,0.0004559266027637232,-0.0009469200617291396,0.01611920583680737,-0.0009469200617291396,-0.0009458509821191896,-0.0009469200617291396
2022-05-31,-0.005610983075331033,-0.0059023428455733384,-0.008196333125196631,-0.011908758865966429,-0.003189396469050143,-0.007701497176373029,-0.008263508128883768,-0.002051748742362469,-0.006398178991372072,-0.002051748742362469,-0.0020474500370850635,-0.002051748742362469
2022-06-01,-0.008088768391135037,-0.006497251916117275,-0.006588293496272435,0.0010193184817399725,-0.004501762155190492,-0.0038385062810607495,0.0025956972617096064,0.005768523701884076,-0.0020612471095066143,0.005768523701884076,0.005769678561484026,0.005768523701884076
2022-06-02,0.01904363490827299,0.011923319922572784,0.016850301930955824,0.0037143551925418183,0.010593771453896395,0.009792990068281382,0.001255388205886332,-0.000691608389922771,0.011736421795776941,-0.000691608389922771,-0.0006836775248316718,-0.000691608389922771
2022-06-03,-0.016411635716283568,-0.010514319871575584,-0.013163089086968949,-0.00882672160152631,-0.009357633541637878,-0.008267615727204691,-0.0023745363254462637,-0.00084346833058635,-0.007423445199049694,-0.00084346833058635,-0.0008380464730330939,-0.00084346833058635
2022-06-06,0.0030447413344592,-0.0006285320314389775,0.002175109544606535,0.004378575946812457,0.0017124559959067476,0.0006238828847147104,-0.0059859908790597105,-0.00022469487514342745,0.0011496552868930365,-0.00022469487514342745,-0.0002222299323583199,-0.00022469487514342745
2022-06-07,0.009592142459738717,0.007279072495558703,0.008910291798957415,0.010204964867184696,0.005492780506818562,0.006926265096900641,0.004638331249803729,0.001404482790602568,0.010884743506928585,0.001404482790602568,0.0014072674721949952,0.001404482790602568
2022-06-08,-0.010871880608055773,-0.008164118289359923,-0.008655377499528494,-0.005118759057410549,-0.006232846761353161,-0.007233648550712624,-0.0022991750031950975,0.0011845243343375778,-0.005023819470395985,0.0011845243343375778,0.001186028576561915,0.0011845243343375778
2022-06-09,-0.023783019619628587,-0.014711369048049816,-0.020063571072230668,-0.02403078138369419,-0.013657621951412513,-0.012754632692531298,0.0016337008185574042,0.0026892681972259247,-0.01627323146378723,0.0026892681972259247,0.0026933336311092404,0.0026892681972259247
2022-06-10,-0.02899575654808395,-0.020504226827446903,-0.021196250191355848,-0.014463501105725363,-0.016618164207185426,-0.013046443319810419,0.0026705774116155823,0.008006083559828348,-0.018019717205385644,0.008006083559828348,0.008007724422318008,0.008006083559828348
2022-06-13,-0.0379680343385137,-0.02934865428521838,-0.03674444621483075,-0.026872499709667652,-0.021728550776227262,-0.027199022141512263,-0.014851719988154488,-0.003086160610645039,-0.03569617158405969,-0.003086160610645039,-0.003072768774359247,-0.003086160610645039
2022-06-14,-0.003013378872429251,-0.004178714653373605,-0.003734894130792421,-0.007166299329017245,-0.0017293566117451142,-0.004682488734513712,-0.005518282057779711,-0.0013371362762002459,-0.0016160744985860287,-0.0013371362762002459,-0.0013334003234984904,-0.0013371362762002459
2022-06-15,0.014256555722824471,0.012996464301879396,0.014248789240992599,-0.004397049746878934,0.007846037477756251,0.010043473971497185,0.007635441849417113,1.2336929484657588e-06,0.0011024056799251447,1.2336929484657588e-06,9.055447871997302e-06,1.2336929484657588e-06
2022-06-16,-0.03309623325986588,-0.018916043058138543,-0.02575580297065616,-0.01696792037039574,-0.01831669363441113,-0.016373346607652328,0.0024397506311570893,-0.0014667368338053821,-0.028206711684773067,-0.0014667368338053821,-0.0014588254467685635,-0.0014667368338053821
2022-06-17,0.002155793815724172,0.0012526029455119936,0.0008977417289068867,-0.014014442813586547,0.0011720407868640592,0.00029975861854514285,0.0013035847089053476,0.00258577898886303,-0.014937265517806386,0.00258577898886303,0.0025927883111633854,0.00258577898886303
2022-06-21,0.025173769356260145,0.013495761737343237,0.014649998666052433,0.005880885903698507,0.013543145741356177,0.009398411864865563,-0.006504182015164228,-0.002910529621491742,0.025482686361786522,-0.002910529621491742,-0.0029099480970918856,-0.002910529621491742
2022-06-22,-0.0018130648544180117,0.0023091969143003155,-0.002567105281105042,-0.008618329332408692,-0.0009839360681522802,0.0001395880510053349,0.008345445778256577,0.0004753975223608098,-0.012678195110508272,0.0004753975223608098,0.0004774063084549418,0.0004753975223608098
2022-06-23,0.009802518130773041,0.007545767310344065,0.0042292945043465036,-0.008512949850519425,0.005217329860658149,0.0033236938127738647,0.0013840043632571408,-0.0013020284302567298,-0.008081257935941055,-0.0013020284302567298,-0.0012993898600554,-0.0013020284302567298
2022-06-24,0.03179388538487782,0.01842789399315814,0.024541880075341194,0.006071288516215745,0.01694541944376393,0.01539884770451061,-0.004183990306879326,-0.0013775738243024804,0.016510582442387234,-0.0013775738243024804,-0.0013770713450431682,-0.0013775738243024804
2022-06-27,-0.0038195855610956286,-0.004073411352606526,-0.0024450359948536837,-0.004438150739617952,-0.002045773810337992,-0.002464545029494003,-0.0036610647400316942,-0.0012353883460461956,0.006351078304724256,-0.0012353883460461956,-0.0012350705951527097,-0.0012353883460461956
2022-06-28,-0.020432923728400332,-0.012110636596891267,-0.01343039635806742,-0.0016916307087480043,-0.01061175334521558,-0.007136991270479953,0.0022777441103907226,0.0023876434658758328,-0.0009255022252383505,0.0023876434658758328,0.00239054529515359,0.0023876434658758328
2022-06-29,-0.0008143249656866747,0.001813482104073172,-0.0011918546372037264,-0.002065075826792495,-0.00042467247716426737,0.0012054816496867016,0.0060769860041547386,0.002635883107978687,-0.010847049069378056,0.002635883107978687,0.0026384542003001776,0.002635883107978687
2022-06-30,-0.008124304467189702,-0.003062884489779094,-0.006714467672058522,-0.00691141760065328,-0.004204254642404148,-0.0038612202420372777,0.0004080523173468631,-0.0034282960421567754,-0.01020276288391353,-0.0034282960421567754,-0.0034273915461178195,-0.0034282960421567754
2022-07-01,0.01057642463340902,0.00967881843118823,0.00184300124932113,0.0034559715812334524,0.005472515948842682,0.004276360296175508,0.004877809520980936,0.0013585380399478986,0.0036251621649563415,0.0013585380399478986,0.001360125089926889,0.0013585380399478986
2022-07-05,0.0018885878068248818,0.0018759667177896677,-0.0034854019421225457,-0.006445553469655252,0.000978426308420044,-0.004368258160331817,0.0006657211920313433,0.0007539432673004942,-0.013673849047545317,0.0007539432673004942,0.0007672855502078857,0.0007539432673004942
2022-07-06,0.003377278361903935,-0.0006704792139755611,-0.00021434411481957572,-0.0016025299340846066,0.0017484960429376972,-0.00124085960142728,-0.00795127402093776,-0.002475501941841096,-0.001996938260242609,-0.002475501941841096,-0.0024679694976501576,-0.002475501941841096
2022-07-07,0.01497709627273891,0.008074720490493403,0.0141916348474318,0.007454379626010921,0.007759550701045281,0.008712026287366559,-0.0021781899758891443,0.00034139936233268386,0.018294004983447243,0.00034139936233268386,0.0003414677105533226,0.00034139936233268386
2022-07-08,-0.0008225392258093267,-0.001990980440856438,-0.0010199758567130957,-0.0013042412496155897,-0.00043025545363806206,-0.0008318499718495964,-0.003343537011193609,-0.00022075675876054301,0.0005808483032847533,-0.00022075675876054301,-0.00022032166965058053,-0.00022075675876054301
2022-07-11,-0.01142340750101789,-0.005004488285134334,-0.010913040593599987,0.003313974864030067,-0.005885825802764977,-0.0047091213852683556,0.00678143240620388,0.004160608117180997,-0.008044792507088783,0.004160608117180997,0.004167159459488756,0.004160608117180997
2022-07-12,-0.008849040548150278,-0.004763776150644272,-0.007487862687881486,-0.011521009330291876,-0.004582272305389434,-0.005802980418996073,0.0005551461775481492,-0.001289270052403535,-0.012029695122416806,-0.001289270052403535,-0.0012880702337934036,-0.001289270052403535
2022-07-13,-0.005251865683440271,-0.0017020821591215984,4.034384806250735e-05,-0.0004907605111511559,-0.0027160225426832163,-0.00023752408755983723,0.00390799427291344,0.000395383329578447,-0.0006561449375154238,0.000395383329578447,0.00039793708346302914,0.000395383329578447
2022-07-14,-0.002428434956782466,-0.0028663921114499002,-0.005136567568764683,-0.0013680051504757484,-0.001260736639519533,-0.004773800531501449,-0.004085497177730768,-0.0007533344199933678,-0.005254549723134994,-0.0007533344199933678,-0.0007455010207635393,-0.0007533344199933678
2022-07-15,0.019104977193242334,0.013026530349114829,0.015070686499808472,0.006222663771386694,0.009923247864640716,0.009873866505041962,-9.017331093197356e-05,-0.0035321936088392736,0.011184715834863246,-0.0035321936088392736,-0.0035305745467124616,-0.0035321936088392736
2022-07-18,-0.00825672170286229,-0.006247421115019636,-0.0011333604470673553,-0.010013685648430415,-0.004291868841773017,-0.0026387093121283955,-0.00442948533409071,-0.0024914928291684957,0.006282414604843911,-0.0024914928291684957,-0.002488936154875665,-0.0024914928291684957
2022-07-19,0.027019101475189267,0.015648531166956525,0.02159926548500346,0.00249217102510757,0.013993651006961594,0.013099960487835682,-0.002744379882475778,-0.0024230519017043317,0.01871158995731803,-0.0024230519017043317,-0.002419684346152917,-0.0024230519017043317
2022-07-20,0.006373112575365214,0.0035452962359723283,0.0068272877996919945,-0.001862795516845983,0.0032893517105208048,0.001956065261322859,-0.0011347642851808892,-0.001716339350617213,0.0063706795938553995,-0.001716339350617213,-0.00141805109780202,-0.001716339350617213
2022-07-21,0.010183341799725909,0.009452009307065579,0.008335668567671206,0.009374190012760852,0.005179169049829291,0.006864018055668719,0.008406446312093419,0.003294667987461475,-0.0022522004836256215,0.002143177876500202,0.003510165944539567,0.003294667987461475
2022-07-22,-0.009278199930170872,-0.0024550329831710682,-0.00901023620183583,-0.01639467568124675,-0.004799271514162928,-0.0031113069370106716,0.005738507688225258,-0.006563437780584658,-0.007214414937832925,-0.006802415027115871,-0.006405072808017387,-0.006563437780584658
2022-07-25,0.0012150032295239477,-0.0007440055199533502,0.0024497460151331474,0.003865280533739801,0.0006176799775423625,0.001977268140183508,-0.004121281855776648,0.0004806974823401422,0.011807547440631616,0.0009944320049661837,0.000585366112047847,0.0004806974823401422
2022-07-26,-0.01183095184363181,-0.007181833669253179,-0.008979972684590831,0.0008670966793540291,-0.00622341480737465,-0.00388799989511901,0.0020733450959393718,-0.0066617444063165054,-0.005965629566991537,-0.003050123401755922,-0.00664938548846139,-0.0066617444063165054
2022-07-27,0.025966330561570494,0.016967622503543334,0.022119429675730107,0.003256087241850558,0.0136536566798382,0.013221297773245322,-0.00029364258684472233,0.016308199535699508,0.019608152436215942,0.010642667776918469,0.016329652779486947,0.016308199535699508
2022-07-28,0.012542433463656355,0.010387776648514757,0.010403907625719633,0.010921024906889176,0.006691053447909434,0.010282475896258969,0.0063149389394181465,0.0016115085627559367,0.010161419866314025,0.0007665735428659115,0.0016208805465480758,0.0016115085627559367
2022-07-29,0.014578660761690676,0.00877874651092636,0.008066047123138853,0.00855842777390814,0.00790737125115415,0.005054929954103171,-0.0009705957280152777,0.0053495435807684455,0.016129638566418025,0.0017014770746444086,0.005359612475932307,0.0053495435807684455
2022-08-01,-0.002961271436345614,-0.00039350385161573964,-0.00016272532096617276,0.0030588703152911734,-0.0016039022557711169,8.92038817967844e-05,0.006369513667008775,-0.0006861274518400462,-0.006147062083882049,-0.003485266594975167,-0.0006804396560917692,-0.0006861274518400462
2022-08-02,-0.006597342441964971,-0.008066532675532923,-0.00737008993263466,-0.0027674713414019836,-0.003565601758236281,-0.007076885872509542,-0.006832139401654058,0.00020514659766424082,-0.003315777586036406,-3.784802752004879e-05,0.00021063443048396913,0.00020514659766424082
2022-08-03,0.015659320078038386,0.011173810232115722,0.012036995060696887,0.007679115804007708,0.008633698354692632,0.008822445042035554,0.0059217174946393225,0.008355685621058928,-0.002352079786184791,0.0055856020882638635,0.008367526942295589,0.008355685621058928
2022-08-04,-0.0006753150798880503,0.0005585033876498446,0.0017573348755253182,-0.002601644686089477,-0.00039020466256489694,0.001618633076604592,0.002871349458991146,-0.0011302277133953265,-0.00873532667292709,-0.0027005922865821486,-0.0011210300147918018,-0.0011302277133953265
2022-08-05,-0.001690203919226252,-0.005485831282928344,-0.0038281243035117596,-0.010173509407857328,-0.0009819279268329373,-0.003493122644168678,-0.008351859125129923,0.00011061820728008875,0.003916640278647909,0.0011331767702447149,0.00012011673156209213,0.00011061820728008875
2022-08-08,-0.0011610701789648292,0.0011309823837737376,-4.3630147467665914e-05,-0.014950132935406812,-0.0006837320861826646,0.0020620056710063395,0.006325196253929244,-0.004385735352720244,-0.0033709810400646134,-0.0022895380276555244,-0.0042647992488700215,-0.004385735352720244
2022-08-09,-0.00397112160373192,-0.0032751169424934945,-0.004938344960103258,-0.022165892866528147,-0.0023439116647274716,-0.0022642134907526756,-0.0008975325565805381,-0.009506077216007713,0.0024385243317968097,-0.008315409817404196,-0.009416361943082707,-0.009506077216007713
2022-08-10,0.021004324033926824,0.013603920283378645,0.018355865821037654,0.0367776393882604,0.012472802063667743,0.011310690737618811,-0.00458345735666954,0.015514500696675704,0.01213637094150144,0.012469310553536284,0.01553704441403414,0.015514500696675704
2022-08-11,0.0,-0.002134066341697216,-0.0002800851781228353,-0.004009231022676474,-2.493167142070263e-06,-0.000823208735455605,-0.006794388761157899,-0.00020139219519244023,0.00935533422161794,-0.001292000690234274,-0.00019761721695676915,-0.00020139219519244023
2022-08-12,0.016928694225403218,0.011943488130518043,0.01422211083670688,0.01765223538169769,0.010088745899733631,0.011313922686196909,0.006737796958740105,0.012660366301880055,0.010824960754117097,0.01265749429973173,0.012668962253076677,0.012660366301880055
2022-08-15,0.004120820356697585,0.002975351305617213,0.001352902241316345,0.005540888918701858,0.002457076066420427,0.001190167803148512,-0.0006795668017183232,0.004240372550905258,-0.0028523674815545963,0.005430761425223585,0.004245531606145603,0.004240372550905258
2022-08-16,0.0019589203280552248,0.0005925545672176291,-0.0014182273842301418,-0.0004000378137328786,0.0011357165691656679,-0.0007663824844071909,-1.5303393369525686e-05,-0.002928905525000358,-0.0020550212167160797,-0.002450012481426178,-0.002925407484337783,-0.002928905525000358
2022-08-17,-0.007098094844231739,-0.006625995215967406,-0.007713543367017461,-0.013750488343651779,-0.004531519658127259,-0.005802535898821848,-0.004906876532320581,-0.00791549966908034,-0.0013204549689023182,-0.006218188426259097,-0.007906404959555857,-0.00791549966908034
2022-08-18,0.0029064851189120056,0.002602153087344128,0.002386494402804251,0.002398212486102169,0.0018561313017870784,0.0012797962758277492,0.0024093668233118315,0.007138713897842042,0.009350179319377094,0.005821980071501809,0.007142878767099736,0.007138713897842042
2022-08-19,-0.013438010877507067,-0.010869994607223488,-0.012798816549262071,-0.01662453678805975,-0.008578516101809042,-0.008513813010245008,-0.0051373725623237165,-0.011722495489289941,-0.005586108297266468,-0.009049108654551663,-0.011707122549938664,-0.011722495489289941
2022-08-22,-0.020822530024039887,-0.014226976791229529,-0.01628988823341526,-0.028200508939132618,-0.013430209966117213,-0.011188763764371834,-0.0009703003187935266,-0.01187391831629625,-0.009472037798754385,-0.012124441224737659,-0.011857061646152411,-0.01187391831629625
2022-08-23,-0.0024193783324910623,-0.0016101829835328818,0.0007579153107148962,0.0009100973741849039,-0.0015615570444583726,-0.0002711278259344141,-0.000715625662772168,0.0006793199715073861,0.010675952948830503,-5.756451311256239e-05,0.0006857540161298026,0.0006793199715073861
2022-08-24,0.0032012654296664778,0.0008540574076927321,0.002832883671632702,0.002432300186417491,0.0020123679403265538,0.0018767854124095429,-0.0012108958521449553,0.0030508755419291766,0.004803863561658961,0.001651203113469446,0.0030537314553309436,0.0030508755419291766
2022-08-25,0.014117609615689197,0.010678996027317034,0.013267248681212873,0.011167181033523654,0.009023920904090987,0.009629875576012026,0.0044818581554813,0.01161311566315315,0.008302505724122389,0.009485423875322363,0.011625002833584697,0.01161311566315315
2022-08-26,-0.03384897613292315,-0.02107133430905339,-0.025452839744997013,-0.024027437695672504,-0.022173896745520172,-0.018007875262355477,-0.0008402744962604514,-0.022510921968427855,-0.01782750878513517,-0.02145112436259422,-0.02248780491567337,-0.022510921968427855
2022-08-29,-0.006612296256541916,-0.005897175058104942,-0.006160015692200038,-0.0044372276511759345,-0.0043286974177636495,-0.004407378086228042,-0.0026428324926850433,-0.007393090842531258,0.001530358727397818,-0.006993380182164,-0.006519012557457682,-0.007393090842531258
2022-08-30,-0.010977966306758624,-0.006078494249845856,-0.010464359614225316,-0.01074816749722829,-0.0068606495233033415,-0.007872946715395956,-0.0013801583404258189,-0.0026766291548895316,-0.0150671516362888,-0.0026766291548895316,-0.0026737632449721493,-0.0026766291548895316
2022-08-31,-0.007609086229052986,-0.006699784297537148,-0.004751953051646329,-0.005967934497112415,-0.004812296657040083,-0.004967031439172653,-0.005434337147111612,-0.0026633604398982325,-0.006099879719147272,-0.0026633604398982325,-0.0026608534323691035,-0.0026633604398982325
2022-09-01,0.0031379421220036896,0.00014391888053677526,-0.007253397828610897,0.002335102703067138,0.0019916674557958203,-0.003399684250021573,-0.004396102946272018,0.0018220634417667192,-0.008914544599315843,0.0018220634417667192,0.0018288019282668433,0.0018220634417667192
2022-09-02,-0.010544516078862087,-0.0051739571696898246,-0.007196988219773659,-0.0033866513695197664,-0.006692779226341372,-0.004867557316011406,0.004161349484294918,0.002808550282434874,0.0012408663069236603,0.002808550282434874,0.0028115832347432868,0.002808550282434874
2022-09-06,-0.00377284593910876,-0.006012898994060878,-0.004597265430200781,-0.0015492166653805484,-0.002402283009053763,-0.003974174901719363,-0.0070789119027878655,0.001136862821271789,-0.003017173259402983,0.001136862821271789,0.001141280406275147,0.001136862821271789
2022-09-07,0.017964665795369594,0.013549636737491433,0.012846410445779277,0.012172718729789311,0.011427140282855408,0.011005655129675773,0.005239522081224024,-0.0005091832183333755,0.0030644208750087998,-0.0005091832183333755,-0.0005026811904667028,-0.0005091832183333755
2022-09-08,0.006536458982932869,0.0026386262236546276,0.00411407179368517,0.00300415798865572,0.004236574299428586,0.0021210037148535754,-0.0037642927972100226,-0.0007811854456827305,0.002451366105640451,-0.0007811854456827305,-0.0007782060389946999,-0.0007811854456827305
2022-09-09,0.015535099059535318,0.009273491146676749,0.015642775833219602,0.007354939432495433,0.010278559300795465,0.01068614237215515,-0.00042305613025228617,-0.0019910330468204673,0.010125608321381652,-0.0019910330468204673,-0.001986274724763981,-0.0019910330468204673
2022-09-12,0.010747735626031929,0.00584131845685576,0.006974868611291596,0.010282184157753393,0.007619712471913953,0.005441009836757216,-0.00232038351915298,-0.001052782405207231,0.007353971138619242,-0.001052782405207231,-0.001048903146810276,-0.001052782405207231
2022-09-13,-0.04348244963861314,-0.02835589406794692,-0.035946487033286734,-0.039220285869864924,-0.03061006001389799,-0.025591805588078054,-2.0246132022339047e-05,0.0029734294335244105,-0.016823165385968286,0.0029734294335244105,0.002983625176773197,0.0029734294335244105
2022-09-14,0.0038158912719727933,0.002813237876924113,0.0019630926427030015,0.0007161187972770655,0.002668064910226642,0.0008785783144527048,-0.0005772350916277702,-0.0021739002973700794,0.0093323068045581,-0.0021739002973700794,-0.0021733302795208242,-0.0021739002973700794
2022-09-15,-0.011353295876913028,-0.008025714673407958,-0.011195243733853166,-0.011592430080958782,-0.007724794096342968,-0.008900586675081978,-0.005323344299379196,-0.0052703653518541005,-0.013124176866329162,-0.0052703653518541005,-0.005263367160025734,-0.0052703653518541005
2022-09-16,-0.007629085760850751,-0.004863765038535028,-0.005099688634651933,-0.014290069416926676,-0.005202772685022339,-0.004203631753143311,-0.0005145127128477478,0.001662734881257899,-0.0066862306646778835,0.001662734881257899,0.0016647321603946441,0.001662734881257899
2022-09-19,0.007755004369115914,0.004041293058395734,0.004965722926824068,0.008827815024500474,0.005371975443163146,0.003504955509875174,9.562962112696916e-05,-0.000109667342276909,0.002942793444248082,-0.000109667342276909,-0.0001091181053602952,-0.000109667342276909
2022-09-20,-0.011478462327210948,-0.008673912663702321,-0.009640114972603975,-0.00902430842550761,-0.007937360134116056,-0.00760671984291883,-0.003058134621724884,0.000666693142351571,-0.004258307465989208,0.000666693142351571,0.0006706544104984058,0.000666693142351571
2022-09-21,-0.017443765330133365,-0.009213889309964807,-0.009610556944447346,-0.010914635425992136,-0.012107363761582723,-0.006455113276358948,0.00835737995308694,0.006302525635957235,-0.005916604991641039,0.006302525635957235,0.006304784130755303,0.006302525635957235
2022-09-22,-0.008399807232542189,-0.009302965879247393,-0.009612606939725543,-0.009426858581586428,-0.00606367455646617,-0.00736769495395273,-0.0074906360011030015,0.0004968838942656095,-0.002402948900035562,0.0004968838942656095,0.0004976287526008427,0.0004968838942656095
2022-09-23,-0.016755111662715483,-0.011290357821426289,-0.015549215472821176,-0.0200175889589983,-0.011928617214596482,-0.012342212304428557,0.0007304004232091543,0.0026770941044238494,-0.022147921712668328,0.0026770941044238494,0.0026896143982444443,0.0026770941044238494
2022-09-26,-0.00989243375442539,-0.011080882031024974,-0.013475237172736798,-0.014301895882328886,-0.00715945608631241,-0.011169782072357415,-0.006163734869676474,0.0021082083509706973,-0.01064749090583772,0.0021082083509706973,0.0021168835242404427,0.0021082083509706973
2022-09-27,-0.002552726128038474,-0.003241712537967234,-0.0036797395003261846,-0.0034766145016194017,-0.0018216901621836978,-0.004514608828387723,-0.005643932309602695,0.0007774641385442926,-0.0002576746222051618,0.0007774641385442926,0.0007780714649550102,0.0007774641385442926
2022-09-28,0.01967628539190147,0.018251640351670373,0.020855219285533133,0.008349532789580394,0.014016743689847733,0.016938661328367743,0.011154583707476906,-0.00029774448353925287,0.015000923782769737,-0.00029774448353925287,-0.00028504699404097167,-0.00029774448353925287
2022-09-29,-0.020889006422964873,-0.014642244092305079,-0.01736299909913963,-0.011734391957075707,-0.014976325129968937,-0.013910288137052751,-0.0035773131970133765,-0.0020418658038728887,-0.00950101425741956,-0.0020418658038728887,-0.002040350183868944,-0.0020418658038728887
2022-09-30,-0.01546356719500952,-0.010237105113399814,-0.009348462037676364,-0.012963386566610557,-0.010878696960666678,-0.007836344388725602,-0.0031149633676836874,1.936347262954108e-05,-0.007451132782955172,1.936347262954108e-05,1.9386732056148048e-05,1.936347262954108e-05
2022-10-03,0.02640115657997355,0.01908181868490888,0.02290248624756397,0.02309722563929828,0.018216001581907948,0.01868355766831531,0.009614363946845783,0.004960621726913361,0.023534620454558564,0.004960621726913361,0.004971228494173419,0.004960621726913361
2022-10-04,0.03098678781471187,0.01965170508998404,0.02589993073809782,0.009447093468772927,0.02140033077864323,0.01931722801385871,-0.0005991525146407106,-0.0025432203942526987,0.01703734245680777,-0.0025432203942526987,-0.002532599565532201,-0.0025432203942526987
2022-10-05,-0.0023283928209114624,-0.003497941234253732,-0.0026991938653209147,0.003755611274642856,-0.0015807853739973066,-0.0027950558682122706,-0.001615653467234579,0.003062435121703899,0.003943535288976063,0.003062435121703899,0.003068213808313125,0.003062435121703899
2022-10-06,-0.010315601343118708,-0.007764900094135441,-0.008557699953211317,-0.0018166391085420175,-0.006665018569747216,-0.0076238138576679715,0.0008459047475872783,0.004677780124821895,-2.2823860779341842e-05,0.004677780124821895,0.00468220254637064,0.004677780124821895
2022-10-07,-0.027893966337518727,-0.01886606333354468,-0.02453933071126524,-0.018429443574073723,-0.018067361572231766,-0.017673725678092445,-0.00466682799243634,-0.0013063108581209404,-0.008001670412809303,-0.0013063108581209404,-0.0013007726578517786,-0.0013063108581209404
2022-10-10,-0.007635346762265516,-0.006378862919768302,-0.00831383422294607,-0.008481804413387528,-0.004945645974262947,-0.005876948456527198,-0.006545692474116183,-0.002422403501715742,-0.005462263253376509,-0.002422403501715742,-0.0024152133485733085,-0.002422403501715742
2022-10-11,-0.00633296842416442,-0.0035513187102976795,-0.007793485813767709,-0.00523252750147396,-0.003980649594650831,-0.004361396171456922,0.0006945226550636452,-0.00028983685349182053,-0.002792568060448253,-0.00028983685349182053,-0.00028883286405501085,-0.00028983685349182053
2022-10-12,-0.003298587862190727,-0.001645720219995872,-0.0032980554442424426,-0.0008669227317580352,-0.0020968587612589795,-0.002502579884503864,0.0024824065402961892,0.0016028731795276752,-0.0018576401243655116,0.0016028731795276752,0.0016047985527163355,0.0016028731795276752
2022-10-13,0.026391188837644464,0.014563689379061051,0.017960983952496123,0.0157894070107798,0.016766910227256515,0.012290579656466516,-0.006437511017238551,-0.0053622459496950325,0.01522186982220819,-0.0053622459496950325,-0.0053611745718828985,-0.0053622459496950325
2022-10-14,-0.022788710139571733,-0.015866633043549738,-0.021530838756149473,-0.014541214161032268,-0.014963653126874976,-0.015366490859449411,-0.0037635667111423077,-0.0002738479050352627,-0.012510096432889695,-0.0002738479050352627,-0.00026658438103621673,-0.0002738479050352627
2022-10-17,0.025696997271628996,0.01625184693785875,0.022162531532713414,0.004235332186660612,0.016378800411353645,0.015325828184284962,-0.0030363516089816356,-0.004230860889392618,0.004189920323592666,-0.004230860889392618,-0.0042257555805864655,-0.004230860889392618
2022-10-18,0.011749634641121887,0.007719677389569357,0.007535288575438948,0.002453305760441893,0.007384618551851574,0.006278628122409424,0.0011701271574071637,0.0003125686050706733,0.004555264614503951,0.0003125686050706733,0.0003136080927677032,0.0003125686050706733
2022-10-19,-0.007086428263679445,-0.0077045901522447835,-0.0037476554182657162,0.0004776051573143203,-0.004358156338198249,-0.006227806868145835,-0.006526656068644221,-0.00037639224479846245,0.009639005839804371,-0.00037639224479846245,-0.0003686465980847764,-0.00037639224479846245
2022-10-20,-0.0083854027359066,-0.007452838067388279,-0.004871582037269562,-0.006727675636127639,-0.005129962884514394,-0.005512289120837899,-0.0048417673682902285,-0.000145999249903217,-0.0019926034814466975,-0.000145999249903217,-0.0001451658897277941,-0.000145999249903217
2022-10-21,0.024301384745975874,0.015168191434604017,0.016214990117176864,0.015989655253440205,0.014889467272063861,0.012142863895250988,-0.0013928939480107871,0.0010579197822224717,0.00846294729565833,0.0010579197822224717,0.0010677601936484038,0.0010579197822224717
2022-10-24,0.012236613547212505,0.006780737153495586,0.004902536711121952,0.005368777265827074,0.007677211739579359,0.002768110151764702,-0.002348535924859174,-0.0004764961403026513,0.003008076226611367,-0.0004764961403026513,-0.00047492961427053615,-0.0004764961403026513
2022-10-25,0.015968650357368164,0.013508324583791032,0.01817429597009279,0.0013198143753565539,0.009864314944114438,0.012986813249603602,0.0046400364248047055,-0.004796252879771923,-0.0011865099661928502,-0.004796252879771923,-0.004791054309553067,-0.004796252879771923
2022-10-26,-0.0075342678581605815,-0.002749657271104655,-0.0056995963638520886,0.0025320290125392386,-0.004671323204412325,-0.0023684856758605655,0.0020155496986236088,-0.0032969407296564723,0.0008527209858544271,-0.0035878451859683302,-0.0032904914611689984,-0.0032969407296564723
2022-10-27,-0.005339825249997432,-0.0011874037303986062,-0.012368926383446777,0.0016477894890640776,-0.0032745951803269113,-0.0054632199972802775,0.005275335638951217,0.0034300521281676044,0.0037206200728032712,0.002969164087185616,0.0034337289610699706,0.0034300521281676044
2022-10-28,0.023790549107516767,0.013256006938179743,0.01573437151641377,0.008275033984622704,0.014578544417473971,0.01032049332901197,-0.0039533008702247185,-0.002226634028598906,0.003488005363555313,0.0026053181813789905,-0.0022222845739011676,-0.002226634028598906
2022-10-31,-0.0072233683710707375,-0.005680082513763951,-0.008751585230718728,0.0036986107970906623,-0.004480117569277575,-0.004411438099816367,-0.001511504859392665,0.0017427200292303713,0.004469843832847875,0.0029769919843876114,0.0017490173423557742,0.0017427200292303713
2022-11-01,-0.004375756632280403,-0.001884920977771487,0.0033437894895218534,0.0019235747084591637,-0.0026483808491004623,0.0033528994728193595,0.004648066448179389,0.0028907190847244912,0.002978169897990046,0.0021266073467731683,0.0028945247616340986,0.0028907190847244912
2022-11-02,-0.02509619338346547,-0.01574385663420852,-0.020203221346819178,-0.010986517323961165,-0.015172965911349978,-0.01388813736064154,-0.0015774303631094222,6.919385979564652e-05,-0.0069439666965849245,-0.006612759876000629,7.34369870505347e-05,6.919385979564652e-05
2022-11-03,-0.010296924222571557,-0.007659497578414554,-0.0034820375635655765,0.0014806017558028906,-0.006229536593852836,-0.0026339074671822837,-0.00015719039314365801,0.0029994646935376235,0.007934804488472835,0.003097413710675845,0.0030041525748025766,0.0029994646935376235
2022-11-04,0.014393021715682908,0.008586449306400512,0.018626801404326265,0.006074887735395995,0.008524575719957017,0.012853243233514444,-0.001695832430488431,-0.00018466687781948377,-0.0006935229901222639,0.0010594440950102424,-0.00016611991746673382,-0.00018466687781948377
2022-11-07,0.009565589506114192,0.0044612359301303695,0.008632454647978127,0.007130952431246174,0.005745718731145377,0.003700374610764001,-0.005453760753628356,-0.0040390816601321156,0.0029285703643133765,0.0025099282311213944,-0.004038228681587208,-0.0040390816601321156
2022-11-08,0.00539559898101083,0.0049381460889221795,0.007409284585725429,0.0004871247665778622,0.0032136984531296875,0.005726211567365969,0.007558270549223867,0.004728210811198563,-0.000385870215726003,0.0009768256167039802,0.004738277620220721,0.004728210811198563
2022-11-09,-0.020602101416018814,-0.01190561078948471,-0.012978259108575418,-0.014718071079467765,-0.01237992344987704,-0.009665236466652072,0.001941382845443984,0.00221503534117784,-0.013459732108088152,-0.006637304167302349,0.0022198225162384233,0.00221503534117784
2022-11-10,0.0549540602769103,0.041544270883031365,0.05274179299942938,0.015232790112915673,0.03297104787798699,0.036963891997190856,0.012798525240090619,-0.0023154055699372567,0.003913703837253202,0.007795985307083253,-0.0022953067120661252,-0.0023154055699372567
2022-11-11,0.00967864650791772,0.005512262941913759,0.008107325639654217,0.0014808261439727133,0.005688205474747798,0.003925102360725408,-0.003579969714311848,-0.00525018479002648,0.0047778275112371205,-0.0022734015854052325,-0.005242029003537763,-0.00525018479002648
2022-11-14,-0.008507075908527284,-0.00622609407787178,-0.0055645121507471584,-0.0017460679621956743,-0.00458784206893037,-0.004642862300106465,0.0008324081805002326,0.0029240845667175552,0.0003290953630765703,-0.000596509840742665,0.002925112268675756,0.0029240845667175552
2022-11-15,0.008529480990434157,0.008068035966697806,0.01069408551951434,0.009290787618732699,0.0045861031199059266,0.008000972459233369,0.004699143202445688,-0.0006849158718147397,0.002995382974192662,0.002700849196143995,-0.000682260473835572,-0.0006849158718147397
2022-11-16,-0.00762880811419675,-0.002108262356434687,-0.00840023520311406,-0.01334454385385575,-0.004120361981667764,-0.003710476974779442,0.0044265348329286525,-0.0017352275021597086,-0.006138904413293567,-0.0065583389429041405,-0.001734880803358041,-0.0017352275021597086
2022-11-17,-0.0030599721547224235,-0.0035176621673409514,-0.0036224692829766036,0.002789709778869387,-0.001664955784517308,-0.003667617148014557,-0.0038291817307706255,-0.0002626795917322067,0.0005188833120362002,0.0019615243655441983,-0.0002585251267847033,-0.0002626795917322067
2022-11-18,0.004540368411326989,0.0021447602872795013,0.0024607719742335554,0.004968146655778716,0.00246608303884166,0.0023197325622315024,-0.0026511622016573977,-0.0006793807800167251,-0.00012771284728252397,0.0032454154259786705,-0.0006757845064658818,-0.0006793807800167251
2022-11-21,-0.00363585533971289,-0.002430391774579932,-0.002791319604786735,-0.007846789167090584,-0.0019798637774389727,-0.0005788129730603941,0.0018491518454912814,0.002656289984446003,-0.0016233621521004604,1.7166157279202565e-05,0.0026617744726922243,0.002656289984446003
2022-11-22,0.013456814847671694,0.010133278481462726,0.011955652887659207,0.01788542777604918,0.007338423191389554,0.008094129758280166,0.002378090859609827,-0.0027478213833052045,0.00897808280738599,0.0063832946784068145,-0.002744921791410615,-0.0027478213833052045
2022-11-23,0.006301431495034038,0.006161707623603574,0.0060650637518060435,0.002778850672525035,0.003552246614932031,0.004111011700072442,0.00329529628714198,-0.0033307608780021036,-0.004534508264102621,-0.001847308698611605,-0.0033243635620514578,-0.0033307608780021036
2022-11-25,-0.00022362766994277194,-5.285730598092453e-05,-0.0012635551332388362,-0.002094902466495796,-0.00012723063550679203,-3.820797753739669e-06,-0.0004008286043742926,0.0002572321972109659,-0.00047749855952516906,-0.0008166410280114889,0.0002575411848353415,0.0002572321972109659
2022-11-28,-0.015956947052295223,-0.010233846634360666,-0.012884728342024365,-0.016932039565179746,-0.008996303049083054,-0.00910023464188181,0.00031147529328423573,0.0010032526559886623,-0.007986395080280428,-0.006336530703705323,0.0013028989248324852,0.0010032526559886623
2022-11-29,-0.001717548526824264,-0.0024616068566765126,0.0010046751622942995,0.0025735776865609683,-0.0009736048360046157,0.0010588663352162353,-0.0013765740312491337,0.0027844215903836123,0.003961053337092624,0.002475311078333542,0.0027866502774691604,0.0027844215903836123
2022-11-30,0.031500597438656186,0.022005803817215508,0.027830736042523174,0.03507185881961017,0.017641224162943114,0.01951076680924335,0.004216588081776607,0.005121528294589117,0.0038729150139065194,0.008653618697738397,0.005134233927532206,0.005121528294589117
2022-12-01,-0.0007357293683176724,0.0028827128117312473,0.003218791540291921,0.0009789951492347182,-0.00042848836015385583,0.0022772808375841613,0.009458859157515986,-0.0012281800677014232,-0.0036912812193042877,-0.003741074028100644,-0.0010208497839566677,-0.0012281800677014232
2022-12-02,-0.0011537451578932378,0.0009637898952745694,0.0005759031156928884,-0.005664137209965725,-0.0006359925254286747,0.0007584514129022057,0.0022971562085456476,-0.00032494681667849523,-0.0021572213120434336,-0.0025537456012495463,-0.00018017489271071607,-0.00032494681667849523
2022-12-05,-0.017989254483206207,-0.01394069489930827,-0.013792791934017945,-0.015657675179234665,-0.009928097149157211,-0.01163808416811285,-0.006879608390685021,-0.005036780978931232,-0.008992103003995,-0.006147701346241874,-0.004926370547534753,-0.005036780978931232
2022-12-06,-0.014414891292673482,-0.0074796971440025395,-0.011656842055479677,-0.01901655072541919,-0.007961101192712539,-0.006532848478506992,0.0042332810285883316,-0.010673375279973585,-0.007905081820636317,-0.008685193159209459,-0.010661157983497427,-0.010673375279973585
2022-12-07,-0.0017009596491639467,0.0025370335340888506,0.002108019894752511,0.005633665918193476,-0.0009373837115159711,0.002633399257362612,0.008356714521220443,4.194761860643048e-05,-0.0012014828472239891,0.001069548842047352,4.549403548215203e-05,4.194761860643048e-05
2022-12-08,0.00783366273880004,0.0034910634794393935,0.007859326079483697,0.016374142092262067,0.004273404206468268,0.0043504215009080305,-0.0019953780505472807,0.0012276211866577569,-0.0006853594126933205,0.005862606914338597,0.0012321943203659202,0.0012276211866577569
2022-12-09,-0.007470194925461859,-0.006857571152631081,-0.0074330525335899456,-0.00907335030225842,-0.004345037564795207,-0.006636187332734078,-0.005252018697283423,-0.0029173487219741334,-0.00830101462507371,-0.005115846508121913,-0.0029107103640197973,-0.0029173487219741334
2022-12-12,0.014417267087967867,0.0087245534200322,0.010590633703509988,0.016547143098900596,0.008369743020095521,0.008184173596512467,-0.0012782074969822643,0.0033386513575481835,0.011138805121688966,0.008411590863810714,0.004103072943064445,0.0033386513575481835
2022-12-13,0.007569832350734718,0.007213288296100462,0.011928784835793182,0.016314741997470072,0.004402091093081983,0.00796259443862346,0.005441476937188661,0.0007101693568916101,0.004347724945224618,0.0007101693568916101,0.0007198402297563522,0.0007101693568916101
2022-12-14,-0.006393490958081616,-0.002955609085141586,-0.003691296929795307,-0.008999594115910559,-0.0037080760260982393,-0.002517018744122357,-0.0005885789550760245,-0.00304155612622925,-0.002831993953030909,-0.00304155612622925,-0.0030405836665587938,-0.00304155612622925
2022-12-15,-0.024461797693070997,-0.014102373421585379,-0.019358286640233202,-0.029309923134527183,-0.01419006018613611,-0.013289197557527999,-0.00048807697452191157,-0.0002745482104467012,-0.0028762355602763856,-0.0002745482104467012,-0.0002649426578581471,-0.0002745482104467012
2022-12-16,-0.011806067576253465,-0.008132042707738596,-0.007807462374751939,-0.014513853758818862,-0.0068691211156590715,-0.00640670766043816,-0.00014354121679660548,0.0034947750951119794,-0.005732817267038559,0.0034947750951119794,0.0034972020810568605,0.0034947750951119794
2022-12-19,-0.008479737188198833,-0.007545114519688645,-0.008520620047758665,-0.007386140990061185,-0.004885109154388445,-0.005720267815089386,-0.005568134803920044,-0.0007216962683614936,-0.0005552139687621249,-0.0007216962683614936,-0.0007205818125061159,-0.0007216962683614936
2022-12-20,0.0013686226544493696,-0.001896759782859414,0.0011890246943861982,5.7752608169980846e-05,0.0007828498037825149,0.0005242390794135687,-0.002828041500076983,0.0015852219790595257,0.003209896724642336,0.0015852219790595257,0.001593901811345555,0.0015852219790595257
2022-12-21,0.014952458560131943,0.010066855012810239,0.013025868900122584,0.02112689272842383,0.008651267068319202,0.01026083051409854,0.0014491149611550735,0.0007569866284560245,0.008566412012132707,0.0007569866284560245,0.000758587426705537,0.0007569866284560245
2022-12-22,-0.014266325009414715,-0.008688615962923807,-0.014160289097313816,-0.03149769518183054,-0.008286217755737901,-0.008095824228354753,-0.0029291181170557623,-0.002914916974497972,-0.007457489610554036,-0.002914916974497972,-0.002909992768795888,-0.002914916974497972
2022-12-23,0.005752312024736028,0.0020636258220871895,0.0031184334555400817,0.0048701387796621365,0.0033211763383602655,0.0026595557813249293,-0.003061593923470274,0.0007196262361526262,0.010752707071019163,0.0007196262361526262,0.000720848305717503,0.0007196262361526262
2022-12-27,-0.003943355746523158,-0.005266461949780754,-0.005904721708616889,-0.016393820876622556,-0.0022954273153755755,-0.0030646424275634354,-0.003486960422803942,0.0023470752032244135,0.0038510007659564582,0.0023470752032244135,0.0023502523727383373,0.0023470752032244135
2022-12-28,-0.012428029208485292,-0.008161009018135879,-0.00903968175602654,-0.012484198272527225,-0.007318208466121967,-0.0063903663675769495,-0.0017151478743364645,0.0004328842762859608,-0.007881428855153194,0.0004328842762859608,0.00043593712092371284,0.0004328842762859608
2022-12-29,0.018000333502281807,0.012276415552129771,0.01603040431787961,0.02323837318986821,0.010671231468988074,0.009893673422420868,0.002776376017264548,-0.0013531268614107583,0.0033380725230276465,-0.0013531268614107583,-0.0013486898459957875,-0.0013531268614107583
2022-12-30,-0.0026342087821958904,-0.0034696305781388714,-0.003866553830891628,-0.0032696545434741653,-0.0016013302442954291,-0.003755182011645042,-0.002983717034245381,-0.00021231350402795002,-8.904517979524407e-06,-0.00021231350402795002,-0.0002093394259137238,-0.00021231350402795002
2023-01-03,-0.0042097669790382986,-0.00017988147916803143,0.0010443231940437947,-0.00815841434802922,-0.0025939784353604667,0.0009867171585553614,0.010560048472318062,0.00790342915434894,-0.008793171106698527,0.00790342915434894,0.007905011422447927,0.00790342915434894
2023-01-04,0.007720342956566428,0.006845108122900179,0.008872220845401069,0.018587485092325107,0.004754780844963502,0.005735871864542386,0.005486929469923574,0.0010399857734393336,0.00045401745856854525,0.0010399857734393336,0.0010447961180513055,0.0010399857734393336
2023-01-05,-0.011413486329407418,-0.007179595186838084,-0.009407022928057507,-0.013214390063748804,-0.007074512940352773,-0.006807318128965734,-4.739539499909462e-05,0.000897622306856638,0.004284587781564042,0.000897622306856638,0.0009058194789899332,0.000897622306856638
2023-01-06,0.0229320088438405,0.018120074861502244,0.02045688822734304,0.03416345871648052,0.014582185497635125,0.015226091222140692,0.007382524017900849,-0.0009437995317094217,0.0069388233056366655,-0.0009437995317094217,-0.0009318319615491122,-0.0009437995317094217
2023-01-09,-0.0005667417345857073,0.0006677493196267648,0.004455737306990892,0.018104297889949716,-0.0003690216853237116,0.001151815375880716,0.0005059561261631096,-0.0023762869123361563,-0.0027604160248603238,-0.0023762869123361563,-0.002373042057114416,-0.0023762869123361563
2023-01-10,0.00701273794962165,0.002672324019772576,0.005402280613355792,0.00988356298648041,0.0043786926023348105,0.0018808169499744398,-0.0030154729903877353,0.001462385234097363,0.002553709765887202,0.001462385234097363,0.0014634199179943685,0.001462385234097363
2023-01-11,0.012647858214232865,0.010051187622871938,0.009442006345269593,0.00937384351379933,0.007893652541841156,0.007153210057699866,0.004490854878437034,-0.00020628547577905554,0.0019233741041126962,-0.00020628547577905554,-0.00020603818050335398,-0.00020628547577905554
2023-01-12,0.003640885218992862,0.005075223354478631,0.008886903433752202,0.013850835941040085,0.002316054995980199,0.005887808274976258,0.00602090290261259,-0.00140255157256719,0.002912482525229576,-0.00140255157256719,-0.0013944967855157309,-0.00140255157256719
2023-01-13,0.0038794879133694504,0.0008485247416674113,0.0036118630798922524,0.009037168479288482,0.0025115078621336107,0.0023610285897999184,0.0004160207997494503,0.003414146264564266,0.0004864154471699855,0.003414146264564266,0.0034186115526602112,0.003414146264564266
2023-01-17,-0.001831992697272744,-0.0018200047267311614,0.0005213854638244086,0.006517655798987887,-0.001224703658042836,-0.0005378227231190857,-0.0027208271988538035,-0.0005109268427954117,0.0007932912799164527,-0.0005109268427954117,-0.000507405015435447,-0.0005109268427954117
2023-01-18,-0.01578807103247426,-0.005514760680019104,-0.010915568762057903,-0.007943088087130734,-0.010576656495208225,-0.008591311178437477,0.006411777543441355,-0.0008625597722786704,-0.009295073474345994,-0.0008625597722786704,-0.000861525734589641,-0.0008625597722786704
2023-01-19,-0.007279805520572058,-0.005283711993915419,-0.005988565942634416,-0.009376180248551247,-0.004891289708566671,-0.0045559138757989,0.0018175464125187446,0.0034833995122929284,0.001931205952214965,0.0034833995122929284,0.0034901271770453324,0.0034833995122929284
2023-01-20,0.018629165496017785,0.009534885764048262,0.01349925898582538,0.021718434375338713,0.012391639154563983,0.007962034692294173,-0.00558031176874052,-0.0017289748342596,0.003935591238050984,-0.0017289748342596,-0.001728356152110977,-0.0017289748342596
2023-01-23,0.011998541946890207,0.006193006607910556,0.01158151267404639,0.023386504864146618,0.008142090544649871,0.006055672673411339,-0.0005937917326326314,0.0012974656001079055,0.0011255441014328404,0.0012974656001079055,0.001297725352980894,0.0012974656001079055
2023-01-24,-0.0010731847476498357,0.0011163464235661724,0.0010672553597523837,-0.00037630050350945243,-0.0007263757132797144,0.0018436757182940244,0.0046096638831789605,0.0005380446789589044,-0.001143147446695969,0.0005380446789589044,0.0005397836133793632,0.0005380446789589044
2023-01-25,0.00037465797545022106,0.00070295333101833,0.0004815497298380489,0.006323993259046645,0.0002516790378381817,0.000556717901815551,0.0011332391540341824,-0.0005570608439950941,-0.0012064518359056198,-0.0005570608439950941,-0.0002581937106751475,-0.0005570608439950941
2023-01-26,0.010990463237791737,0.005911088998800329,0.00956583447292636,0.0051450871418308175,0.007459315799569044,0.006177841922784033,-0.003158217525092377,0.0029295536201616734,0.010032109908033826,0.0003554837173942449,0.003133246963545888,0.0029295536201616734
2023-01-27,0.0022976321167962332,0.0007780447730971751,0.0013077794422942102,0.005133715169349573,0.001549946435805527,5.739748799626909e-05,-0.0008396900792716488,0.0031764677024401777,-0.007292684991487608,0.0011221969354966443,0.0033872779463346436,0.0031764677024401777
2023-01-30,-0.012546840152870331,-0.008612018990349135,-0.012913732423321722,-0.02799034811698653,-0.008698802217788182,-0.007685429764588636,-0.0010594887490699145,-0.010249083879472876,-0.010201101816591063,-0.006513334356675005,-0.010143713591230452,-0.010249083879472876
2023-01-31,0.014703448067601599,0.0104601803077633,0.011887574695535363,0.01141927843896795,0.010210426865024269,0.010030294286955677,0.0029666392605192105,0.006607654992991208,0.00639719858714094,0.004382521310374532,0.006681288982559375,0.006607654992991208
2023-02-01,0.010627752670016921,0.00919558393391573,0.01126870282475445,0.029126869487661633,0.007320347185181264,0.006413656948633939,0.004925162855790699,0.012946691183498338,0.0020023600497931504,0.00714397500274111,0.012963493755902222,0.012946691183498338
2023-02-02,0.014557002929688867,0.009164720769618606,0.018733682835473386,0.05743773624494519,0.010284294584168574,0.008534667730908163,-0.00345566171131495,0.02022022276770996,-0.00013307914209770288,0.01097522263393591,0.020245914086198358,0.02022022276770996
2023-02-03,-0.010629231306481746,-0.010227508791313178,-0.011713836467273309,-0.0182665380446857,-0.007534841028809525,-0.009063623531387344,-0.0085265421805375,-0.008839236227650593,-0.007520106858987519,-0.006247830954585365,-0.008825524086957914,-0.008839236227650593
2023-02-06,-0.006111340956869826,-0.005871177621160628,-0.004790707306787212,-0.009050101727004156,-0.004331913608203841,-0.0036096616691763117,-0.0005944896001209843,-0.001768434345684855,-0.002952367207417872,-0.0021488808330079046,-0.001762398405637855,-0.001768434345684855
2023-02-07,0.013078638524091746,0.007155114022870279,0.011359804902387527,0.02139299954744711,0.00922322321874014,0.006102787999942683,-0.0022848463240762173,0.013669494468842691,0.013511530501960411,0.009006265697690807,0.013684584429730196,0.013669494468842691
2023-02-08,-0.010934690880718967,-0.0060015548619133385,-0.007590657909320897,-0.014041107130363328,-0.007714234664358832,-0.004647490358437034,0.0022707135837509718,-0.005759550679709791,-0.006670638878099933,-0.005448432501005129,-0.0057511691873010085,-0.005759550679709791
2023-02-09,-0.008669251216885887,-0.006775820981567482,-0.007418391501186616,-0.008920297925206433,-0.006331691476229473,-0.006629812826405401,-0.005400646231104922,-0.004043518051996431,-0.003788243059161034,-0.004760639877522399,-0.004038209052043884,-0.004043518051996431
2023-02-10,0.002333847022094826,-0.0003430385794420676,-0.00035356676702369416,-0.017853878773903542,0.0019502498521095646,0.0022710704971906637,-0.001808138914843549,-0.0046409511236708,0.006197278030699138,-0.001733125694499238,-0.0046291590593988685,-0.0046409511236708
2023-02-13,0.011738805206282787,0.008258510612797254,0.01075715774609165,0.01815823696581287,0.009806185950208546,0.007791285638848677,0.00016350348731553055,0.007813032541461595,0.005183998880530449,0.007641921429386356,0.007823590289448346,0.007813032541461595
2023-02-14,-0.00046012521852478727,-0.0016958541547701378,0.0020523329083617092,0.0145036821050879,-0.00038985518171363864,-0.0003359835680126766,-0.0013075345022335316,0.007275634129546349,0.005703557662974479,0.003274629429218967,0.00728589302434135,0.007275634129546349
2023-02-15,0.0032473548943152686,0.0011734666657459147,-0.0021095207857655396,-0.007082280310978684,0.0027135114802741,-0.0013025254431847655,-0.003037554760162986,-0.0013013271239294966,-0.004396157631428976,-0.0011848579271933612,-0.0012949197437710502,-0.0013013271239294966
2023-02-16,-0.013768639457534704,-0.009936242620481095,-0.011634268079440124,-0.024405638033823895,-0.011575573620669966,-0.007716286720645726,-0.003592851536972641,-0.011215001438337868,-0.011891489742882788,-0.008738188726026608,-0.011203798978446589,-0.011215001438337868
2023-02-17,-0.002498424401239374,-0.0005602781450635419,-0.0020390083416995664,-0.009019050190794853,-0.0021121047046160912,0.0006068188176344691,0.0026773166088556177,-0.004890556861850248,-0.011186474772361676,-0.002424562472855496,-0.0048827941670323005,-0.004890556861850248
2023-02-21,-0.020060907166597364,-0.015796968016750568,-0.01489760012350061,-0.021350966765534607,-0.016656630207268264,-0.011598215882323126,-0.006117778941576502,-0.011018945737536923,-0.012499177340367096,-0.010627682370352165,-0.01100708355562574,-0.011018945737536923
2023-02-22,-0.001378125290150578,0.0002424817167789861,-0.0021648186557390314,-0.0038843729632080937,-0.001157606117046961,-0.001737957557015113,0.0018307581515326632,-0.001152175308226755,-0.003212226512666061,-0.0019867301592153552,-0.0011362397116684297,-0.001152175308226755
2023-02-23,0.005319219040588408,0.004629180262094357,0.011757471883327986,0.03484376638010378,0.004347136079732472,0.005600671567082882,0.00272189580349691,0.018814104689470756,0.020454816513171048,0.011410079183572064,0.018837369570052553,0.018814104689470756
2023-02-24,-0.010682181791832002,-0.00870484396562976,-0.010814114768810223,-0.014111174141069771,-0.008753098880645571,-0.008891753043572592,-0.003643379650966505,-0.006841725202690552,-0.007342990146180783,-0.007486923305586979,-0.006832566269156515,-0.006841725202690552
2023-02-27,0.0034056228073366945,0.0028252117120930453,0.003127497475458041,0.008259955615950831,0.0027786327463310556,0.001966520847750841,0.0004718664476672796,0.002610812144871799,0.004753679710257863,0.0025671894807075546,0.0027543293290535065,0.002610812144871799
2023-02-28,-0.003695651756317031,-0.0022602190133185207,-0.0030621060711780723,-0.0015595157521004488,-0.003050595201805395,-0.002995688457227086,0.0029290243270689853,-0.0015923166323695837,-0.009605882453863845,-0.0020285713529307747,-0.0015839401289073907,-0.0015923166323695837
2023-03-01,-0.003836050341512909,-0.004593528984049411,-0.0028958417194491215,-0.008044075428663366,-0.0032231936103047643,-0.001777188471078106,-0.003476972696561109,-0.005690801718826188,0.0006959595097832949,-0.001962376792903786,-0.00558988658107995,-0.005690801718826188
2023-03-02,0.007777209406264474,0.003832748619665205,0.007003237288741637,0.009578335196148924,0.00686550228336813,0.004882026184263033,-0.0007859373909171463,0.009115377800215763,0.011014834969367504,0.006328677172207309,0.00912081601451753,0.009115377800215763
2023-03-03,0.01603799690566543,0.012775086027796423,0.015515238049011115,0.023058604249425185,0.014142785200670804,0.011389922412122111,0.008273818317172665,0.013257215272301837,0.013174452025177086,0.011314155312473151,0.013269825483127162,0.013257215272301837
2023-03-06,0.0006926940584963681,-0.0005748896570880735,-0.0034276605130068027,-0.009941229430063148,0.0006037896027915046,-0.0024947978806642013,-0.0038905008761869198,-0.005035799800797935,-0.006232607046276928,-0.004172944619615371,-0.005029498342336125,-0.005035799800797935
2023-03-07,-0.015328755088898638,-0.009740874552411793,-0.011301943662296754,-0.01252301168826242,-0.013543444675057636,-0.009539344882549261,-0.00020243140922393543,-0.003349063374157968,-0.01129697119134676,-0.004117768617103668,-0.0033390825637970023,-0.003349063374157968
2023-03-08,0.0016319451688164843,0.0005644368833954694,0.003293910577570225,0.010345215854069556,0.0014477557280474507,0.0010747860260102993,-0.00028345482298530733,0.006196191822100294,0.005244467724312418,0.004258847058395965,0.006204436967647942,0.006196191822100294
2023-03-09,-0.01844970982153904,-0.009631471772554856,-0.013422294488482311,-0.02020274941253508,-0.016258401312480353,-0.010482891858092924,0.003127671699704182,-0.009966231444574869,-0.014086097364081951,-0.010217169470283283,-0.009957532527114954,-0.009966231444574869
2023-03-10,-0.014429446500080934,-0.004008504880243957,-0.008182941918080444,-0.017521163461914346,-0.01277982932656041,-0.005354987994282245,0.013423278958671458,-0.0069177285827659585,-0.00941387399702398,-0.007631557733146166,-0.006912665706808818,-0.0069177285827659585
2023-03-13,-0.0014251924900761104,0.002321172487290246,0.0006290758989104805,0.005147859840523239,-0.0012352738317424894,0.00023390018806312973,0.00586441930273196,0.00194963525540226,-0.003974548787286536,-0.002101710999786288,0.001957612836052336,0.00194963525540226
2023-03-14,0.016529955153512965,0.007560743904418299,0.01419223110986434,0.02513679604834307,0.014326192750539368,0.008051202991215423,-0.006258857376612803,0.017091776433779016,0.016569674595414696,0.013086999615985473,0.01806691575840902,0.017091776433779016
2023-03-15,-0.006254248136346008,0.0002278677122617978,-0.004438471757367002,0.005216246873677388,-0.005460686742422283,-0.0035943619397484916,0.011420869097282571,0.007679673058645697,-0.017076209580062618,0.007679673058645697,0.007681210530729565,0.007679673058645697
2023-03-16,0.017545254155580725,0.008945405693043362,0.014745947835147932,0.02646248960086872,0.014977527613952324,0.009281652289812259,-0.00223241711936506,7.652365038057773e-05,0.019169459761207097,7.652365038057773e-05,7.767333697872303e-05,7.652365038057773e-05
2023-03-17,-0.011692772136848828,-0.004516300708347631,-0.007397008029555119,-0.0008566824800182449,-0.010424341950184934,-0.00567901708796259,0.010845801422517676,0.005902482521612962,-0.005053149662345713,0.005902482521612962,0.005915219926996729,0.005902482521612962
2023-03-20,0.009615699720260107,0.004154651429927769,0.0060536360546794565,0.0031441002922665273,0.008466703567294287,0.004815806699082437,-0.004203733675674726,-0.0027250338027184906,0.011310419839610342,-0.0027250338027184906,-0.002722627661176369,-0.0027250338027184906
2023-03-21,0.013130427484720597,0.006659784176720196,0.006019396191961235,0.009394768920401253,0.011504353683182478,0.0038054608814312996,-0.007841087237726585,-0.005847517902683674,0.010897548074894292,-0.005847517902683674,-0.005840864193813133,-0.005847517902683674
2023-03-22,-0.017046505197727657,-0.006394357799332617,-0.008816510353041207,-0.004634322872266616,-0.014862116228235855,-0.007435765193052668,0.00749573737352538,0.0013510406605719005,-0.007965788897493553,0.0010604882224050094,0.0013601630715713853,0.0013510406605719005
2023-03-23,0.00270333835799752,0.002584064893407456,0.004468235656754249,0.023676540440220828,0.0023584482812737395,0.0017583746104967712,0.004511118867325692,0.004476473814287063,0.007359444327822873,0.006987511087860998,0.004480411603098089,0.004476473814287063
2023-03-24,0.006562149458043454,0.004615173283786023,0.004950343403786528,-0.0035254456296569536,0.005701517428790437,0.006311511320692631,-0.00023789884844960252,-0.00033124669180450983,-0.0029976977368703084,-0.00018713249197510606,-0.0003247537861040817,-0.00033124669180450983
2023-03-27,0.001869602535370385,-0.0031974694129154324,-0.0008819811731248794,-0.01036553980776922,0.00162609777956213,-0.00031278841184911865,-0.010723624674278343,-0.004384485441613295,0.0026199291436754812,-0.005011142911896083,-0.004382436948242363,-0.004384485441613295
2023-03-28,-0.0022445193559600396,-0.001952593631034949,0.0001349033619353346,-0.0062860596274655345,-0.0019629159774647853,0.0005940944351585653,0.0012797924898009239,0.0006627897315225617,0.0018870503867181032,-0.0008741005192011153,0.0006671685768464553,0.0006627897315225617
2023-03-29,0.01453489677092068,0.009199701757391043,0.011096376059068103,0.022549633364272736,0.012781915387275022,0.007677554972765677,-0.0007979407071795341,-0.000233828037947581,0.015928072423792017,0.0036187025441554166,-0.00023103584618222595,-0.000233828037947581
2023-03-30,0.005855224512958834,0.003955070689353857,0.007186080582974874,0.015123086818178422,0.005255844787019015,0.005484589428528253,0.002382350743969308,0.00018271496885891025,0.00953659761150405,0.0020362516843648315,0.0003829883282058244,0.00018271496885891025
2023-03-31,0.014094713761590105,0.01038866077008449,0.009946392818806826,0.014329439605999417,0.012511610250967475,0.00832480475143238,0.0036216387855363408,-0.00048644495849792246,0.008686697974394697,0.0022305738307766276,-0.00048380141222881257,-0.00048644495849792246
2023-04-03,0.003810374142348305,0.004024672200704904,0.003597880269070375,-0.0007882269334470449,0.0033750819387061703,0.0032117452290305604,0.002662928569871381,0.0006004573496329879,0.014203838563612292,-1.253428212644181e-05,0.0007624886186738955,0.0006004573496329879
2023-04-04,-0.005547975756303614,-0.001850659835526347,-0.00350498351818751,-0.004405132366873898,-0.004892197591114478,-0.002494986526293097,0.006020925010293832,0.0025629022289928027,-0.010595895829200508,0.002028593175480875,0.002715550813699563,0.0025629022289928027
2023-04-05,-0.002618316013305977,-0.00021655132980025193,-0.001291719461137597,-0.012571310236950017,-0.002360735211786369,0.000744261230882115,0.0034563233163331653,-0.0009228837200815354,-0.0024707600437675614,-0.0012744406342555248,-0.0007845470515344122,-0.0009228837200815354
2023-04-06,0.0039010219262967105,0.001980389381150971,0.0036295359839380037,0.009535571472420568,0.0035881833100190885,0.0029075112762093624,-0.0015271861560551825,-0.0011266291954499241,-0.0017871489513026084,0.0002746100487769354,-0.0011212413907937258,-0.0011266291954499241
2023-04-10,0.0010262014233206607,-0.0021359983025344143,0.0009636570677393763,-0.0003571623845249894,0.0009413779935758537,0.00022997576469485637,-0.005345134672625651,0.002237446546014654,0.00810384347037596,0.0005651897542469086,0.0023462469093669114,0.002237446546014654
2023-04-11,0.00026865557472710577,0.00040149089823904305,0.000741181308848482,-0.008769537900941482,0.00023695661329736772,0.0017476149467530178,0.0013267040122397766,-0.0007659543393983004,-0.001884977877293581,-0.001351276882675334,-0.0006633005524904201,-0.0007659543393983004
2023-04-12,-0.004075966226912309,-0.0019670764885018066,-0.002998054474827372,-0.0068010993820328824,-0.0037997385012462637,-0.0022787684083787063,-5.0192636179446914e-05,-0.003970414895777985,-0.007427987513665579,-0.0018003027549026163,-0.0038771715453561617,-0.003970414895777985
2023-04-13,0.01328276356464797,0.007802901768789505,0.008485226819368474,0.015041688110865703,0.01238677550674594,0.006503422365178313,0.0008927019331690378,0.006253694885808958,0.007973370264408475,0.0041471045464902545,0.006328701306411499,0.006253694885808958
2023-04-14,-0.002442880881369902,-0.0034290217807039225,-0.0034834747395924293,0.00031190159778771154,-0.002287818147454601,-0.003749193393273953,-0.006464448098023934,0.000920022897166195,0.0038143972073643173,-0.001891866118248986,0.0009896827951869636,0.000920022897166195
2023-04-17,0.0035881804100943437,0.00013673573357686486,0.0011245708119413944,0.00018146851073397308,0.0032818570383497114,0.00228554489731847,-0.003370973861032689,-0.0044170716080906836,-0.007246124344378102,-0.00047037605289590445,-0.004408045597824595,-0.0044170716080906836
2023-04-18,0.0006523553014268213,0.0009572468667355949,0.0017008580514994431,0.004689429096009334,0.0006086055782077437,0.0009140209447622283,0.001115020028908953,0.005942239342060507,0.008098179092376201,0.00039223948796252017,0.005949369182540298,0.005942239342060507
2023-04-19,-0.00016889695892063905,-0.0007078855162602204,-0.0020773864169925105,-0.0019305373316429453,-0.00018562557484158582,-0.0016982767904142326,-0.0013015969330032462,-0.0025076141832334198,-0.003428411128482245,-0.0014571505117637606,-0.002431038798582197,-0.0025076141832334198
2023-04-20,-0.00545699781882425,-0.0014586441090443936,-0.0030180773116132986,-0.011799112885199747,-0.005313206427486894,-0.0012193423415823856,0.0038651626443699794,-0.008282005369898537,-0.010400852182922304,-0.0009527114645653256,-0.008271852794762502,-0.008282005369898537
2023-04-21,0.0007766549846319748,-0.00021979046712361505,-0.0010052075479799472,-0.001424564335140377,0.0007601436689381735,-0.0009561511416316115,-0.004636093406472086,-0.0024015445181245765,-0.0016362665229737727,-0.0021537747559567944,-0.002398546396403578,-0.0024015445181245765
2023-04-24,0.0010433275200578684,0.0021975846195461113,0.0007795960222480858,-0.0027297633621057305,0.0010220696954978958,0.001528526314812817,0.002767986841493153,0.0009163951364470346,0.0024469954431591834,-0.0011463734783602186,0.0009219800534092659,0.0009163951364470346
2023-04-25,-0.015873852746173256,-0.007043872081178626,-0.011987806217056862,-0.019800863389583312,-0.015560812808905866,-0.007777546262689228,0.0071452173901305205,-0.015135751057090086,-0.021435940339641246,-0.0032794197785197543,-0.01512379527036456,-0.015135751057090086
2023-04-26,-0.004235658721972402,-0.004019099650474978,-0.00029654171427861975,0.022794246863157452,-0.00421415062802577,-0.002968032585760283,-0.005445210919023058,0.005496791258766898,0.004677266864626661,0.001595350620837488,0.005509197241914343,0.005496791258766898
2023-04-27,0.019907974663818218,0.010490728665454085,0.01787622899220276,0.03766617935443817,0.019234127725871186,0.010745517830926143,-0.0026984744950665496,0.023101795417545423,0.02679972282362808,0.009435339616930438,0.023129231615917067,0.023101795417545423
2023-04-28,0.008535150023168958,0.007170778599833616,0.007603775106497013,0.007601686927269036,0.008342223752247246,0.006099292656528643,0.004864383757333224,0.009441308756887867,0.012725194387809946,0.002836456459593961,0.009447354879871028,0.009441308756887867
2023-05-01,-0.0010096486945589955,-0.004705928476205545,-0.0007297142916793398,0.00955311731966435,-0.0009764745948387388,-0.0024801806060033016,-0.007995334214519478,0.009123318011222015,0.009899551046825605,0.0019978768448560835,0.0091382051943667,0.009123318011222015
2023-05-02,-0.011239248093318,-0.002862701406508905,-0.008305654542491214,-0.010475238255079788,-0.010888238797472471,-0.005522133326093193,0.011905760169575785,-0.013188671263740348,-0.021941446506318574,4.921465423612936e-05,-0.013173528691028724,-0.013188671263740348
2023-05-03,-0.006864016169261022,-0.002357654883979765,-0.0032270485485075273,-0.008739844579849332,-0.0067638664466995735,-0.002131572729132225,0.0030477317457624498,-0.00730788637424562,-0.01093564661576274,-0.001297025876115132,-0.0073007999385626965,-0.00730788637424562
2023-05-04,-0.007082838069150887,-0.00473214692876911,-0.0029785352975670865,-0.0031205754354716175,-0.006970521057576118,-0.0017957912585047087,9.459983294446417e-05,-0.004627323113546744,-0.00755944825993371,0.0005798960736860259,-0.004621188447953561,-0.004627323113546744
2023-05-05,0.018512550508219094,0.00981678730697011,0.012761555001172153,0.009622276174168665,0.018189055514242547,0.009816779591725444,-0.006342078190830325,0.01378706677302044,0.02171677198993427,0.001352691226829128,0.013804458909594475,0.01378706677302044
2023-05-08,0.00026668927248940655,-0.002050448380577663,-0.000879086108160676,0.002061485644796246,0.00024475719874339497,-0.0017048536738760722,-0.0032915932361660127,0.004904111605206207,0.005963757381906465,0.0012254510664373441,0.0049092837009285795,0.004904111605206207
2023-05-09,-0.004385523109840417,-0.0029963000052096733,-0.003585372132630882,-0.004574302340494163,-0.00427967613411373,-0.0022890159175813496,0.0020530174387412004,-0.004733215868033325,-0.00846351187303096,0.0002932542509614944,-0.0047244856256338785,-0.004733215868033325
2023-05-10,0.0046724788717829036,0.0053882299037479875,0.003971974850013327,0.007292568178769443,0.004583501827242209,0.003061220276914023,0.0024666505240873438,0.0020108648117813654,0.004816598777389158,0.0013874314193027537,0.0020184864068524266,0.0020108648117813654
2023-05-11,-0.0017440786398568164,0.00015549663354841314,-0.0033631172682867527,-0.0022815059062324394,-0.0017190512760160148,-0.002321867854065185,0.002109623781483716,-0.0046515308604878625,-0.0053108629100820925,-0.0007834193839900694,-0.004565437229475111,-0.0046515308604878625
2023-05-12,-0.00131020966278661,-0.003029277232434069,-0.0021529762446773626,-0.0051422250249835155,-0.0012974313272584581,-0.001214414742129355,-0.0016283562096108817,-0.0030042519258852707,-0.004329837987598895,0.000387857802216951,-0.0029148192254082606,-0.0030042519258852707
2023-05-15,0.003449986104051339,0.0010609068787146292,0.004855341265011859,0.010063181218459949,0.0034139079002493133,0.0031343805339338893,-0.002805176276316712,0.010766397521697835,0.012656547676913155,0.002156501086636453,0.010774331752567923,0.010766397521697835
2023-05-16,-0.006682674289061219,-0.004939564762815207,-0.007617065473746076,-0.0013579507922939493,-0.006636635118527967,-0.0072411835104178035,-0.004002191974712077,-0.002876380436390047,-0.0013246576727863335,-0.0022956694926816734,-0.002807618232482212,-0.002876380436390047
2023-05-17,0.012138974616329179,0.006670056007978431,0.009239325770405094,0.013290104844371875,0.012228571499206975,0.005781704945116539,-0.0013958443610253557,0.01746159194989283,0.019988683957487652,0.0038924553169390474,0.017528554551675457,0.01746159194989283
2023-05-18,0.009633263583083362,0.0039100857699112535,0.006270530897966031,0.017522626121804885,0.009641141034505862,0.002802448400558877,-0.00406524948007192,0.02294201971024523,0.0259271632158542,0.004436076395532895,0.022987249297015122,0.02294201971024523
2023-05-19,-0.0014551215725480127,-0.0017686084317329875,-0.0009973174062887225,-0.002582570663413275,-0.0015179815997382606,-0.0004134438583645039,7.925540954634158e-05,-0.003777101289305418,-0.004636629270801551,0.0003190691325969386,-0.0037270928142725257,-0.003777101289305418
2023-05-22,0.00040605205435828573,-0.0001242045457794383,0.0013825795253827877,0.005408039866293679,0.0004088457087596531,0.00025665558803233957,-0.0013558852524990783,0.001675277872655423,0.0022798052832693205,0.0007388555138643227,0.0017138092531332472,0.001675277872655423
2023-05-23,-0.011222782269209586,-0.006290528464749756,-0.0076417071771872624,-0.01555063981758631,-0.01154230269741463,-0.006291574563315194,0.0019749537741000633,-0.009362976677756096,-0.010727312963584312,-0.002299412444154769,-0.009318005769809679,-0.009362976677756096
2023-05-24,-0.007244838457540759,-0.0053685052477049355,-0.006942853309675923,-0.005596652504436528,-0.007565071516836386,-0.006336863172733964,-0.0028058757988340677,-0.003629495091243329,-0.0039026325097453185,-0.0021768474222456646,-0.003583538573862066,-0.003629495091243329
2023-05-25,0.008659911199980552,0.0037183970899534735,0.014832905181002554,0.06169815533078937,0.00887509597013314,0.006033522251902346,-0.0027149911781280123,0.086142482027183,0.08791286586074243,0.012306019789301237,0.08622831768774386,0.086142482027183
2023-05-26,0.01295080753542699,0.008092830221591463,0.011623031591492694,0.029616847852727002,0.013221215538411046,0.008528416516824677,0.0027464320919436958,0.022122680135301387,0.022886147832869685,0.006337239748332557,0.022132812578529615,0.022122680135301387
2023-05-30,0.00038083948529288314,0.0028902965290944493,-0.000960753240976775,0.004151813355021794,0.000373752560137941,-0.001998927512053439,0.004899968176628189,0.007114780643758589,0.006780364561761232,0.001200053625637576,0.0071277071162287875,0.007114780643758589
2023-05-31,-0.005545127883992973,-0.0019059998244392862,-0.004969247252212705,-0.013998369936267796,-0.005614189620104626,-0.002026769547674445,0.0034556145344222244,-0.01880982376885909,-0.018879897489629482,-0.0019909796640230626,-0.0187889839868578,-0.01880982376885909
2023-06-01,0.00950091146788945,0.006909981134931575,0.010227824785943973,0.022105092031993845,0.009784830027312452,0.006630718839097716,0.00021794282754372674,0.02327003474917322,0.023567089718723233,0.0027708355467914725,0.023336094781749583,0.02327003474917322
2023-06-02,0.01446119491777531,0.00655779938468104,0.00996789618310534,0.0003785090434744731,0.014825123407174567,0.00975696122313563,-0.00447623727262314,-0.0007336587333907074,-0.0006301090962804734,0.0016119931050988523,-0.0006707798155938249,-0.0007336587333907074
2023-06-05,-0.0019161770370904607,-0.0011912968591669681,-0.0024672277879431714,-0.0019040940533967543,-0.002035843607960719,-0.0019252032702578026,0.0007889950793933398,-0.0029654145088070516,-0.0030093942442556143,4.455859881358215e-05,-0.002888764391041798,-0.0029654145088070516
2023-06-06,0.0021774354866517243,0.0017954551840497768,0.00273585232208573,-0.005764624657970563,0.002189880053078852,0.0029206901777976135,0.002649916095770477,-0.004932547523690323,-0.005207657259978737,0.0005425163808017164,-0.0048820329371206395,-0.004932547523690323
2023-06-07,-0.0034577305791515522,-0.004193840352873068,-0.0035382001704158395,-0.022993916915609924,-0.0037479708411366497,-0.0024671427144108415,-0.007374217321048482,-0.019641168609542903,-0.018328049596687768,-0.005702080391503439,-0.019614597158577052,-0.019641168609542903
2023-06-08,0.006048325640091834,0.005758245111222804,0.006123555729049324,0.012677198118799193,0.00663737566209166,0.005216319429690586,0.004816869112284072,0.011917331824200739,0.011711163570506278,0.002800692953977002,0.011942362732281442,0.011917331824200739
2023-06-09,0.0017944548816755113,0.00013765376973773336,-0.0008607856992947083,0.0021680109195540975,0.0019228093368814925,-0.0007715642323715688,-0.0006505818616250325,0.0017611802698367374,0.001761535632255562,0.0005573023275418088,0.0017889201896319484,0.0017611802698367374
2023-06-12,0.009071871518138819,0.006133868019537525,0.005673578067844076,0.01874953449268424,0.010172439630874663,0.003878690447641997,0.0008294291603803128,0.016090271314028293,0.016182410280127568,0.0033174672360425372,0.016115553936358662,0.016090271314028293
2023-06-13,0.006593051833087227,0.0020753422466470717,0.00552302023722584,0.012941977776329994,0.007417358243478889,0.003205429492979528,-0.00599665350851597,0.013945687290478181,0.014127921722419057,0.000492451966681795,0.013975643580636632,0.013945687290478181
2023-06-14,0.0011907068651821895,0.0010829393891818029,0.003217852590797543,0.015188005836748397,0.0013212070321004799,0.0011951359056863176,0.0004698040627142408,0.01736548797020765,0.017404831094836704,0.0013247112244911818,0.017395429965887166,0.01736548797020765
2023-06-15,0.012397785010322737,0.010218041463949668,0.010558574694843115,0.012941389906111267,0.01465854289638191,0.009637814530059075,0.003822055892974241,0.008090474751671906,0.008250478518855964,0.0028022039523529774,0.00811944920867913,0.008090474751671906
2023-06-16,-0.003406241865312798,-0.0033032290906791495,-0.002747676478108918,-0.0095393802869842,-0.004124382703352025,-0.001538821937897339,-0.0014200995933447702,-0.004807729910652592,-0.004521196652214621,-0.0018631249368654679,-0.004787904214009875,-0.004807729910652592
2023-06-20,-0.005188261499940561,-0.002382806072826149,-0.004338207572891828,0.004392518519630073,-0.006325477392400858,-0.004897012489670449,-0.00031307515150302834,0.010201513392217976,0.010301489644672479,-0.0022882500589589405,0.010221126069809072,0.010201513392217976
2023-06-21,-0.005123824370416918,-0.0024265711967927928,-0.002538044043263188,-0.014792571719430936,-0.006513952891385455,-0.0009476620112679468,-0.0008791561950715066,-0.01154629955031461,-0.011123490950391335,-0.0038912200707751365,-0.01152635402924862,-0.01154629955031461
2023-06-22,0.003609805665299781,9.009816479910171e-05,-0.0013616238435386618,0.008569592859282604,0.004442128069393814,-0.0019045345587364038,-0.005327973336279546,0.00598924518618027,0.005760883608986633,0.0004298575592951437,0.006004398596431093,0.00598924518618027
2023-06-23,-0.007559970554875561,-0.003356935964915375,-0.007822094024606652,-0.010062390030601276,-0.009461094177479312,-0.006188737110787934,0.004958242288087389,-0.007016181511054986,-0.006373043443404169,-0.0034920624747297735,-0.006992865710888085,-0.007016181511054986
2023-06-26,-0.004085818153705567,-0.001965620910704735,-0.0021946167952380247,-0.020824096182890828,-0.005149129738284519,-3.7692656351229203e-05,0.0006695577966218114,-0.02145101282943218,-0.021595297652095446,-0.003321924750198213,-0.02143156280485181,-0.02145101282943218
2023-06-27,0.010963258758801775,0.005799433296886036,0.009016831947016746,0.02154314848351979,0.013403606370974819,0.0050551295332634805,-0.0029580549503824827,0.02546151298855248,0.024443141265429125,0.006712077418981943,0.025475406581438875,0.02546151298855248
2023-06-28,0.0005043909466642127,0.001482762307712715,-0.001665204267498166,-0.0036017704275684848,0.0005592200143156312,-0.0010732389356981065,0.002237408768937854,-0.007323552126662469,-0.007307020634884753,-0.0009510536125615365,-0.007312689605231126,-0.007323552126662469
2023-06-29,0.003941504508015781,-0.0007276777307942961,0.0005144496260429676,-0.004164274685150904,0.004807341269034371,0.0005738568607860373,-0.004436415567518059,-0.006224234791601391,-0.006196535937315284,0.001000574841873103,-0.0062147374877088435,-0.006224234791601391
2023-06-30,0.011800590934627264,0.008017350802704604,0.009971134454615616,0.019432978090638153,0.014958596959424364,0.007725122163922737,0.0034415355261827596,0.017464827157673612,0.017400010203806104,0.006830867917864802,0.017482709461780654,0.017464827157673612
2023-07-03,0.0011506936058029993,0.00021840516878346428,0.002397665877263311,0.0009427708836196036,0.0013881768965455787,0.0022255804116197986,-0.0007667044371287846,0.002141657400153596,0.0016756476015296062,0.0019007024965107533,0.0021529199388183873,0.002141657400153596
2023-07-05,-0.0014872621937879194,-0.0026973927616762428,-0.002045697420385406,0.004769102414566628,-0.0019403360750746002,-0.0021380498341919685,-0.0025512033389462063,0.0030934494614189845,0.004188292022046403,-0.00029829466689568207,0.003117987894284413,0.0030934494614189845
2023-07-06,-0.007830701245834848,-0.007293314469587919,-0.009086271019120296,-0.007276228137974572,-0.00996626892644803,-0.008355913025419714,-0.005805640034033943,-0.008771279431843304,-0.007623503684571209,-0.005794508766926221,-0.008757987170260106,-0.008771279431843304
2023-07-07,-0.0025246444057290818,-0.0014332235996870057,-0.0002630093621758256,-0.0016904766382859204,-0.0032699877818282985,-0.0013821892817615922,-0.0015126615253711062,0.0005709038657106813,0.0007419060743476535,-0.0008931990388627575,0.0005831109423910519,0.0005709038657106813
2023-07-10,0.002531034367485585,0.0026372544290089728,0.003233220262736314,0.00024012090207858883,0.003097794966947287,0.002739348204493952,0.0004004355281663763,0.005266095331581289,0.004317547563676305,0.0014450868837483366,0.005280575768091156,0.005266095331581289
2023-07-11,0.006368491150018585,0.004686807299792095,0.006981229548330026,0.0061584430962604575,0.007866566525481566,0.005956007306352706,0.0018163204825023538,0.004567976378777816,0.004963245710241315,0.003941489695584943,0.004579065884294353,0.004567976378777816
2023-07-12,0.00804607534244517,0.008085074617299126,0.010974476874904493,0.025054959057418724,0.009976770684460678,0.007150991798897444,0.0044344497924948545,0.028142723199957365,0.026563400964296546,0.007497407563760161,0.028153971448414028,0.028142723199957365
2023-07-13,0.00793679916342005,0.007256085356705633,0.009752091749879677,0.0189646442057696,0.010035315999204153,0.0063519317555860155,0.001744421116811612,0.026277830104478372,0.02432501831794065,0.00634903268671394,0.02629417630707498,0.026277830104478372
2023-07-14,-0.0006229020191921286,-0.002286002301939871,-0.0028786018990680784,-0.004635921181746161,-0.0008602381721961594,-0.0015019822447867037,-0.002668715608652117,-0.006601227431534018,-0.006918329676529278,-0.0016003903790751117,-0.006590507593043471,-0.006601227431534018
2023-07-17,0.003472295721590246,0.002531488396245063,0.0015768882596725042,0.00776656377975482,0.004311938073120913,0.0002674559516646635,0.0002551296577151252,0.00844178670043827,0.008412183268953877,0.001494776907450257,0.008457785799480977,0.00844178670043827
2023-07-18,0.00743054524771547,0.004781475729527251,0.0070843891078027355,0.015624467434943501,0.009291490521301515,0.005249725874282962,0.004524850926363122,0.010050714112097126,0.00956300115330011,0.006667276872890371,0.010062770990743486,0.010050714112097126
2023-07-19,0.0022237756799066144,0.002556765542423234,0.0008393891238342999,-0.012632592383686747,0.0027339208641581347,0.0028596547329815536,0.0040928620555600315,-0.012189902039288603,-0.008992445816673578,-0.0005169090426023759,-0.012166552163720534,-0.012189902039288603
2023-07-20,-0.006634521333556576,-0.006054045208692016,-0.00737754966839943,-0.035476801056099405,-0.00843627261319968,-0.002661010196831959,-0.003395272459374099,-0.036785124006850634,-0.033448803533953964,-0.006736803052232232,-0.03677750685745551,-0.036785124006850634
2023-07-21,0.0,0.0002857299637506472,-0.0004398357608381698,-0.008484134212124128,-7.538144018015558e-05,0.0010975874923331297,0.00017985064730119404,-0.010479802311590514,-0.011819582414142937,-0.000946939615324216,-0.010452707342508694,-0.010479802311590514
2023-07-24,0.004467391362069861,0.0019425990469228438,0.0025131349080216303,0.0007546647798313266,0.005468315885814645,0.0025694986352293725,-0.0013200400999466844,-0.0034653637718666808,-0.002782282616916043,0.0014171934203559555,-0.003458214141708993,-0.0034653637718666808
2023-07-25,0.0027300769459310814,0.0011863943624290663,0.0031549687124186043,0.011918225435000762,0.003476700847210079,0.0013926684094198727,0.0006324548959708576,0.011538959258373227,0.01120206952751146,0.0034714705890384057,0.011545091768101257,0.011538959258373227
2023-07-26,0.0001536629536655898,0.00140081176709006,0.00013505474347175195,-0.004835067746324029,0.00012830029688304379,0.0006807373217889712,0.0015211906886711812,0.0006536611098082457,0.0011492796468199895,-0.0007286524807422756,0.0006794853656979516,0.0006536611098082457
2023-07-27,-0.00662993657434896,-0.0074067449288772735,-0.0044923324132545295,0.0031259670318799504,-0.008693028137113923,-0.006408021295689514,-0.007562688051826694,0.02315201085695251,0.021302101157611553,-0.0005169275563484677,0.02319219206810197,0.02315201085695251
2023-07-28,0.009790314382838394,0.007435465879656489,0.009724644812107552,0.019600815485803613,0.012652259597482285,0.007439457684623507,0.003734632693924045,0.021764109008973298,0.021437756243074313,0.008056353496831203,0.021790316234377105,0.021764109008973298
2023-07-31,0.001904020099703363,0.0016340158616352518,0.0004224796317799928,-0.002444970840799976,0.0024031486910172095,0.0005675467083086083,0.0020264577516246884,-0.006825970482284283,-0.006997755514361215,9.988612097089344e-05,-0.006808545818674183,-0.006825970482284283
2023-08-01,-0.0028615418465900433,-0.004367178784435932,-0.0042394521412940644,-0.001464370045381358,-0.0037926434040203016,-0.004473231751502715,-0.006281194809453439,0.0002443989517408873,0.0009908082280880581,-0.0020869371595906294,0.00026057986530592103,0.0002443989517408873
2023-08-02,-0.013910910068612892,-0.009302739168478014,-0.013438054368298813,-0.029573544990411094,-0.018161136955578416,-0.00898971267458315,-0.0028866129300664234,-0.029234841687721613,-0.028614449382152074,-0.010047586196384906,-0.02921911604872518,-0.029234841687721613
2023-08-03,-0.002865735983920925,-0.004414433116015415,-0.004052854362064706,-0.001747853741066896,-0.003798097420393165,-0.004652148338208595,-0.006207809123513042,4.211879712068267e-05,3.323754272899215e-05,-0.0016715040965608052,5.337643045311147e-05,4.211879712068267e-05
2023-08-04,-0.004522667717882345,0.0005756800834737508,-0.0013674047900549269,-0.0033822864879428094,-0.005952755719077163,-0.0011754908564473032,0.004762527057986965,-0.0017403400980738892,-0.0018936597174646908,-0.0020297932125471485,-0.0017365060888957506,-0.0017403400980738892
2023-08-07,0.008728336055929375,0.0053155893445966385,0.006457362455724258,0.011330716689928355,0.011272101406324175,0.004948294500161987,-0.002220574239029882,0.014473668970999665,0.014390881668727262,0.005072141510743311,0.014477236773023261,0.014473668970999665
2023-08-08,-0.0043486980929984265,-0.0016609614108235027,-0.004866099293137971,-0.00966516748084889,-0.00572652727025702,-0.002940957872393124,0.0022737736833671196,-0.012452374542668343,-0.01223640703399309,-0.0043251936192991725,-0.012449434449703367,-0.012452374542668343
2023-08-09,-0.0066852426524818265,-0.0037258262150272614,-0.005203670747600753,-0.018481284465777126,-0.008764947636133669,-0.0024873632975319637,1.0497481758520166e-05,-0.022481971908824283,-0.02313666308455009,-0.005484677262738713,-0.022471367320265223,-0.022481971908824283
2023-08-10,0.0003589459153421348,-0.0023858449799470938,-0.0010049783210451801,-0.0009756655493455835,0.00039515404794387976,-0.0014209507518424536,-0.004408021009067897,0.0009196107174755941,0.000686182849136463,0.00042921926321959347,0.0009227327613783309,0.0009196107174755941
2023-08-11,-0.0005830069625684109,-0.001596280485624546,-0.003597297537370814,-0.008245562550107333,-0.0008296582694665711,-0.0012183816757412869,-0.0005369132999546444,-0.019241918413285264,-0.018876048281139535,-0.0031875559753389293,-0.019234099244148983,-0.019241918413285264
2023-08-14,0.005520102325369702,0.003017565920131693,0.0036268073151857205,0.01865525943629187,0.007102647143288898,0.00034917685883129046,-0.0003858714054431056,0.026681720351138916,0.02710835224953967,0.004612775605296937,0.02670238381147927,0.026681720351138916
2023-08-15,-0.01164907512837321,-0.008077056498902224,-0.010002157159218261,-0.010750640365778885,-0.01521986826939703,-0.009014749604520866,-0.002402146190917942,-0.006856995326615212,-0.006611667510708963,-0.00637389692125323,-0.006848628275434976,-0.006856995326615212
2023-08-16,-0.007338064767244523,-0.005365986893674735,-0.006326314766857299,-0.012113135640013928,-0.009613871317361689,-0.004890573975087187,-0.002781244592505394,-0.011228026474464414,-0.011984224193622328,-0.004462197789302014,-0.011223352319020496,-0.011228026474464414
2023-08-17,-0.007619984627651788,-0.0049940288263639054,-0.005715103108718034,-0.008389790286337906,-0.00998047722775608,-0.004866977006658169,-0.0015610085420889597,-0.00978069794184222,-0.011015950325058643,-0.004381363718867215,-0.009771816707828562,-0.00978069794184222
2023-08-18,0.0004813678697701551,0.0011684953316029034,0.002152173472135255,0.0006020792395244889,0.0005542549061252622,0.001968419686684264,0.001423065335558693,0.0015138841382806856,0.0005511317109805347,0.0012867625408399253,0.0015199627674238325,0.0015138841382806856
2023-08-21,0.006506305765969778,0.001890083399689324,0.005417922711993484,0.02333010928120549,0.008384327496083088,0.0006847587074880757,-0.003179939769670681,0.033816730362472125,0.034490466317360635,0.006623387479259613,0.03383979445929586,0.033816730362472125
2023-08-22,-0.0027086466626379258,-0.0012065149201927472,-0.002487885126219558,-0.009423744278758028,-0.0035938199581421193,-0.0013846124358110057,0.0031540723137055693,-0.008742647770766165,-0.00935754467332417,-0.001341106254340363,-0.008725228062682389,-0.008742647770766165
2023-08-23,0.011137820368366524,0.010503864514608274,0.011655865464937243,0.015660145233777678,0.014403492533633155,0.00954721738168085,0.008545659066769629,0.018499902016703373,0.01900822056398499,0.00793694710532189,0.018506015370124418,0.018499902016703373
2023-08-24,-0.01385911797327155,-0.009236244284527961,-0.009426335813107922,-0.013371457713760138,-0.018093787006424722,-0.006853792834797923,0.0005765651693345752,-0.015228392549363479,-0.01481277756542787,-0.0057459585103528665,-0.015215067826755857,-0.015228392549363479
2023-08-25,0.0070498353396770685,0.003975993369018438,0.002867416895074415,-0.0011704650510129255,0.00909070424058056,0.0035108584127943043,0.0005075314294782363,-0.007309718311237945,-0.007586693410641887,0.0014196665344519133,-0.00730100984931592,-0.007309718311237945
2023-08-28,0.006341382598641143,0.004679006228843097,0.0067997434004989366,0.010978508967961043,0.008169991615083472,0.005368110902209233,0.0009882453476930397,0.01206490526110282,0.012323119855943476,0.004737573288566388,0.012068035788073805,0.01206490526110282
2023-08-29,0.014454723615913823,0.011250193795672603,0.011385403672572014,0.017520991972181488,0.018714174842664688,0.00873757129578756,0.0044949996762428945,0.022050968218554123,0.022792508645579357,0.008221385251233837,0.02206004057537103,0.022050968218554123
2023-08-30,0.0041188381855754574,0.0023037333085380585,0.0012024371120797905,0.0016392442971457921,0.005281549545052222,0.0009182604866677657,-0.0001042547568549379,0.0010690052342043899,0.000619890608139384,0.0008665209437572763,0.0010748315849671286,0.0010690052342043899
2023-08-31,-0.001463383365599591,-0.000300100049614338,-0.003128473501844864,0.0007361008055912777,-0.0019744913871361236,-0.002773685796214287,0.0021488365870323545,-0.00155868954465066,-0.0009443896899071769,-0.001363059340557582,-0.0015541159705509955,-0.00155868954465066
2023-09-01,0.0018652876059226386,-0.0009558568887371166,0.0012614477027392823,0.001829398703985241,0.0023528115351629797,0.0014053647520397838,-0.002105581983159799,-0.0041014457717946096,-0.004155322970677,0.0021032426963296658,-0.004094435408513841,-0.0041014457717946096
2023-09-05,-0.004322152570774285,-0.0047595359699470485,-0.00439781297648878,0.0006460649961022025,-0.005692007725135895,-0.0054791345962180715,-0.004577862455289461,0.004033244120416946,0.0044819749955578025,-0.0012468620905647931,0.004037143048825742,0.004033244120416946
2023-09-06,-0.0067224712260817165,-0.004413231816749241,-0.0033721508698164593,-0.009701731196511743,-0.008813359319856717,-0.002531945662382573,-0.0009429940304597206,-0.009253608627775578,-0.009587552717198022,-0.003134341083407821,-0.009242910188371312,-0.009253608627775578
2023-09-07,-0.0030701312461812735,-0.0005874800991351181,-0.003675530450274578,-0.006463236854401977,-0.004063891079247206,-0.0012796255579784477,0.0022685914402513774,-0.01435515056412029,-0.012914870003022272,-0.003183644751388215,-0.014345139511853122,-0.01435515056412029
2023-09-08,0.0015060914848479268,0.0011120401422353154,-9.55400937737716e-05,-0.0026084582748890917,0.0018859964823769726,0.0005058705680924813,0.0012245578954366287,-0.007993870317107632,-0.0074828113741033375,-0.00032093804166655193,-0.007967101549434474,-0.007993870317107632
2023-09-11,0.006576768024554758,0.0034830274956627605,0.004028955760537745,0.005008390424875442,0.008475900987640728,0.0032646543856644783,-0.0025190811657379575,0.00641241899535272,0.0073179187515188815,0.0027069614669217312,0.006436146952653488,0.00641241899535272
2023-09-12,-0.005485706346428421,-0.003168898251821539,-0.0029223749147621048,0.001177474603716755,-0.007205082010148356,-0.0018112514901811316,0.00019534464962656095,-0.010580963787256592,-0.010313434863990056,-0.0034353989755213643,-0.010552084945143148,-0.010580963787256592
2023-09-13,0.0011658756135335402,0.001284501788323844,0.0010562084785672443,0.00361955139076664,0.0014438483615926145,0.00024504674791958614,-0.00013075264146888976,0.0070919109853480045,0.007230264079215454,0.0011896749311692822,0.007096976774310759,0.0070919109853480045
2023-09-14,0.00862261240920259,0.004626313500712076,0.008046388570486451,0.01019915097158064,0.011134701844269124,0.007127136756696739,0.00037819935687322115,0.008579082132448734,0.008378765375089525,0.006612501925775227,0.008585140401023095,0.008579082132448734
2023-09-15,-0.01204836604874615,-0.008153090113797612,-0.011072952172001882,-0.018767144835253546,-0.0157391023920449,-0.006930122191605048,-1.5042954355504179e-05,-0.029296929790501136,-0.028080345820674757,-0.008298513468493751,-0.0292864483013221,-0.029296929790501136
2023-09-18,0.0005863452497691934,0.0009377552161602409,9.949021267074976e-05,0.003291492000343954,0.0006906846121004229,-0.00010147584345365779,0.002497028141082769,0.0029513134386334183,0.0028887688363274933,0.0004104828283306716,0.0029533579052025694,0.0029513134386334183
2023-09-19,-0.002073751753320918,-0.002415826030545132,-0.002606442977032386,-0.0011248895790697544,-0.0027682086447046172,-0.0021471075242710524,-0.002076065962124507,-0.0016619838386963126,-0.0014591844608110582,-0.0013641396621570934,-0.001653436316034429,-0.0016619838386963126
2023-09-20,-0.009193322553776362,-0.0057299146162841375,-0.006275421582130458,-0.01272928127520112,-0.012026430932229881,-0.003846530861239539,0.0011622548066096972,-0.015341619285311192,-0.015227100497650081,-0.00494443649490961,-0.015335146954070122,-0.015341619285311192
2023-09-21,-0.01652845283652682,-0.012649910533203412,-0.014667502950119982,-0.011732942625841236,-0.02156496472436764,-0.013003464410819343,-0.008040274713007056,-0.014778394905961001,-0.014438737733472151,-0.009304888120006627,-0.01477330231226226,-0.014778394905961001
2023-09-22,-0.00224856261753148,0.000338109759884464,0.0011560333329407868,0.004027553609899703,-0.0029955310331598595,0.00031723858514420833,0.004042901721005743,0.009100938177812656,0.008806089613287327,0.001602326025302192,0.009103452945872004,0.009100938177812656
2023-09-25,0.004205303363737922,-0.0006388267699617423,0.000295240795793017,0.0038880133056140576,0.005393920599024993,-0.0005714886956315057,-0.00651091641258994,0.0058734173933918665,0.005951151928121234,0.0015291169518627523,0.0058773660925637294,0.0058734173933918665
2023-09-26,-0.014691306432693896,-0.009330276512514502,-0.011072454423029954,-0.005587601792214403,-0.019175956979641806,-0.009514351470281346,-0.0022064085400946842,-0.007947764081592479,-0.007297968035879898,-0.007410093002658602,-0.007944503384262447,-0.007947764081592479
2023-09-27,0.00039913841105798653,-0.0011638820733482769,-7.749122385325435e-05,0.006800521752983402,0.00044738863765236836,-0.00112803785136939,-0.003705981535190861,0.0032623087535350592,0.0031719895706452395,-5.769913396613813e-05,0.003267575318096183,0.0032623087535350592
2023-09-28,0.005797502001731347,0.004670527771692079,0.004525157597549789,0.0061168506648059395,0.007463158677144088,0.0030375257388255417,-0.0018472320420755972,0.012411232819008688,0.012106661725618695,0.0019148229090086843,0.01241483058721804,0.012411232819008688
2023-09-29,-0.0024270255722664835,-0.0018393556600699856,-0.002839335258157938,-0.008050739689671849,-0.00322760256546617,-0.0037140017430848937,-0.002833627604525546,0.0014965817729029052,0.0010627611091862388,-0.0021075919419851763,0.0015052458979236683,0.0014965817729029052
2023-10-02,-0.0003976445068419876,-0.0030268932737221865,-0.004558137080303837,0.009442070519112056,-0.0005886146915633494,-0.005433156120202787,-0.005009961861463519,0.01373697193222756,0.014159067805573189,-0.00028293778678656345,0.013748394811827325,0.01373697193222756
2023-10-03,-0.013386108441205136,-0.011169668703526314,-0.012147417450126374,-0.01137366936449058,-0.017478689900892852,-0.0099267935405154,-0.006030501702136037,-0.017654767843345853,-0.017125133134506254,-0.007996299773921134,-0.017650679335868613,-0.017654767843345853
2023-10-04,0.007282019969861997,0.007182929862665999,0.005610960291833278,-0.0018691324385947672,0.00939245382538001,0.003986723186315766,0.0030538846834111677,0.014244271330931646,0.01317953291440177,0.0037827703737118856,0.01424890376205279,0.014244271330931646
2023-10-05,-0.00037685665664310974,3.12333706611323e-05,-0.0008468959192492465,0.0016350520394117218,-0.0005615823684900212,-0.001101343449586678,-0.0022760516094605387,0.0010676939221605508,0.0015627188786362378,-0.001199021991846183,0.0010756545322743172,0.0010676939221605508
2023-10-06,0.01187282704695547,0.0055695688202015425,0.01034510499518948,0.01347087346657072,0.015358714935358675,0.007026389821681578,-0.0022295645785113116,0.022263064724205917,0.02149955123826075,0.008584391232821176,0.022268228995398154,0.022263064724205917
2023-10-09,0.006402312473104077,0.00797968998771137,0.006294489141583481,0.0046604515011055,0.008249176720085627,0.006472021725224764,0.01137734605039098,-0.002084802814936726,-0.0017246193770328322,0.004433867665507796,-0.002077356598258695,-0.002084802814936726
2023-10-10,0.005204865847466822,0.002735783417410209,0.006129337284029424,0.0023237218585634434,0.006692962504623923,0.004625669939690269,-0.0016719387041195244,0.009738231100447248,0.009165053430368442,0.003520650260007141,0.009740676072599319,0.009738231100447248
2023-10-11,0.004096164144500314,0.004294728849120633,0.005687270746784989,0.003834044445877538,0.005252082123049728,0.003674023811613747,0.006698851843420117,0.013364786035805043,0.01319935096837499,0.004477043718464024,0.013370110720908768,0.013364786035805043
2023-10-12,-0.00609652302563668,-0.007104243154404721,-0.006217789526547612,-0.0005744708998615122,-0.00799938222171126,-0.0056790299511710884,-0.0049625575991822934,0.00041219562340288896,-0.0001850656895656666,-0.0012433050689136804,0.00041930648098942314,0.00041219562340288896
2023-10-13,-0.004980709669269223,-0.0012768821716576673,-0.0018732604471815018,-0.006792491577512605,-0.006548389124770737,0.0013018414799919054,0.013194613801349675,-0.02288378083161635,-0.022068142946801594,-0.00013382912515524925,-0.022878296657816155,-0.02288378083161635
2023-10-16,0.010521383332395828,0.004083988128603888,0.006977105329358135,0.007542100767128801,0.01360236448518748,0.004925726145672549,-0.0067863695645469235,0.011518108420637274,0.011376917414739784,0.0042732641991021225,0.011522369093625917,0.011518108420637274
2023-10-17,-4.5850580251749484e-05,-0.002909085304407588,-0.000983110452982161,-0.0042529621463774925,-0.00013428142097138274,8.08038999755567e-06,-0.002912856944869757,-0.010080908625070828,-0.010358178494455972,-0.0005048622061712971,-0.01006110038758401,-0.010080908625070828
2023-10-18,-0.013325006197333011,-0.009859541637375568,-0.011888063552624617,-0.009573859057898426,-0.01735359580840068,-0.008564994541697568,0.0027256674100226697,-0.025348592170860496,-0.024071134040598907,-0.006125649779377462,-0.025340272908041972,-0.025348592170860496
2023-10-19,-0.008786559588529586,-0.006795763691215706,-0.006599917951439438,-0.0019743654286593637,-0.011524808437604839,-0.006238836467835962,-0.0016976905353356386,-0.003290642821639933,-0.0035831137601843865,-0.0022696212090045353,-0.003285489909664374,-0.003290642821639933
2023-10-20,-0.012288003695187233,-0.005940384363928519,-0.008367854012580889,-0.0058641539987487334,-0.015715803928589733,-0.006395589728680928,0.002656229087208528,-0.011268519506109742,-0.01093419872323631,-0.005697206795637677,-0.011265877064916552,-0.011268519506109742
2023-10-23,-0.0017331114512134649,0.0005224347190670997,0.0010895948289066926,-0.0013596678619625102,-0.002265413629784052,-0.0011174292626643378,0.0002983981846385042,0.018974485218686388,0.0185684465826379,0.0005698494020529576,0.018981907772646966,0.018974485218686388
2023-10-24,0.007539412402825851,0.005951174026112671,0.0072844674603051995,-0.0032076971901920937,0.009288973992847005,0.006358851058775983,0.004767716488596863,0.007077519399420584,0.006412607602682918,0.005272667636914141,0.007086259322711896,0.007077519399420584
2023-10-25,-0.014352322757030134,-0.011592410058356428,-0.010656188500492658,0.006225106309051709,-0.01824532904750653,-0.007428113883631737,-0.0033757076448476253,-0.02999553288128287,-0.029112461076218676,-0.006082602373793322,-0.02998745562949201,-0.02999553288128287
2023-10-26,-0.011974458570202628,-0.004497975113021968,-0.00551767392266167,-0.00792091064490763,-0.015096233557242211,-0.0032629939714911016,0.005256810046498472,-0.020445360233790844,-0.020857413311424433,-0.005288670906608006,-0.020431072967604935,-0.020445360233790844
2023-10-27,-0.0045328431752262865,-0.0028513520329281894,-0.003470478736886884,0.0002532319696093577,-0.005601591306610421,-0.003986348564594566,0.002183946040507534,0.010566963226698922,0.010491428289250981,0.00030035437770692397,0.010575727429696036,0.010566963226698922
2023-10-30,0.01195574009533984,0.006216171228431655,0.007283447504512264,0.0019114730153184656,0.014654656880459083,0.005451978382272404,-0.004194115239552709,0.010683207220111735,0.010838234851265005,0.004055683598597648,0.010689875775537594,0.010683207220111735
2023-10-31,0.006280393905699677,0.003505137230540134,0.0038307729343041164,0.0022500195629486797,0.007638413539782007,0.003991110633226658,-0.0006624726436417205,-0.0013610658680774934,-0.0018820272932480453,0.0027501921688315445,-0.0013546508863233608,-0.0013610658680774934
2023-11-01,0.010664541397391147,0.010818629693008619,0.010456821612098599,0.0033947869371051542,0.0127530472159052,0.00728040856992318,0.0052717711567520364,0.025057590826418563,0.024570817328702033,0.007012157900074589,0.025065644677650045,0.025057590826418563
2023-11-02,0.01916448475059851,0.0138996122295032,0.017274625589248416,0.00896716507217632,0.023089702848700266,0.014253487705016,0.004578331850399797,0.013688183825582678,0.012543444353770417,0.009581928158817199,0.013701623245431005,0.013688183825582678
2023-11-03,0.009123398564820473,0.007908181909689116,0.01027429804181934,0.0048566036971613435,0.010739502795675815,0.00749152689951571,0.0006949030461691486,0.016891724623167015,0.01640050040416896,0.005649983248773971,0.016898638710810987,0.016891724623167015
2023-11-06,0.002300445364078474,-0.000619296073334441,-0.0014034037603372074,0.004602388838958138,0.0025658547115949837,-0.0014232831705701665,-0.004758560307087989,0.0048947830382999324,0.0051833644057908135,-0.0005053044587175481,0.004900773411527171,0.0048947830382999324
2023-11-07,0.002845886659684105,0.003840646267877723,-0.00029720717595738133,-9.570195441432894e-05,0.0031640826992651583,-0.0003573682268559475,0.0035887161535703704,0.003982048653909276,0.004100234155533844,0.00011668155011079762,0.00398491763709341,0.003982048653909276
2023-11-08,0.0007324032974000971,0.0017967063762187596,0.0004541492889498233,0.005608782657870348,0.0007890833734558456,-0.0001268932191408334,0.0007524319688514414,0.005776573858915723,0.005642841985662672,-0.0008346294404242283,0.0057799460062732955,0.005776573858915723
2023-11-09,-0.007798591623532802,-0.0080222527987458,-0.006489885793674377,0.00041513240851442923,-0.008816193375818848,-0.006043759112814406,-0.003479132390052153,0.0018150766906634974,0.0020246060126809517,-0.0016821267079101254,0.001818830020459794,0.0018150766906634974
2023-11-10,0.015604821640675448,0.010295271915619741,0.01142381767413747,0.015046648928593198,0.017792549643323108,0.007814562317485896,-0.0018228279471244058,0.02369896701220231,0.022451215943069203,0.00736955576393683,0.02370447355712879,0.02369896701220231
2023-11-13,-0.0009534470185933452,-0.0006150465980507835,5.807965936699411e-05,0.0020471734746057013,-0.001147156105897884,0.0008126903984693179,0.0007422990746124292,0.00041078711066111495,0.0007222891741571758,0.00019068502237118423,0.00042359922994728016,0.00041078711066111495
2023-11-14,0.01940099027676001,0.016661221466122145,0.01965730491608242,0.013857730878550578,0.021632707752201608,0.01487124322349187,0.0044445823599104095,0.018307943713882446,0.017236360474153667,0.009849177987620195,0.018312149345227846,0.018307943713882446
2023-11-15,0.002116978275222614,-0.0012146928334232365,-0.0007143603362406159,-0.004649586893683333,0.002295156841918944,0.0002363115445318531,-0.0035183049274283285,-0.007227857080678413,-0.00734615484722978,4.1854892977033487e-05,-0.007210836389969333,-0.007227857080678413
2023-11-16,0.001223099889221535,0.002932071769518485,0.0007255212122501131,0.0054663994705077545,0.0012967594380397518,0.00030286956224068184,0.006872345822988013,0.005758406838715979,0.005662561311008618,0.0020731421798076966,0.005772467021103234,0.005758406838715979
2023-11-17,0.0012438434574022494,0.0015453793997006748,0.002516483022394711,-0.003907227623890286,0.0013071410621841029,0.0017833286232846746,-0.00040677040623116056,0.0006512491585477509,0.0004101987768314608,2.2588934893263968e-05,0.0006621520149849847,0.0006512491585477509
2023-11-20,0.007697541622613269,0.0052454097434251334,0.006358739890193865,0.014126114685598878,0.00834474000403529,0.004541877962486174,3.481162241336655e-05,0.013695661180738838,0.013193580219246659,0.0039793774116172465,0.0137128223629992,0.013695661180738838
2023-11-21,-0.002179230289928724,-0.0008896884613868172,-0.002846191391260633,-0.009932570272573216,-0.002462500490006958,-0.0011909122125571825,0.0035757147769754916,-0.00818361843163573,-0.0076186604771847355,-0.00168025165943686,-0.008172358455036166,-0.00818361843163573
2023-11-22,0.0038607064396092294,0.002691991422882456,0.0020003583858614338,0.00124074076942704,0.0042749204442738,0.0021157372140951924,0.0006413751170972759,-0.0027039362802083744,-0.0028380849540028397,0.0014146928199529896,-0.0026845390272195457,-0.0027039362802083744
2023-11-24,0.0006153401610513587,-0.0014745237055749927,-0.0004904352088331843,-0.004809808604261279,0.0006346162649237819,-0.000597884044765129,-0.0029931638116297288,-0.007251923603902144,-0.007541480521590538,-0.00030323959413158796,-0.007238685557039548,-0.007251923603902144
2023-11-27,-0.0018009050787556324,0.0011858598420377842,-0.0005771892759368624,-0.003128578368204904,-0.0020970559130756294,-0.0009442288477581329,0.0055667598788673445,-0.0007344323882677584,-0.0006225241189349306,-0.0014365320590372654,-0.0007176665748855893,-0.0007344323882677584
2023-11-28,0.0009900229435098051,0.002348111935516428,0.002107091808323469,0.0011832393448361067,0.001100106117459143,0.0025786640335310196,0.004211146282559142,-0.0010601834196048987,-0.0005826237799336775,0.0018831226092004272,-0.0010479071200614198,-0.0010601834196048987
2023-11-29,-0.0007033553851359953,0.0015314219904469795,0.0007000693200067687,-0.002489122298099611,-0.0008412233427889104,0.0008723367407359461,0.004092547383911738,-0.001913107128015512,-0.0022461274761004235,-0.00019116898235627122,-0.001892802415375261,-0.001913107128015512
2023-11-30,0.00393735170090026,0.0010337243273177421,0.000876176971600362,-0.005866595573502331,0.004476119258369771,0.0027713454291313777,-0.0018947155937968363,-0.013809532173694072,-0.013474160129388957,0.0013983825771370917,-0.013773300161595836,-0.013809532173694072
2023-12-01,0.0059160462138552194,0.007065440765622322,0.007123514593554425,0.0032684253773056504,0.00675826130589785,0.006171232007640359,0.009469879744405274,-0.0005069601000088353,-0.0007195055002167106,0.006497321979255233,-0.00046535608744757706,-0.0005069601000088353
2023-12-04,-0.005249504209300371,-0.004678933437208932,-0.004930770072140711,-0.012624337438108868,-0.006103122382213444,-0.003790551300504319,-0.006624500680440293,-0.012418639183124247,-0.012627291413227049,-0.0057934442399464325,-0.012412192415010126,-0.012418639183124247
2023-12-05,-0.00019710157956331908,0.00253235122417661,-0.0004348821123327795,0.00021158283446953696,-0.000268363417279871,-0.0005834844740818523,0.005397903134050752,0.007023069720774933,0.006639195895558725,-0.0017704216458069855,0.007031079567183074,0.007023069720774933
2023-12-06,-0.004029760138217542,-0.0013910783861946774,-0.002606968418876976,-0.003896304116651206,-0.004665596103586744,-0.0018726793412918719,0.0047729806443397305,-0.008389149443290833,-0.008292022360590345,-0.004340590848077697,-0.00838267988688135,-0.008389149443290833
2023-12-07,0.007630412566236311,0.0046980276960775225,0.005070398007391619,0.004805124771968261,0.008759922923514907,0.0033830786166431093,-0.00211524974414512,0.015723354075762863,0.016032510730738192,0.006835914730294768,0.015729911977524047,0.015723354075762863
2023-12-08,0.004299193823001701,0.0005623345243830347,0.0024275724288937983,0.0025988903079314785,0.004923874375840853,0.0013762877048897337,-0.005382361587172979,0.009783026751566837,0.01037566655275457,0.004088509552555575,0.009790277499772237,0.009783026751566837
2023-12-11,0.0038895933725100473,0.0023732779268705873,0.0008490642564491502,-0.004158784769179524,0.00442224474254993,0.001669102878326667,-0.003098255390596938,-0.007833735753143167,-0.009039073699618094,0.0010035363139546671,-0.007822812691970604,-0.007833735753143167
2023-12-12,0.004567198062799704,0.003936562579191616,0.004550382533462294,0.013962807698455926,0.005217489748771786,0.0033010382174527564,0.00027067287544069174,0.015381724037443867,0.015535949570101515,0.005609083282089422,0.015387014800521737,0.015381724037443867
2023-12-13,0.01379010913082368,0.013294526279819863,0.014909588982984445,0.008740094232074336,0.016201852297892394,0.012748991486204453,0.011041024160582058,0.006242251230043294,0.005605584490028681,0.015707900101132655,0.006246610567417266,0.006242251230043294
2023-12-14,0.0032094162684701555,0.00515176512076998,0.006728956120454432,0.0004677745707464265,0.003708668264513326,0.004739875817189043,0.0056351459755090705,0.003476635375148085,0.002614848851826501,0.005852307659265588,0.003483238864848248,0.003476635375148085
2023-12-15,-0.0016465667898450942,-0.0019183140624647876,-0.002182055930334381,0.00626935287994268,-0.0019484178203428293,-0.002022438577431007,-0.0010551758735777295,0.004921622994505936,0.005013623323413929,-0.0021311199573700312,0.004924760665410588,0.004921622994505936
2023-12-18,0.005625065351605896,0.0025607948330190755,0.0034631063301919784,0.007917916789485613,0.006476000094972845,0.0026724067057897205,-0.0007301007874745968,0.011922262618104362,0.013112126028745452,0.005010834828859112,0.011934080845744433,0.011922262618104362
2023-12-19,0.0060810005457334615,0.0041335280348264725,0.0056656448150889105,0.0012932277092931876,0.007351268898032837,0.0048790621312804205,0.0019505568408189067,0.001564556078935686,0.0018580732012329904,0.006344125818166013,0.0015716493346453753,0.001564556078935686
2023-12-20,-0.013857446621778124,-0.0068625910091146824,-0.012007363197732324,-0.014550928914056849,-0.016926201086008508,-0.010513031981203236,0.0018509034002851532,-0.013171677197301834,-0.012545608412340647,-0.015341772629199002,-0.013163024289696623,-0.013171677197301834
2023-12-21,0.009482158699341658,0.005644373297411409,0.009291967497438325,0.01678366722848068,0.011463104999170914,0.0075665430780444964,-0.0011217516586345955,0.014221416927864716,0.013347118168850036,0.011880050862723257,0.01422612133663459,0.014221416927864716
2023-12-22,0.002009607028092164,0.0006786592485299447,0.0017588238444963267,-0.00044212774251617404,0.0023892375559186885,0.001840382871512114,2.4074490108105806e-06,-0.0018532439695668756,-0.0017865057372032922,0.0023258594996908855,-0.0018522976808735825,-0.0018532439695668756
2023-12-26,0.004222409402310445,0.003341880311424683,0.005497383036494163,0.00646999686685068,0.005054460342407419,0.004545403858530639,0.00256123055370705,0.005764861864069992,0.00540696576975308,0.006399968056802097,0.005767620242302707,0.005764861864069992
2023-12-27,0.001808135747239925,0.0036273883569026832,0.0032017499901746405,0.002706872029329066,0.002139198319642377,0.002774456707386408,0.004626413711070088,0.002983979391505409,0.003141461970818993,0.0024003029233261586,0.0029856285054428167,0.002983979391505409
2023-12-28,0.0003777945759595447,-0.0006574973200959011,-0.0002978193339209234,-0.0004441285255728511,0.0004068348125458865,5.580111184522174e-05,-0.0026218124598013093,-0.00014936623821615314,0.00015119487639037033,0.0002232284854004618,-0.0001470360523505576,-0.00014936623821615314
2023-12-29,-0.00289491462541025,-0.0025017812195294864,-0.00349081757759262,-0.01051758249751844,-0.003610974221308627,-0.0027862818904499376,-0.002067106160936638,-0.002923083398800874,-0.003189192053368317,-0.003634683851818088,-0.0029196747146187363,-0.002923083398800874
2024-01-02,-0.005596516438839294,-0.005252543068044124,-0.005572557426190006,-0.017525717064944102,-0.007100674516899219,-0.0030225537414939607,-0.00042815938071338877,-0.021664312230356142,-0.020333950255862154,-0.006916465769166047,-0.02165756035767863,-0.021664312230356142
2024-01-03,-0.008166594141799766,-0.0047016520257333605,-0.006441899251299232,-0.015742381438173747,-0.010347886026970898,-0.005234072665374789,-0.0005494766028891762,-0.00789602261114064,-0.007388120383452823,-0.008210865012528545,-0.007892135057841587,-0.00789602261114064
2024-01-04,-0.0032211595318121233,-0.0035519715122777074,-0.001439678062843175,-0.0030681285921916324,-0.004080826659020209,-0.0011680501904700602,-0.0034998864881922165,0.003477091441973057,0.0038498933736339502,-0.000654311345487657,0.0034814101077862425,0.003477091441973057
2024-01-05,0.001369705819588951,-0.00011460004289765013,0.0013433346748001895,4.41294516269064e-05,0.0016512320462451768,0.0003652497398893839,-0.0022675703869875496,0.010646633687327434,0.010848655555796727,0.002560644866636874,0.010652558621396135,0.010646633687327434
2024-01-08,0.01427595793662717,0.010067576682116774,0.01104518735572002,0.01213270258940935,0.017776557713378383,0.007925213902495232,-9.163262458422583e-05,0.028195371682284254,0.02774953422656945,0.013450884407988584,0.028209265881807388,0.028195371682284254
2024-01-09,-0.001517127745895852,-0.0009919786052031698,-0.002543692037191847,-0.005051722430792216,-0.001989590249142359,-0.0020892688828342276,-0.00016993594439940196,0.003449471264122206,0.0035712774360958655,-0.0025261931290975204,0.0034566668531201827,0.003449471264122206
2024-01-10,0.005655490521344397,0.0026183903309993095,0.004115210894763077,0.00488323805930424,0.006859450958012436,0.0025147815892541114,-0.0025004172006153347,0.016166925386195796,0.01691744932062722,0.005878516009382384,0.016175798929353835,0.016166925386195796
2024-01-11,-0.00044065924781699906,0.0020100095241886162,-0.0003453383750267047,-0.00378538509385018,-0.0006034677748943951,0.00010303450654980395,0.003155492016283734,0.0024231454855607737,0.0023095336457605864,-0.0009601858668802921,0.0024719592766222487,0.0024231454855607737
2024-01-12,0.0006927792117785714,0.0011429949494698999,0.0023366587781792347,0.003912629763624942,0.0007872109525475235,0.0021101722758507524,0.0031872662569121246,0.0013225354694763602,0.0018038198092784619,0.002836635397180487,0.0013641363032843579,0.0013225354694763602
2024-01-16,-0.0036714113485165623,-0.005191558656981177,-0.006474874651075435,-8.415934753369658e-05,-0.0046548620597096635,-0.006089829275589431,-0.005150698992237079,0.004513278270896759,0.004415541806704226,-0.006040117394970901,0.004546093271932561,0.004513278270896759
2024-01-17,-0.005558541368177128,-0.004434611984774572,-0.005372770246935055,-0.0031116159927204734,-0.007053440550128021,-0.005147098360085645,-0.00387020971498786,-0.0005568323399255393,-0.0007145248499785817,-0.006119032639512079,-0.000532763346330678,-0.0005568323399255393
2024-01-18,0.00889273268181845,0.00496396712221725,0.0069906190364079634,0.018195215426576317,0.011387947242492036,0.005575439322354825,0.0007629467033123394,0.014681700359544081,0.01371952393532827,0.009684123289299684,0.014727568217080877,0.014681700359544081
2024-01-19,0.01246623166803218,0.007555565022387523,0.009108570299222407,0.020636857910243167,0.016129909815421728,0.006835989177186974,0.001044936042944311,0.018059634970798433,0.017722814295597633,0.0114068864480803,0.01809217726457124,0.018059634970798433
2024-01-22,0.002114348633203589,0.002003095257066656,0.0023760536995747206,0.002117677292849729,0.0026764938629375568,0.0018612121707237694,0.0005260777702351671,0.0014009940704715618,0.001080763749984337,0.0024173452977764853,0.001423707296701826,0.0014009940704715618
2024-01-23,0.0029165082148367993,0.0007697249607570011,0.0026762866965035492,0.005406891120945501,0.0037189888829909368,0.0024518700720006503,-0.00014202081682235246,0.004078761644431328,0.003737991837873933,0.0040555594337263745,0.0041049284080751924,0.004078761644431328
2024-01-24,0.0010931051079219323,-0.0002440292250464049,0.005065835354812975,0.024083758727857063,0.0013492750479480176,0.0019874777216113415,-0.004800334057992961,0.018128377281315444,0.016168215722059953,0.0075288414532277415,0.018182114915871406,0.018128377281315444
2024-01-25,0.005438949470246479,0.005063507827409497,0.007207494202652098,0.00964078585588779,0.006997180040151152,0.005961475774573843,0.004230383138785099,0.004413132542927745,0.0038907397952372413,0.008265283921590205,0.004459815747379414,0.004413132542927745
2024-01-26,-0.0012704752739219893,-0.0012105464371706676,0.00025017910458302595,-0.0037777822446266596,-0.0017236355358677402,0.0005152031947857072,-0.0008066479495761891,-0.003179193132625935,-0.0030493173628919346,0.00030971363965326404,-0.003127294778400569,-0.003179193132625935
2024-01-29,0.007919417353429603,0.006340491293368222,0.007878230896808613,0.014177049988822965,0.010220822161778997,0.006263759871933949,0.005016302088406865,0.010601794870859438,0.010236016984368712,0.00905146918487798,0.010655868074342933,0.010601794870859438
2024-01-30,-0.0007734832232075828,0.00030647941631900544,0.0002188352681737893,-0.002005284805902119,-0.001077351790736203,0.0010423856697203693,0.0022692238970698497,-0.0013678085069772639,-0.0007728683032947048,-0.0005921284669377913,-0.001318844665960106,-0.0013678085069772639
2024-01-31,-0.016317236393248225,-0.0079756937678368,-0.008925476856145531,-0.017722594494415378,-0.02129030086646644,-0.007303759106087382,0.0033941303976323667,-0.0071208822650102865,-0.007400083000694391,-0.012072205451362117,-0.007080753994948896,-0.0071208822650102865
2024-02-01,0.013088120238723633,0.010128589651247966,0.01203914559053576,0.014570244179399783,0.016938122735666195,0.010210271114500458,0.006396228315314945,0.013320310270054536,0.012181452178330554,0.013364452426838369,0.013361209248208494,0.013320310270054536
2024-02-02,0.010527230723542669,0.0026437520347477594,0.010670256354201157,0.05474921182112591,0.013609963816156645,0.0061710429952448465,-0.006304060237176445,0.018934973117512133,0.02125541961727917,0.016837092401003506,0.018981959875504772,0.018934973117512133
2024-02-05,-0.0036411009392190996,-0.005477488441670397,-0.004539061801792532,0.0036897527475812097,-0.004806374648235079,-0.004544026556684511,-0.0055861663598590905,0.016365337790356094,0.01542345114209942,-0.003602316976156872,0.016407290166286836,0.016365337790356094
2024-02-06,0.0029033061044934083,0.003829957498181047,0.004084111912001864,-0.0038234691826884992,0.003701831281682555,0.004629142815994136,0.0036114727346621134,-0.00298409625166951,-0.0035395061086432866,0.003724851446601285,-0.0029441900601365756,-0.00298409625166951
2024-02-07,0.008340393268319701,0.004184207725927314,0.006092096989646523,0.01901141924818428,0.010767926883687107,0.0038333373680281557,-0.0017483831516365012,0.016279179479238293,0.014906577673723609,0.008428103062945391,0.01631969895846841,0.016279179479238293
2024-02-08,0.0004416226481469554,-0.0009616207020927137,0.0005841514948343729,-0.0021126566039197936,0.0005026015985269972,0.00023577710810607222,-0.001703349690409306,-0.0016401870368681903,-0.0017010200377670648,0.0011651308344851063,-0.0016055691382009796,-0.0016401870368681903
2024-02-09,0.0057795251420922344,0.0033417514873019805,0.004592277586789484,0.01424473853428121,0.007439795761486012,0.002627883487691607,-0.001756580125239382,0.019166091836276378,0.01760810949545033,0.006221484848031089,0.01920671756013359,0.019166091836276378
2024-02-12,-0.00043901625073361483,-0.00018163214452482368,0.0010594083320445424,0.0005056663479674484,-0.0006424141146053053,0.0011825772778182309,-0.00016546982629728202,-0.00587603738565079,-0.0048497047268856175,0.000908703658256238,-0.005843987100059733,-0.00587603738565079
2024-02-13,-0.013772963023190532,-0.011952604457396876,-0.014296862025030443,-0.02139952780668919,-0.017981751927151457,-0.012032654639856033,-0.006807133906128748,-0.012485285120335421,-0.01054457036206835,-0.015961638189545435,-0.012451047476845112,-0.012485285120335421
2024-02-14,0.009087670580652185,0.007228144505554646,0.009666727142208176,0.02145190465893365,0.011739096329945298,0.007318150208367458,0.0012385341553680096,0.02006675223014165,0.01788526305102245,0.011607339587949461,0.020088584145071753,0.02006675223014165
2024-02-15,0.006899611008886364,0.005084264707674091,0.008139093735112013,0.006418671880006999,0.008895471121976861,0.006921279388307777,0.0021890952577277023,0.001224101307900849,0.00019275598806323124,0.008919035316182322,0.0012461681636461996,0.001224101307900849
2024-02-16,-0.004979920100156798,-0.004261830084118179,-0.003711462789553144,-0.00906207140270221,-0.006547362376591814,-0.0025810099019853983,-0.0006383373697419481,-0.005554107883189219,-0.004550554664790041,-0.004322565683808954,-0.005527787565927311,-0.005554107883189219
2024-02-20,-0.005505359592928083,-0.0029355297961187743,-0.0038765656925529024,-0.0172578323660445,-0.007230638905341258,-0.0015107541643774036,0.0016664660999448078,-0.020309591365462176,-0.019191629519871745,-0.00555302270190039,-0.02029105228847705,-0.020309591365462176
2024-02-21,0.0009057642816157063,-0.0006518474545705866,7.746409349684846e-05,-0.006725621917785363,0.0011058049418135596,0.0009100759932958447,-0.002270370267632993,-0.010790604018270589,-0.010369172348669298,0.0003682795224044799,-0.010775091500665801,-0.010790604018270589
2024-02-22,0.020695602148280035,0.012737989956324025,0.018548252079690464,0.053536160321690174,0.026824886152130523,0.011576388444500596,0.001178445290211494,0.07399003107115476,0.06989561961015056,0.023751257580212792,0.07403538216343586,0.07399003107115476
2024-02-23,0.0006895540531597355,0.0018971395787057421,0.0010846550332161975,-0.0025197488589335792,0.0008248158573338493,0.00194863711311144,0.005078406638788779,-0.005905851053253031,-0.004760366090564627,1.07607958377276e-05,-0.005880702506680935,-0.005905851053253031
2024-02-26,-0.0036624296341466467,-0.003061103767697082,-0.001784381903266019,0.0015264583682517152,-0.00483411028065972,-0.0022324550354264616,-0.002212406992415983,0.004203962411005069,0.003702387524987305,-0.0018396437448962022,0.004230285525095079,0.004203962411005069
2024-02-27,0.0018577463442797093,0.0005776418788350224,0.0016796315671536721,0.000746229686892308,0.002343010832300596,0.0013034712836059725,-0.0016632914784927566,-0.00036542368677872084,-0.0006119526320000901,0.0025842239623146135,-0.00034656054163340055,-0.00036542368677872084
2024-02-28,-0.001321584949334098,-1.0990865395577032e-05,-0.002083361715456866,-0.0032554237087594196,-0.001790098072623203,-0.001477776421762056,0.002320751751296646,-0.0064795156434017676,-0.005997462286098432,-0.003296423948336291,-0.006455339534027105,-0.0064795156434017676
2024-02-29,0.0035948350029080256,0.0028145373025028064,0.0050267176591889395,0.010851683385302735,0.0046005495035013055,0.003170632087586611,0.0037641221636122157,0.013560214604120269,0.012011014952615362,0.005927448277201597,0.013586018536577926,0.013560214604120269
2024-03-01,0.009388276199003842,0.0075510828760771975,0.010893464306212852,0.023383527425334227,0.012129766549820342,0.007513348266021458,0.007129684101180533,0.03194393905858983,0.02801491191821759,0.013075967596418048,0.03196507868053855,0.03194393905858983
2024-03-04,-0.0010722724600481515,-0.001628442774528005,0.003002513520116157,0.006356621274339336,-0.0014658944781146266,0.001873064208495867,0.0034013519610773812,0.010131144007286208,0.010263414939255533,0.003859225807587796,0.010150796523866079,0.010131144007286208
2024-03-05,-0.00999433938519656,-0.003824883531948431,-0.005716118585414209,-0.017238685341528726,-0.013068065616284485,-0.004170719943279222,0.005244160392122055,-0.011895254328872729,-0.00924057214256424,-0.009306434459715462,-0.011881313487820844,-0.011895254328872729
2024-03-06,0.005067278275739273,0.00365204915839068,0.008770011978646686,0.01788782448845705,0.006514152250864935,0.006145851929854063,0.002771704026173216,0.023453907416331354,0.020939502123414444,0.011173397321658118,0.023470969768949468,0.023453907416331354
2024-03-07,0.009926350836992226,0.00680943524752009,0.010759363473864525,0.026822199834718674,0.012829054002546192,0.006457010758963211,0.0005409911419835822,0.036048422768976796,0.032280362671960994,0.014581460910384925,0.0360568616427388,0.036048422768976796
2024-03-08,-0.006002135893010241,-0.0032378700817405903,-0.00653708975702294,-0.026616567195669183,-0.007876642090398511,-0.0028288292188721753,0.002512800858577524,-0.03504600710795569,-0.03176722229051565,-0.009456102257981103,-0.03501887593394659,-0.03504600710795569
2024-03-11,-0.0008597980176296982,-0.0009637457126610016,-0.004231338985385635,-0.021392789356252107,-0.0011895947300734067,-0.0007991632345780708,0.0005097246854686155,-0.028388679284338192,-0.024857622688600256,-0.006020444919905499,-0.02836831836496001,-0.028388679284338192
2024-03-12,0.010757367807676221,0.005429253887027974,0.009019813151268874,0.026790775113485266,0.013909052388595411,0.0048153593111166515,-0.005148347844204704,0.03896918294179219,0.036180339229656466,0.013520619777900533,0.03898723766739165,0.03896918294179219
2024-03-13,-0.001567445672765011,-0.0016759483272260622,-0.0010886539144124852,-0.0032016635695484297,-0.0021098130235791546,-0.00015292321152016175,0.00048230954284500527,-0.010721447714410859,-0.00931849906690474,-0.001367478047834103,-0.010705876883263521,-0.010721447714410859
2024-03-14,-0.0019769687095626542,-0.003725848060690984,-0.005296974776124563,-0.0042506440364711295,-0.0026423528932989493,-0.0036412020291307634,-0.003860791776980177,-0.014398575708840955,-0.013558093325536702,-0.00546744466712179,-0.014376069163031024,-0.014398575708840955
2024-03-15,-0.0068664788611635386,-0.004164360425206515,-0.002926748601070006,-0.012203236272617324,-0.009000625481547675,-0.0012000772130106308,-0.0007208862595130539,-0.01204892570282634,-0.009779497724358044,-0.003937640636548334,-0.012030037480391442,-0.01204892570282634
2024-03-18,0.005943089888015951,0.003150600515025692,0.0036261677290061467,0.008495942589156869,0.007652366223755758,0.002591483751217316,0.00034701045823015697,0.010896064151912022,0.00976459626703785,0.004941920499170971,0.010917063219856082,0.010896064151912022
2024-03-19,0.005557255463205291,0.004322493315270792,0.0039671171455475385,0.004599629454203891,0.00715093175156345,0.0033448945046872236,0.00145422037723697,0.006506202458758992,0.005597223974228793,0.0048486006310437535,0.006518722365594254,0.006506202458758992
2024-03-20,0.00924921440141735,0.006368803479760654,0.008017155478848403,0.013759943910985006,0.011949040376646236,0.00583991436788045,0.002604400716013089,0.01553220796379473,0.013249194386614649,0.010123256927583757,0.015540662491134283,0.01553220796379473
2024-03-21,0.003304828623389433,0.002268996993387118,0.005317929815484179,0.010367168130698934,0.00422365416577275,0.00420878912388245,0.0022235063591706794,0.011457349264911265,0.009568861735378187,0.0066619197143638065,0.011464046242305237,0.011457349264911265
2024-03-22,-0.0018958503505407398,0.0001317360959041114,-0.0008852553177830513,0.005807289642683955,-0.0025368673492298655,-0.0012151536549285247,0.0015608859336113667,0.007111473464494811,0.00784679650164044,-0.0017583444292873507,0.007131757384894799,0.007111473464494811
2024-03-25,-0.002762931128842072,-0.0023942628294684187,-0.000757768688692706,0.000623913835980705,-0.0036644109627073096,-0.0007028701038368501,-0.001084890212670997,-0.0024777094590542337,-0.001679472355218814,-0.0007341151710354987,-0.0024651673476551172,-0.0024777094590542337
2024-03-26,-0.0018469170456447692,-0.0006997645557412779,-0.0035644270252126464,-0.011085967623876147,-0.00247323494403473,-0.001331253282153555,0.0018974265664515322,-0.014475625770504541,-0.013329607921845787,-0.005300453503360392,-0.014463823685725297,-0.014475625770504541
2024-03-27,0.008404081858666368,0.006349500951989162,0.007488253215904184,-0.004143378168810163,0.010850697244835672,0.008241116410421245,0.004863328861933303,-0.007809926482092111,-0.007713293259780318,0.008614985172061829,-0.007792447585884932,-0.007809926482092111
2024-03-28,-0.00019138456364886647,-0.0006047539017897119,0.0014501868142635654,-0.003856491958543873,-0.0003203962193245591,0.002117906936431435,0.004268755969337956,-0.005865814313360085,-0.0049342172312867305,0.0013256669297407875,-0.005854503188670757,-0.005865814313360085
2024-04-01,-0.0017397037447676178,-0.003954907283786002,-0.00045519546082861684,0.010602912246111096,-0.0023338157852791364,-0.0017398951110718652,-0.0006984976473694005,0.010727062756747507,0.008440279670160145,0.0006205859821610815,0.010738664068351778,0.010727062756747507
2024-04-02,-0.006358260937865956,-0.004106448652053896,-0.004838708155283644,-0.008807659914597088,-0.008339743718268955,-0.004131045330042049,0.0029891130779324815,-0.007605845728608673,-0.006180642969657035,-0.006703537119886693,-0.007593449323219037,-0.007605845728608673
2024-04-03,0.001098544363948628,0.0009065486610906337,0.0019290233763409326,0.004119178584341299,0.0013563439622270579,0.0005255506138694965,0.0014716462853807677,0.008195396701774715,0.006464035120558487,0.002362579705668333,0.008204771217034557,0.008195396701774715
2024-04-04,-0.012206021900676656,-0.006381385970512188,-0.007115783964104949,-0.010037921829397334,-0.015944116565372313,-0.0053005845245770455,-2.967409607135263e-05,-0.016476249990164726,-0.015027302210979254,-0.010027282114823177,-0.01645991966558158,-0.016476249990164726
2024-04-05,0.010446820903633913,0.004284584057049345,0.009395137312800284,0.021200566653812425,0.013505462369390209,0.006222597124071028,0.00210529812013327,0.02577627841915353,0.0226363075416669,0.013164793546370568,0.025779518057323036,0.02577627841915353
2024-04-08,0.0005592638146603157,-3.7468068717627645e-05,-0.00010516553092165815,-0.007275269870736789,0.0006554892945060953,0.00035665931169459597,0.0013174150309491761,-0.0066654156106006335,-0.006299236791339591,-0.00037286059421126616,-0.006658618466343302,-0.0066654156106006335
2024-04-09,0.0011568331529723253,0.002059496229169566,0.0022549908522411233,-0.0022000188832145273,0.0014320966848442307,0.0027082138728957705,0.003966219612206778,-0.005190930177177644,-0.0055169314394269975,0.0018413384350397521,-0.005182081262976812,-0.005190930177177644
2024-04-10,-0.010013078490869631,-0.010796204537636966,-0.008798024860114384,0.00437093814073819,-0.013092433771423884,-0.008214102904075538,-0.006294521878073889,0.0026826488589997144,0.00344593291443962,-0.009145060466325239,0.0026945250077270444,0.0026826488589997144
2024-04-11,0.007546927515202695,0.0046081756970852705,0.005442403382061256,0.012474184191537008,0.009736730454513953,0.0027716189670043967,0.005623834776457004,0.020100368117191847,0.018780168335574166,0.006694692544142455,0.020111726515074313,0.020100368117191847
2024-04-12,-0.013803164506086318,-0.007537702281222747,-0.011894202804963339,-0.017223418406326352,-0.01802102564882635,-0.008417677659423806,-0.0005750674368071307,-0.024247175547100763,-0.021397589162609143,-0.015684349879918513,-0.024243291505915643,-0.024247175547100763
2024-04-15,-0.012528040019038289,-0.009937609046147822,-0.00825409591845283,-0.011048442775046463,-0.01637095513101683,-0.005492805621271524,0.002503815466610826,-0.017172897031173084,-0.016013021395106186,-0.010303623905018156,-0.01716583549303463,-0.017172897031173084
2024-04-16,-0.0018238107475504473,-0.002227134523075769,-0.0029038081246726133,0.0013730705671293197,-0.0024519312136657145,-0.00407213812190832,-0.0009045029686681749,0.011530623599904866,0.009825926340575775,-0.0033446762793848395,0.011623331401082293,0.011530623599904866
2024-04-17,-0.00591824014164688,-0.0017054115578862827,-0.005959376981985232,-0.022045625596290752,-0.0075788511352326005,-0.001623852278273219,-0.00047370467451757214,-0.0330457263771593,-0.03089270554903789,-0.006658100353353236,-0.03302708739365079,-0.0330457263771593
2024-04-18,-0.002057726635803392,-0.00236531986351296,3.568590686020556e-05,0.003971490661673904,-0.002735315157140872,0.00021769968405593865,0.0002536610168568654,0.00026988166542518677,0.0012941206880257017,0.00019965982174929842,0.0002820088756365635,0.00026988166542518677
2024-04-19,-0.00872837259914061,-0.004821935550608836,-0.006196296828180237,-0.028446551653942387,-0.011265180209021786,0.000228328585090809,0.0018211950376776365,-0.047842496344501106,-0.04919333249271285,-0.006931350522553115,-0.04782134912242797,-0.047842496344501106
2024-04-22,0.009209144396545632,0.005773061818051817,0.006416298335190085,0.0029163853360774095,0.011726704697816892,0.004314414700116398,-0.007952844551179061,0.016387147958459858,0.01715461396466944,0.007287501899704063,0.01639944308982688,0.016387147958459858
2024-04-23,0.01186667150429943,0.00795346504699146,0.010542125544225067,0.01203998453601196,0.014948338209449075,0.006583341291729994,-0.0014903014800982106,0.027699580738271834,0.026974669530459794,0.01076204262517022,0.027704702270974657,0.027699580738271834
2024-04-24,-0.0004746691256976021,-0.0013314332038785182,-0.0013602312222018575,-0.003403227142640519,-0.0006797915033291968,0.0001406903156191408,-0.002023952305656329,-0.013137984915508438,-0.013046564819153894,-0.0009568716339036776,-0.013129012767393977,-0.013137984915508438
2024-04-25,-0.0037989089424659284,-0.003412021335231108,-0.0061077515307990105,-0.014422337632533977,-0.004747757428728461,-0.003868907586098702,-0.0005225416359769808,-0.01604308500791163,-0.015053042948592554,-0.00589804655482451,-0.015996584562023908,-0.01604308500791163
2024-04-26,0.009473823416559224,0.006563883110237034,0.007019609536500049,0.01100916474736402,0.011712058942684456,0.004033541001081442,0.0037170449265317984,0.023968855488610386,0.024459186345093586,0.006659895329783394,0.023985719520045024,0.023968855488610386
2024-04-29,0.0035415529730082884,0.0033416044191039163,-9.673106332930281e-05,-0.011047198610382059,0.004290476966342771,0.0011786607923804926,0.00047073279564546766,-0.009281505454080352,-0.008722599387224417,-0.0005976533955821539,-0.00927445493246104,-0.009281505454080352
2024-04-30,-0.015841215462753078,-0.011141814200641087,-0.014413125125396387,-0.017834226307442025,-0.02035374862602002,-0.011146592531541377,-0.006756698518023296,-0.01771497230552177,-0.016582529920009748,-0.013419486424674054,-0.017704496232651468,-0.01771497230552177
2024-05-01,-0.003247213224846335,-0.0005401283112310695,-0.002868455505951162,-0.011870163255285004,-0.004319630827091081,-0.0015207431850494668,0.00451119580126047,-0.010836422833586545,-0.01107074594152746,-0.003665599674856801,-0.010816476811272957,-0.010836422833586545
2024-05-02,0.009353406639900363,0.007415041899115016,0.007998510449362062,0.005003158922499029,0.011851407376316514,0.005457116206390555,-0.0015267893279422573,0.016471214300755488,0.016247760821704427,0.007927117473104595,0.01648008876173712,0.016471214300755488
2024-05-03,0.012395297420226381,0.009481867517712184,0.011447410035943628,0.012802205053314974,0.01572878482416007,0.007424176034044105,0.0017458420722076262,0.026156900142170203,0.025422748442873067,0.010982454607974645,0.026162913618268835,0.026156900142170203
2024-05-06,0.010326795283682744,0.006482565695485665,0.009078890603811063,0.010656170059437864,0.012945407764151984,0.005966494715806903,0.004404554412344552,0.023529071207394114,0.02347570935242027,0.008661974469176048,0.023536918916055027,0.023529071207394114
2024-05-07,0.0011035533801586617,0.0014927067272536565,0.0023516064888957633,0.0037551240738002978,0.0012994598307847216,0.003330497586915282,0.0008612510063632506,-0.005918385682098792,-0.005600464098515112,0.0019278805539169053,-0.00591106776235617,-0.005918385682098792
2024-05-08,9.659653182181316e-05,-0.0007724029912727914,-0.00040901130665138563,0.00038614442329865106,5.963683783560825e-05,-0.0007441488529573714,-0.001988232576238813,0.0031138452148533613,0.002807013711140005,6.99234369765378e-05,0.0031169916486837312,0.0031138452148533613
2024-05-09,0.005761746934882517,0.004203131326235621,0.005974093726058838,0.004945777660241513,0.007049154372838151,0.006044257102743478,0.005125123100634177,-0.0026390257898071257,-0.0030414981387701934,0.005159467247733085,-0.002630832544485262,-0.0026390257898071257
2024-05-10,0.0012882241731215771,-5.8307566879967077e-05,0.0025927946880999198,0.0050792705631512725,0.0014984760382132922,0.0014906009344990423,0.001563305926979508,0.008994212780164768,0.008485872968541086,0.002740021498978118,0.008999938953281106,0.008994212780164768
2024-05-13,0.00013438248905539574,0.00028838530873365187,-0.004013710340179055,-0.011357276886726275,9.337759766880893e-05,-0.002427575760163503,-0.003117216499296638,-0.006908584245555849,-0.006272636393628295,-0.0038125211597986874,-0.006900185317824548,-0.006908584245555849
2024-05-14,0.004588014284517605,0.0038320163306808652,0.004777236287463182,0.006555624666980453,0.005803164105201208,0.0036530115561606014,0.003591923878403458,0.004653606309598324,0.00517825079422507,0.004178470345904461,0.004658154091986333,0.004653606309598324
2024-05-15,0.012383028549011854,0.010078544828801217,0.012002174697876011,0.014519791211757616,0.0158844752192,0.008506629451666248,0.00598026719318856,0.022465389654219958,0.022242622585788574,0.010905870092096759,0.022470325690730153,0.022465389654219958
2024-05-16,-0.002057308910603406,-0.0016876577043902774,-0.003596508809674881,-0.005615946953234752,-0.002747720309882129,-0.0014394623061726453,-0.0009460079322886061,-0.010777785275731477,-0.009835441751592788,-0.0035446921783576224,-0.010744151694913495,-0.010777785275731477
2024-05-17,0.0014375152697563287,-0.0004170103926816049,0.001063683670119886,0.0017831693898751055,0.001766116528107764,0.001468129535724172,0.003388203635318776,-0.004750742164815636,-0.0052141569495671725,0.0009484031632240875,-0.004742797286619638,-0.004750742164815636
2024-05-20,0.001152163793598282,0.0003183278241707388,0.0015373843496617745,0.0036892522998004385,0.0013749407162826355,-0.0004340447656711044,0.0010008068759415067,0.009676996669904625,0.00938852677293478,0.0017676175970593455,0.009687662839514832,0.009676996669904625
2024-05-21,0.002452297789228286,0.0022156950850664714,0.0008802134993326494,0.0006430890649606891,0.0031156961367164726,0.0012240256270816818,0.0007943563563685974,-0.004688941886151543,-0.0034168025920000566,0.0006461823959378332,-0.004661215909291361,-0.004688941886151543
2024-05-22,-0.002879175127503797,-0.002223815381506178,-0.0037753242711642265,-0.01137397122646766,-0.0038155735551393954,-0.0034425846269305893,-0.00507726182468049,-0.00018488252794257587,-0.0002736546492236869,-0.0038007556228043526,-0.00018069400730169605,-0.00018488252794257587
2024-05-23,-0.007304272633687048,-0.005501022443410775,-0.002335353862610856,0.007475178465574883,-0.009569928347649914,-0.006141978997755926,-0.007422423795675148,0.029050556632686186,0.02855282738817344,-0.0012936869255206762,0.0290845702434952,0.029050556632686186
2024-05-24,0.0066162723688489855,0.004423205719830792,0.007038727425504154,0.00753725641794234,0.008527241248531547,0.004190069003669805,0.00012106932070277132,0.02187660065084751,0.020202169263604297,0.008437381039071212,0.021910505253313506,0.02187660065084751
2024-05-28,0.0006990816995053883,-0.0014469096418338045,0.003919870409220927,0.01968160522655027,0.0008371980866253015,-0.0012954553760752274,-0.000568024286025981,0.032196716055289176,0.029668352436650558,0.005541895947634101,0.0322321149231215,0.032196716055289176
2024-05-29,-0.007002572050697098,-0.005742687384838074,-0.00879853480974846,-0.0037312286277439988,-0.0091775997733744,-0.00773488907329789,-0.00417842388982792,-0.010523553912302641,-0.008551226814427215,-0.009539684568967921,-0.010492558322659273,-0.010523553912302641
2024-05-30,-0.006633823067866751,-0.0021059864516536075,-0.0012266153154635306,-0.004998814551472219,-0.008698082096392445,0.000988135577089766,0.0023132037177922005,-0.013912857225228725,-0.014136410084392148,-0.002478467749933322,-0.013885562191948253,-0.013912857225228725
2024-05-31,0.009108197461457301,0.006751007843627033,0.00559629310460541,0.0038388152256616515,0.011765773279902136,0.006564223445410189,-0.00020762808189078719,-0.004295309587010077,-0.0035437258178102615,0.006815404062350039,-0.004277356050859327,-0.004295309587010077
2024-06-03,0.000815398053666927,0.0029061887469705727,0.0030946398946416487,0.011744971802438497,0.0009883640425529805,0.0007872394401846616,0.005316073546579814,0.022932170235755223,0.02146657432322674,0.0025047577110450803,0.02295265995734086,0.022932170235755223
2024-06-04,0.0011178601524610698,0.0021158207620453062,-0.000814369433150941,-0.0017785890967827456,0.0013814469639159555,-0.00034381476637301844,6.068156103600231e-05,-0.0007299837832470679,0.0001656268469334421,-0.001594380475728796,-0.0007086563850168259,-0.0007299837832470679
2024-06-05,0.011885166809659786,0.0083620119134864,0.014488814040240383,0.01141881080697349,0.015374751820614874,0.008578312831572843,0.006053411997599456,0.053327307272151625,0.04699089545303736,0.018197837741589673,0.053369546918037525,0.053327307272151625
2024-06-06,-1.8826212542566445e-05,0.00011174820135329,0.0005646500582872083,-0.0002821500737638649,-9.600297752843101e-05,0.0004947068245568786,0.0017258399657502643,-0.0018963740005645269,-0.00164483373175639,0.00046106779886900817,-0.0018743423046400087,-0.0018963740005645269
2024-06-07,-0.0012155413895058587,-0.004261880440406429,-0.006829685900436089,-0.015357208016057666,-0.0016522000340241094,-0.005406433588788562,-0.013933868036422048,-0.00648777432711356,-0.005835960175553656,-0.005893539597209951,-0.00646615182578425,-0.00648777432711356
2024-06-10,0.0030897925971888895,0.0015207163536599122,0.003600185372682807,0.004288680278735191,0.003944191086880489,0.002447963617326021,0.002231027316277334,0.012501744527902092,0.010279207503850696,0.004681118503736537,0.012519003422574171,0.012501744527902092
2024-06-11,0.0024082193894516823,0.0028118169516340163,1.1665010734240866e-05,0.00028055797311088426,0.0030584113852640815,-0.0002272071320753577,0.0038061590713858173,-0.0016809876893877362,-0.00032749050030678184,-0.0011042600598133445,-0.0016632031153029914,-0.0016809876893877362
2024-06-12,0.00821319611838045,0.006825738571787587,0.007709241930098365,0.016041215846874568,0.010602620131249463,0.0045064829147607455,0.0018385587436462458,0.019231060321892146,0.018994998475830638,0.009711843901387907,0.019250784463864967,0.019231060321892146
2024-06-13,0.002013185952230545,0.003220253465332945,0.00023404188381181967,0.0035245445300009504,0.00254502177989524,0.00023150910730440621,0.002228192695348019,0.003136728658346355,0.004720804756236596,-0.000692850974752357,0.003168647876312658,0.003136728658346355
2024-06-14,0.000608551251541023,0.0007736897936936327,-0.0012143763903957883,-0.002527409841715178,0.0007195437653069181,-0.0006345910359324414,0.0069878355967394334,-0.0007921229092903159,0.00028842785017046957,-0.0032205742912908564,-0.0007710416257766806,-0.0007921229092903159
2024-06-17,0.00795876439707599,0.003340061389572657,0.0025472354745568193,0.00036045717930233145,0.010271957993095437,0.002066157543328506,-0.004830409308857808,0.007589643908562538,0.0052009289524288516,0.004719923698705442,0.0076093325757204955,0.007589643908562538
2024-06-18,0.0025409340649609202,0.0029588469340238177,0.003937045416348095,0.007958966598999861,0.0032308887719016965,0.003073081561326907,0.003520370946113127,0.008610324778084433,0.008456792162405913,0.004249958829798617,0.008627568904834071,0.008610324778084433
2024-06-20,-0.002716530828726582,-0.0023247955019952693,-0.0017842630300606288,-0.006409770356781697,-0.0036040724528845214,2.618305561741252e-05,0.0035350776202880407,-0.010786019195551666,-0.011760629261766242,-0.002858160560701095,-0.01076846375001439,-0.010786019195551666
2024-06-21,-0.001340934553204276,-0.0007643348706818376,-0.004588727514363677,-0.013946930835524451,-0.0018152601138229363,-0.0022352617908436567,-0.004105635343082392,-0.016991606492226086,-0.015987376255211516,-0.005481897577853889,-0.016965662176295693,-0.016991606492226086
2024-06-24,-0.003250513025056634,-0.0016249125645171336,-0.001463687657960011,-0.019315172371992317,-0.004298457832251579,0.0017646433791345117,0.0010860616145840218,-0.02616476767229481,-0.025161413648132513,-0.0024500847535366965,-0.026127114438741383,-0.02616476767229481
2024-06-25,0.0038508488183874867,0.0022677306145744147,0.0033886351656462477,0.019202638335568123,0.004933267747866843,-7.526689094627947e-05,-0.0009629974625431359,0.034077916691298116,0.031066258892521015,0.0047748139551602176,0.034104020034181115,0.034077916691298116
2024-06-26,0.0012481518499345423,-0.001052875037244494,-0.0030028386909239924,-0.0016446607498041832,0.0015507754228416548,-0.0028229796601347834,-0.004903381567549769,0.000337241314406711,0.000591312523156029,-0.00257544975518198,0.00036057652937659945,0.000337241314406711
2024-06-27,0.0015764091777425993,0.0016030303350640374,0.0015597483615676921,-0.0008055480284340222,0.0019773820948445486,0.001308102164326863,0.004120072221885485,0.0018459298736652752,0.0001352325702912438,0.0011471486092864414,0.0018686599521033909,0.0018459298736652752
2024-06-28,-0.003935105210455703,-0.004329784037842788,-0.0033438467886549583,-0.007792338764749163,-0.005188695011762667,-0.002585656833873351,-0.004256129524888075,-0.011827496102664758,-0.01026924448955735,-0.003065819052546881,-0.011808288857835136,-0.011827496102664758
2024-07-01,0.002058003120900098,-0.0009142032269328082,-0.0010148048425461242,0.007094720679541977,0.0026032666431627938,-0.0021143816213553546,-0.0032012012929297784,0.005866917225523016,0.004877926756361894,-5.658324497592737e-05,0.005875239113931396,0.005866917225523016
2024-07-02,0.006729854689488501,0.005366207012496016,0.004601840430056292,0.002566532628823337,0.008674854025769285,0.0041018583105756345,0.0016151948798657223,0.002803706957958285,0.0023580612655100808,0.005530605970209601,0.002825632136597145,0.002803706957958285
2024-07-03,0.0044626316745368655,0.00483107121817139,0.006654608127278028,0.016830513293565996,0.005728347175318449,0.0038594937606164503,0.005693044283077153,0.020596647328786633,0.018977915042074134,0.007371472797114809,0.020611771221024533,0.020596647328786633
2024-07-05,0.005766470326189266,0.005478222139023936,0.0052390894777534225,0.002930319454250263,0.007422829585580493,0.004175689863411325,0.005739175627276216,0.012194683573236498,0.01098382129317943,0.005633031709800784,0.012235896985045569,0.012194683573236498
2024-07-08,0.0011540525942812518,0.0008150496204140101,-0.0008096506352494037,0.004444730956356224,0.0014284830415556282,-0.0006601067605482847,-0.00297884633646206,0.0010775925632020567,0.0009516950486918585,-0.0006551900835891633,0.0010896232615251744,0.0010775925632020567
2024-07-09,0.0009722552055999589,0.00021355081475316062,0.0002351663804853743,-0.0007910051292916442,0.0011922172452001334,-9.217618790124948e-05,-2.2263372893682742e-05,0.0024474096019517777,0.004079233387521253,0.00045678536072557563,0.0024606803353628415,0.0024474096019517777
2024-07-10,0.009895306302644569,0.006343180969351048,0.008567068506468045,0.01929601318802243,0.012788708199543475,0.006308781142586595,0.0016044535326862341,0.022179192798513325,0.018945787910314982,0.01112887337184909,0.0221902038667956,0.022179192798513325
2024-07-11,-0.008622502395324583,-0.0031312909920601095,-0.0005992060696439205,-0.018953146591785375,-0.011284141816598203,0.003072665911273864,0.006848094871541255,-0.03899544400931987,-0.03539763042892308,-0.002686820322806427,-0.038985355156794466,-0.03899544400931987
2024-07-12,0.0063076560233277235,0.0048835118007055645,0.003858823466289074,0.008697484498550567,0.008126160203463462,0.0036471897831567013,0.00014143134482913489,0.003284917163884682,0.002088543692225775,0.004926160963407922,0.003302562058601799,0.003284917163884682
2024-07-15,0.0027498973379078695,0.00026477106605327094,-0.001484035838060338,-0.00979082984444557,0.003502459636863131,-0.0007055583846690139,-0.0012103400233585138,-0.008967158956891375,-0.007397910873630842,-0.0013629252229511168,-0.008961418255882925,-0.008967158956891375
2024-07-16,0.005930192553132541,0.005188976983758087,0.0059894338420336535,0.001320406014129416,0.007635604711837551,0.007494504565012328,0.009639625345127634,-0.006730881468561711,-0.007246735623823386,0.0056700430699887505,-0.006722413619182355,-0.006730881468561711
2024-07-17,-0.01402117447015827,-0.008135365315679599,-0.015074135295963687,-0.0453718603507437,-0.0183045237366809,-0.0068116446830644994,-0.002591206424168102,-0.07420716507677727,-0.06357798153477034,-0.020069769732711462,-0.07417945815202964,-0.07420716507677727
2024-07-18,-0.007684813223276632,-0.005709384572142873,-0.003591398739346996,-0.0034273548518677366,-0.010064779718131467,-0.005364961254898826,-0.002664935811550251,0.013464866431970313,0.013287190723130005,-0.004012114801731137,0.013481012053333963,0.013464866431970313
2024-07-19,-0.006640604165301767,-0.004800853237881597,-0.0076519066633293775,-0.009704960891992465,-0.008706900171128518,-0.004949367740550326,-0.006388905875794881,-0.01646481897063279,-0.014697082925291705,-0.00897555613976464,-0.01645198438518447,-0.01646481897063279
2024-07-22,0.010309924342275956,0.006017540324412041,0.011963364605686033,0.01979889546026059,0.013327550159967227,0.007024670731169413,-0.0006839560477222006,0.0353584819417192,0.03213701373761624,0.016286151979086005,0.03537168694112691,0.0353584819417192
2024-07-23,-0.0015686337077934764,-0.0009827345307433788,-0.0020787900071748133,-0.0005926848132798979,-0.0021113579330529486,-0.0016135377701712583,0.0013567088286843276,-0.0041849183691134995,-0.0035712125712338283,-0.002998013459056259,-0.0041801708434520135,-0.0041849183691134995
2024-07-24,-0.02266259335745402,-0.014831400146180007,-0.018292467788018074,-0.03295455717564322,-0.029541742830433648,-0.011294836376161133,-0.0037168735995102287,-0.05599017275366347,-0.0509944493525446,-0.023547930282118656,-0.05598152877880802,-0.05599017275366347
2024-07-25,-0.005210277592075707,-0.0020245020661443514,-0.003960362985824251,-0.009110687130169937,-0.006846917072451442,-0.002063920712181755,-0.00297410243448637,-0.013476552839042255,-0.012865760096352541,-0.005194192438775391,-0.013473226768716873,-0.013476552839042255
2024-07-26,0.01119982758277449,0.008145248785857317,0.011477234073294484,0.011799287117125523,0.014484077760946734,0.009262097738754749,0.005222549047742664,0.019149388955760793,0.016582731335249123,0.014070813913614089,0.019159238694969938,0.019149388955760793
2024-07-29,0.0005875505893877531,0.0010029123691996933,-0.002298550749718964,-0.0036781182697642745,0.0006922510841322893,-0.0005498953229680081,0.0016398644718138566,-0.00901995560958857,-0.007845472269690013,-0.003621668090113439,-0.009013070053279226,-0.00901995560958857
2024-07-30,-0.00506634976860687,-0.0026366053864991246,-0.002439870120768628,-0.016721699952833236,-0.006659754697024511,0.0003916528400649266,0.004218849317756179,-0.026433268129563148,-0.025224591219355164,-0.004293932644032328,-0.02640782691856336,-0.026433268129563148
2024-07-31,0.01625458557234216,0.011898093749437955,0.017011072105918457,0.03479889901311939,0.021053294351203844,0.008333451822410742,0.007064392457098112,0.07210419270230428,0.0646929338755724,0.021179574949073077,0.07214388733661026,0.07210419270230428
2024-08-01,-0.014160914265491042,-0.006829337113256173,-0.010065434024675968,-0.023917694063267936,-0.01848624004007393,-0.005329196529798241,0.002305078283211026,-0.023070633544646557,-0.02068861942531275,-0.014326206077503567,-0.023026860218552603,-0.023070633544646557
2024-08-02,-0.018618272112519207,-0.006710381586001124,-0.013296604757436992,-0.021574655625743455,-0.02428254587359291,-0.008178535307983736,0.004380545350372023,-0.03670941071922673,-0.030306773905628526,-0.019931445656917735,-0.03668298264999148,-0.03670941071922673
2024-08-05,-0.02912387243972847,-0.01780686918265273,-0.020083794410878486,-0.034541929768554414,-0.03794392881636521,-0.017374020912828025,-0.004831669235427216,-0.02358873838890574,-0.024439156677227958,-0.026399998638795386,-0.023310281846537162,-0.02358873838890574
2024-08-06,0.009219646126127357,0.0031304899908197736,0.009617928571133083,0.008834207399695426,0.0117661192590226,0.005773082435326593,-0.006948543144114083,0.023550679346294734,0.027642298295732504,0.009965532119837528,0.025051758842593586,0.023550679346294734
2024-08-07,-0.006684174771047546,-0.005216441294094043,-0.004443771930080054,-0.01417175642312174,-0.007734125344375231,-0.002016639829588329,-0.0015310374234824842,0.0008476946118449735,-0.019173567428707905,0.0008476946118449735,0.0008487816313511587,0.0008476946118449735
2024-08-08,0.023117557607053252,0.013254888668792209,0.018038102998013672,0.020720409608132373,0.026390361232915494,0.012406666827797785,0.0038936962748197246,0.005401587186178558,0.03913774931898906,0.005401587186178558,0.00540667363815861,0.005401587186178558
2024-08-09,0.004409517803309226,0.004056468416054004,0.00341565817815237,0.003061442240566814,0.004914114395735858,0.003436780981959764,0.0029753343870209115,0.00021078048245404268,0.00017299206677390266,0.00021078048245404268,0.00021208371156933303,0.00021078048245404268
2024-08-12,0.0005254581184506169,0.0009977698689100922,0.0009740808410816371,0.0059318412011186705,0.0005454138385072582,-6.990946458063085e-05,0.006440679395810944,0.005137228885573997,0.008253886675261501,0.005137228885573997,0.005143399731082132,0.005137228885573997
2024-08-13,0.016445540515162227,0.011465901265300893,0.011624831656906087,0.02307751079930065,0.017565721103226295,0.007198683937464478,0.00013331394641147298,-0.0030863746768116096,0.02881124974431648,-0.0030863746768116096,-0.0030848265405505337,-0.0030863746768116096
2024-08-14,0.0031548367188043436,0.002611356175164392,0.002855331322903387,0.004801932780462925,0.003381076366475888,0.002175554430142723,-0.0008083217411016808,-0.002121883334066821,0.006561424247795378,-0.002121883334066821,-0.0019189087921084313,-0.002121883334066821
2024-08-15,0.017140245330878434,0.008598951460261794,0.012518794279787526,0.009488117524038442,0.018120710166853904,0.007676749256152027,-0.00038320018431159397,0.0019953310516362954,0.028678343379240134,0.0019953310516362954,0.0019961299829882595,0.0019953310516362954
2024-08-16,0.0022419791525347676,0.002306276254053108,0.0019836126450203384,-0.00022491725123063855,0.0023277580747784743,0.001978669510524833,0.006887041028086571,0.005237020476398291,-0.0021585695335668564,0.005237020476398291,0.005245207911602545,0.005237020476398291
2024-08-19,0.00956137091474707,0.006172209457498301,0.00889818262745945,0.013199150798838266,0.009823845703816003,0.005601114508451355,-0.0009524839216026315,-0.002076441148864294,0.016942492318303914,-0.002076441148864294,-0.0020753486138385124,-0.002076441148864294
2024-08-20,-0.0016260026793798454,0.00021941930202373783,-0.0029583202732936797,-0.0034401247334031604,-0.0016849251979041968,-0.0014420161322447056,0.002266148436073312,3.724608875499413e-05,-0.008055421062631019,3.724608875499413e-05,3.940867334950582e-05,3.724608875499413e-05
2024-08-21,0.0034364410660061573,0.0028170969308554117,0.004926606954258617,0.006633821677327401,0.0035004810911825057,0.00314277556295095,-0.0007796638634345321,-0.001359441990945065,0.01035964842692394,-0.001359441990945065,-0.001358883278384515,-0.001359441990945065
2024-08-22,-0.007848578079540092,-0.0063392699196326285,-0.0078436374291172,-0.012816811950764562,-0.008081131808068465,-0.004176771374244437,-0.0052557251218330325,-0.002336610773758463,-0.020469288625542315,-0.0022080949248223236,-0.0022031130311275238,-0.002336610773758463
2024-08-23,0.010625534716399265,0.008206767372983759,0.010209334842890438,0.01418103687993022,0.010940525088536157,0.007370706637244151,0.003522240099139484,0.0026036167851524183,0.011635714727420199,0.0009067895767147505,0.0026106873159366106,0.0026036167851524183
2024-08-26,-0.002383890782924558,-0.0017882511838690496,-0.002634867968422161,-0.007808231150822298,-0.0024471378044904624,-0.00020935425337476055,0.0009725103812161517,0.00014957988113151188,-0.014761049855449682,0.0015999611653461088,0.000269795148628571,0.00014957988113151188
2024-08-27,0.0013732097959411327,0.000942474868435017,0.0007274515743080912,0.0023878388339282353,0.0013913400611664795,3.1241720448882404e-05,-0.00024165443650048246,0.0009377497075360175,0.004878210847445885,-0.00015336253969222557,0.0010530871201905878,0.0009377497075360175
2024-08-28,-0.005805249638718646,-0.0038428886493085956,-0.004172396738689965,-0.005886630157962536,-0.005964531895570668,-0.0023723249696554483,-0.0011285968729021212,-0.0026931762463768827,-0.007839454869844498,-0.00039330692542582923,-0.002579462817700273,-0.0026931762463768827
2024-08-29,8.952220703273284e-05,-0.00046384607474692086,-0.0006867352933823678,-0.013471738022270197,7.988208762510496e-05,0.0013188650733373386,0.0017921956476101286,-0.004070389050437884,-0.016058882124011742,0.0026203355733713796,-0.004059938331392954,-0.004070389050437884
2024-08-30,0.009545873959327711,0.004766528103876455,0.005689405012997639,0.008624439951335994,0.009795697291911543,0.004194723420804181,-0.003914542456278869,0.002550179193916202,0.010279690089598947,-0.0012894168709565168,0.0025555076075003402,0.002550179193916202
2024-09-03,-0.02057910675280339,-0.010670280991005088,-0.016709059504835033,-0.013033670552245469,-0.021140400367925416,-0.008112213728369122,0.002869745942293056,-0.016696097740968585,-0.045474812992534974,-0.0007683053682510099,-0.01667763143021972,-0.016696097740968585
2024-09-04,-0.0020465384884128524,0.0005227745269142936,-0.0031833145095080395,0.00141075062902285,-0.0021629729731345027,-0.0008522199790023111,0.0020647099677231218,-0.005276138597498203,-0.012648431449508002,-0.001302348746663129,-0.005270519038520938,-0.005276138597498203
2024-09-05,-0.0024322649337481517,-0.00043018704157371523,-0.0018157907263434137,-0.007653125708973918,-0.002400881814493827,-0.0017857190089285435,0.0038606661848092916,0.0011581827549145274,1.3090443009566854e-06,0.0020709390400823757,0.001163272234136814,0.0011581827549145274
2024-09-06,-0.016830157923119815,-0.009592198476460645,-0.014686099274663467,-0.0065363616280080805,-0.016605114028021895,-0.008803400689463614,-0.0017170662342517184,-0.011364043165012605,-0.03169275244775338,-0.0017970035321304145,-0.011353456379140647,-0.011364043165012605
2024-09-09,0.011196084697615571,0.00730591586759366,0.009507142724358042,0.008541294358074936,0.011017613551215,0.007952961691159555,0.0036210872526307725,0.0060961781958872585,0.012440508562968855,0.0025382290850373135,0.006101126430956283,0.0060961781958872585
2024-09-10,0.004355900025068804,0.003836573008143551,0.0023727033887488425,0.003133405127709654,0.004180443206812656,0.0018744030413313517,0.0034423140851136402,0.0032257893460483356,0.005375551326159966,0.0014260249827982019,0.003228512826853658,0.0032257893460483356
2024-09-11,0.010258719269776506,0.00603212205156467,0.01072030498146015,-0.003138159376069871,0.009807037269127017,0.0039953732963058375,-0.00042652898765671576,0.013545200752219433,0.040029469002846874,-0.00016001956091449276,0.01356232253839229,0.013545200752219433
2024-09-12,0.008423623509215883,0.004695376031916831,0.006732208844753451,0.006475594070233015,0.008036120544830272,0.004257351153721167,0.0034238231626031457,0.006472262478779411,0.012353442184052987,0.003993331043335768,0.0064794594749977286,0.006472262478779411
2024-09-13,0.00522262593953271,0.003959464929416345,0.006801325404019787,0.008891847267563868,0.004945123238697002,0.005496016421256966,0.0037823312352105454,0.0039018418060838833,0.004681553415973649,0.002554472904583216,0.003906411612678351,0.0039018418060838833
2024-09-16,0.0014767908861665902,0.0018292530722991973,0.002929465544471377,0.005568924967798372,0.0013961656921572807,0.0035804160515175987,0.0012512513340352527,-0.0030210100769899606,-0.00423023482326923,-0.0009841748588195198,-0.0030166045873391,-0.0030210100769899606
2024-09-17,0.00040856905497976825,-0.00014781295700871944,0.00028784835907758044,-0.003491083020200958,0.00038533104861526724,-0.00026928336455100954,-0.0020167733481352146,-0.0009333760366562194,-0.0003823561400290165,-0.0007007066862959599,-0.0009296309786062107,-0.0009333760366562194
2024-09-18,-0.002965730407402778,-0.003035908175803792,-0.004480014991739001,-0.005088705027628038,-0.0028053444007820616,-0.0031537320404139146,-0.005120966280283246,-0.005072054659722713,-0.00963411009962023,-0.001996385046153404,-0.005067171526183856,-0.005072054659722713
2024-09-19,0.01706426713245346,0.010269818887072901,0.013893819645364625,0.008299944093097311,0.01614323801451545,0.007464758215484979,0.0033115781000501165,0.01274300447318688,0.032437718281687955,0.003380142910972772,0.012753908742812126,0.01274300447318688
2024-09-20,-0.0017286360158116354,-0.0013920249258667639,-0.0032327614605685007,0.004742085585355937,-0.0016556298462100383,-0.0005963604966243707,0.0037841829668232574,-0.0013251288456885835,-0.011920447810775503,0.004343914141882177,-0.0013167474262402168,-0.0013251288456885835
2024-09-23,0.0024988249345445634,0.0013402307618770593,0.004235042406971479,0.003377671550470529,0.0023137798206491755,0.0036218939768815073,0.0005707551482934115,0.0019939230031817967,0.004363792336545602,0.0010081512104627155,0.0019950754733615295,0.0019939230031817967
2024-09-24,0.0028614417426078287,0.0022681385797356235,0.0044657805546106655,-8.56675318472444e-05,0.0026485633721977653,0.0020149838552736554,0.0033632882790435303,0.006954760869196885,0.012966327825042478,0.0024814959494825484,0.006963258838317943,0.006954760869196885
2024-09-25,-0.0022055614600836604,-0.0028597977186410883,-0.0014438281447032297,-0.0030936227694919882,-0.0020429565921940007,-0.002225465657846981,-0.0009312484185427516,0.0036010116973443917,0.008909239069671004,0.001617290140826011,0.0036054566963972245,0.0036010116973443917
2024-09-26,0.00396474810656211,0.0024561038802894952,0.00484940826333724,-0.0013368128835564708,0.003674392192462239,0.0025066394570048,0.0009002479021944509,0.003742806132901455,0.01018040503225559,0.00014063966860899946,0.003747889380977476,0.003742806132901455
2024-09-27,-0.0014503630087085995,0.0002738903000403248,-0.0003847113087330767,0.0007608571087776017,-0.0013455724566548977,0.0010467156727695937,-0.0012334324758007664,-0.004980854194486017,-0.008947224854651825,-0.0024898426555991504,-0.0049765626175310995,-0.004980854194486017
2024-09-30,0.00400722886300664,0.0014948232215263868,0.00036371764950038354,0.0035589308577914647,0.003719380512712034,0.0004430741883694189,-0.0029435475364100183,-0.0010929276649627173,0.00020303083217454443,-0.001227756525758128,-0.0010888630487543294,-0.0010929276649627173
2024-10-01,-0.0089585409225309,-0.004322843037744217,-0.004199321184809701,0.0035185035967222333,-0.008323797215075479,-0.0014095177032533712,0.006476499178732498,-0.0017379313949831277,-0.01246153337931355,0.004422987494731023,-0.0017287971148128856,-0.0017379313949831277
2024-10-02,0.00042219107992402805,-0.000577661159689713,0.0010824724982640976,-0.0016085288626283,0.0003857858230187361,-0.0001257401011948156,-0.0006972859286846766,0.0030342772448144206,0.005036155088763872,0.0013319745959103901,0.00303778861414572,0.0030342772448144206
2024-10-03,-0.0018281765263400418,-0.0027213901290802367,-0.0007332052950015377,-0.0045213489077498,-0.0016879789991124383,-0.002814709736686072,-0.0018832275019754485,0.00413097709864374,0.012609582004730502,0.0007412669329081023,0.004136614387981297,0.00413097709864374
2024-10-04,0.009087269496100392,0.0028606569754612288,0.004826624952946501,0.0017438695491551748,0.008383968796945807,0.002506438745698558,-0.002654637196296661,0.0035989313895499198,0.010543475922444978,0.00108254633438154,0.0036032472651803538,0.0035989313895499198
2024-10-07,-0.009040349556423855,-0.0067874702754338045,-0.006395347057593148,-0.011283738869592996,-0.008405918519075906,-0.006106096915979964,-0.0029598165817780187,-0.0009425337735390338,-0.003676571114715421,-0.0008082687668168331,-0.0009368480099853915,-0.0009425337735390338
2024-10-08,0.009457540312966639,0.006353401915644152,0.003159346885619696,0.001841665795276004,0.008793062987329181,0.0014507746274543543,-0.0018041706455932394,0.003839105748491889,0.016878930341605036,-0.002213789247231146,0.0038470865724158365,0.003839105748491889
2024-10-09,0.006926569754018397,0.0031092534541312666,0.0033415838820325394,-0.003592703427749533,0.006407786099584811,0.0024070047918280935,-0.002086109753111298,0.001593794396036241,0.005017493942025997,-0.0002775054741596117,0.0015986413194706284,0.001593794396036241
2024-10-10,-0.001750168552491771,-0.0012918500631077245,-0.001535201452211421,-0.004606977399673529,-0.0016113942116174895,-0.001552125342481614,0.0015471772331310252,0.001608918257258507,-0.0012947938560133876,0.0020964626238277884,0.0016140347381632392,0.001608918257258507
2024-10-11,0.005988159557293038,0.0037107559541245116,0.007218334399766935,0.010834828427879195,0.005490194402117066,0.006169447052172261,0.003225741978496899,0.004196625923844177,0.005170455127578633,0.0034792253729383216,0.004200311696674008,0.004196625923844177
2024-10-14,0.008178343260802023,0.0045408853995190235,0.006042741053439382,0.007171921921202751,0.007644475843093135,0.0037821353625879794,0.0002441226501108673,0.005752681706332918,0.015175955327440871,0.0004462396899049814,0.005759184803642459,0.005752681706332918
2024-10-15,-0.007769627818527525,-0.003057995519549994,-0.013077437615733878,-0.01583059062855452,-0.007293315847484272,-0.004013455018621936,0.004251028331522688,-0.015558092993461003,-0.04837043866809698,0.0012471512172425037,-0.015535932278803344,-0.015558092993461003
2024-10-16,0.00434639014938254,0.0031274546724167074,0.0018292800002959186,0.009129780409725674,0.004081331628405627,0.0032037866343641586,0.003431977249823248,0.00020618666918470474,-0.008459574693705396,0.0023288611658447422,0.00021633376846463825,0.00020618666918470474
2024-10-17,8.589010206727643e-05,-0.0019121937815156365,-0.0002830765091097476,-0.0009605074490994792,8.026041781961091e-05,-0.0019951667372619664,-0.0008487974801784093,0.004530990394718826,0.00769350726221929,0.0027257859603557755,0.004534145941247125,0.004530990394718826
2024-10-18,0.0038464792403316572,0.0025880198485352945,0.0042401124439703786,0.004880209779689393,0.003565872134951853,0.002549226668902227,0.003096597076020613,0.005139286250451791,0.009089566472307409,0.0023569990723648626,0.005144642099949692,0.005139286250451791
2024-10-21,-0.0016422048779181075,-0.0037611575107679984,-0.004117077390064061,0.004329020653965898,-0.0016249109907570114,-0.005326124006438171,-0.0032033617211744136,0.0036386235697036806,0.007584531078554058,0.0012823193458708637,0.003645472149844009,0.0036386235697036806
2024-10-22,-0.0005310922072517821,-0.00023807120860319664,0.001459826368882755,0.0012327666840179496,-0.0005344091131258555,0.0010052490056995378,0.004170197538413634,0.0035343484151109106,0.005036939755671099,0.0035419015488877825,0.003538213155024339,0.0035343484151109106
2024-10-23,-0.00913731805565321,-0.006497222818046322,-0.007070677409361847,-0.013392567035106162,-0.00912857530259581,-0.004123797063961376,-0.0041705884395940584,-0.007485059742742051,-0.019295605624008116,-0.0025920441194379196,-0.00747795337993673,-0.007485059742742051
2024-10-24,0.0021626192039165826,0.0020681777493252174,0.0005786260768143592,0.002699786438231655,0.0021535796425031783,-0.000183039145112196,0.0030193027062634936,0.002186024815363563,0.004013285195254124,0.001177879925605918,0.0021893599096167726,0.002186024815363563
2024-10-25,-0.0003454826084204887,-0.0010178830822547003,-0.0013513763656923805,0.0004051226035601818,-0.0003648837694841811,-0.002162318371731309,0.000312468246279618,0.0023602217475293674,0.004754632743755094,0.0016445317284872196,0.0023619320191929916,0.0023602217475293674
2024-10-28,0.0030915338881492005,0.0012035919655617455,0.002437887423892615,0.0043285559860641865,0.0031092123657494586,0.002239503947527588,-0.0007741094496698242,-0.00046858746152189656,-0.0005057117687462531,1.182438659452778e-05,-0.00046678273750067056,-0.00046858746152189656
2024-10-29,0.0016182856761448594,0.0014177875087866276,0.0008294155256063362,0.002543794274534328,0.0016259373562530488,-0.0003541428132678437,0.004321655231675825,0.004931406343658518,0.010574379661576927,0.0033677542883265854,0.004935500093862677,0.004931406343658518
2024-10-30,-0.0030250180720428066,-0.0022219128200051674,-0.003225607232226313,-0.0019506728676068619,-0.0034313682449814698,-0.0012555249684310654,0.001486098313191464,-0.0037738465592025427,-0.013242292616406526,0.0009324042160407942,-0.003767379971686413,-0.0037738465592025427
2024-10-31,-0.019603270710941034,-0.011852595244760789,-0.013675136500878149,-0.028548072470382047,-0.02397079033818128,-0.00952190449449608,-0.0053488113080208954,-0.012469311745231693,-0.02905266170545906,-0.004858318461953837,-0.012460800612029699,-0.012469311745231693
2024-11-01,0.004220559958140857,0.0009383610721587221,-9.922859388733496e-05,0.005170138834746485,0.005055452860522669,-0.001126229777512977,-0.003396005281547043,0.0022453128836703584,0.006325140573182564,-2.9700276449329266e-07,0.0022493969734944663,0.0022453128836703584
2024-11-04,-0.0021541242792295634,0.0003827597855992071,0.00044534028490539335,-0.0031712853524771267,-0.002619096922177433,0.0006945496846031407,0.002818399275021477,-0.0007244591455856098,-0.002824329390657132,-0.0006993105601047489,-0.0007218483416991939,-0.0007244591455856098
2024-11-05,0.012092037786568532,0.008188127525316613,0.0101494723062594,0.014313311477873736,0.014918713789973559,0.007607578649836633,0.000991614230828386,0.004649864471644394,0.015286058845381145,-0.0005580105791576084,0.0046558875152447055,0.004649864471644394
2024-11-06,0.02486558299940067,0.011772222713255509,0.00754782464324788,0.021900580477765663,0.03072406905794356,0.004914251741413356,-0.012078902780230272,0.0009294011800891067,0.009034600746320898,-0.004282969708472528,0.0009477586859907294,0.0009294011800891067
2024-11-07,0.007731954969968813,0.007672249668854603,0.009430517699806407,0.009321122027905693,0.009315346773148603,0.00659751803015074,0.0067472805345223374,0.00737678870315106,0.019931827123581325,0.0023799841452896153,0.007385957206257565,0.00737678870315106
2024-11-08,0.004331846929586547,0.003289406344056056,0.0013538087721922665,0.00357335587411578,0.005007258182537333,0.003031887110428677,0.0020358112231280145,-0.0016337667538175449,-0.005061869407394171,1.149106419551238e-05,-0.0016287153478808936,-0.0016337667538175449
2024-11-11,0.0009528259744473466,-0.0003232242075984493,-0.001763105272919674,0.002084409474193416,0.001030800114722119,-0.0014890539448660922,-0.007554652907030501,-0.005742399226877026,-0.0062042638870541955,-0.005322614604957532,-0.005733628116330047,-0.005742399226877026
2024-11-12,-0.003106343791748234,-0.004185085537147026,-0.004639713681604096,-0.0011004446290351355,-0.0037679322597931053,-0.005368980235777809,-0.005317705162296349,0.0004017101783175825,0.005079181414670009,-0.0012797296321628293,0.0004075113487469473,0.0004017101783175825
2024-11-13,0.00048566537717964486,0.0002092963363387046,-0.0013695296086402298,-0.005814475673172725,0.0005263553281726896,-0.0006603269864130512,-0.003253986641160833,-0.0023211556249074228,-0.00411825411165867,-0.001318840447453229,-0.0023155237276885066,-0.0023211556249074228
2024-11-14,-0.006430017819199607,-0.0040247415176190016,-0.0014571756373522593,-0.006909055839283251,-0.00780342866450634,-0.002404262387447398,0.0011492762388578548,0.0017650575099594779,0.0047851293507814585,0.00041567702326616995,0.0017696288734034837,0.0017650575099594779
2024-11-15,-0.012808710262234735,-0.007650494735763735,-0.010594775278655932,-0.017656107714130953,-0.015522733318141801,-0.006839384368638846,-0.0012758138834353394,-0.009385939904835827,-0.028831048552839134,-0.0008308472263184319,-0.009375805082134314,-0.009385939904835827
2024-11-18,0.0040974882082263075,0.0028256423349244386,0.004035141802537723,-0.002143870522680058,0.004846962858801485,0.003517318554839388,0.005241076294676406,0.003014634543238026,-0.00045427360135752437,0.004202868307121355,0.0030222335852896354,0.003014634543238026
2024-11-19,0.0036554827170298676,0.002765117320827626,0.00445423692152791,0.00809268040151534,0.004258796232602613,0.002585018538096895,0.003999627841696274,0.007084250617253707,0.015172423976810956,0.00258475128796265,0.007091552815985169,0.007084250617253707
2024-11-20,0.00033869381016549127,-0.00020607173427322767,0.0006215273379637232,0.0006988492539539148,0.00035770910108845477,0.001073736951279436,0.0025858067685475827,0.0013747111576511983,-0.0013769450098790603,0.003192359765952224,0.0013782019810202328,0.0013747111576511983
2024-11-21,0.0053683415882601615,0.00301367229969407,0.005898154980196413,0.005917605062997211,0.006365569301399532,0.004961080197927625,0.003511288294219872,0.004815956039887492,0.005524095704248166,0.003498013286193258,0.004818925609133773,0.004815956039887492
2024-11-22,0.0030993837232957677,0.0021449131863573445,0.00309700787530387,-0.0025704880532315677,0.0036509957534207604,0.004159518763322323,0.006101228025687799,0.001221695713796045,-0.008580193700147287,0.005456367428409825,0.0012293143653467897,0.001221695713796045
2024-11-25,0.0033921526241242894,0.00563147140387632,0.0018112191655137444,-0.0097949831825912,0.004019712629953487,0.003044014876721013,-0.005925013090578468,-0.010226970103088151,-0.005192154561806439,-0.010921563060885209,-0.010214815623899476,-0.010226970103088151
2024-11-26,0.0052214809175450405,0.002521684711850991,0.0026387973538553045,0.0032622722246156144,0.006199034693812777,0.0024503642202731157,5.7869023945222864e-05,0.0008742400711321263,0.002490182015053355,0.000979521485167334,0.0008773576060530086,0.0008742400711321263
2024-11-27,-0.003030059798531104,-0.0007248241865110971,-0.0006983741821061651,-0.0038982348974041514,-0.00379952762053537,-5.388875817524674e-05,-3.605747656199032e-05,-0.0029898465652838935,-0.005590471382476148,-0.001922678224683838,-0.0029861423931277775,-0.0029898465652838935
2024-11-29,0.006211961153299583,0.005304930616375492,0.005922147553282686,0.008301025494862113,0.007976265480640787,0.004358810328257912,0.004925963507202091,0.00596904594623604,0.013021353345785913,0.0020826256952313216,0.005974271089251859,0.00596904594623604
2024-12-02,0.0017925681578028207,0.001123181874091328,0.001629411995810015,0.0034257795552801173,0.002248645236547109,-1.3666490438435375e-05,-0.0007706367005190229,0.0030416103352477464,0.014845017844563158,-0.0008217280482821776,0.0030488790360638784,0.0030416103352477464
2024-12-03,0.00046367958207294,-0.0004913495144783786,0.0006852463960018707,0.004786025879372158,0.0005221753669020224,-0.0008724638826237419,-0.0012741304379708662,0.0031770217956619273,0.012195592800571031,0.0005032459794440669,0.0031807536825374516,0.0031770217956619273
2024-12-04,0.006209603728951407,0.0050210412387892145,0.003213871733986462,0.009425495073197787,0.007998730411520993,0.0022396952879526477,0.003374110476930925,0.00471374286668369,0.010679916224080932,0.0008091568794590387,0.004718790125624706,0.00471374286668369
2024-12-05,-0.00164570260080521,-0.0009075546133983092,-0.0008694486203729701,-0.003971774097257019,-0.0022115775899612666,-0.0007119211375996581,-0.0035929245354483497,-0.004134327033255114,-0.004054201984156736,-0.0038203027935205247,-0.004131839457166553,-0.004134327033255114
2024-12-06,0.0018956367480704728,0.0022678110218017355,-0.0003826412556587888,0.0037157735776864875,0.002392253599156735,0.00019498917626536993,0.0017539427433233001,-0.000404842790977078,3.1006210166939496e-05,0.000914506480879762,-0.00040099140412064305,-0.000404842790977078
2024-12-09,-0.0051495246006889595,-0.004258646381742448,-0.00300370957089402,-0.013673307257144884,-0.006767914459140267,-0.002030351646227002,0.0015711765834098834,-0.0010226488774516262,-0.011318567768026533,0.0034745970810647897,-0.0010160893024151463,-0.0010226488774516262
2024-12-10,-0.003109221619863267,-0.002351079178153914,-0.003659888595285321,-0.005111295122905646,-0.004114723830124234,-0.0024944632854274618,0.003996516416369333,0.0005824658630533275,-0.0058531876848075814,0.0046465168589990835,0.0005892777583327291,0.0005824658630533275
2024-12-11,0.0077306645778363325,0.003703464270762069,0.004099073157883604,0.015469806738998226,0.009975517071517004,0.001580823620159988,0.002097821826857249,0.008084278657421784,0.01654935286689363,0.0038566132720250224,0.008089294621029142,0.008084278657421784
2024-12-12,-0.005152389089703391,-0.004713185673122511,-0.005326465128611124,-0.008203407447864741,-0.006771639413463926,-0.00448650021123298,-0.00682485722782189,-0.0047395558113196845,-0.005631127978857786,-0.003409490750608146,-0.0047342477041064646,-0.0047395558113196845
2024-12-13,-0.00019872460542680326,-0.001626775889144616,-0.0033743749004880863,-0.008218625164484905,-0.000329941139978418,-0.0026211015861926645,-0.0063973990813944726,-0.0048998073842329015,-0.008147135661079496,-0.0035320229958051286,-0.004893767016048156,-0.0048998073842329015
2024-12-16,0.004269983555946322,0.0029281392299271847,-0.0010159514257774838,0.0010261940791609359,0.00547797965637109,-0.0009322050734166254,0.001000003006994321,-0.0003561750321574575,-0.001235080168879854,0.00022764112619610977,-0.00035248755868788617,-0.0003561750321574575
2024-12-17,-0.004120155361802658,-0.002474070496199521,-0.0027204780892661207,-0.006636637094186382,-0.00542933247201538,-0.0024740134104965783,-0.0006029002470324674,-0.0012666252548185764,-0.001973501214014406,-0.0008551319076112174,-0.0012625840518504239,-0.0012666252548185764
2024-12-18,-0.029803373957551726,-0.02093896933801398,-0.0223387107045373,-0.022196629249380484,-0.0388275461400831,-0.018682907224582768,-0.006669847303416243,-0.008371364341978715,-0.01983838563776219,-0.0022925247127956183,-0.008360789258677448,-0.008371364341978715
2024-12-19,-0.00030710529101718453,-0.0012168040181329554,-0.003581895387210321,0.002013180759539379,-0.0005333595702912142,-0.003817221133837534,-0.001922620344668391,0.0008765454717316601,3.3702499160570554e-05,0.001014351739529129,0.0008796618995394745,0.0008765454717316601
2024-12-20,0.01201110286046525,0.008277635680913997,0.007042455735519759,0.005015165532659127,0.014803319381753388,0.006168879068540356,0.0034578852075417554,0.004195728456113823,0.004768720100427171,0.0016574362285786126,0.0042035434510678815,0.004195728456113823
2024-12-23,0.005988113644693316,0.0023509216476691464,0.005076785053679034,0.015112519772147559,0.007341440584369474,0.0025954929238987123,-0.0025953803676196374,0.005854541424022974,0.019779663292898597,-0.00031517900373934093,0.005862566715057138,0.005854541424022974
2024-12-24,0.011115066605539958,0.007119397787725967,0.006290249814785209,0.007055001218461809,0.01348212099620727,0.005675331825449659,0.0023742728739799546,0.002385167002188826,0.005045446519607033,0.0014164316186848769,0.0023867591382598086,0.002385167002188826
2024-12-26,6.662663576362249e-05,0.0003289138624575916,-0.00016258127456536542,-0.0019183754445286638,1.3948529540730448e-05,0.00012007658294432844,0.0016930983820224732,0.0003918047650468548,-0.0031753135155447865,0.0014098336960945979,0.0003948026237439173,0.0003918047650468548
2024-12-27,-0.010526513060112985,-0.007145926969182814,-0.007722619133583852,-0.010214650574441264,-0.012668637753764256,-0.006523869914700886,-0.004511528855167812,-0.005188652712191821,-0.009278304806544901,-0.0025744777318189582,-0.0051854026207770465,-0.005188652712191821
2024-12-30,-0.011411608606290868,-0.005281477772650978,-0.005871685821763006,-0.0004417949912064456,-0.013928332078225969,-0.004122363116381256,0.0013517392973512177,-0.0030239240844576187,-0.00834968537416736,-0.0006505656789009828,-0.0030199309867932067,-0.0030239240844576187
2024-12-31,-0.0036380505985887934,-0.002678704414093569,-0.0007289222309885268,-0.0028332135667435976,-0.004406361103301171,0.0005068490203901099,0.0022601353389428702,-0.0008136003415161186,-0.00930859004667517,0.0032003105308444635,-0.000807831698494299,-0.0008136003415161186
2025-01-02,-0.002457043731384778,-0.001434207429598544,0.0035676896923628743,0.007014674299765877,-0.002923571594325658,0.0021166696931937956,0.0074651169456945166,0.008924755429537745,0.014861751515092836,0.0066229607212113795,0.00892963651090728,0.008924755429537745
2025-01-03,0.012503472598431431,0.007082888028024259,0.00851892618938832,0.012158988651399527,0.014678425666784678,0.005309397336564992,-0.004235558421982533,0.00462370491492492,0.019201008463741287,-0.003270678779156766,0.004633869169785809,0.00462370491492492
2025-01-06,0.0057605614826703455,0.003039918599791136,0.006208898411219188,0.006797101738033717,0.006810098401992981,0.0012658278097679165,-0.0032316591913628123,0.008691738117323489,0.03354859917912156,-0.002298164155862481,0.008706002338638275,0.008691738117323489
2025-01-07,-0.011304015371139453,-0.008192445380001634,-0.007608637994388601,-0.015592400104632698,-0.013400719753226986,-0.004574115283612401,0.0004753057261557281,-0.006407674753247328,-0.024631225840001103,0.0028117337069848425,-0.006396010665979612,-0.006407674753247328
2025-01-08,0.0014609389751862878,0.0013329941768889242,-0.0005594374454211959,-0.003042995234658563,0.001665143412956649,0.0005057208189733764,0.0033261542327385207,0.0004265368274574133,-0.005776557503919366,0.00271226061327301,0.0004302207620263676,0.0004265368274574133
2025-01-10,-0.015267586915813869,-0.011404050675213773,-0.009611304652742514,-0.004993028577837344,-0.017797376143228516,-0.008251727282888255,0.002489266305183202,-0.0011222174835825438,-0.009473878019965576,0.004385493117604611,-0.0011137065277843083,-0.0011222174835825438
2025-01-13,0.0015506540224949905,0.0005539543380592704,-0.00015878655113787943,-0.0006774239870435128,0.0017452831664741542,0.0013024415932352262,-0.0027081269829207777,-0.004829254538669447,-0.010618478398574993,-0.0020820037628622723,-0.004823353204845393,-0.004829254538669447
2025-01-14,0.0013758227325151307,0.0009501147322825698,0.0020450057488574647,-0.0042974365529677705,0.0015288341294898977,0.0015684968200324612,-0.0003311511329313621,-0.0006309484128419474,-0.004917248496887572,-0.0003382054656839717,-0.0006253472505084456,-0.0006309484128419474
2025-01-15,0.01819008703167513,0.014372285165900056,0.012876580650527547,0.017164150818422375,0.020886566774354742,0.010435044675312533,0.006480600593417041,0.0063080744385077825,0.01741873719572995,0.0017382076640048982,0.006315943500933452,0.0063080744385077825
2025-01-16,-0.0019231741492636845,-0.00028740621744516304,0.003746389132537109,-1.4949646838458008e-05,-0.002298120981039098,0.003543783178973303,0.0032882574071220194,0.0018173460724166812,-0.0005445126930754274,0.0020712164727232363,0.0018241633621156605,0.0018173460724166812
2025-01-17,0.01004005829515453,0.006019214785072835,0.006061089068402525,0.007852827038147492,0.011103261019873356,0.004622491695230435,-0.0004375434999943639,0.003816808599742094,0.011681877413842967,-0.0004804011395761476,0.0038224170599887586,0.003816808599742094
2025-01-21,0.009153376170737193,0.006809890780042238,0.00980768456279435,0.0012972738307686082,0.010120207566741035,0.008065956132223606,0.003509463200945362,0.004878116476557004,0.010671152070764967,0.0008012827931636046,0.004886705119798274,0.004878116476557004
2025-01-22,0.0056214680360890945,0.0024229778359607934,0.00234735355368354,0.004472589602089405,0.006141882369802509,0.00018382026043517463,0.0009318275186263048,0.006946047930410426,0.01652124068296401,0.002050920280321389,0.006952492472210192,0.006946047930410426
2025-01-23,0.0054580220365023635,0.0026115935190422768,0.0028624880736356495,0.000672935081571735,0.00591403367794241,0.002737981702740422,-0.0021249412825955494,-0.0011160376293907204,0.00016266626820859997,-0.0005268642178400951,-0.0011125756249203977,-0.0011160376293907204
2025-01-24,-0.002919177000467954,-0.0010928024798491087,-0.0009415573036780645,-0.000487313441587478,-0.003232937845249584,0.00026294921099689894,0.001378591365795545,-0.0038805722822232713,-0.008494975418389394,2.392800802897277e-05,-0.003873172358996646,-0.0038805722822232713
2025-01-27,-0.014145469544892042,-0.0062701815829951935,-0.01267219580170409,-0.002929750712159618,-0.015531240847539873,-0.0043876076960698285,-0.0004845710939359593,-0.02358261282863483,-0.05425825981266774,-0.0030219409352663096,-0.023555311474024565,-0.02358261282863483
2025-01-28,0.008592552095310735,0.00502827466206357,0.005392471563126167,0.01005127537843653,0.009356476241768608,0.0018395613931661003,0.003965775190881482,0.01207634669731883,0.027708983151864874,0.003827850775556696,0.012089274178721299,0.01207634669731883
2025-01-29,-0.004483021581333735,-0.002937778161056004,-0.0010472951409965514,0.003126751421475893,-0.004813636206031924,-0.00032453158443235264,-0.0011667519542120086,-0.0018351360491717372,-0.0022785164847696215,-0.0005401708468919519,-0.0018265194031275023,-0.0018351360491717372
2025-01-30,0.005367078407106485,0.0037929019567068956,0.0064557076080922204,0.004431637051829362,0.005680743160699109,0.005744218188840744,0.0060509066461131855,0.00702479829343039,0.011519322081400496,0.004539111998492551,0.007031063013366534,0.00702479829343039
2025-01-31,-0.005321949711351581,-0.004014497468598832,-0.006343356994752303,-0.0012671555262685485,-0.005702821622765253,-0.005021342349397662,0.00041554286954648134,-0.002256648713267251,-0.009124206216774677,0.0018171019858270743,-0.002250223626218628,-0.002256648713267251
2025-02-03,-0.006729649028744955,-0.0036622814929906378,-0.0027633122876088434,-0.001962702574531461,-0.007489660792919017,-0.0011251946416406255,0.004558927430610149,-0.0017350916716804,-0.00800005812815785,0.002921586126488407,-0.0017280477634257219,-0.0017350916716804
2025-02-04,0.0067084311270706465,0.0047637380207314894,0.004749629609515749,0.004658663837305177,0.00737888991614799,0.003192744925301527,0.0016181813598463712,0.0029914037648144376,0.007604453653292653,0.00021606161634779575,0.0029976210466364783,0.0029914037648144376
2025-02-05,0.004054500120593607,0.004568667873887877,0.008565937108544253,0.007274887301491617,0.0044172217575133566,0.0064143024732372655,0.005332137025476635,0.007624485066462627,0.017888776994984035,0.0013497574642624688,0.007632106602037725,0.007624485066462627
2025-02-06,0.003475716510411786,0.0016745315783928127,0.0017587339981810501,0.002025488783209406,0.0037480293190157443,0.000404779768504282,-0.0014028172972918584,0.0025315276145927434,0.00980468758215891,-0.0010003164426591882,0.0025370678996932128,0.0025315276145927434
2025-02-07,-0.009153480262878433,-0.006763208880136928,-0.004166926153362893,-0.003938342820451579,-0.010973365643003108,-0.0038298545594970257,0.0002117325119896929,0.0005491127295360609,-0.0011758549512073113,0.001865518929500043,0.0005529295065371809,0.0005491127295360609
2025-02-10,0.006790985288603446,0.004194596460061151,0.00805005400981007,0.009425450918229883,0.008094179162456694,0.005962610789377543,0.006374139534049306,0.009388911116141596,0.014174568030998369,0.005994746481909674,0.009395227022167774,0.009388911116141596
2025-02-11,0.0007606343957031747,-0.00044772004284765465,0.0007284377182721347,0.002859339073276068,0.0008525938130055088,0.00018936389241619445,-0.003702225977560536,-0.0011051875794899635,0.0018785555355937955,-0.002112597829120877,-0.0011022118582175722,-0.0011051875794899635
2025-02-12,-0.0032214928773622864,-0.004031089704678137,-0.0033774582014602927,0.0029144992487983856,-0.0038520485657976833,-0.0030733007695841197,-0.002604726101814281,-0.0006626915686385182,-0.0013555968549749942,0.0005178926430047248,-0.0006599242286633444,-0.0006626915686385182
2025-02-13,0.010557465543251876,0.008729985241181293,0.00928827397673948,0.012347956042888963,0.012453285802495273,0.007179364838119762,0.004908263396017798,0.006339984736754456,0.016086349364945907,0.00050778592726064,0.006348074033596163,0.006339984736754456
2025-02-14,-4.9152160770615794e-05,0.0014480114517845255,-0.001188243801010902,-0.007158254414147525,-0.00011020337510281308,-0.0012164501993442434,-0.004469128859590499,-0.003226955422866218,0.0025831950063686104,-0.0052870916967847625,-0.003218479397425811,-0.003226955422866218
2025-02-18,0.0029357672567349447,0.00016140295962085993,0.0022198896044121064,-0.0016320008796407715,0.003373319488831683,0.002369570996935577,0.0037450764721109753,0.0033343090404800435,-0.005816559070628613,0.005582065261766411,0.0033396710572535238,0.0033343090404800435
2025-02-19,0.0023551460619908315,0.001988149149168006,0.0007360747478921681,-0.004328749049477221,0.0027806803874479424,0.0009143689087836027,0.0009792643114576727,-0.00024258521924991339,-0.0034844371248028416,0.00047444487290171367,-0.00024113464032959886,-0.00024258521924991339
2025-02-20,-0.004160464644991091,-0.0018833288283383043,-0.0012055526082026535,-0.005873276574234199,-0.0050526349376527335,-0.0014770539673547578,-0.0011515533322905558,-0.001631750911109675,-0.002019314347664669,-0.002209653497121322,-0.001628428517836622,-0.001631750911109675
2025-02-21,-0.017104184227374364,-0.008551508134787111,-0.010040999948487062,-0.012215630515533538,-0.02064640897538894,-0.006428267561137235,0.003385009070394851,-0.006158497174919342,-0.018447799975623513,0.0007571143889266718,-0.006150429302070104,-0.006158497174919342
2025-02-24,-0.004550274041330127,-0.002039367755880761,-0.004907551181788428,-0.007673005627384377,-0.005552722439950419,-0.0028302275751753703,0.002930030888240509,-0.0029372188650023112,-0.014324737742808624,0.001833786025729589,-0.0029306939760167516,-0.0029372188650023112
2025-02-25,-0.004973156463911055,-0.0005042492040556734,-0.0024556761548428785,-0.005357894072835712,-0.005788720213433574,0.00030702089943845934,-0.0017928286447668196,-0.007941744028417852,-0.01334596155043366,-0.005093361701967947,-0.007936615935237756,-0.007941744028417852
2025-02-26,0.0005046465936875411,0.0009499757181095081,0.0039806219940101695,0.0105185100196441,0.0005436142703099112,0.0014857423362653055,0.002382215481008698,0.006957039382668784,0.019729869084947227,0.0010783839339563173,0.006964584629632897,0.006957039382668784
2025-02-27,-0.01596182659286549,-0.010190319388086233,-0.01537100038457917,-0.02538082869038749,-0.018421538134411275,-0.009159306683818702,-0.004762119284542621,-0.016623090331093993,-0.04262836098149181,-0.002410062878050123,-0.01660689501058854,-0.016623090331093993
2025-02-28,0.015605608485163236,0.011139197783557542,0.01023401770857868,0.00305562780268831,0.01796768308422525,0.007827821470300922,0.0019473066324715571,0.0058536586023076875,0.01871996544491905,-0.0005500722164049066,0.005861725212646052,0.0058536586023076875
2025-03-03,-0.01752008108508618,-0.00965635503815876,-0.012126863691094725,-0.005029707009205575,-0.01971601784579413,-0.006970634280417998,0.003041251414465984,-0.010194499601144713,-0.032173341908453,0.001089202099501696,-0.010180115043253224,-0.010194499601144713
2025-03-04,-0.01183668256799153,-0.008114973751117804,-0.006666250402212692,-0.00024985730037263565,-0.013019395771044495,-0.0073650150889159605,-0.001960260879389719,0.0012601010860966433,0.0004892730565126957,-7.550707499337506e-05,0.0012680308953665342,0.0012601010860966433
2025-03-05,0.010747699716180614,0.005066779746876415,0.01009898593917491,0.013102691159525781,0.011368219339523922,0.006523471904181566,-0.004624874003733681,0.004132216432728875,0.019488645396851245,-0.003019390327692939,0.0041408513381580025,0.004132216432728875
2025-03-06,-0.01775099668021063,-0.01106442259576701,-0.014500197661800773,-0.01348477737006748,-0.018594380837770874,-0.00972851246990436,-0.0027265689229364343,-0.012055217106489158,-0.03360421618064913,-0.0017361925931995703,-0.012043717862184389,-0.012055217106489158
2025-03-07,0.005604862391113796,0.002872221794580243,0.005420575250039139,0.0075131971157491595,0.005776653349390148,0.0036554480870787387,-0.001450612269753515,0.003282646394559219,0.00962941469262435,-0.0007925594112416778,0.0032881761568610557,0.003282646394559219
2025-03-10,-0.026635553005756818,-0.014084860891481532,-0.017257826142623944,-0.017275625597870103,-0.026857620720257436,-0.01070235214837778,-0.00025771112985961686,-0.014821736154622789,-0.039795618924016285,-0.0024182662485655593,-0.014808185707585353,-0.014821736154622789
2025-03-11,-0.008313067974960453,-0.006406892370210748,-0.0023407376014431547,0.002178850656350262,-0.008410712481366933,-0.003958610373073546,0.0006751290353479433,0.00391539988882772,0.008546918704040118,0.0018235039002498787,0.003922106109299328,0.00391539988882772
2025-03-12,0.00530655307288197,0.002001947289124839,0.00505582380974956,-0.0048897165063434,0.005028066992343039,0.000874681533484134,0.0006589182823932838,0.010351188764390784,0.02633950357046766,0.0020465782083038953,0.010361239183768411,0.010351188764390784
2025-03-13,-0.013330418660348009,-0.006783836121187492,-0.006835826146151969,0.0020623458797857097,-0.01259437458437851,-0.0038842473851813386,0.009313124432105413,0.0012148320803495594,-0.0142724084125746,0.006381911281730934,0.001223043900942633,0.0012148320803495594
2025-03-14,0.020655716387676826,0.011570178692422717,0.016554548268517433,0.003667749644256091,0.019560622484797063,0.01100214653291598,-0.0013971141508224427,0.00957976506201308,0.028947490173656387,-0.00019720417715196614,0.009591114130185208,0.00957976506201308
2025-03-17,0.007711215958055018,0.005152726732990498,0.007893491608246928,0.0083470387036495,0.007191588152085426,0.007548229435199838,0.0019396068889916407,0.0007968182433975013,0.00036525758990557655,0.0004589151457288221,0.0008031425472914133,0.0007968182433975013
2025-03-18,-0.010808229478246001,-0.006084127388967242,-0.006709780369644314,0.0001001342031266006,-0.009751220575812458,-0.003705731690869407,0.004391959034564685,-0.0026396390487546384,-0.018112291187683205,0.003285697878164573,-0.0026308325387179865,-0.0026396390487546384
2025-03-19,0.0108906737410297,0.007708198584150283,0.00676067338815578,0.00511569208410112,0.009779809835911424,0.005384402244871467,0.003586318043069081,0.004516687963221466,0.008058744000315476,0.0019746183634952175,0.004519242459539052,0.004516687963221466
2025-03-20,-0.0028915839446995717,-0.0014937659473938103,-0.0008564165591548045,-0.0032752560585137536,-0.002633542120116794,-0.0009394233077772984,0.0005271227677108303,0.0009279973894462668,0.0024298621679892385,0.0004617538682769595,0.0009302275255984593,0.0009279973894462668
2025-03-21,0.0003298107530131933,-0.00028838382352780467,-0.0033538357207140157,-0.00608671638504954,0.00031106976176276113,-0.002935728194965237,-0.0032376810646020937,-0.0031281544936293537,-0.0030279227230886052,-0.0014679791015280719,-0.0031228460465742014,-0.0031281544936293537
2025-03-24,0.017908664660869933,0.009195402681711151,0.01024578229135198,0.0028221276557565123,0.01689685581041167,0.006114340924033845,-0.0035271433844380473,0.006052477782748866,0.021734527568439743,-0.0008113042312027918,0.006060872672511763,0.006052477782748866
2025-03-25,0.0024036664947151287,0.001807442470687537,-0.0006478311199981102,-0.003357792408036464,0.002276324348644776,-0.0007655628561635819,0.0014778266084964908,0.0006701153852146646,0.0010722516878087784,0.00100324206254232,0.0006729227734363352,0.0006701153852146646
2025-03-26,-0.0119382342651847,-0.00814266707725897,-0.00846223432107529,-0.0029061095963013317,-0.011150385982680922,-0.004433582237652334,-0.0005738291209446134,-0.008605291930987358,-0.027636940102721108,0.001118040047633384,-0.008593549214941598,-0.008605291930987358
2025-03-27,-0.0026556435220658203,-0.0017980075877849222,-0.0030427786404981783,0.001088574535370146,-0.0025141959904292355,-0.0011400337007406725,0.0034409236260997123,-0.0018809131876951213,-0.012844162616401866,0.0030743602191922736,-0.0018733040782777932,-0.0018809131876951213
2025-03-28,-0.020138283935378976,-0.009772719592157864,-0.010707018752073805,-0.006129955870433412,-0.018803661287521756,-0.006175133884924744,0.005543391832145472,-0.004697847114041198,-0.020801153533483885,0.0016956713384983502,-0.00468964205199518,-0.004697847114041198
2025-03-31,0.00671277169810125,0.004795214681112325,0.0024575352314974985,0.004742735572423662,0.006292644560579319,0.003714265996114463,0.00745660237476975,0.0011713015696193096,-0.006184352954591077,0.004620668782886916,0.0011775790210875048,0.0011713015696193096
2025-04-01,0.002824468752555598,0.0031750284206248924,0.004964120000560124,-0.00248064023817951,0.0025960868914329804,0.0036290422834515113,0.0016502972696754714,0.0027846389233194824,0.01039547916947714,-0.0002790560731876779,0.002788482807076109,0.0027846389233194824
2025-04-02,0.00632832407041195,0.0033487870814525866,0.0034637050756691767,0.001957078988816363,0.0058016917709833304,0.0027685670467219037,-0.0007099589972596743,0.0005462158703706255,0.0013970938648069087,-0.0006464229039513381,0.0005485349751970237,0.0005462158703706255
2025-04-03,-0.04928069709227745,-0.027490331801684365,-0.03390721005800068,-0.019055588331178153,-0.04516990945748067,-0.023201044800868154,-0.0051308311911170135,-0.023866166371001807,-0.05978171155027867,-0.007087356216726182,-0.023848190981986206,-0.023866166371001807
2025-04-04,-0.05854306726048053,-0.034792168660314204,-0.044415327099369906,-0.043171206060000245,-0.05430686005834484,-0.03479996821718412,-0.0037955992755257517,-0.018403322377897435,-0.044990893154744804,-0.0038908821918534064,-0.017767612637997643,-0.018403322377897435
2025-04-07,-0.0017811321197329644,-0.006141193496878028,-0.0077144908528820055,-0.020928497696819814,-0.0015236350863989667,-0.011673032751396972,-0.014060194063835962,-0.004332063954021748,0.015093366852716894,-0.004332063954021748,-0.004322628686134533,-0.004332063954021748
2025-04-08,-0.01566283611567243,-0.011480151360639068,-0.012768834048297095,-0.00764562295770177,-0.010591197045507594,-0.01050278545691763,-0.003334964690985709,-0.0006609788279005047,-0.014111457642617342,-0.0006609788279005047,-0.0006571875598317956,-0.0006609788279005047
2025-04-09,0.1050193499563612,0.06386310355514357,0.07338955951079651,0.02464379437928166,0.07101000326184082,0.050355570357282,0.015134766788177156,0.011792593883669822,0.12291292029619649,0.011792593883669822,0.011805341811124359,0.011792593883669822
2025-04-10,-0.04381910665097133,-0.029454512667939636,-0.027849526952055226,-0.004011356615099215,-0.029806215122743618,-0.02079832749914412,-0.002424771263364933,-0.0031177556840983334,-0.041481818578112284,-0.0031177556840983334,-0.0031006244631062163,-0.0031177556840983334
2025-04-11,0.017842707614845965,0.01028480656772457,0.015450890740426049,0.012221992280806004,0.008538694740924724,0.010613550296717955,0.0054344022011505455,0.0012028991939148082,0.01649581092803909,0.0012028991939148082,0.0012133783942425147,0.0012028991939148082
2025-04-14,0.009701553626786374,0.008168596803561634,0.005875091852422187,0.007017908464889144,0.004478115191076215,0.0058755629555680144,-0.0007791430832367885,-0.0033518936092015172,-0.001640996261711436,-0.0033518936092015172,-0.0033511507950674257,-0.0033518936092015172
2025-04-15,-0.0028008096342629907,-0.0008632632439818932,0.0004149927970755751,0.0022757069006571484,-0.0012942802958187949,0.0007054085175894897,0.004381932724458748,0.0043100774954834,0.002508567932842709,0.0043100774954834,0.0043109403738608165,0.0043100774954834
2025-04-16,-0.022228147554083866,-0.012081241766544237,-0.01408809836513858,0.005329875853716581,-0.010249553516366916,-0.005984099441512014,0.011764878588770067,0.005566886583420194,-0.038904350787016706,0.005566886583420194,0.005581942504392368,0.005566886583420194
2025-04-17,0.0014269268974194116,-0.0001648971781064157,0.0027014167762795527,0.0032707623016616783,0.0006561179536077599,0.0023086766871285302,-0.003356645020059723,-0.0009525300478866461,-0.0058563640435863595,-0.0009525300478866461,-0.0009506557824030537,-0.0009525300478866461
2025-04-21,-0.023802643664465384,-0.016701527981760722,-0.01656737351475257,-0.001517976094339235,-0.010937281537679144,-0.011856216691313981,0.005819614063399703,0.004503832302649169,-0.025500425933686177,0.004503832302649169,0.004518775644644535,0.004503832302649169
2025-04-22,0.026017697286444985,0.016339178276437938,0.018021080774198284,0.005614884578324153,0.011949255829537986,0.013129402939786372,-0.003099288271852685,-0.0014923641969561974,0.01960059487886312,-0.0014923641969561974,-0.0014850333563419804,-0.0014923641969561974
2025-04-23,0.01549547283731667,0.010276065490859798,0.010517658790333284,-0.002711614058560352,0.007055356148395919,0.00636550320346263,-0.0052324673882270245,-0.0026086015927493378,0.02114722566227001,-0.0026086015927493378,-0.002596288982975925,-0.0026086015927493378
2025-04-24,0.021049017174072926,0.014832769578495997,0.014812092449387526,0.006212557929102358,0.009443517975850302,0.01009683765261582,0.007207247095098124,0.002173264102713013,0.019598533917748684,0.002173264102713013,0.002180252269474936,0.002173264102713013
2025-04-25,0.007225151050962442,0.005799175625065267,0.005051369488978219,-0.0031084241753702724,0.003229243287195427,0.003143471452035307,-0.0017425259035493967,-0.001976325459477568,0.013663516949238286,-0.001976325459477568,-0.001971396583161922,-0.001976325459477568
2025-04-28,0.0003813020933944866,0.0013230627691993568,0.0013708754534236256,0.0048686216707423124,0.00016877516926427916,0.0016791816934773607,0.005428222505723834,0.0011617186066135154,-0.002906691688095875,0.0011617186066135154,0.001169326885513522,0.0011617186066135154
2025-04-29,0.006299453156047408,0.004748771623185322,0.003157269022320719,0.001747049433040715,0.00279399297472116,0.002899503335713316,-0.0012177690945696096,-0.0012732973376545775,0.0026196582810320557,-0.0012732973376545775,-0.0012684677906971142,-0.0012732973376545775
2025-04-30,0.000396812712974981,-0.0001258189276932553,-0.0015470864726793154,-0.0020844649138910265,0.00017578657545680443,-0.0009504346962625476,-0.003369151021905048,-0.000418007190974512,-0.0012596457105700232,-0.000418007190974512,-0.0004138481050336429,-0.000418007190974512
2025-05-01,0.007086915718260034,0.003157283195352578,0.005483231283213819,-0.008488082894438809,0.0031432381631379958,0.0013230188823145639,-0.007841386643603565,-0.0033228502001976246,0.012335897491483339,-0.0033228502001976246,-0.0033130352929249263,-0.0033228502001976246
2025-05-02,0.014844241310975725,0.006946416750015505,0.0148593499644889,0.008832679405676558,0.00658697512930595,0.00855463607836926,-0.002354136818509933,-0.0002021776776974793,0.021871118095503128,-0.0002021776776974793,-0.00020096822505999423,-0.0002021776776974793
2025-05-05,-0.005734294466325229,-0.004136745436513656,-0.0017716502612684648,0.005649473182809395,-0.002546104505422031,-0.001137345133479295,0.009754416551902345,0.008040738115611568,-0.0015392313047127848,0.008040738115611568,0.008052214701399274,0.008040738115611568
2025-05-06,-0.008358539906725637,-0.004038531836222603,-0.0035158050501190585,0.002701880905162657,-0.003697330398719667,-0.0016957401120157867,0.010328910989912288,0.0053014997838845,-0.0038642456921488266,0.0053014997838845,0.005314060425071654,0.0053014997838845
2025-05-07,0.004205658791901712,0.0031342258069857465,0.004527377998099658,-0.0062281017913825565,0.0018582216187896794,0.002706521683731866,-0.0031677179376808917,-0.0008445742354180608,0.012876747277066114,-0.0008445742354180608,-0.0008362457298199955,-0.0008445742354180608
2025-05-08,0.006967790512363292,0.002096785205678131,0.0021168524710111214,-0.004776706066933034,0.003079453326335413,-2.4161625035490353e-05,-0.008283723566045897,-0.0020261505148451153,0.0022279945336256546,-0.0017384532018958065,-0.0017280169648403731,-0.0020261505148451153
2025-05-09,-0.0012741154091596707,-0.00035593704258740644,0.0002460341736651994,0.001481829269905699,-0.0005638892958398367,0.00047710227469122124,0.0024912515721602357,0.00019105045128053888,-0.002277938644877686,0.0007307082404182097,0.0001940764561831898,0.00019105045128053888
2025-05-12,0.03304739833427317,0.018460796121111178,0.020499371525206422,0.003072493546521615,0.014597148603720855,0.01121333845123007,-0.009382288435937136,0.004860768991339359,0.03540553118234424,-0.001423095842352451,0.004875564590895554,0.004860768991339359
2025-05-13,0.006603940317170043,0.003548066236080727,0.004816057525412587,0.0007848432957169305,0.0029091864811723323,0.0002723181456618651,-0.0014432577797054424,-0.0024896953350522777,0.01920175961862247,-0.003338924560925771,-0.0022592977531044056,-0.0024896953350522777
2025-05-14,0.0012779543304903829,-0.0003859456226507074,-0.0012985333581462255,-0.0028112499585967177,0.000553860688575103,-0.003340042359099793,-0.009076943940769855,-0.0036353383380592907,0.009306459494358155,-0.00517704826394938,-0.0035254324344341503,-0.0036353383380592907
2025-05-15,0.004884342398821628,0.005197072909444156,0.0053443839389801795,0.007302669354173119,0.0021165173749431165,0.006808264553222809,0.007855723969074191,0.0032877453303337134,-0.00141490283116541,0.004097858405693655,0.003393997954547201,0.0032877453303337134
2025-05-16,0.006334078244299102,0.004043574696461771,0.003640785561671578,-0.004352557193557649,0.002744890602934591,0.0037043351544743253,-0.003349304196584302,0.0003809013139843831,0.0008791164018613351,-0.0006204188964801238,0.0004823035920273888,0.0003809013139843831
2025-05-19,0.0010938140906693317,0.0005328196562981447,0.002096946890418616,0.007618700744728368,0.00047364622124246303,0.001564576332150569,0.0025909627322568962,0.001519441144147482,0.0020768851542907196,0.001849198460697199,0.0016184390393578774,0.001519441144147482
2025-05-20,-0.003362128049795521,-0.0027145474657659374,-0.0012143757657430143,0.0042279138622240975,-0.0014597242908748198,-0.0008581119621958733,0.00496212278456909,0.0004630780251049238,-0.002566966769078638,0.001770745209538127,0.0005487427615178397,0.0004630780251049238
2025-05-21,-0.01685079340484308,-0.012742123305683584,-0.012940155931815633,-0.009574156827959257,-0.007342937174234732,-0.0110166524445231,-0.002090496130223385,-0.00778865987363897,-0.011910510792447204,-0.007300439111116663,-0.007711618295214828,-0.00778865987363897
2025-05-22,0.0003946470773714683,0.0013923091370953156,-0.0012137243667792452,-0.0013809598919860555,0.00016977566038200997,-0.0011264455924837602,-0.001377592710707476,-0.00029112842419121154,0.0009544063369342215,-0.001764996202020308,-0.00028814709704905184,-0.00029112842419121154
2025-05-23,-0.006825886893621624,-0.0035227098800870715,-0.002000316831488269,0.0027774447571928818,-0.0029610985018151403,-0.0007323150668347989,0.007167484844167404,-0.0022188178657626123,-0.00520184863306794,-3.289792783522927e-05,-0.002211900187484961,-0.0022188178657626123
2025-05-27,0.0207906699378142,0.014276471415443748,0.013689589806989533,0.006581340419295367,0.00901052269756919,0.009733904089661127,-0.0023661920761398614,0.010073305429578738,0.01888829016412852,0.0076641752904911264,0.010083899032796717,0.010073305429578738
2025-05-28,-0.005785415081261958,-0.004210190428547089,-0.006168495971875965,-0.006841018144592481,-0.002517747845278362,-0.005013765722843289,-0.0010400394655527556,-0.0029485901346187893,-0.00517494815132391,-0.0039644189196580415,-0.002945491089759722,-0.0029485901346187893
2025-05-29,0.003947487834330188,0.0038452875097030326,0.004958368418875869,0.009284439386412657,0.0017109101044112673,0.0035540724080169728,0.002986459956104248,0.0024118424041676967,0.009750116900865802,0.0032428945944615872,0.00241530111677446,0.0024118424041676967
2025-05-30,-0.001118665954230269,0.0003080328769011764,-0.0017418545569117816,-0.009285523691853204,-0.0004890291392389834,0.00021249928678690466,-0.0019295887829992031,-0.0012934672905181577,-0.007308546362601032,-0.0021511668374391,-0.0012285920193472188,-0.0012934672905181577
2025-06-02,0.0056331118040715555,0.0023245182306315115,0.006039890964244954,0.010820639503233975,0.0024612411350082297,0.0022508415354507427,0.006620073268375215,0.00653442117641001,0.012844995797345327,0.006748470268546969,0.006542997398899741,0.00653442117641001
2025-06-03,0.005702485631296383,0.0031313580996825685,0.0033714618270339614,0.006320695227941542,0.0024955973547575727,0.0020907785604560303,-0.0022195891448328897,0.0029643332289031044,0.006071588010085449,0.0027589565866192878,0.002969285835229707,0.0029643332289031044
2025-06-04,-0.0002683402981673577,0.0022166934014802298,0.0016141080605338587,-0.0011152379433465587,-0.00011822254676441268,0.0018992753687907538,0.004961039058344996,0.0017732557686931383,0.004220256399692701,0.0005523188950797842,0.0018335803950613183,0.0017732557686931383
2025-06-05,-0.004832872149647116,-0.003920925471299852,-0.0012251296830680936,-0.004135831017881397,-0.002135638888907332,-0.0008648565138021924,-0.0026006672697935773,-0.002222865235723459,-0.003973804510136736,-0.001362780856221102,-0.0021580967091839875,-0.002222865235723459
2025-06-06,0.010268979858962801,0.004108572919922171,0.006282090834291543,0.006713689604249007,0.004584906351108531,0.0032893731844976237,-0.006863632747460713,0.0060777299034020515,0.008472934942422183,0.005262629324368717,0.0061234973098389656,0.0060777299034020515
2025-06-09,0.0009012828881442836,0.0010340742964343175,0.001617945952199662,0.0020795826767385783,0.0004022453566958628,0.0006596511858654175,0.001588811730014239,8.651978651075254e-05,0.003141689373580059,0.0013572627047220287,0.00014474521736240753,8.651978651075254e-05
2025-06-10,0.005669767615193333,0.004303722009121769,0.004726052079541798,0.002276135210011132,0.0025316916667936784,0.0031604458080087827,0.0016081699724612708,0.002610048915693497,0.007118001874489632,0.0036794709478380483,0.002614024198123177,0.002610048915693497
2025-06-11,-0.0028521190306726174,-0.0003620519653946275,-0.0005877560774502077,-0.004166116351213334,-0.0012828576412201587,6.583609519394962e-05,0.0023150998543244317,-0.0018664126882866894,-0.0037407158921309858,-0.0006873798612510029,-0.0018032625175006256,-0.0018664126882866894
2025-06-12,0.003974329163849877,0.0038545257874669225,0.004328959939374322,0.008406022878455488,0.0017936381808576485,0.0036587244009316233,0.005490203997272625,0.002421158562840642,0.005711561307258695,0.0030346341080109696,0.0024259326343887277,0.002421158562840642
2025-06-13,-0.011179962144145295,-0.008135677423496968,-0.009032136510577882,-0.008737934674229564,-0.005054058122153093,-0.006740222669083695,0.0036774439333628894,-0.007319702888891166,-0.014360288903001894,-0.005359972058964768,-0.00731249568351644,-0.007319702888891166
2025-06-16,0.009514092086442716,0.004886251763432048,0.005598686183760249,0.011307032984468446,0.004306456341701903,0.0025682249565577298,-0.00727115213279661,0.0069683781910201414,0.01215842033636827,0.0038578576691647992,0.006975296545408849,0.0069683781910201414
2025-06-17,-0.0085450325365789,-0.0039051034778591065,-0.005438422489379313,-0.004490684498826836,-0.003867309752047632,-0.0031256378070171342,0.0042668197483952675,-0.004018740284090105,-0.006907456268319789,-0.0041801104709185966,-0.004015124360505995,-0.004018740284090105
2025-06-18,-0.00015073907087492788,0.0001946441795157572,0.0003235139854615987,0.0012731936046270764,-6.891725019642081e-05,0.00022836641834889093,-0.001258205351181152,-8.982072804120111e-05,0.002009476215045325,-6.808124146595596e-05,-8.764757901313924e-05,-8.982072804120111e-05
2025-06-20,-0.002348432728309091,-0.0010437265170827326,-0.003220729757187124,-0.008187257537835335,-0.00106244586398907,-0.002160479956435979,-0.0005221287198530211,-0.003133657610351226,-0.0063627902343107445,-0.002570190971150299,-0.0031296477069637785,-0.003133657610351226
2025-06-23,0.009877272330390152,0.0067370605388870075,0.00814829673296713,0.011451806652181595,0.004477727749932603,0.006032938415734712,0.0010674251174405125,0.008551999773531938,0.011701132431602979,0.005979082229523147,0.00855733148773652,0.008551999773531938
2025-06-24,0.011047312688599487,0.008250809151941096,0.008653280957644727,0.010278575751219154,0.005008257236499336,0.005410608460451716,-0.005586892226970175,0.006761183369691892,0.016360852550059146,0.004739463729585669,0.006769370480509185,0.006761183369691892
2025-06-25,0.0005602631887811071,0.0002953084375600934,-0.0018744330060711523,0.009216278034260172,0.0002536774931667374,-0.003133479983274956,0.0006903193386880169,6.845996554827316e-05,0.007166834095769792,-0.0014877748747867958,7.396802096959476e-05,6.845996554827316e-05
2025-06-26,0.007823983437742932,0.005784943577266111,0.0055330783725653365,0.005589815831124945,0.003546584751344284,0.004139020022912554,-0.00014954299270442117,0.006594135013673341,0.004471359338176661,0.0035738410125560893,0.006599012677151128,0.006594135013673341
2025-06-27,0.0049683312642012645,0.0018468437088983158,0.0016847380679672064,0.005133212415667554,0.0022732031859198365,0.000618264680100733,-0.008130049539345485,0.002075072376069187,0.0055443011711378,0.0005205182022751664,0.002080413468330322,0.002075072376069187
2025-06-30,0.004781105489127135,0.0044878006247217606,0.003594975966773717,0.004773316672746608,0.0021870302684083853,0.0031027572010440263,0.0056149513051051425,0.004040123210265145,0.004279529013696104,0.0026772350593271543,0.004043149046325301,0.004040123210265145
2025-07-01,-0.0003235797161743603,-0.0005625756806452165,-0.001475809236707648,-0.017624668163464308,-0.0001482614879634303,-5.012850823438164e-05,0.0035454853949068443,-0.00261757959952047,-0.010734700162148392,-0.0006027164093714843,-0.0026095365578149288,-0.00261757959952047
2025-07-02,0.0045332765158159205,0.002231283225684333,0.0032581388288890345,0.006883104418519803,0.002049946453402951,0.0014320235685441052,0.0007709590709548131,0.0022557595450647394,0.006547969984175728,0.0031183446953175764,0.0022600839599209444,0.0022557595450647394
2025-07-03,0.007881485161686852,0.003913405215502097,0.0038718719332173634,0.008028136981446998,0.0037682913928192008,0.002403822557818014,-0.002913316527860643,0.005893892684077695,0.005471333564535552,0.0032369210324192377,0.00589787118751639,0.005893892684077695
2025-07-07,-0.007452114780816754,-0.005894940561519846,-0.006145686253807736,-0.005892132458041099,-0.003956782240072454,-0.005163714696280852,-0.0010118210737893873,-0.003652144545179592,-0.005202561268327965,-0.003937164417647243,-0.003648639117644792,-0.003652144545179592
2025-07-08,-0.0005477162177452977,-0.0004916810063293475,0.0015396118301567174,0.004830775497162598,-0.000294530183684083,0.00022244287316475209,-0.004170260018191652,-0.0012753225297146287,0.002577380935971707,0.0005792840860858739,-0.0012715710009205683,-0.0012753225297146287
2025-07-09,0.005996626767211355,0.005269150309949122,0.006026340894381033,0.01218713844527497,0.0029317596051994244,0.004637317492606208,0.004144826472810115,0.006279506294786019,0.009183763245119492,0.004425069766916145,0.006282942373354361,0.006279506294786019
2025-07-10,0.002820211585405019,0.0015688240189173364,0.0022429973708668616,-0.00039220734540645896,0.0021459899238394087,0.0019038473802603928,0.0013725165600730893,0.001462692597158366,0.002400413466219442,0.0020235982240304207,0.001575338266430748,0.001462692597158366
2025-07-11,-0.0035153258608029425,-0.0037752284868208807,-0.0030385786399949044,-0.0018371317013609056,-0.0033368009010276145,-0.0033356299556637214,0.0015874561932820441,-0.0019802390429253247,-0.0018096565771394957,-0.0007725764486713471,-0.0018625305270503212,-0.0019802390429253247
2025-07-14,0.0019082159291465839,0.0011031813582806915,0.0014945921853157795,0.0014656118638545212,0.0018354425040016942,0.0015754370104184012,-0.00110455772920115,0.0014686224945463788,0.0013928337571029736,0.0011886340902398373,0.001471847041207619,0.0014686224945463788
2025-07-15,-0.004273265144196681,-0.0037477110424031235,-0.004035870126716579,0.010076022592377942,-0.004119362123465309,-0.005037916509472273,-0.0018518739280366514,-1.4043924171369682e-05,0.0062544460126237045,-0.002590307502728484,-2.6278325745421327e-06,-1.4043924171369682e-05
2025-07-16,0.0033431911185151097,0.002577842137453157,-0.0012063414359039237,-0.0008918535235861169,0.0031756131587452607,0.0010365693848055635,0.001510913953515436,0.0008871838371844465,-0.008644576829865969,-0.0009850042510682888,0.0010004872457571867,0.0008871838371844465
2025-07-17,0.006119689977517551,0.0038325356889681306,0.003208203137002208,0.002566713075091931,0.00623139602043743,0.003171332697270879,0.0003236541541329352,0.004691693917433959,0.0026469164668652123,0.0026761356662443614,0.004793018571700669,0.004691693917433959
2025-07-18,-0.0007324129021104575,0.00029453975146176425,-0.0007292334915768306,-0.0011509926456454433,-0.0008320054127647358,2.544051148167803e-05,0.001244341285253192,-0.00039212816760103575,-0.0009388119835779252,-0.0006237890190543549,-0.00029680724327041386,-0.00039212816760103575
2025-07-21,0.001896175165666536,0.0022380865838242947,-9.591958068411177e-05,0.0012514321645678006,0.0019923380633952714,0.00036567237258355867,0.0061881133463632665,0.0012535428971027773,-0.0003955422238753892,3.423421317894082e-05,0.001348578359730901,0.0012535428971027773
2025-07-22,0.0001431211632245688,0.0008575189950694728,0.0013193071493862174,-0.00980778502235502,0.0001021422473290734,0.0026863883550594103,0.0037178682545566666,-0.008429129256738888,-0.009589609803913879,0.0009671056671334277,-0.008419656252382834,-0.008429129256738888
2025-07-23,0.00850744324203112,0.004206526700984092,0.007557380353630627,0.011710372935947566,0.010060330976611187,0.005728526343948825,-0.006561361531485788,0.010062210439605979,0.011211884290769136,0.005128267966770572,0.010069796681895227,0.010062210439605979
2025-07-24,0.00033114960935609616,-4.574643916532839e-05,0.0001657722452637067,0.005870381005417924,0.0003521527222858367,-0.0007237309935866909,-0.0021428814485424663,0.004979752635903889,0.005970537762337136,-2.512618362704444e-06,0.004986452511412276,0.004979752635903889
2025-07-25,0.004224252618048929,0.0031844019761695375,0.0003595473555959572,0.0026967250453548974,0.005222681577301547,0.0012520609175108444,-0.0018286482234263213,0.00013012101954879007,-0.0020867257633641056,-0.0004802368166936244,0.00013362078050160875,0.00013012101954879007
2025-07-28,-0.0002510035553040524,-0.0006792059883669044,-0.0006772503416480058,0.004663493045032663,-0.0003756815216666709,-0.0018815328881637283,-0.0008476052276854551,0.005674380267516321,0.006945414987731491,0.0002426242814568269,0.005681898027178667,0.005674380267516321
2025-07-29,-0.0026376486020820433,0.0005697046125514582,-0.0007915453333637856,-0.008884403474722191,-0.0033665045091604284,0.001013781147987336,0.005300534206850838,-0.007212487029797154,-0.007053966511687215,-0.001028424344495682,-0.007206289073883876,-0.007212487029797154
2025-07-30,-0.001259331011043141,-0.001889390488594711,-0.0026796827439171667,0.002455906835713728,-0.0016380209100467225,-0.0027770374555644572,-0.00552179691788135,0.0030509736873809423,0.004075756318515422,-0.002183620284252563,0.0030612084139896023,0.0030509736873809423
2025-07-31,-0.0037512265266995692,-0.0020498437840743566,0.001085831692393402,0.02775322253109902,-0.004784594770382289,-1.0014451690132375e-06,0.003296024261700836,0.020628649690818568,0.01437685943260969,0.0014389264246319478,0.02069621091436069,0.020628649690818568
2025-08-01,-0.016390369519761472,-0.0063870776312200395,-0.007771561133920413,-0.021176032821970003,-0.02106816736953998,-0.0057433510403011034,0.008601783524030848,-0.01685085041569545,-0.014886671989916,-0.006386296457644991,-0.016795065216513638,-0.01685085041569545
2025-08-04,0.01519971367995021,0.009435689358067378,0.01242716241806674,0.024183428719098732,0.01944855626336972,0.009541747796041333,0.0027402403229808137,0.022606661349042545,0.022056650988607984,0.009837406574222385,0.022617528685971333,0.022606661349042545
2025-08-05,-0.005069869050569054,-0.002923617346264118,-0.00299503116686084,-0.009977810937082165,-0.006388730939623,-0.0017226760766402283,0.0008277788999149216,-0.007943686677476247,-0.008282630018622061,-0.00237888218187432,-0.007919763390895729,-0.007943686677476247
2025-08-06,0.007659679494191662,0.004430745985535722,0.0005531179882019011,0.0047406152203965934,0.009235589435208524,0.0003642424588183868,-0.003238670665930199,0.00478565667999864,0.004788832256150677,3.0013143024643085e-05,0.004805661924422555,0.00478565667999864
2025-08-07,-0.0008376239960258269,-0.000825132771080872,0.0020299318368772745,-0.002186719992640751,-0.0010661121417927522,0.001601714749873917,0.002685812481857841,-0.0011368800869393514,0.001238191288264856,0.0021891239108846605,-0.0011297686874900403,-0.0011368800869393514
2025-08-08,0.007797572699558275,0.003907248935055785,0.0033103714386535366,0.007576795695789285,0.009247941335753351,0.0019963807599450156,-0.0006607834785363753,0.00687626649336015,0.006812132621838662,0.0029183279537876583,0.006879676285410197,0.00687626649336015
2025-08-11,-0.001977539647394999,-0.0009048286535928707,-0.0016303432334384693,-0.0029150877847140544,-0.002643095335436607,-0.000837096793970149,-0.0043103850334133,-0.0033069148863983377,-0.003176538463504852,-0.002004994783919578,-0.003305137200063313,-0.0033069148863983377
2025-08-12,0.010646017662282237,0.006382499486669246,0.0094930223171521,0.013740846001932372,0.013764340569758726,0.007025806593971007,-0.002390601948478732,0.011987206110379178,0.01236539580016438,0.007030751424048187,0.011995290125780489,0.011987206110379178
2025-08-13,0.003423147456803166,0.0035081791819981945,0.004099819140387817,-0.007361523571079109,0.004377422564775246,0.0040009903588984486,0.002510291583795121,-0.005170252054564228,-0.003844422241319978,0.0027299468412849137,-0.005164169731770696,-0.005170252054564228
2025-08-14,9.306090191762983e-05,-0.0010726607771379681,-0.0030336495652382167,-0.0010083735843549047,4.9493964045188577e-05,-0.0033159627477162834,-0.003223089622790165,0.000765493033723974,0.000500005542029669,-0.0021096958990418635,0.0007681290796464069,0.000765493033723974
2025-08-15,-0.002341289856780615,-0.0020106603412418655,-0.0008122524171211287,-0.003671799826430844,-0.003116112654880876,-0.0004503424383698329,-0.0019730393644749045,-0.0030423776181843776,-0.0033517032682502945,-0.0005369044166992909,-0.0030381495893472277,-0.0030423776181843776
2025-08-18,-0.00021753577502092725,-0.0005756303074007096,-0.0012157230607979796,-0.00335800616224069,-0.00035440300635647404,-0.0007473778812817633,-0.0006103556069083638,-0.0026843983168907126,-0.002234581265772473,-0.000691021946012671,-0.0026752519993198387,-0.0026843983168907126
2025-08-19,-0.0054252252305696524,-0.002489766881276001,-0.0024820947150009376,-0.01823259552818357,-0.007126432941192973,-0.0004581772790865912,-0.000225592741217584,-0.016720556668526676,-0.015705865517088302,-0.002373512382297327,-0.016709534067514187,-0.016720556668526676
2025-08-20,-0.0026570836306466505,-0.0013534047671612814,0.0012814718779199374,-0.004759548241985545,-0.0035267678807944236,0.0011230935644790385,0.004175385905689888,-0.001464136279480277,-0.0007322761110823972,0.001533970568980969,-0.0014615011264446087,-0.001464136279480277
2025-08-21,-0.004011822287558586,-0.0033364216268279012,-0.0034792797799176878,-0.0034748757611121617,-0.005288457170602667,-0.002724777726751171,-0.0012587631707594582,-0.004150377979882491,-0.005190087320144587,-0.002244123748407989,-0.0041474551229196965,-0.004150377979882491
2025-08-22,0.0153567897013831,0.01143498530000886,0.01355812113329069,0.019791001230746508,0.019886509404755115,0.010908563081542422,0.0038861529162592667,0.014323351478250368,0.014585155299591479,0.009933016794409166,0.014327839422047184,0.014323351478250368
2025-08-25,-0.004401062092461827,-0.00324572079201646,-0.004483344357342101,-0.0026052856120771795,-0.0057946209181022335,-0.004418638841232614,0.00035956496278388705,0.0010626009032590478,0.0007844776173215884,-0.002810095696162307,0.0010684406251380008,0.0010626009032590478
2025-08-26,0.004187036349890816,0.0029944597369528925,0.0022656820002167066,0.002336562631041872,0.005370180595909879,0.0014902818122952688,0.0023500219699097435,0.005004336522300035,0.005035807441014395,0.002024776620279667,0.005008520843886144,0.005004336522300035
2025-08-27,0.0022785132820093423,0.0017690826278773386,0.0020868408076974987,0.0012217343135187964,0.0028898439652953467,0.0018398054955588439,0.0009260048031629609,-0.0011341214769776675,-0.0009945258759365139,0.0017868513970729083,-0.001130768068322796,-0.0011341214769776675
2025-08-28,0.003541457922389135,0.0026062249454195108,0.0004103293078567827,0.0012460123678741386,0.004531180088860998,0.0005396057183695291,0.003189821268238857,-1.0891013195735155e-06,-0.0010767120732351199,0.00025143220791656873,3.995479312068895e-06,-1.0891013195735155e-06
2025-08-29,-0.00596377589262187,-0.004102598767543375,-0.004272945218285917,-0.014323982390569645,-0.007826759110019732,-0.0025086282759395617,0.0023078221994372594,-0.014474446300550503,-0.015198337988902244,-0.002373732345269941,-0.014463748844269597,-0.014474446300550503
2025-09-02,-0.007410295555874247,-0.005509694449918556,-0.005241121077709909,-0.009049518540565904,-0.00970779954925649,-0.004055314331044779,0.009403076663496046,-0.007161256044553754,-0.008583265790134575,-0.0014843911062663029,-0.007154098259720909,-0.007161256044553754
2025-09-03,0.0054195597134076845,0.0047073621486526385,0.0006222191195839333,-0.003701766834250164,0.006971980908448083,0.0007988781977443793,0.004997391050476363,0.0008844498133877554,0.0014991126633590035,0.00034223579662207015,0.0008870668859481956,0.0008844498133877554
2025-09-04,0.008357551677008246,0.006624816638882258,0.006060469515582589,0.007355547419610753,0.010790226131890845,0.0048728913360278625,0.000494321509024287,0.007482668750784738,0.00770018753988877,0.0040575374928970565,0.007486589491077833,0.007482668750784738
2025-09-05,-0.002896432414554062,0.000145545209638831,0.00036758186933183445,-0.01020887752490307,-0.003838014767407638,0.00045797802509883745,0.007247458905384141,-0.008989420215776645,-0.006185383264926347,6.712570914535476e-05,-0.008976605817301753,-0.008989420215776645
2025-09-08,0.0024568274439626947,0.002832267343220396,0.0034068740818886667,0.002973334586680698,0.0031215829235993198,0.0028275774468662362,0.006413318575216653,0.003671979211897991,0.004034965897962817,0.0025420253655574765,0.0036754044360676197,0.003671979211897991
2025-09-09,0.002311730524016564,0.0005884407046938822,0.0021633645302543414,0.0019051220937953417,0.00293301344199981,0.0008890985394298667,-0.0011743245583694106,0.00840881456558451,0.008916428133684429,0.0021222372386460187,0.00841581781222156,0.00840881456558451
2025-09-10,0.0028908542790047065,0.0025322036662795977,0.0023556914538387375,0.004125851402846159,0.0036856487584542297,0.0024281957834453305,0.0028714140445478264,0.008544347746911596,0.00774317669122504,0.0018455067650722246,0.008561566653056296,0.008544347746911596
2025-09-11,0.008310170355944058,0.0057396603253603296,0.007372177826884707,0.005658258127022142,0.010728648869231527,0.006653997018115865,-4.798877234990506e-05,0.0015846358745339462,0.002299433108220228,0.005000061398639621,0.0015883851030702445,0.0015846358745339462
2025-09-12,-0.0003346129431468503,-0.0005587336007680799,-0.00016456614328630437,4.459748882190695e-05,-0.0005066490444511906,-0.0007406133059035813,0.00033973069285853086,0.0030363301040401414,0.003352688003074089,0.0003220473998737372,0.0030395655939370325,0.0030363301040401414
2025-09-15,0.00532404605028769,0.0038690525569688994,0.005959150940093583,0.004888933882496449,0.006847850348357998,0.0036407087878509437,0.004104156501849587,0.004532208559289375,0.007010588722385913,0.004909260585015618,0.004536962086479246,0.004532208559289375
2025-09-16,-0.0013768857905647192,-0.0006681844089319044,-0.0005635182479679646,-0.0031442942848988187,-0.0018620107616250658,-0.0012109444477282905,-0.0003021839155973316,-0.0018443778326325821,-0.0012585488610117324,-0.0008964866640792657,-0.0018342061826430722,-0.0018443778326325821
2025-09-17,-0.0012424352925486382,-0.0014603268128764446,-0.002225715383138427,-0.0056885733013668505,-0.0016871726102548612,-0.001295073462180052,-0.0030931865758705435,-0.009037611589778005,-0.009113992889689504,-0.0018275079888481205,-0.00902810342833582,-0.009037611589778005
2025-09-18,0.004672445142330339,0.0016862528212260308,0.0060761995371747535,0.02493314020423476,0.0060010229624347655,0.0025140433475827617,-0.002548464372452597,0.012902276849119376,0.015280915627976288,0.005281560619209369,0.012914410141305899,0.012902276849119376
2025-09-19,0.004952874775332017,0.0029693470097360564,0.0008453528888163753,-0.0012348468463705409,0.006365472259773242,0.0009040718982404883,0.004750805381782186,0.0024994968285472208,0.0019447080780774506,0.0017032926348701238,0.002614824190530163,0.0024994968285472208
2025-09-22,0.004731007968096224,0.002357056345176023,0.0033255735700370437,0.01584611874804498,0.00607713182608105,0.001585392411398212,0.0054282308911597354,0.008304101758609184,0.009492259652553958,0.003653798758930904,0.008425257160151745,0.008304101758609184
2025-09-23,-0.0054434748398075605,-0.0026304707647843983,-0.0009690373260576868,-0.005421003096942378,-0.0071501645598144314,-7.04801796929111e-05,0.002832987607832349,-0.010891286103767883,-0.009998684098825206,-0.0008373303783554276,-0.010794047839299381,-0.010891286103767883
2025-09-24,-0.003181633452613686,-0.0026670985487468046,-0.0020875496884783518,-0.009827391013249698,-0.004208887490075086,-0.0014429571347129855,-0.002919411936254779,-0.002602776297831122,-0.003035326318977072,-0.0014376810697284137,-0.0025203324166380714,-0.002602776297831122
2025-09-25,-0.0046134974884720625,-0.003328865401056147,-0.003709826345339673,-0.0008686660367833721,-0.006070869890565045,-0.0032410005264063013,0.0031113147378463157,-0.004057621856104254,-0.0038327275243091874,-0.001956318700189641,-0.003994010949324722,-0.004057621856104254
2025-09-26,0.005729144366994232,0.0037150441517002086,0.004876151836768372,0.003070645515434123,0.007374320376851262,0.004339255856145918,0.001510888111014408,0.0007585921979236243,0.0007339738925853379,0.003878195851879429,0.0008208139847585283,0.0007585921979236243
2025-09-29,0.0028103664411398555,0.002445313456260756,0.003675175510668982,0.010890138626475476,0.0035810459187324284,0.0030387526554480626,0.00784945708039353,0.007126022250496966,0.007007832607615727,0.0034398125743808627,0.007193972837534979,0.007126022250496966
2025-09-30,0.0037668667591119753,0.002218331213791336,0.003177664862164198,0.008470199796850153,0.00482412378128827,0.002430898244670354,0.002870869684065358,0.0027222563709217162,0.00280866444500516,0.003070481316949314,0.0027917843039051427,0.0027222563709217162
2025-10-01,0.0034075694259330103,0.0030649163477738384,0.0038995085938597907,0.009973080951715785,0.0043571771921882,0.0032066033674875705,0.001448256544476445,0.0019312741001780154,0.0025666628526439528,0.002900967546180633,0.0019476177509554216,0.0019312741001780154
2025-10-02,0.001151711603039951,0.0011301812185073867,0.0015840807198765905,0.008232855945682793,0.0014254406647433715,0.0005088084000421933,-0.00048346535574195215,0.011121331898600983,0.01078838988466635,0.0009501817704906657,0.011178166147594037,0.011121331898600983
2025-10-03,-1.4767362221612679e-05,-0.0004480782693216945,0.0016049889437286247,0.0025782612370519598,-9.072488709904736e-05,0.0017259672822582672,0.002439131719982335,-0.006252654987089601,-0.005740742536360921,0.0017616294855602455,-0.006192049569737401,-0.006252654987089601
2025-10-06,0.003586228910336109,0.0012705388202201018,0.0029844371921290413,0.005181873021961048,0.0045893649351762544,0.0022527798457065984,0.007500085691947378,0.005161512743434127,0.004467341443026296,0.004380824851528686,0.005226568519541619,0.005161512743434127
2025-10-07,-0.003707492250961897,-0.0015468470339025098,-0.003187608396978514,-0.010616967652238074,-0.004892709279816665,-0.001210424270012056,0.004710142041220777,-0.013411420569156562,-0.012739202748528133,-0.00189965071687348,-0.013344411968775005,-0.013411420569156562
2025-10-08,0.005963052412792269,0.003614996015741001,0.0033328888595676176,0.008026811856556293,0.007678309730688282,0.0029881621799749958,0.007666435086983059,0.0008098480456311119,0.0003799740011087849,0.0038691520758762366,0.0008197937965530588,0.0008098480456311119
2025-10-09,-0.0028970083792374535,-0.002218382295980259,-0.0027484030918060176,-0.004943367947101596,-0.003838763746414675,-0.003199608207404392,-0.0066544481299835034,0.003884607745768376,0.0036637950906672767,-0.002782480425607914,0.0038971276533568133,0.003884607745768376
2025-10-10,-0.02702782789908964,-0.014591955747819463,-0.018351868590542497,-0.023626553465930122,-0.03521825239208598,-0.013420248574044225,0.006141122932577181,-0.03376727767202814,-0.03188229197764658,-0.014609732467132708,-0.03375721254752584,-0.03376727767202814
2025-10-13,0.015344074693208754,0.009956735636023284,0.013168681339083221,0.02711580594462948,0.019869984846543565,0.010081143958662109,0.011500479216240755,0.025846497460180196,0.02471128239071585,0.012106159313270526,0.02586059837803245,0.025846497460180196
2025-10-14,-0.0012216548034567065,-9.828316267024295e-05,0.0010507160361235002,0.0032945443590277623,-0.0016601498594952524,0.0025426406053674633,0.003162500818328917,-0.0067111154786411165,-0.006475163024062147,0.0008998581220149848,-0.006702389942692233,-0.0067111154786411165
2025-10-15,0.004439615866679292,0.0025026852020697543,0.0055721881298369524,0.012832360785385966,0.005698435589614581,0.003785413462523257,0.006456282241482869,0.012569589536251202,0.012202784366353692,0.005372733295753829,0.012577418004839025,0.012569589536251202
2025-10-16,-0.006810260525524803,-0.0026617113010324323,-0.002236116022432788,-0.0005196069803488079,-0.00892751969152672,-0.001964282379450566,0.011047317434657478,0.000972694533006413,0.0012453915321177789,-0.0008214588447165161,0.0009818148144051797,0.000972694533006413
2025-10-17,0.005676300358907982,0.00284844996658995,0.002151964768300596,-0.002764216307571954,0.007305643748745094,0.0014143908583208464,-0.008569540221379457,0.005625534914938557,0.0055484321952405935,0.000538505101870923,0.00570921868930041,0.005625534914938557
2025-10-20,0.010400475399621634,0.006909637356188991,0.009816491554884177,0.014377187661208435,0.01344523126545405,0.008074233948979659,0.01740698179027489,0.011611007767651893,0.011591640994822017,0.010123903116916466,0.01161622292726805,0.011611007767651893
2025-10-21,-1.4995920012528252e-05,0.00038608373200244017,-0.004990223458846588,-0.01854426539426912,-9.10221014808199e-05,-0.0032409923148311037,-0.026966760212912444,-0.006646255039762905,-0.007052567620564609,-0.008246153377377219,-0.006638515779989973,-0.006646255039762905
2025-10-22,-0.005198815962920711,-0.0031612512455544417,-0.0015279694227129381,-0.006138525369038472,-0.006832012478696137,-0.0009926215517862547,-0.00013366543507398188,-0.004880748361315912,-0.005063238271951431,-0.0012799302115974465,-0.004876260518382636,-0.004880748361315912
2025-10-23,0.005929891190499692,0.0028429092010251455,0.00434688897343527,0.009185712495944687,0.007635213057793688,0.0024664039853490305,0.0004932068244825061,0.009056662893591971,0.00952225086191194,0.003981082822824611,0.009064247559139593,0.009056662893591971
2025-10-24,0.008172571104630766,0.00529597867066256,0.003194010919872259,0.002061690879862077,0.010549823436559969,0.0022882374133774697,-0.0011927771699749012,0.003528297743684794,0.003587328703921422,0.0021774428974443705,0.0035335866023353812,0.003528297743684794
2025-10-27,0.011797712023148943,0.007350140592444543,0.005709400323947511,0.0024541869037346675,0.015261094661235486,0.003745611756831968,-0.011626156112383823,0.014616721032270963,0.015429487114817286,0.002218062360867634,0.01462426105788106,0.014616721032270963
2025-10-28,0.002655998956591077,0.0018297405603748818,-0.0008876498148580048,-0.005683208216204827,0.0033804283139753366,-0.0018755046533859288,-0.0027150454946957003,0.002652900108197853,0.002638880415655187,-0.0013631593155749577,0.0026617964433335306,0.002652900108197853
2025-10-29,0.0004802976988058649,-0.0016102572256734282,-0.001500499420010848,0.0028581798375029166,0.0005528641006966595,-0.0032528804210651963,-0.002616533245111352,0.007208096257665053,0.007689894138149134,-0.0004076016861521703,0.007217495853566236,0.007208096257665053
2025-10-30,-0.010998144919191377,-0.007357337488322013,-0.009435245072987541,-0.002367601080798032,-0.014373404804227885,-0.0064200221136198055,0.008011295459388723,-0.03003689475158522,-0.030193346342858307,-0.0053040917397360055,-0.02999944971854518,-0.03003689475158522
2025-10-31,0.0032802806107155025,0.0017277375693063313,-0.002337287334588267,-0.0028100550115771616,0.004191751310591796,-0.0011824124424765214,-0.002168606873218293,-0.011084358313369513,-0.011578109640747125,-0.00181997770667508,-0.011075801302709243,-0.011084358313369513
2025-11-03,0.0018766870879645126,0.000633587822566728,0.0009900567961984574,0.005756371521518089,0.0023676264217913356,0.0005060161034695643,0.00034063862657918165,-0.00040653808514568013,-0.00011638172251859924,0.0010846103432000653,-0.0003271564535014537,-0.00040653808514568013
2025-11-04,-0.011853539942447533,-0.006918197089095024,-0.009594363534088934,-0.020865489654601554,-0.015485752372769834,-0.005664399948856924,-0.006273382478957701,-0.01973592377033262,-0.020301660523438736,-0.008470058860349905,-0.01966719975489406,-0.01973592377033262
2025-11-05,0.003465389196996238,0.0009977452729077463,0.0020887761920591608,0.005100192060913278,0.004432320374136323,0.0008791584793523821,0.002881561515452491,0.005748733338252876,0.005838953770402222,0.0029493831713327534,0.005756309212666677,0.005748733338252876
2025-11-06,-0.010729333212666003,-0.004962645797368048,-0.00811225700662388,-0.0138843643861144,-0.014023844612714442,-0.004844517154743766,0.00018607342371268487,-0.01585850813818912,-0.015883017584647052,-0.007243587793830275,-0.015850699811462587,-0.01585850813818912
2025-11-07,0.0009845075813768034,0.0004305072504398044,0.0036329915303527915,-0.0008686013080571042,0.0012081405614872143,0.0033246388641421376,0.002045235345820684,-0.0015375993921609155,-0.0016491194073074977,0.0032659161379464674,-0.0015321165298464168,-0.0015375993921609155
2025-11-10,0.015604434791510524,0.009195287580809008,0.01191080513526388,0.018009772765704257,0.020208351565728755,0.007576135576833787,0.01168247096477093,0.019871091691070486,0.019879835079722463,0.011184526993780919,0.01987917664078176,0.019871091691070486
2025-11-11,0.0022891497024457585,0.0025712266424697816,0.0016451972196216413,0.0022331441595595525,0.0029036671690443328,0.0031975327407900433,0.002574439299403819,-0.008771780455500533,-0.00902707905372857,0.0011504342516976962,-0.008764196513885159,-0.008771780455500533
2025-11-12,0.0005563986064420767,0.00017410415426177828,0.0006058056658551081,0.008797893403065027,0.0006517656398028482,0.0006986159254958046,0.0072158441135457,-0.0009718720375473389,-0.000843406027264515,0.0015718900620671494,-0.0009598603520875049,-0.0009718720375473389
2025-11-13,-0.016594021470737852,-0.011157947428859116,-0.011043735146515576,-0.009067496159071986,-0.02165022955389595,-0.008895039165868424,-0.005892694580831748,-0.011935668058010052,-0.011898094912850765,-0.008909466583338022,-0.011927338550470679,-0.011935668058010052
2025-11-14,-0.00016358609958400105,-0.0005780391914473881,-0.000327344021071041,-0.004041631254536826,-0.0003049124694886052,-0.0006415159062413966,-0.0085303158097767,-0.002088180148440144,-0.0022700369776768037,-0.0011462963530173287,-0.0020812043885756193,-0.002088180148440144
2025-11-17,-0.009316523930962162,-0.0055144922321830325,-0.0063133443905337705,-0.004286621384766542,-0.011986887847512007,-0.004457979734336037,-0.003969755769937189,-0.004532376520637316,-0.004108367875710117,-0.005569416753467782,-0.004522387086289825,-0.004532376520637316
2025-11-18,-0.00839746055820656,-0.004802812577541338,-0.0043818296451387795,-0.008562668705814014,-0.010863054765748892,-0.002633515170432421,0.0034318552319099194,-0.010333728000367581,-0.010465352966029462,-0.002796443912571167,-0.010325112195484376,-0.010333728000367581
2025-11-19,0.003863199783587179,0.002316065163314951,0.0002240895092344708,0.013475342481968466,0.004947201846372984,-0.0008063265788642582,0.001942233820937389,0.010280240359636261,0.01077281426547283,0.0008827892814409211,0.010296179014344542,0.010280240359636261
2025-11-20,-0.015242336682765423,-0.008673678965391063,-0.011143565805002087,-0.018631932688989217,-0.019815856593287218,-0.006859920730970859,0.0008160056196682142,-0.021965292492266753,-0.022617927979271868,-0.008751753733283962,-0.021948411892029562,-0.021965292492266753
2025-11-21,0.009961222976632822,0.006931179246249197,0.00514606041941601,0.0012578257525537317,0.012791104272451337,0.005469079992179937,4.982086175142619e-05,-0.0014542827980740247,-0.0020737620782583788,0.003605516227626726,-0.0014450850084444244,-0.0014542827980740247
2025-11-24,0.014718507062180475,0.009621505087601845,0.008282207935312647,0.011171549446027607,0.018308324082401795,0.0050481693915758186,0.007955873025398352,0.017670833267505293,0.017508273468578084,0.007216590598265071,0.017677394853989892,0.017670833267505293
2025-11-25,0.00940589965210692,0.006275661796157905,0.007423401137580221,0.006914172554228992,0.01152203794466633,0.006000335218088404,-0.00014541088820108072,0.011022709954481291,0.009336209435940601,0.0053228115749204274,0.011035501093900724,0.011022709954481291
2025-11-26,0.006903575013019525,0.004774519749218609,0.0083302820890363,0.013099192224174327,0.008276005130041453,0.005960948660034493,0.0037006002364352586,0.012477083414696333,0.013407788103924734,0.006535031747979092,0.012488597606080898,0.012477083414696333
2025-11-28,0.005458406338614941,0.002717096065774749,0.005551798607919212,0.008207084818149468,0.0065272370337283725,0.0035843457955790914,0.004290716221466706,0.00902823512986295,0.008470584003825499,0.005320567908636997,0.009037792429127167,0.00902823512986295
2025-12-01,-0.004565415602551193,-0.0044668182429996595,-0.004125151608781574,-0.0021129642171728857,-0.005542360544304348,-0.005457886928724842,-0.000513891251427423,0.005584853068241857,0.006360377614908597,-0.00225959484330418,0.005597805149317958,0.005584853068241857
2025-12-02,0.0018522092741120044,0.0016307958198022998,0.0011494745746907231,0.0010709541418385538,0.0021860304898460026,0.000338724948625746,-0.002600004966551772,0.008354527114320165,0.007709517807183763,0.00034270822572257664,0.008359604364954976,0.008354527114320165
2025-12-03,0.0034627677932603795,0.0028353888754739653,0.002581489869161624,0.004962430948646013,0.0041246512204857755,0.0019870032486999367,-0.0008245443425778376,0.004690847028657963,0.0045107707874403324,0.001346983137051616,0.004704064133312702,0.004690847028657963
2025-12-04,0.0007310561539983773,-0.0005191923998288939,0.0019477360064688032,-0.0031631536650785774,0.0008318869156440645,0.00047844830311905007,-0.0004133278744716806,0.0034351702444381793,0.002057231051389108,0.002009574102298517,0.003452508270167076,0.0034351702444381793
2025-12-05,0.0018995368427094927,0.0006988911213561266,-0.0006484467580715192,-0.004560836996293505,0.00223919147184648,-0.0009190251818129713,-0.0018690943056567377,0.0009283711789807025,0.00011458162400668215,-0.0005019615827752677,0.0009361489720283167,0.0009283711789807025
2025-12-08,-0.0030042775146746914,-0.002443064229929126,-0.00177069577403699,5.108380842622218e-05,-0.003679720044912793,-0.0026195545769870376,-0.0015743524804348041,0.004443483002287474,0.004865955840693381,-0.0012553126366042777,0.004453625155877994,0.004443483002287474
2025-12-09,-0.0008631449669616043,-0.0008784020601365627,-0.0015517549989586543,-0.002717571348492931,-0.0011023534309819727,-0.0009250504975186757,0.0025453268830777365,-0.005527168222862366,-0.004579587783034467,-0.0007266672325235701,-0.005523019206363444,-0.005527168222862366
2025-12-10,0.00663226800901473,0.005260569906074375,0.0036562531421127087,0.008712953146286395,0.007987820010196378,0.003740960483189726,0.001752942460271134,0.0004976815154664749,0.0007683109317802028,0.002422780784439249,0.0005048290472258188,0.0004976815154664749
2025-12-11,0.002326948130527251,0.0014751084553317195,0.003838964181520632,0.006370772941065583,0.0027734917228880995,0.003070067211751848,0.0037557669259933313,0.0012505187909443993,0.0012005068226546012,0.0034657189794986554,0.0012554169920566682,0.0012505187909443993
2025-12-12,-0.010752057995096265,-0.0076934641690245,-0.008238523125202013,-0.013029138925883199,-0.013071084098422059,-0.005233651027163999,0.0009194124839619899,-0.018131994266866736,-0.01777512317279617,-0.005382176936822081,-0.018121108788740514,-0.018131994266866736
2025-12-15,-0.0015107978831542246,-0.0005069056455778709,0.0009265729150607083,0.0036511767742180012,-0.0018993251541202794,0.0006808851878248312,0.0005216052489005474,0.003499669666666927,0.0034067922729303923,0.0006579937505517552,0.0035027308045889605,0.003499669666666927
2025-12-16,-0.00273229759527871,-0.0008809342729694247,-0.0032892140825659943,-0.0065968463539823885,-0.0033048521491388927,-0.0026608711634661386,0.0009460334241355728,0.0006338398193450612,0.00013097740691669912,-0.002881938877300483,0.000641838112507509,0.0006338398193450612
2025-12-17,-0.011003620102041367,-0.006727157121221405,-0.007064011658852176,-0.013681320845324252,-0.013193160342208077,-0.0034475987087464466,0.004134915000373107,-0.02330614964960509,-0.022804854533364005,-0.004631140195531236,-0.023288850707626096,-0.02330614964960509
2025-12-18,0.0075513325776148665,0.005527655635282569,0.005544429490410119,0.006112199859018563,0.00897222591080582,0.0035669036005585575,0.00047080021279932716,0.013929693872019921,0.013347987458157906,0.0039427902556101735,0.013936088110822364,0.013929693872019921
2025-12-19,0.009063445479451815,0.004848880530744504,0.004843369543336973,0.006955666377820524,0.010657015725308083,0.0024907155104252343,0.00046755027394085324,0.009802279804213443,0.010582144347473843,0.004270910458496369,0.009813200480421225,0.009802279804213443
2025-12-22,0.006229892278320159,0.0035745453423325912,0.005566422240507185,0.008837693564231364,0.007271782520549719,0.003232941934507627,0.008961725414924349,0.005145795241055406,0.005943849443226457,0.005662869213169941,0.005149711589948147,0.005145795241055406
2025-12-23,0.004570454818432879,0.002740078633895582,0.003584885233289148,0.0032150619270916447,0.005297365528854847,0.0015641537930652927,0.0054410078711961685,0.007053784253040485,0.007930633917088148,0.0033613018231972713,0.007058764870519596,0.007053784253040485
2025-12-24,0.0035176203055324873,0.0029916644388923164,0.0027346466577053974,0.0016581643117128397,0.004064292844393025,0.0029200299945690844,-0.0005926845345279874,0.0017134362363471212,0.0013042484945489097,0.0015473021188794345,0.0017155569881097676,0.0017134362363471212
2025-12-26,-0.00010141503224314619,1.904280843101347e-05,0.0008624009424365031,0.00331959337051968,-0.00015772164833738334,0.0003889811317789871,0.005071081943875733,0.0021313257683699405,0.0032024633476608333,0.0016561326822197575,0.002136373163275751,0.0021313257683699405
2025-12-29,-0.003563628207054803,-0.0016606488013870546,-0.004070901864059784,-0.012505155000581802,-0.00419354804689287,-0.0017581887591191503,-0.01908654783758712,-0.007129304635136835,-0.00887985834837779,-0.006342005958527186,-0.007126402834473966,-0.007129304635136835
2025-12-30,-0.0012211007345822589,-0.0008928114458267578,0.000468090007531341,0.0009546217257387912,-0.0014671175739147113,0.000178649532598385,0.0005250769169298231,0.003251610049473719,0.002909934228155109,0.000726709313598084,0.003255760096463778,0.003251610049473719
2025-12-31,-0.007408967373390696,-0.00540664681489067,-0.00570433434174733,-0.0051873548626311106,-0.008666045234546726,-0.004800866771687007,-0.00457212142294805,-0.004590004378462353,-0.004533381217112442,-0.004534856120733455,-0.004587663051194291,-0.004590004378462353
2026-01-02,0.0018330397334518356,0.0009786229491604015,0.008229753519387595,0.02213046349205605,0.002086836877086329,0.004985227733860009,0.0026390393182760263,0.022750336967481743,0.023596060644581973,0.007007136440521755,0.02278067224168856,0.022750336967481743
2026-01-05,0.006660113816063129,0.004754976877998196,0.0094702824636137,0.021960784324537297,0.007659325478949652,0.0057861726843106975,0.012404713357151653,0.019884955691764628,0.02003965774196792,0.008775476714244723,0.01990118090104631,0.019884955691764628
2026-01-06,0.005947183373089304,0.0034853382504977937,0.0044825600505180585,0.003338155096493045,0.006850531000522908,0.0035399718839181915,0.005336208809924914,0.0047912106560235035,0.005090203703076446,0.004570672511200691,0.004795437896931487,0.0047912106560235035
2026-01-07,-0.0032233567922274053,-0.00153607462977301,-0.004807644056973093,-0.005524446602247823,-0.003770231253599432,-0.0031207135756685656,-0.0030584514545841657,-0.006803263875591381,-0.0061897452839183575,-0.004510189995484026,-0.00679628473241789,-0.006803263875591381
2026-01-08,-0.00010153268198576093,-0.0007808799122125398,0.0008067411654035794,-0.0057294899421738155,-0.00028331080161936306,0.0016816874146223793,0.0020828249381947828,-0.010272272243123548,-0.010312945471277146,0.0014697386772815069,-0.010261861204841405,-0.010272272243123548
2026-01-09,0.006613342394092614,0.004846436772102614,0.0073119511936743375,0.016618738999180094,0.00840552805796535,0.004610036594918876,0.005064058927325643,0.020857600116815478,0.02075209633529962,0.006004346988818687,0.020878166571077772,0.020857600116815478
2026-01-12,0.0015704538117717881,0.0007415441711393633,0.0013839595350837453,0.00478128340132189,0.0019696424386597133,0.0009812142058207574,0.007600593662858701,-0.0007467476681710661,0.0011264972645894655,0.002353833251740989,-0.000739356400159985,-0.0007467476681710661
2026-01-13,-0.0019994751058702853,-0.0008414671584344724,-0.0013916057547498362,-0.001129947110074303,-0.002671619997418939,-0.0002714764217871535,0.0003161118413306241,-0.006461184269664466,-0.005759245897548171,-0.0010594659949629825,-0.006455546185840211,-0.006461184269664466
2026-01-14,-0.0049152373416185835,-0.0023533790210598093,0.0001978247549518919,0.007089590153426029,-0.006463249531379556,0.00143498898259109,0.005548493823818834,-0.008451950599642544,-0.007155152501763462,0.0005390654548722562,-0.008444273743062225,-0.008451950599642544
2026-01-15,0.0027232143965294497,0.0011137962603160467,0.005385421028996307,0.010911192052234675,0.003467782205907488,0.0027656357444652002,-0.0022658003306418317,0.01887266463763182,0.018217664423782587,0.004082509797585621,0.018888473172491205,0.01887266463763182
2026-01-16,-0.0008378739908954103,-0.0011816110052284001,0.0005684994436376822,0.00281347206706406,-0.0011610849338183904,-0.00035928566812859497,-0.0032739759398754398,0.0044856140661173605,0.004144079785299182,0.0003760736690909816,0.004493357547763255,0.0044856140661173605
2026-01-20,-0.020356785723545046,-0.013741297612742454,-0.011732444034109446,-0.01243315246405563,-0.026543292470808555,-0.00974505488655475,0.01309532784961065,-0.019267566949482062,-0.016782023252196576,-0.006446261328059588,-0.019190002186661226,-0.019267566949482062
2026-01-21,0.011541079202094462,0.008245083099511774,0.0101571744776503,0.020302448309373666,0.014904403727119764,0.007310114740245233,0.008888069978281177,0.016254394732229338,0.01601449107953945,0.008635692885409885,0.016260728893442877,0.016254394732229338
2026-01-22,0.005223230019727687,0.0032114860911931498,0.006866507053713056,0.00953468854299433,0.006545613706070874,0.0027916528932603324,0.008319509070519038,0.02091340321223467,0.018915908148839256,0.006062008573661126,0.020984925515203257,0.02091340321223467
2026-01-23,0.0003627802397405677,0.0005773429038642419,0.0026075363550697173,-0.0016847750894155578,0.00038703729270483933,0.0006230915304379359,0.005124555864938651,0.004414131051434067,0.005013578892546944,0.0021153644306797226,0.004466950852424212,0.004414131051434067
2026-01-26,0.005078147060609828,0.0036445486992491283,0.004203370109290283,0.006302397672234505,0.006297757379793101,0.0023990355992418166,0.0068556862308737365,0.00875537276890559,0.008499426176002745,0.0036400801188458676,0.00876371932824771,0.00875537276890559
2026-01-27,0.003984264729684606,0.002109054060033033,0.005837217670240147,0.012430188307473333,0.005044298664797164,0.0022625294295008924,0.008511920481288904,0.012450462299276932,0.013500875273294355,0.0055262417350741,0.012459501196168787,0.012450462299276932
2026-01-28,-0.00010066990364987483,-0.0002202541267908309,-0.00016846285056049126,0.0009333450156807643,-0.00019841513494589513,-0.00018573380008768403,0.019976979478993018,-0.004588673859725501,-0.0029119328289900492,0.0031724341903374143,-0.004577964400577894,-0.004588673859725501
2026-01-29,-0.0019843824489698125,-0.0011915817824947883,0.0031729007767142825,0.007789844348518482,-0.0026224169677245834,0.0007312092037705664,0.0010758891803537285,0.02528203201406165,0.02066955609092802,0.002506790836875883,0.025306186431155675,0.02528203201406165
2026-01-30,-0.0029825802604032114,-0.0018707853923585205,-0.009718956626776132,-0.021762575953500618,-0.003950040608405203,-0.005012413009989003,-0.050247478960898206,-0.01669685143556443,-0.019055425276470306,-0.013684301869187454,-0.016687827292956148,-0.01669685143556443
2026-02-02,0.004971362130935519,0.0025189918129726596,-0.002610722364904672,-0.011260981075299048,0.006389498621349965,-0.0004274280986472645,-0.018415045309479683,-0.0027936291685656256,-0.003916800160577605,-0.0042462623722810955,-0.002779878571281147,-0.0027936291685656256
2026-02-03,-0.00845539643070059,-0.005037215169345077,-0.0006718792748041658,0.011923597984900836,-0.011066838806427892,0.00037276689853738,0.029223530161159417,-0.017449124653714065,-0.01428085602784157,0.0036198306297445804,-0.017438026208266733,-0.017449124653714065
2026-02-04,-0.004843921678897134,-0.003149136308474465,-0.0031852745946294725,-0.008149894019522486,-0.006370511320529015,-0.0002003126131543409,-3.8968866801658564e-05,-0.023867342956325865,-0.02227328000077089,-0.002118872134161065,-0.02385414062350255,-0.023867342956325865
2026-02-05,-0.012489211256201727,-0.005775349796743212,-0.007827129574669689,-0.007400845348149776,-0.01631237331516755,-0.003498416063310472,-0.009976593215065166,-0.0025942681218492636,-0.0037573873595976304,-0.008220031613417556,-0.0025858549626709415,-0.0025942681218492636
2026-02-06,0.019184711840951385,0.011741731031027491,0.019010858744798798,0.027491622362240342,0.024861317234796454,0.01182025496215422,0.014010139082228257,0.02942991702487463,0.02999264292992554,0.016530427095771794,0.02945782507182093,0.02942991702487463
2026-02-09,0.004821832103010459,0.003010815820607915,0.006973427419358247,0.008310466481162848,0.006174162856840804,0.002679333901904002,0.010416338206233444,0.013359466469673675,0.013780248078210322,0.006487682419424434,0.013365509629216676,0.013359466469673675
2026-02-10,-0.002637160432080843,-0.0004268977807795338,-0.0006611280448260981,-0.004568910953322569,-0.0034338088364188613,0.0014259804796901143,-0.002785373551972614,-0.006193905562236313,-0.005905548905641322,-0.001703811741233685,-0.006190684097350241,-0.006193905562236313
2026-02-11,-0.00023105881441631837,-0.0010554760168095534,0.0028724613540378474,0.014535029481449246,-0.0003607032966146395,0.0014977902571053914,0.004611261936258382,0.005610001440605306,0.006177353779018624,0.003378669336513873,0.005616253295561258,0.005610001440605306
2026-02-12,-0.0154488742279012,-0.007482839857896217,-0.009102696017002754,-0.015159124418018255,-0.019718590324922514,-0.003462788333655542,-0.01447423243163104,-0.016846356108348948,-0.01674383048417971,-0.010139201439409384,-0.016841885496052478,-0.016846356108348948
2026-02-13,0.0007044854938154099,0.0016929965164687033,0.0036936826625331154,0.008619714640583753,0.0008225634103342649,0.003889694813636657,0.013103719755643173,-0.005431962386349576,-0.004086699959639506,0.004270618318720443,-0.005423752656173897,-0.005431962386349576
2026-02-17,0.0016134664707250224,0.001006964862737103,-0.0011118164894338145,-0.008464052472922035,0.0019762883837866063,-0.00019179529056290168,-0.014042222027751405,0.004184946006720924,0.0028880022688142493,-0.00283201771680619,0.004190109025533406,0.004184946006720924
2026-02-18,0.005037758541617032,0.002465118211526285,0.005263512072606558,0.014803357875500245,0.006458919991181533,0.002162453068282,0.011248507605470248,0.015042757841324583,0.015243030444233918,0.0063416218867311525,0.015052674271140987,0.015042757841324583
2026-02-19,-0.0026374339404172664,-0.0015045255501291432,-0.00010814822420956993,0.001325329827628119,-0.003501215610141717,-5.7222885434971005e-05,0.001815508227706486,-0.002140507949505044,-0.0021715961893800095,0.00018831262597807097,-0.0021373755163147656,-0.002140507949505044
2026-02-20,0.007231864589122949,0.004415083043109336,0.005306944241816547,0.005421111164845893,0.009327271365621836,0.0036513926079526637,0.00892573480126102,0.008540070570888902,0.008833711547820533,0.005461975093178362,0.008543163650309271,0.008540070570888902
2026-02-23,-0.010211314710874664,-0.005339784435851036,-0.0033857143892985775,0.0050796134522550496,-0.013350218270192782,-0.0023268569915473325,0.01387216566866667,-0.0021285871016616387,-0.0002669509656154645,-0.0009327790782426293,-0.0021156682748223465,-0.0021285871016616387
2026-02-24,0.00726845293039502,0.004317935235063519,0.004550362837497213,0.0010521099671449985,0.009374821958348711,0.0036319889062843558,-0.006424371870029977,0.00515942411307968,0.0046599556894051375,0.00253920340482483,0.005162049277697589,0.00515942411307968
2026-02-25,0.008438348943581309,0.004860917351390048,0.006010410206137129,-0.0006970118138107662,0.01089523110841295,0.00321185217818587,-0.0015257894467765043,0.013428578145563641,0.012768453562114201,0.0043860298893174665,0.01343369533002603,0.013428578145563641
2026-02-26,-0.005554476391621099,-0.002702723656918926,-0.0038562962575521276,-0.004943529741499808,-0.0072945099241282785,-0.001285978705518498,0.005102942744759975,-0.020194179735665174,-0.02012722838654435,-0.002521088430873286,-0.020173998346846522,-0.020194179735665174
2026-02-27,-0.004801943258527341,-0.002093913075241871,-0.0026373110880608674,0.006653396580220683,-0.006315922981153577,-0.0001760080605768266,0.007354582673105181,-0.012717061828159792,-0.011576862568487334,-0.001474026384641891,-0.012708693015800465,-0.012717061828159792
2026-03-02,0.0005685787823312971,-0.0012596970267249041,0.0007200717034270276,0.0004955196050868693,0.0006675951243575451,-0.0015597470683976766,0.006295544412447729,0.00021116135907273126,-6.78646204054223e-05,0.002730128476342575,0.0002249560868612388,0.00021116135907273126
2026-03-03,-0.00881433848279567,-0.00572936364633525,-0.011934826602288617,-0.025610677401696536,-0.011533603643772317,-0.007869143059577532,-0.021437485553879365,-0.018964095558907546,-0.020634552080903035,-0.01183118410270656,-0.018901825216443235,-0.018964095558907546
2026-03-04,0.007055308353084655,0.00407053452167605,0.006116137942005384,0.005315445503430327,0.009097817026306299,0.003318447508971367,0.0029069735339875002,0.015637413063634975,0.015230567924519933,0.005247405647930803,0.01564548515599906,0.015637413063634975
2026-03-05,-0.005575546846393831,-0.004500513170019649,-0.007912333670684557,-0.014271562875954213,-0.0073219097435068825,-0.005728602463839105,-0.006282247897114401,-0.010288383789292643,-0.010194191999547297,-0.006484454333418155,-0.010281297208174278,-0.010288383789292643
2026-03-06,-0.013107135070836495,-0.008348815443115831,-0.009517251348708955,-0.009176232932783912,-0.0171159155781756,-0.005184439026180154,0.00685733566011848,-0.025742944481809915,-0.023391708444250314,-0.0060878746452885935,-0.02572880016773227,-0.025742944481809915
2026-03-09,0.008760025013039074,0.006531795557823905,0.0072174718358142265,0.010303178579409211,0.011313284707918925,0.004526901354549251,0.0005606934961190913,0.020435144754271883,0.019780975013790725,0.0049573695921922845,0.020450850785946884,0.020435144754271883
2026-03-10,-0.0016071269053671289,-0.0022793184328251392,-0.00016450582068006092,0.0018582809400624622,-0.002161414121787164,-0.001845200109425238,0.003468769874514166,0.009252354131373153,0.009134665247343854,0.0011438422233278622,0.00925783306310013,0.009252354131373153
2026-03-11,-0.0012551629285171284,-0.002552631700505903,-0.0014657477026840393,0.0010918955810068631,-0.0017037235072532297,-0.002513537759223916,-0.00325678742994695,0.0016422787488259427,0.001504411893475055,-0.0004306371693186817,0.001644446870405769,0.0016422787488259427
2026-03-12,-0.015184948869363502,-0.010601552946206683,-0.01134245197057382,-0.006520072869780513,-0.019817884918464923,-0.00752775985730425,-0.00945876733287554,-0.017868653345104124,-0.017407629336560926,-0.00953554145113078,-0.017863878156206936,-0.017868653345104124
2026-03-13,-0.005660109501006372,-0.003720703235518541,-0.004844625898767552,0.0003362578681032069,-0.007435677714176636,-0.0019326958312347875,-0.005339930219531941,-0.011576991536954573,-0.010726212139009372,-0.003813080899857435,-0.011568580281141605,-0.011576991536954573
2026-03-16,0.010176866111483163,0.007675546363123953,0.008616626821105644,0.0067926692577677805,0.013118683746414339,0.005392013999505396,-4.43341366278549e-05,0.015082564055991954,0.014272026912798719,0.005687060256832632,0.015087831355661718,0.015082564055991954
2026-03-17,0.00263055486997521,0.002381265135574573,0.0013970445382209817,0.0023651774888855392,0.0033061823881659347,0.001739708848432553,-0.0009033349688576386,0.001094524486793036,0.0012708761317785644,0.0005789750941662675,0.0011004782968835336,0.001094524486793036
2026-03-18,-0.013953645387120184,-0.01006024111076853,-0.012063107634231685,-0.01845684562406269,-0.017804030467260867,-0.00795353427220391,-0.015215623588312965,-0.014290614150634595,-0.015315200830546827,-0.010662230101617376,-0.01428492435931894,-0.014290614150634595
2026-03-19,-0.0024643404851918405,-0.0010375769843546934,-0.00380857085967945,-0.005587862480307959,-0.00328239430690358,-0.002091034821950166,-0.020570936875404455,-0.0035964078613762718,-0.0049061341136662495,-0.006883146124179396,-0.003588153411496542,-0.0035964078613762718
2026-03-20,-0.01433577587250423,-0.011941348124033024,-0.018174058545515237,-0.024911619469928814,-0.018227629586401672,-0.014100861607986181,-0.01721923492732924,-0.02366317074124491,-0.0245709898172346,-0.014865165799533564,-0.023655757579440384,-0.02366317074124491
2026-03-23,0.01050001924493782,0.007796870504931164,0.009801276050600105,0.007329167980304252,0.013380304692382161,0.00723930381243032,-0.009715419155843064,0.018931247228939796,0.017266586531899053,0.004926926806206211,0.018940902662134995,0.018931247228939796
2026-03-24,-0.0033568497522664664,-0.003104995512244191,-0.0010408549567154646,0.009985784132625186,-0.00429608877794041,-0.0009373231837106477,-0.00023033736326671939,0.001939265457705286,0.0021611786415587364,0.0017058214794090087,0.0019505692262902219,0.001939265457705286
2026-03-25,0.0055727589473859585,0.004760283666486176,0.00674740891131953,0.00013480568957224826,0.006837405435468735,0.005583123470360274,0.01582684519945854,0.005632610416554273,0.006924079506514413,0.004893549525706975,0.005640210570335924,0.005632610416554273
2026-03-26,-0.017858744158138706,-0.012981234239315964,-0.016748702129084192,-0.009295604353991016,-0.022213100526628393,-0.009732854226082943,-0.01830209467167143,-0.037514596196693395,-0.035772968634221414,-0.008620895469619638,-0.03750060798088384,-0.037514596196693395
2026-03-27,-0.017051883523327982,-0.01027985569268941,-0.008443849384322077,-0.002069413357634442,-0.021126918973383924,-0.00594783980763447,0.015148304013434144,-0.016947230608212238,-0.013434930709949389,-0.001825771021532141,-0.016938382238263605,-0.016947230608212238
2026-03-30,-0.0033434623831846144,1.951475275574488e-05,-0.0012263273992993984,-0.008055210773625365,-0.0040469602408853556,0.0009942043948532042,0.003685365580096356,-0.009959037514391755,-0.010268718314661252,-0.0026139690287909634,-0.00994348139804102,-0.009959037514391755
2026-03-31,0.02906792569891481,0.018356827203955373,0.023124798163648208,0.00997709774997535,0.033306768440605206,0.014265773773678658,0.015772332480727957,0.04189206836041737,0.040523200813383564,0.007358185765890646,0.04190452380270404,0.04189206836041737
2026-04-01,0.007534463782890022,0.004788289534131573,0.004258387991454393,-0.003915751518132948,0.008534197421341316,0.0017866052865216364,0.007676489120140184,0.013502510867645201,0.013398733894524728,-0.0010383229945640782,0.013509976343314634,0.013502510867645201
2026-04-02,0.0009004744280911581,0.0014688894505909822,-0.00034867098902580107,-0.008118108458911588,0.0009261514871321541,0.0016853709186697152,-0.006709005124998169,-0.00962819575809526,-0.00994576701447436,-0.00031247359873065594,-0.00961660118373675,-0.00962819575809526
2026-04-06,0.004726797348638012,0.0021073634295636356,0.001409247229490429,-0.0006337552661378476,0.004899238834719322,0.0014080685164643558,-0.0026730233391644154,-0.0022601790276136624,-0.0022319976348830206,0.00044040538274670027,-0.0022559072686195725,-0.0022601790276136624
2026-04-07,0.0004400741058487867,0.0007482389408679513,9.153075636381125e-05,-0.002959222599706046,0.00044641900507191856,-0.0010267190461310527,0.004027405419751995,0.0019422828650486057,0.002214053526583104,-0.0018291270318315789,0.00194339614286676,0.0019422828650486057
2026-04-08,0.025469554638327674,0.016319491496404215,0.021221586938056314,0.015009917606325862,0.02651457226720111,0.013266412364870028,0.002010437171708901,0.04486263841565119,0.042053044905840054,0.007427478280327637,0.04488639165848762,0.04486263841565119
2026-04-09,0.00576909117108837,0.0037003464678486697,0.004391483051634726,0.0057487852164046505,0.005936598639147528,0.0023607260242239914,0.002994385464839322,0.011866703162651593,0.010843557711496032,0.002175300467914143,0.011873636688155331,0.011866703162651593
2026-04-10,-0.0006617805145495703,-0.0010810554730535937,-0.0003866696902881106,-0.0018442973035782684,-0.00065170645017254,-0.001756403679318952,-0.0017766590083578837,0.009983570019108212,0.009667801162269063,-0.0005916787140620716,0.009992961351437568,0.009983570019108212
2026-04-13,0.009772397784351794,0.006665187710867215,0.00592298092736776,0.0028370004965847517,0.00955071813511399,0.0037739089771533507,-0.0016293380626334342,0.00802183839337478,0.007451371336922419,4.999287264162433e-07,0.008026029987034278,0.00802183839337478
2026-04-14,0.01218488075237012,0.008351341556390057,0.010461468956527886,0.0008161074649977174,0.011904636937766666,0.0065179910012407305,0.011076234215133374,0.01945788244316704,0.018644126361266666,0.0009499004827220325,0.019468940448978955,0.01945788244316704
2026-04-15,0.007890994867038925,0.00408864856395641,0.0012165754298498754,-0.009964840076093107,0.0076496368675074145,4.681974621023599e-05,-0.00598541350642301,-0.00202528616031894,-0.002586861191070877,-0.0038357913919274678,-0.002012121263679889,-0.00202528616031894
2026-04-16,0.002457311622604319,0.0009103956402434221,7.161376995856727e-07,-0.0044819546678512845,0.0023517599985247717,0.0002905835015090119,-0.000816876336425354,-0.012323700127459758,-0.011885054593673505,-0.001292823468365789,-0.012305410889328017,-0.012323700127459758
2026-04-17,0.012085685130224011,0.008735126100996027,0.00989426288625106,0.00739812740865653,0.011495246336870268,0.006708658790026245,0.007987142285680093,0.01825853877558048,0.01765253786212373,0.001965322502056388,0.01826523768430177,0.01825853877558048
2026-04-20,-0.001999667552905704,-0.001240791953221354,-0.0022744732695859637,-0.0040642347721500105,-0.001984476578156258,-0.0012225243566541533,-0.004428160774140877,-0.0012835702726974318,-0.0010693197117978004,-0.0006351525278522896,-0.0012745867090812046,-0.0012835702726974318
2026-04-21,-0.006546949154936255,-0.005411900265063552,-0.007107856635241605,-0.006147865213718573,-0.006487629652637605,-0.005142371906793564,-0.013455361403926003,-0.008437181152322282,-0.009510447482999451,-0.002343194362280032,-0.008432747764714144,-0.008437181152322282
2026-04-22,0.010126696838070659,0.006634816648420028,0.004702425531916576,0.0005025171029169329,0.010041518431645358,0.0029089407510221044,0.006716184093739974,0.0026461859825148704,0.003246827033537514,0.002028962984962801,0.002654331718848546,0.0026461859825148704
2026-04-23,-0.0038807239498251933,-0.00297204134918172,-0.0028732995947629014,0.00820345061264205,-0.003838573538813228,0.0005933692614603636,-0.004677427897835651,-0.012931488091267096,-0.01245214524375915,0.0013825998299283881,-0.012926094617495831,-0.012931488091267096
2026-04-24,0.007749297960024215,0.005209632069411274,0.006780814376320166,0.008165063264520711,0.007601173606983647,0.0028098055909837605,0.0024594222880098826,0.02041249308222337,0.019871789605982126,0.005013443103935256,0.020422169964786185,0.02041249308222337
2026-04-27,0.0017228064887020444,0.0004297044496603952,0.00010431863664828178,0.00791066903166171,0.0016843071421357436,-0.0004668052792516919,-0.004754547053154257,0.0024669540914386,0.00171493933476774,-0.0006097066622070546,0.0024795466788898324,0.0024669540914386
2026-04-28,-0.004865948728146163,-0.0030826302183672993,-0.0027518950842669865,0.0046483594780710735,-0.004748339886457509,0.00045636066791288066,-0.007874941185988305,-0.01526323205594804,-0.015145549389833701,-0.0011520500449833104,-0.01525479146954456,-0.01526323205594804
2026-04-29,-0.00015454109399481997,-0.001865410647002852,-0.0031760210578271053,0.0003145415629957071,-0.00015234853338330634,-0.0024657431031471777,-0.00604253448836134,-0.0024556676837398372,-0.002854911335352539,-0.0008502528487753791,-0.0024489245522866243,-0.0024556676837398372
2026-04-30,0.009949627427204177,0.0065315648854162855,0.0031041542757905827,0.0003956645016629512,0.009696158167405766,0.004032128054672901,0.004886070488638428,-0.008917442136404996,-0.004974021948130347,0.004334559350000822,-0.008881710316469005,-0.008917442136404996
2026-05-01,0.0027691138283709726,0.0021872662202839788,-0.0010357477349163258,-0.005079272293866288,0.0027032591844664555,-0.00011789654674487782,0.0005935902678635419,-0.0038103187532482208,-0.003503157250731248,-0.0019140524846142926,-0.003807120046461443,-0.0038103187532482208
2026-05-04,-0.0036633796697419507,-0.0034520942703365476,-0.005126915275406874,0.0007207622691183246,-0.00357805057533489,-0.0033858127670861604,-0.010171415711675125,-0.009572815369388032,-0.010341218900701499,-0.004277785602657791,-0.009562344737992556,-0.009572815369388032
2026-05-05,0.008022185884992261,0.005540635100612423,0.005746916799646229,0.0009621154939885024,0.00783550542481426,0.004498158165814559,0.005124098437882196,0.01071074138923378,0.011178586351547448,0.006339804808366045,0.010726669333320338,0.01071074138923378
2026-05-06,0.013899439445017592,0.010035977016008335,0.012632926626564789,0.007829491932506372,0.013775543501733933,0.006360542958603332,0.014370692429774179,0.03566036057028388,0.03569689974937029,0.011303241485093762,0.03568174787666645,0.03566036057028388
2026-05-07,-0.0030661051573263043,-0.0028078349570859196,-0.005051940997322868,-0.012315762987226808,-0.0031485849618213546,-0.004892583231804193,0.00018210277250352291,-0.002879796181881056,-0.0030874774046449893,-0.006383940084565665,-0.002868917691467021,-0.002879796181881056
2026-05-08,0.008256073001242203,0.005880572152693997,0.004017928988760744,0.020696609540101107,0.008298481242984934,0.002482374469971571,0.0027396860618771335,0.016298391253946054,0.016578888245061263,0.004549923359920882,0.016315535769219736,0.016298391253946054
