,SPY buy-and-hold,60/40 SPY/AGG,Equal-weight universe,Momentum Top-5,Volatility-targeted SPY,Risk parity inverse-vol,Defensive basket buy-and-hold,Full Alpha Trinity rebuilt,Prediction-only MLP/RF,Crisis-only deterministic,Full Alpha Trinity rebuilt no-cost,Full Alpha Trinity no-leverage
2022-01-03,0.0,0.0,0.0,0.0,0.0,0.0,0.0,0.0,0.0,0.0,0.0,0.0
2022-01-04,0.999000999000999,0.999000999000999,0.9990009990009986,0.999000999000999,1.1004060523765729,0.9990009990009989,0.999000999000999,0.09652650891752104,0.08775214178028241,0.1099879013308536,0.09653582718390459,0.09652650891752104
2022-01-05,0.0,0.007732506154682683,0.014383587994273112,0.4008138509604463,0.001211560632306874,0.012301790067831267,0.0,0.0031252542117869795,0.0028615664168142145,0.002065603571331103,0.0031254827894581613,0.0031252542117869795
2022-01-06,0.0,5.895093047392219e-05,0.009028178799847963,0.40531532117453994,0.04222770407393739,0.020598381810498674,0.0,0.0013651930391738796,0.0012429067560964374,0.0010575114830249444,0.0013651655205756215,0.0013651930391738796
2022-01-07,0.0,0.0004934977402491492,0.007211635282277619,0.8043788720978131,0.000780363559915509,0.01323573269321596,0.0,0.0013035629714671223,0.001189237487238354,0.0008652564086418643,0.001303627461410062,0.0013035629714671223
2022-01-10,0.0,0.00017052242595577694,0.006339706107713165,0.4025579267724085,0.0026299544184720247,0.011702654418900336,0.0,0.0007466811383350677,0.0006787085175379922,0.0008067305336338093,0.0007466787124133624,0.0007466811383350677
2022-01-11,0.0,0.003475879938244497,0.006762056472496308,0.4154672211477004,0.02917456328373924,0.00879171165578092,0.0,0.0011429115037009598,0.0010490938910817761,0.0010720581576931405,0.0011428011717935565,0.0011429115037009598
2022-01-12,0.0,0.0012979195182550862,0.0046504226006437235,0.002449060321720181,0.0024651603786653986,0.008277374396885594,0.0,0.0005772515347868459,0.0005274681412161409,0.0005610599412060636,0.0005772128944916371,0.0005772515347868459
2022-01-13,0.0,0.007464738572416252,0.010973636615082084,0.016205183522749633,0.001174797479821077,0.011751649381840814,0.0,0.002371875746708005,0.0021744007709994673,0.0014410159031929036,0.00237207464951771,0.002371875746708005
2022-01-14,0.0,0.0028776610518410073,0.00856547676644083,0.010029559542193617,0.019352126718377827,0.013820606882425352,0.0,0.0012065431366133387,0.00110255543660083,0.0009583969344783231,0.001206470984765829,0.0012065431366133387
2022-01-18,0.0,0.005589671683781439,0.010367616473895606,0.40351815052410156,1.3831106106421132e-05,0.0193883577602855,0.0,0.002416052661174321,0.002211567612403423,0.0019950636309866068,0.002416229368620603,0.002416052661174321
2022-01-19,0.0,0.006016233783117553,0.010003793625850611,0.013950613642360027,0.03568507589295411,0.011215051624344004,0.0,0.0014562214980215309,0.0013306068809332472,0.001175658519604282,0.0014563056144043722,0.0014562214980215309
2022-01-20,0.0,0.005569246262932315,0.007116613853231944,0.01040169127702173,0.011436029994746688,0.009390760773932775,0.0,0.0015567944829462826,0.0014246281064235664,0.0010590257917922567,0.0015569150313194243,0.0015567944829462826
2022-01-21,0.0,0.011309757061705783,0.010196133564646784,0.011416792783157326,0.009282472655343432,0.009385487270767537,0.0,0.0020492756308706293,0.0018810907699586873,0.0016073887805929596,0.0020494734593887835,0.0020492756308706293
2022-01-24,0.0,0.002595168721005181,0.0065380205541095415,0.40321615285707557,0.034462653050447045,0.00962273471785973,0.0,0.0005018046148946883,0.0004565786904705922,0.0007762359698874994,0.0005017959376290536,0.0005018046148946883
2022-01-25,0.0,0.005388324496610919,0.013458587415719717,0.014040625475361446,0.00033471530230966273,0.012143414449558977,0.0,0.002913206552423535,0.0026614644133507765,0.001889375370437517,0.002913419621161085,0.002913206552423535
2022-01-26,0.0,0.001496361613449959,0.008236658036797968,0.4009969557365325,0.0025414328868521574,0.012710075123816438,0.0,0.8968486297609464,0.0011743275029522599,0.9087915882014697,0.8975661086647551,0.8968486297609464
2022-01-27,0.0,0.003964453488923547,0.010979052485930674,0.010015630102606699,0.0005879750068331635,0.016305545212837988,0.0,0.008050517768481702,0.0015979797733115982,0.008050517768481702,0.008048907664928051,0.008050517768481702
2022-01-28,0.0,0.011579781284799529,0.010709697151817452,0.40565611434633003,0.0014533019141861336,0.009493186472813263,0.0,0.0009206741464166113,0.0022043554423772705,0.0009206741464166113,0.0009204900115873382,0.0009206741464166113
2022-01-31,0.0,0.008689831560916794,0.014918249907585397,0.006028074317692339,0.05254946552467599,0.023634223081460914,0.0,0.004895768341725282,0.0028323165743762637,0.004895768341725282,0.00489674749539365,0.004895768341725282
2022-02-01,0.0,0.003411702640779335,0.00753101979906598,0.0145872996022271,0.022170874664636187,0.017582699867745525,0.0,0.0013819224474769243,0.0009049630154848755,0.0013819224474769243,0.0013821988319663858,0.0013819224474769243
2022-02-02,0.0,0.0041474418238888755,0.005924219626053218,0.006918911257103866,0.002623688496853571,0.013499960186545042,0.0,0.002855142427060031,0.001122762590635003,0.002855142427060031,0.0028557134555454167,0.002855142427060031
2022-02-03,0.0,0.009346838861201634,0.029811858023311114,0.0034574973170387047,0.0036558160393876937,0.01834426812746543,0.0,0.0015113519278807108,0.004263475933621603,0.0015113519278807108,0.0015116541982662657,0.0015113519278807108
2022-02-04,0.0,0.005277546606955563,0.008283292331558119,0.00874876947833772,0.03429657051493973,0.029029241531831305,0.0,0.0008678489895452834,0.000976819577175088,0.0008678489895452834,0.0008680225593432067,0.0008678489895452834
2022-02-07,0.0,0.0019740495564586347,0.00721501467247633,0.003989433508867546,0.0008865928719853367,0.008909075655588192,0.0,0.0025078684023823183,0.0012115536337500244,0.0025078684023823183,0.002508369976062741,0.0025078684023823183
2022-02-08,0.0,0.00542505802396237,0.007635041690981177,0.4073786814423016,0.0019946645707290545,0.022775631483884257,0.0,0.00047442002876707523,0.0011492280852597875,0.00047442002876707523,0.00047451491277283875,0.00047442002876707523
2022-02-09,0.0,0.0067223250028399795,0.012008805339157928,0.004271726937533499,0.006271101224991971,0.01083401444533578,0.0,0.0016920925472287962,0.002774914716376063,0.0016920925472287962,0.0016924309657382341,0.0016920925472287962
2022-02-10,0.0,0.004188015844570625,0.007463618746356648,0.005477291675394569,0.007123158149594633,0.008543398159623935,0.0,0.2019211535771961,0.0019233634405528871,0.2019211535771961,0.2019211535771961,0.2019211535771961
2022-02-11,0.0,0.012621953812282094,0.01648145962342988,0.010495544726304012,0.014436964187961254,0.024262555324936576,0.0,0.004427925227251772,0.003254615795238248,0.004427925227251772,0.004427925227251772,0.004427925227251772
2022-02-14,0.0,0.0012209613125543917,0.00537101745738696,0.4015298033181224,0.01727689582032732,0.015324272963553216,0.0,0.0009692591092478886,0.000760106868521218,0.0009692591092478886,0.0009686775537823267,0.0009692591092478886
2022-02-15,0.0,0.008532010848841143,0.015154907424305732,0.7976189485384054,0.0026280893942423056,0.012664167042489622,0.0,0.0016867365569444015,0.003252346110621569,0.0016867365569444015,0.0016867365569444015,0.0016867365569444015
2022-02-16,0.0,3.3060265321238624e-05,0.003747742222621149,0.0025215819375934423,0.013569111342547902,0.010286219514899523,0.0,0.0036691751449255405,0.00039522491668441155,0.0036691751449255405,0.0036691751449255405,0.0036691751449255405
2022-02-17,0.0,0.011260277911799454,0.01492062707184117,0.40761848386940547,0.0033296823822761556,0.012987688369112037,0.0,0.0039834405238241555,0.002913149926126152,0.0039834405238241555,0.0039834405238241555,0.0039834405238241555
2022-02-18,0.0,0.004114125819550785,0.005432783656473886,0.4014617542028996,0.018302047636188146,0.011845776845090897,0.0,0.0010387696964122006,0.001197858044912225,0.0010387696964122006,0.0010387696964122006,0.0010387696964122006
2022-02-22,0.0,0.004625833496105902,0.006626019255626392,0.4045217695897482,0.0007959555457479617,0.00676007090296997,0.0,0.0005100678028271965,0.0008207656997397737,0.0005100678028271965,0.0005100678028271965,0.0005100678028271965
2022-02-23,0.0,0.006370343037950976,0.008998072150415141,0.004586589902179444,0.00021841716533799183,0.01091829394244986,0.0,0.0010023735177874804,0.0020080249069430157,0.0010023735177874804,0.0010023735177874804,0.0010023735177874804
2022-02-24,0.0,0.006346147077244735,0.018876514204405587,0.005765743008303348,0.005107596330310327,0.026125263756608296,0.0,0.004380673130597257,0.003081081505757551,0.004380673130597257,0.004380673130597257,0.004380673130597257
2022-02-25,0.0,0.01011032262296957,0.011438648315988419,0.019903439933579403,0.0075704811964717456,0.02031842594108608,0.0,0.0009997584519272351,0.001471318401203073,0.0009997584519272351,0.0010003583069984057,0.0009997584519272351
2022-02-28,0.0,0.004687944797339527,0.009125784977180834,0.41098638624967976,0.007538393975912605,0.012710038877017911,0.0,0.0026452733778995485,0.0007152884867531609,0.0026452733778995485,0.0026452733778995485,0.0026452733778995485
2022-03-01,0.0,0.01001339100729387,0.01488572740538565,0.011911220524262162,0.007406238145374777,0.025999227024502396,0.0,0.0031306017752962823,0.002001630570273745,0.0031306017752962823,0.0031306017752962823,0.0031306017752962823
2022-03-02,0.0,0.01459381648118474,0.012110421797741668,0.009915749891950348,0.0013145399340027675,0.015467102622878363,0.0,0.002891860507304944,0.0019426659702213942,0.002891860507304944,0.002891860507304944,0.002891860507304944
2022-03-03,0.0,0.00401098726316329,0.01231067308461619,0.006911178892456404,0.012095411987754434,0.025050423447640965,0.0,0.0011755817098509924,0.0013578073473340113,0.0011755817098509924,0.001174876360825139,0.0011755817098509924
2022-03-04,0.0,0.005821121498852222,0.01602743052272463,0.011432546173520075,0.007216891315237617,0.018341119636107177,0.0,0.0028306288914141664,0.002095667547321975,0.0028306288914141664,0.0028289305140792864,0.0028306288914141664
2022-03-07,0.0,0.011362473645216697,0.019218114918747885,0.010663100221138866,0.02353663633803016,0.0317740297065735,0.0,0.0026500915415104687,0.0034454390491814586,0.0026500915415104687,0.0026485014865855194,0.0026500915415104687
2022-03-08,0.0,0.001931699221923877,0.009261292872137408,0.4064706051476078,0.03203868854553016,0.017466121341862248,0.0,0.2102591755529008,0.0007954525104629287,0.2102591755529008,0.21030122738801138,0.2102591755529008
2022-03-09,0.0,0.013882212403388328,0.023911791673191497,0.009316313740718701,0.005334183240506274,0.024004488329396056,0.0,0.006772822105826248,0.003971283759674402,0.006772822105826248,0.006771467541405118,0.006772822105826248
2022-03-10,0.0,0.0005179487599586419,0.008703848690425939,0.00893353107578701,0.025649120851114593,0.027016094774349755,0.0,0.0008582847542199512,0.001313640633885926,0.0008582847542199512,0.0008581130972690754,0.0008582847542199512
2022-03-11,0.0,0.006013429642951484,0.008268081324937754,0.004993200160594513,0.004177227616283363,0.010447128340995714,0.0,0.004654578370870577,0.0015670403587635792,0.004654578370870577,0.004653647455196364,0.004654578370870577
2022-03-14,0.0,0.001141157803044579,0.010785705365253348,0.010267354558777975,0.002116347637157845,0.011022349024756073,0.0,0.005276701550934737,0.0016328112825379285,0.005276701550934737,0.005275646210624596,0.005276701550934737
2022-03-15,0.0,0.009484208038361308,0.016040598008524143,0.014559629542395036,0.005735752242205239,0.01581326532924328,0.0,0.0062823441349234566,0.003482409996542131,0.0062823441349234566,0.006281087666096474,0.0062823441349234566
2022-03-16,0.0,0.01028892262166109,0.02269296969994767,0.005565796755471475,0.023066564669719347,0.023774874722103326,0.0,0.005124008393911583,0.003496332524075003,0.005124008393911583,0.005125033195590378,0.005124008393911583
2022-03-17,0.0,0.005203730093774284,0.007068079634371373,0.009972363729392392,0.017980828894807566,0.027186640748112518,0.0,0.0026726415159215033,0.0011133635411292196,0.0026726415159215033,0.002673176044224679,0.0026726415159215033
2022-03-18,0.0,0.004190247465852337,0.012662659864111817,0.40285083371648167,0.004675025821370582,0.009150115126939255,0.0,0.0036227482480440942,0.0025838228941774677,0.0036227482480440942,0.003622023698394483,0.0036227482480440942
2022-03-21,0.0,0.00456747023671733,0.009388673868234505,0.4121700381374508,0.006735726392048558,0.009281418800073436,0.0,0.0012266294371865438,0.08915363596418063,0.0012266294371865438,0.0012268747630739818,0.0012266294371865438
2022-03-22,0.0,0.006918135651562185,0.008179048623330964,0.003961398414025014,0.001420611993629306,0.012374933961189894,0.0,0.0024589981753311285,0.08171571729312414,0.0024589981753311285,0.002458506375696057,0.0024589981753311285
2022-03-23,0.0,0.008158264217241529,0.011349792831953934,0.006274847041170234,0.0008906018311166664,0.01006078222729701,0.0,0.00446099423816515,0.07486918962718432,0.00446099423816515,0.004461886437012785,0.00446099423816515
2022-03-24,0.0,0.00831189949437372,0.012814635819411335,0.00471094833653482,0.0003837953182070919,0.009157546049310395,0.0,0.002158227019083414,0.05995207790967811,0.002158227019083414,0.002158658664487223,0.002158227019083414
2022-03-25,0.0,0.006160454181003638,0.007645511364494935,0.008103799409961587,0.00959453515355091,0.008249296460002003,0.0,0.0016261729312146422,0.05866343994617059,0.0016261729312146422,0.0016258476966283797,0.0016261729312146422
2022-03-28,0.0,0.002238486350180202,0.008198846188043916,0.011522160415247285,0.0024052481967731243,0.010677815963651483,0.0,0.007766575616762139,0.05372280291375631,0.007766575616762139,0.00776502230163878,0.007766575616762139
2022-03-29,0.0,0.0036821057817352787,0.008654312920661413,0.004958109939950772,0.004436964353419559,0.008413584772005225,0.0,0.1989649948697106,0.04816651618999971,0.1989649948697106,0.19884561587278876,0.1989649948697106
2022-03-30,0.0,0.0042657614562782165,0.009060246676708128,0.004930226175872188,0.0038136259994985267,0.008964372610091408,0.0,0.15325825443759428,0.05226968332913337,0.17053866484041272,0.15318970791570358,0.15325825443759428
2022-03-31,0.0,0.0071622128036296084,0.0070974123106506,0.005341177353982679,0.0034501106806457127,0.00781337173422128,0.0,0.14325115354780832,0.05119224700168784,0.0028858161512959283,0.14320722895135118,0.14325115354780832
2022-04-01,0.0,0.002213263587623915,0.007523761907096603,0.007096308266969303,0.007394357658350947,0.008906202257440151,0.0,0.0036595438454234876,0.005526853125338849,0.00317674730147712,0.003659324100444233,0.0036595438454234876
2022-04-04,0.0,0.003708250115698586,0.00987329416971014,0.0041414469436586165,0.008733238968312462,0.007760550621320927,0.0,0.12723937361537183,0.006182903190830019,0.15378123599606713,0.12721261488716012,0.12723937361537183
2022-04-05,0.0,0.00121067551190851,0.010851985551742854,0.007703902831091292,0.0001592074245937436,0.010127331177082718,0.0,0.1173166577504925,0.008803212690139714,0.1409085514889004,0.1173051171831191,0.1173166577504925
2022-04-06,0.0,0.0035735895290414654,0.014213769817416413,0.005773612196903921,0.0022113305625048874,0.01362369032975984,0.0,0.22237131356365378,0.013075849194175515,0.2312707306011113,0.2224407815779,0.22237131356365378
2022-04-07,0.0,0.00346586678369748,0.0056741933990993865,0.0037795939790147004,0.0038885387111847747,0.008425094832267516,0.0,0.0033113325140817816,0.004370458913369754,0.1434823074734482,0.0033113271449007426,0.0033113325140817816
2022-04-08,0.0,0.0011335508533878436,0.010047030874226731,0.00876533772066801,0.0025013390566479554,0.009540107933680908,0.0,0.009207559368712202,0.012039012385551879,0.09229437301812539,0.009208347512548402,0.009207559368712202
2022-04-11,0.0,0.006140267793797172,0.01113937340101518,0.4105721624324733,0.003879358026961266,0.011456621424678244,0.0,0.01320876979070604,0.010241196654222892,0.009673280085863096,0.013208400565081725,0.01320876979070604
2022-04-12,0.0,0.0032970963605700176,0.00622414745453341,0.40277074224314924,0.0022183881459838517,0.005779923798031871,0.0,0.00610373657593757,0.006481566954788166,0.004881852029423751,0.006102083899771339,0.00610373657593757
2022-04-13,0.0,0.004535060727777318,0.007985393435294745,0.005911349663281162,0.002682266626551022,0.00710982434701961,0.0,0.007425412523567506,0.0065169547168420945,0.005959810728527618,0.007426232262448636,0.007425412523567506
2022-04-14,0.0,0.0020839966332100723,0.009214362380219311,0.40321240032206807,0.007234462341056291,0.009054548924145615,0.0,0.008757972177873413,0.008409904565459933,0.0055010799566810285,0.008755093116769964,0.008757972177873413
2022-04-18,0.0,0.0016750228009468349,0.006775402663906457,0.008697498447572116,0.0015187848356287281,0.00917663016094973,0.0,0.004263290171156302,0.005606734082184511,0.00543946254291223,0.004264811647017196,0.004263290171156302
2022-04-19,0.0,0.010668261533108292,0.01118225968786657,0.00910761927497794,0.00022485273897510094,0.009017737713814694,0.0,0.008941932508349855,0.007977386985311398,0.007319394332364568,0.008940567908831997,0.008941932508349855
2022-04-20,0.0,0.003104391870022649,0.013333111473890609,0.0035652117212299217,0.0043909942937288005,0.013134698785598784,0.0,0.009261445916905427,0.007605383699888665,0.008040125910911597,0.009261533545205813,0.009261445916905427
2022-04-21,0.0,0.004536121357199774,0.011402222784463699,0.4037134884034207,0.0035926879051796368,0.017676684621598958,0.0,0.013203575439264304,0.008933341541599879,0.009377225361578007,0.01320244092934817,0.013203575439264304
2022-04-22,0.0,0.012702473001513115,0.008413824085129543,0.3984499380333989,0.0033775131250067814,0.011924561609994378,0.0,0.009464228008790938,0.006171338318384588,0.010306303241134782,0.009464016081623602,0.009464228008790938
2022-04-25,0.0,0.00043450698755032047,0.010106774767905766,0.4075272409935021,0.02414408104225718,0.01677460085558185,0.0,0.8320506126457875,0.010519711604841164,0.9927229178166902,0.8327162531359041,0.8320506126457875
2022-04-26,0.0,0.015380158962881418,0.015720699508688693,0.0076833064829877895,0.0060800197317725235,0.01655025481403371,0.0,0.0019532518223246975,0.012763549547137145,0.0019532518223246975,0.0019528611719602518,0.0019532518223246975
2022-04-27,0.0,0.0032896038373366743,0.009543511253114756,0.8036599004733818,0.005724839995981279,0.014932599265351822,0.0,0.0052078541709743575,0.00831973374113656,0.0052078541709743575,0.005206812600140165,0.0052078541709743575
2022-04-28,0.0,0.012312445351300827,0.022933361446652638,0.007549792930580418,0.004557881617825665,0.012991179312209812,0.0,0.0009060174700878387,0.011346452879190335,0.0009060174700878387,0.0009052926561117225,0.0009060174700878387
2022-04-29,0.0,0.014859974372469664,0.013171329128703654,0.40525526752521634,0.009289709286700698,0.012400682156144779,0.0,0.0015486202160204798,0.010675619796219182,0.0015486202160204798,0.0015489299400636702,0.0015486202160204798
2022-05-02,0.0,0.005503258850789228,0.014922997865080216,0.4040362183471567,0.031012710794663945,0.021346827584541997,0.0,0.008707497199692826,0.011009306116734683,0.008707497199692826,0.008705755700252893,0.008707497199692826
2022-05-03,0.0,0.0011195767553937586,0.0050220568512619745,0.009026533545760551,0.009620112582077844,0.01623542020232094,0.0,0.0016751140916418938,0.005476265510187664,0.0016751140916418938,0.0016754491144602146,0.0016751140916418938
2022-05-04,0.0,0.011524829251539748,0.011664845646812666,0.01361696137752827,0.00697875592493058,0.011983710862896175,0.0,0.006860862300952175,0.008917997937712347,0.006860862300952175,0.0068622344734123875,0.006860862300952175
2022-05-05,0.0,0.01230559663798031,0.01609973713924221,0.007098955782847222,0.014281374338401709,0.021124846554280638,0.0,0.004726963341099177,0.012719730027363966,0.004726963341099177,0.004726017948430916,0.004726963341099177
2022-05-06,0.0,0.0008414039386729355,0.007803577624999426,0.010460782136740315,0.022124493409553136,0.008248770114806717,0.0,0.00028033151731288175,0.008514406255236556,0.00028033151731288175,0.00028010725209898224,0.00028033151731288175
2022-05-09,0.0,0.017727603551281335,0.019265210991824128,0.022891596651427898,0.012408388397512016,0.02194500835083241,0.0,0.005358046124477933,0.01712895814232004,0.005358046124477933,0.005356974515253077,0.005358046124477933
2022-05-10,0.0,0.00034870096537142903,0.008934427957290304,0.4045659993393965,0.013503016932851164,0.02202975627353277,0.0,0.003906908076267368,0.007683327187516008,0.003906908076267368,0.0039061266946521234,0.003906908076267368
2022-05-11,0.0,0.009405165330918785,0.014568264032432728,0.006987034926451446,0.009826602783234994,0.01236382433413741,0.0,0.0025077526306233056,0.012907096126512292,0.0025077526306233056,0.0025082541811494163,0.0025077526306233056
2022-05-12,0.0,0.0013883407033956074,0.007625264675451882,0.005278799785164795,0.003691565802853125,0.008301741588988063,0.0,0.008973991487398691,0.006538187228409517,0.008973991487398691,0.008972196689101208,0.008973991487398691
2022-05-13,0.0,0.013530064085801485,0.016440072703267944,0.008834053821483279,0.0006098261800601135,0.008860262059869053,0.0,0.001778983716672955,0.01284689405974592,0.001778983716672955,0.001778627919929665,0.001778983716672955
2022-05-16,0.0,0.0030239862971068177,0.00882593928409759,0.012875962296556909,0.011579223453282106,0.009295493269717226,0.0,0.005005910055269458,0.009897743463540566,0.005005910055269458,0.005006911237280531,0.005005910055269458
2022-05-17,0.0,0.012492554177199133,0.013234884875670677,0.00797421028672396,0.0025238792710943203,0.012164403693617354,0.0,0.0012013569671185942,0.00829874338225107,0.0012013569671185942,0.001202318052692275,0.0012013569671185942
2022-05-18,0.0,0.02127123343520443,0.018120889335154336,0.3913776932327233,0.0015993445461365274,0.02165949182014,0.0,0.0018357997098893963,0.011068073575957727,0.0018357997098893963,0.0018354325499474466,0.0018357997098893963
2022-05-19,0.0,0.004155621307891155,0.006365184293834265,0.00333193746996438,0.02361767362841538,0.02058067120190959,0.0,0.009466285779021588,0.0033874894725771255,0.009466285779021588,0.00946817903617736,0.009466285779021588
2022-05-20,0.0,0.0012371516816513384,0.006043272452570039,0.0042260033497653615,0.003986260416340981,0.015609099652890448,0.0,0.0006222238631125587,0.004849697825156513,0.0006222238631125587,0.0006220994183399609,0.0006222238631125587
2022-05-23,0.0,0.010565152168001801,0.009520297206744438,0.007823303951833643,0.0001232226134294523,0.01124652727601568,0.0,0.0053041450545551205,0.0057339647003238885,0.0053041450545551205,0.005305205883566033,0.0053041450545551205
2022-05-24,0.0,0.0073507086293119195,0.01503781432926097,0.007875147174525032,0.004376116312103551,0.02032123515153726,0.0,0.0038797448573026916,0.008872597546823617,0.0038797448573026916,0.0038805208062742125,0.0038797448573026916
2022-05-25,0.0,0.002249130282675149,0.00778409748999586,0.006787936265611638,0.002807142910442928,0.007549588013270131,0.0,0.003641609784214128,0.00786441772568798,0.003641609784214128,0.0036408814622572727,0.003641609784214128
2022-05-26,0.0,0.009961938981677187,0.011113262279661716,0.0044347027173138875,0.0033317291021752737,0.014397971791601414,0.0,0.0006524638867373422,0.007138230005089259,0.0006524638867373422,0.0006525943795146483,0.0006524638867373422
2022-05-27,0.0,0.01100103403348568,0.010333163841499404,0.007107516363677263,0.007159108827158311,0.019136944106248277,0.0,0.0010690796099970812,0.007993708657362139,0.0010690796099970812,0.001069293425919049,0.0010690796099970812
2022-05-31,0.0,0.0003492824418487861,0.005289022425296906,0.005494371371765144,0.009148949406052376,0.012434162850501631,0.0,0.004298705277433312,0.07441766607440359,0.004298705277433312,0.004297845536377853,0.004298705277433312
2022-06-01,0.0,0.0019117315015227399,0.007489225899892336,0.40263538154993994,0.0025095109568556984,0.008582960163060378,0.0,0.001154859599976854,0.06877663620954197,0.001154859599976854,0.0011539357122969385,0.001154859599976854
2022-06-02,0.0,0.008535842140699579,0.012431450619891156,0.40963194595429064,0.008795024413608465,0.007844705392703192,0.0,0.007930865091114847,0.08159908699541729,0.007930865091114847,0.007932451264133056,0.007930865091114847
2022-06-03,0.0,0.00708386287652607,0.009469295347900808,0.41178580528642933,0.0012093804675499253,0.016780378244106997,0.0,0.005421857553272125,0.011131203912506993,0.005421857553272125,0.005420773181761485,0.005421857553272125
2022-06-06,0.0,0.004403524514563328,0.005223373248119216,0.8080981374934553,0.007301706248646012,0.01773600295869042,0.0,0.0024649427850709227,0.06909738981684689,0.0024649427850709227,0.0024644497965139456,0.0024649427850709227
2022-06-07,0.0,0.0027729110459701056,0.004727681796616208,0.41265653208469977,0.002263294785773806,0.0056394218732062525,0.0,0.002784681592427063,0.00671822934745675,0.002784681592427063,0.002785238528745515,0.002784681592427063
2022-06-08,0.0,0.0032525673497848517,0.0072052970239450675,0.40699399451585083,0.003760096874837693,0.008028670453891707,0.0,0.001504242224267982,0.005811962791156257,0.001504242224267982,0.0015039413758231035,0.001504242224267982
2022-06-09,0.0,0.010896877563458085,0.01066757238328897,0.40689423210530384,0.004670796674023592,0.013881169933949852,0.0,0.0040654338832380454,0.06451285932159939,0.0040654338832380454,0.004064620796461416,0.0040654338832380454
2022-06-10,0.0,0.010200035700465016,0.015116055511578824,0.3956067666602134,0.006340099924003417,0.015893298037513496,0.0,0.0016408624896031565,0.05188263352025192,0.0016408624896031565,0.0016411906621011108,0.0016408624896031565
2022-06-13,0.0,0.010353609673628028,0.014372525530169461,0.40742819399056596,0.005459991321654756,0.031189568227011726,0.0,0.013391836285824577,0.061393306801641484,0.013391836285824577,0.01338915791856743,0.013391836285824577
2022-06-14,0.0,0.0013970059312020111,0.006421401776161337,0.009102695261658328,0.017078858193448565,0.022557572460810374,0.0,0.003735952701810652,0.0528439413037044,0.003735952701810652,0.003735205511270323,0.003735952701810652
2022-06-15,0.0,0.0015105991060279655,0.010419104223704033,0.008447678064090441,0.000569174818125906,0.007966497777425353,0.0,0.007821754923585666,0.014806676781276533,0.007821754923585666,0.007823319274570417,0.007821754923585666
2022-06-16,0.0,0.017033261503576425,0.018140451370207755,0.4103064862443801,0.0038227870338343184,0.02117535656472772,0.0,0.007911387036765472,0.017851612459329667,0.007911387036765472,0.007912969314172846,0.007911387036765472
2022-06-17,0.0,0.0010827462979568492,0.009260025770147971,0.4110673192504828,0.011243375206554385,0.01540347852770361,0.0,0.00700932230041984,0.02091744453488411,0.00700932230041984,0.007007920435959769,0.00700932230041984
2022-06-21,0.0,0.013999609533167146,0.016088270594209343,0.018351769943071583,0.005243846211770875,0.019348850240691898,0.0,0.0005815243998985031,0.014396372126413337,0.0005815243998985031,0.0005819896194183549,0.0005815243998985031
2022-06-22,0.0,0.004951665788250292,0.009371577466494106,0.4109053008107647,0.006337235923135287,0.011507286799556732,0.0,0.002008786094062187,0.014080315176436856,0.002008786094062187,0.0020091878512810135,0.002008786094062187
2022-06-23,0.0,0.002705395588925741,0.012260325008070803,0.020055368307804355,0.001588177690746373,0.01344906116553226,0.0,0.0026385702012985957,0.018859500974005065,0.0026385702012985957,0.002638042487258352,0.0026385702012985957
2022-06-24,0.0,0.01602316650355995,0.016761154606738313,0.4102635565317916,0.00881079248609995,0.02169121667121226,0.0,0.0005024792592734362,0.00865525668086918,0.0005024792592734362,0.0005025797551252986,0.0005024792592734362
2022-06-27,0.0,0.0003042866631499108,0.005785443381258706,0.0030577844100929674,0.012316124338718204,0.014961267498597098,0.0,0.0003177508935003348,0.012813245782871598,0.0003177508935003348,0.0003178144436790098,0.0003177508935003348
2022-06-28,0.0,0.009996741299109935,0.014364238305291245,0.8041148851471165,0.005249833510605595,0.009789652743056166,0.0,0.0029018292777486243,0.018078870446263363,0.0029018292777486243,0.002901248911893084,0.0029018292777486243
2022-06-29,0.0,0.0031565250087204344,0.009305376827283676,0.4126611348799666,0.0018405237553132947,0.009412033089259789,0.0,0.002571092321419166,0.014921475413984541,0.002571092321419166,0.002570578102954857,0.002571092321419166
2022-06-30,0.0,0.006079783756649415,0.007512691472696557,0.009096215810246305,0.002376020525390654,0.010263580514420232,0.0,0.0009044960389067991,0.008196956805491545,0.0009044960389067991,0.000904315139699019,0.0009044960389067991
2022-07-01,0.0,0.0010760513912738134,0.013516422611648399,0.8036632761028494,0.0012979641844652612,0.010922440535396477,0.0,0.0015870499789177317,0.01307047071503562,0.0015870499789177317,0.0015867325689218892,0.0015870499789177317
2022-07-05,0.0,1.5130176665767436e-05,0.016869476434111373,0.40889193269809954,0.001533308192234517,0.011843036896905324,0.0,0.013342282907470249,0.018235874735648236,0.013342282907470249,0.01333961445088877,0.013342282907470249
2022-07-06,0.0,0.004852456634420965,0.00774374116494099,0.40800615185661715,0.00034263951579993623,0.018636901398472384,0.0,0.007532444190936183,0.009171747017685836,0.007532444190936183,0.007530937702098006,0.007532444190936183
2022-07-07,0.0,0.008274576362332364,0.01192953729179392,0.4140072177915838,0.0034492298828816548,0.009237749214067194,0.0,6.834822068707558e-05,0.0130547765750514,6.834822068707558e-05,6.82935421105757e-05,6.834822068707558e-05
2022-07-08,0.0,0.0014007287293272275,0.0033068848353750985,0.001958370747945304,0.0036748302450172465,0.008319581922846512,0.0,0.0004350891099681453,0.002636327213161093,0.0004350891099681453,0.0004351761277901489,0.0004350891099681453
2022-07-11,0.0,0.007710413472532984,0.012224880678396395,0.4059410575144887,0.005805236770261124,0.013339840880265325,0.0,0.006551342307836661,0.006807118721268398,0.006551342307836661,0.006550032039375098,0.006551342307836661
2022-07-12,0.0,0.004907224501508656,0.007377951037687694,0.4080670909890768,0.0010644878337264796,0.013191854926422022,0.0,0.0011998186101705444,0.007275840168475087,0.0011998186101705444,0.0011995786464484848,0.0011998186101705444
2022-07-13,0.0,0.004264004233415775,0.0056521794988839205,0.40452980962012286,0.0031344993377951935,0.008915243200452526,0.0,0.002553753884614207,0.0027990231547849014,0.002553753884614207,0.002554264635391157,0.002553753884614207
2022-07-14,0.0,0.0005250235620387622,0.00904528673249766,0.00419552682526117,0.001868565436390024,0.008476766170286431,0.0,0.007833399229786597,0.00886203577686351,0.007833399229786597,0.007831832549940632,0.007833399229786597
2022-07-15,0.0,0.007286849363589365,0.01031739618832827,0.007163188741165311,0.004680539891359414,0.009324957473438152,0.0,0.0016190621268042937,0.006598758137784546,0.0016190621268042937,0.0016193859392296672,0.0016190621268042937
2022-07-18,0.0,0.0024135742796907445,0.009401805140977736,0.004609690270543004,0.0005097310073782779,0.012078340700119265,0.0,0.002556674292855554,0.013244087421632855,0.002556674292855554,0.0025571856277141203,0.002556674292855554
2022-07-19,0.0,0.013631053316562947,0.015612584912840392,0.4096128276617722,0.007205036672141452,0.017244323005300217,0.0,0.0033675555514375843,0.01202080964832342,0.0033675555514375843,0.003368229062547856,0.0033675555514375843
2022-07-20,0.0,0.0033899896176536326,0.012048691126315271,0.004127780184868368,0.010228240777929165,0.016022156143302293,0.0,0.2982882528152188,0.009047850251395352,0.29828825281521876,0.298138764510058,0.2982882528152188
2022-07-21,0.0,0.00087672226892338,0.008430550397162992,0.8135883193410505,0.005486765775563063,0.011608609761278862,0.0,0.2154979570780322,0.010866492103657503,0.21969546141534896,0.21542619162285692,0.2154979570780322
2022-07-22,0.0,0.008195996332732491,0.012893465422205291,0.023820287635434534,0.0012895335029852184,0.010738614687040767,0.0,0.1583649725672167,0.00751021345054486,0.16012758773011587,0.15834387693843938,0.1583649725672167
2022-07-25,0.0,0.002348462037335519,0.007939125942847486,0.407077884759293,0.009374257434137778,0.010753625248726107,0.0,0.10466862970765241,0.01293258725091534,0.005986822339600052,0.1046447654494305,0.10466862970765241
2022-07-26,0.0,0.005584526335589923,0.011082452579043583,0.004449608711901393,0.003064682042978939,0.01038680068445749,0.0,0.012358917855091456,0.00818902435189127,0.010292142828390066,0.012357989470034348,0.012358917855091456
2022-07-27,0.0,0.010787662007625043,0.017937859220180215,0.40991414872089166,0.0016819688131528565,0.012093563100987283,0.0,0.021453243787463477,0.01368087545778238,0.017015335317968554,0.02145382369773801,0.021453243787463477
2022-07-28,0.0,0.002583005172996644,0.010052802346383193,0.41275752502881935,0.005772034745203047,0.014410778014417674,0.0,0.009371983792076245,0.006089860626785316,0.008547801053959324,0.009372184690536543,0.009371983792076245
2022-07-29,0.0,0.006952944156760288,0.009785098990154999,0.41694625597169743,0.005498065141724906,0.0141855925318617,0.0,0.010068895163901876,0.013486144304524047,0.2076412105991713,0.010070554963254496,0.010068895163901876
2022-08-01,0.0,0.00308440550718303,0.007402774896846147,0.409386793875119,0.0021259545463652163,0.00685070840296494,0.0,0.00568779574824747,0.008821617989626343,0.00392035732046514,0.005688959582957582,0.00568779574824747
2022-08-02,0.0,0.0017612670132682307,0.006034415950010995,0.4026185318687168,0.015944280600435734,0.007865874741133969,0.0,0.005487832819756181,0.0033588928965814914,0.00489611388736607,0.005486727261977402,0.005487832819756181
2022-08-03,0.0,0.005377234580526746,0.010828449561984532,0.0038162075538822893,0.01663264973548384,0.011186241240171677,0.0,0.011841321236754243,0.015368758304150918,0.19510905560606825,0.011843451619641933,0.011841321236754243
2022-08-04,0.0,0.0014820642252708072,0.007505455178317494,1.1980761024791717,0.0034207232461309633,0.007048340296613824,0.0,0.009197698603496826,0.015305113142950322,0.16576538355816714,0.00919847663699156,0.009197698603496826
2022-08-05,0.0,0.00455020263380862,0.007859396021593051,0.796167196835256,0.01993065942963368,0.017705487893466973,0.0,0.009498524282054822,0.009140243709957623,0.16344451883473518,0.009497720801710408,0.009498524282054822
2022-08-08,0.0,0.0027532162915778202,0.008282880601268201,0.4136469491415676,0.0002017047748503753,0.014270938850129644,0.0,0.12093610385020435,0.009617842428110679,0.12663156324479613,0.12090790592519693,0.12093610385020435
2022-08-09,0.0,0.000836041635121354,0.010084314092318643,0.41180354113284245,0.006398915016973761,0.008950369855429123,0.0,0.08971527292499056,0.010870937069730394,0.10666147491268335,0.0897163389322067,0.08971527292499056
2022-08-10,0.0,0.00887161288776983,0.014138079181974177,0.4269665237981937,0.005482923845020582,0.016235111738829314,0.0,0.02254371735854633,0.008994195134213987,0.01880483599781508,0.022543449491497586,0.02254371735854633
2022-08-11,0.0,0.0025583212887480555,0.006894937409431895,0.40082045533328536,0.0024931671420983514,0.0138031276855901,0.0,0.0037749782357143283,0.013236533769433565,0.0036282476431414874,0.003774174438027779,0.0037749782357143283
2022-08-12,0.0,0.005976271042819281,0.006228610090978158,0.0018336599101959894,0.003582595555669643,0.010057835247093083,0.0,0.008595951196726397,0.005997450832680705,0.007997921087612384,0.008595849058643294,0.008595951196726397
2022-08-15,0.0,0.0013731896716248637,0.0059800484593885705,0.002134502077519612,0.0016410248009391948,0.00772754516863855,0.0,0.005159055240392972,0.010199865599517575,0.003817226193227119,0.0051588331001639065,0.005159055240392972
2022-08-16,0.0,0.001638000912093207,0.004343503328285023,0.8021348704422057,0.0382339097440938,0.03326376035493558,0.0,0.0034980406625541305,0.0030317304880912712,0.0027185211263131845,0.003497050025233546,0.0034980406625541305
2022-08-17,0.0,0.0005670866405577124,0.006105505949702869,0.3961224258890226,0.0031640376229495892,0.00914483150427444,0.0,0.00909470952443795,0.006403215912335334,0.007354159776686344,0.009093266460961022,0.00909470952443795
2022-08-18,0.0,0.0003648336042771927,0.006174723842476797,0.0025408768494483702,0.002569850385361172,0.006678067607706967,0.0,0.00416486925764651,0.0109902001586686,0.003841776111279672,0.004163670607115137,0.00416486925764651
2022-08-19,0.0,0.0030847042285689352,0.010127928687770182,0.3968327247349711,0.010350100277041085,0.013188156190345572,0.0,0.015372939351257997,0.008931723171796765,0.013115717450841797,0.015373122014295672,0.015372939351257997
2022-08-22,0.0,0.00792258646583821,0.011331704350980805,0.00745362721669493,0.0013206299871264537,0.010718888649458032,0.0,0.016856670143843323,0.009994145244269018,0.015912375944190878,0.016856870436741403,0.016856670143843323
2022-08-23,0.0,0.0009720064251750316,0.007671996342896822,0.403713159657873,0.009701581778008284,0.006036945342262928,0.0,0.00643404462240104,0.013620531734949549,0.004763866661650064,0.00643539795609549,0.00643404462240104
2022-08-24,0.0,0.0028138357905777567,0.0030935221500931406,0.0026135675540436,0.008141201541980059,0.007858561811525177,0.0,0.002855913401814375,0.0036074541274760735,0.001860628377866368,0.0028567220802571333,0.002855913401814375
2022-08-25,0.0,0.00412221409195479,0.007676552479785971,0.41003172676227917,0.0118185918825916,0.007339651838666247,0.0,0.011887170431454042,0.06315764576078993,0.009423749025219022,0.011887029186724553,0.011887170431454042
2022-08-26,0.0,0.0153485187073511,0.016584710272168582,0.014584938229364408,0.003592017623776367,0.013025837992207592,0.0,0.023117052754517593,0.04549542204942143,0.021201243361267188,0.023117327434003597,0.023117052754517593
2022-08-29,0.0,0.0008590044425669241,0.006106063196744872,0.4005595117990573,0.025214853417084848,0.01391251275801592,0.0,0.8740782850736266,0.04810840235632267,0.9459521935577915,0.8747775477016855,0.8740782850736266
2022-08-30,0.0,0.005885251720015361,0.00545242764500662,0.004313218406029634,0.010254748895109023,0.011863246991273748,0.0,0.0028659099173722336,0.048640645274412544,0.0028659099173722336,0.002865336735388746,0.0028659099173722336
2022-08-31,0.0,0.0010922545723914268,0.005057583698876787,0.3983424262075195,0.005243649671747952,0.005031454638202985,0.0,0.0025070075291190874,0.0415643533129774,0.0025070075291190874,0.0025065061276132727,0.0025070075291190874
2022-09-01,0.0,0.003589238651109161,0.014399656832425015,0.40400734666313115,0.001695419633994999,0.012448125140126054,0.0,0.006738486500104834,0.03730659134860961,0.006738486500104834,0.0067371388028047985,0.006738486500104834
2022-09-02,0.0,0.0064511218128195935,0.008056793373641152,0.4058616189895023,0.004604266674901769,0.011429253819338014,0.0,0.003032952308435921,0.04201690378965442,0.003032952308435921,0.0030335588988976148,0.003032952308435921
2022-09-06,0.0,0.0026853782876549714,0.006235521721469815,0.4045521638730242,0.001033770730058725,0.006470460424236022,0.0,0.004417585003360924,0.037779336262258295,0.004417585003360924,0.004416701486360253,0.004417585003360924
2022-09-07,0.0,0.005292742127326555,0.007802484940943162,0.8182681489049846,0.009481059191607022,0.013151290339379729,0.0,0.006502027866697291,0.042497561315407065,0.006502027866697291,0.006503328272270625,0.006502027866697291
2022-09-08,0.0,0.004672726584549425,0.00624756493593337,0.8051124932780411,0.01281928157422596,0.012107365116919747,0.0,0.002979406688055408,0.030708095274682483,0.002979406688055408,0.002978810806717802,0.002979406688055408
2022-09-09,0.0,0.007506423072357826,0.00981676717346399,0.8080249841207584,0.042345737157915786,0.026409520651338666,0.0,0.004758322056478026,0.03132766706543847,0.004758322056478026,0.004759273720889301,0.004758322056478026
2022-09-12,0.0,0.005881818784227111,0.0047997693778198125,0.0013723540842479065,0.00829992211842523,0.013696517017786798,0.0,0.0038792583969911587,0.023008949556045405,0.0038792583969911587,0.003880034248670561,0.0038792583969911587
2022-09-13,0.0,0.01817003672152101,0.01921111995626281,0.00625274412254842,0.01154027687851078,0.01700668268847206,0.0,0.010195743248784916,0.019961769134269766,0.010195743248784916,0.010193704100135148,0.010195743248784916
2022-09-14,0.0,0.0012019820919665913,0.005794615861400787,0.4021744637264243,0.0269408565064444,0.02272985663690888,0.0,0.000570017849275517,0.028562302231007163,0.000570017849275517,0.0005699038457056549,0.000570017849275517
2022-09-15,0.0,0.003997094538744916,0.008093227635710631,0.4010932132262448,0.0023064363480959083,0.009701446337071979,0.0,0.006998191828355538,0.023014684498124584,0.006998191828355538,0.006996792189989887,0.006998191828355538
2022-09-16,0.0,0.003321706573352179,0.007376907798819443,0.3974048682376662,0.014727750213540891,0.018559694271768408,0.0,0.0019972791366462683,0.020678773096765926,0.0019972791366462683,0.0019976785924736284,0.0019972791366462683
2022-09-19,0.0,0.004452001571292885,0.00508237577017618,0.40785424790007996,0.003647144285549686,0.013720208863081056,0.0,0.0005492369166663069,0.0037208418959054535,0.0005492369166663069,0.0005493467640496075,0.0005492369166663069
2022-09-20,0.0,0.0033688284246349287,0.005908211034849967,0.006337219007079897,0.003487099878534794,0.012104864025740408,0.0,0.003961268146744024,0.005095936997577927,0.003961268146744024,0.003960475893114657,0.003961268146744024
2022-09-21,0.0,0.009885736961163294,0.009282230465452401,0.008287080712094552,0.032016230496532905,0.02638153821812403,0.0,0.002258494798077715,0.007247226116692391,0.002258494798077715,0.00225804309911809,0.002258494798077715
2022-09-22,0.0,0.0010827076683779246,0.010716290654617364,0.39958918353345096,0.008139542703235025,0.010883240094129183,0.0,0.0007448583352692717,0.002440723767584417,0.0007448583352692717,0.000744709363602214,0.0007448583352692717
2022-09-23,0.0,0.006564268878425539,0.00945121362332079,0.019595047030767754,0.0152310769773083,0.020644913007837336,0.0,0.012520293820638961,0.02316344905794117,0.012520293820638961,0.012517789761874842,0.012520293820638961
2022-09-26,0.0,0.001424713218700746,0.00703415376869658,0.3999878592431134,0.00750654468229639,0.022180947763459472,0.0,0.008675173269771075,0.01130895643510235,0.008675173269771075,0.008673438235117126,0.008675173269771075
2022-09-27,0.0,0.0008259577341803159,0.00713206304267773,0.40467429086130835,0.0005219889995157212,0.011576854339120386,0.0,0.000607326410766662,0.007771500114438628,0.000607326410766662,0.0006074478760487723,0.000607326410766662
2022-09-28,0.0,0.0017078661820952301,0.008586333891656979,0.8160523258289367,0.00015937957310108164,0.015447122607867417,0.0,0.012697489498279202,0.014935392590233663,0.012697489498279202,0.012700028996178836,0.012697489498279202
2022-09-29,0.0,0.007503618415206914,0.010739225810051226,0.7914038903246641,0.009171640169220674,0.026664568842499566,0.0,0.0015156200039331824,0.010370597862100983,0.0015156200039331824,0.0015159231279339713,0.0015156200039331824
2022-09-30,0.0,0.006278032530462108,0.006976002940981274,0.40165371009225437,0.009407372211459042,0.013823416449327046,0.0,2.325942658193414e-05,0.004384507234584052,2.325942658193414e-05,2.3264078467255533e-05,2.325942658193414e-05
2022-10-03,0.0,0.008774431043034658,0.009081987639338422,0.838852537846108,0.004167324415967011,0.015365988517004846,0.0,0.010606767260073757,0.01695352564920756,0.010606767260073757,0.010608888613525769,0.010606767260073757
2022-10-04,0.0,0.013588510758914707,0.015594940713157084,0.4160209983062727,0.029594131573568605,0.02708398176864359,0.0,0.01062082872055109,0.015239939735064236,0.01062082872055109,0.010622952886295167,0.01062082872055109
2022-10-05,0.0,0.0014020560399708448,0.007501199522756373,0.80840726660638,0.022858912571224743,0.018015728450835395,0.0,0.005778686609298533,0.011144281051300045,0.005778686609298533,0.005777530871976688,0.005778686609298533
2022-10-06,0.0,0.0030639054041841085,0.007706558762142372,0.40656470375902143,0.004199969831889083,0.013615380636107732,0.0,0.004422421548742506,0.029865982418956605,0.004422421548742506,0.004421537064432768,0.004422421548742506
2022-10-07,0.0,0.010844327932701514,0.014824770676201506,0.02117486564565685,0.0043861387029701104,0.015333806263485367,0.0,0.005538200269158411,0.03418197148889211,0.005538200269158411,0.0055370926291045675,0.005538200269158411
2022-10-10,0.0,0.0015092899008976035,0.008868336613474935,0.7988358270732198,0.016686252988222794,0.01139365906592844,0.0,0.007190153142423994,0.047333956555987544,0.007190153142423994,0.0071887151117955295,0.007190153142423994
2022-10-11,0.0,0.0033413209776176345,0.010249607095022227,0.39940861531498706,0.00968312803675142,0.01315470922824374,0.0,0.0010039894367544488,0.04356933017844099,0.0010039894367544488,0.0010037886388670758,0.0010039894367544488
2022-10-12,0.0,0.0019854265972310547,0.005414876032112714,0.4056485789540927,0.0013589488759973012,0.011716472268778096,0.0,0.0019253731886217929,0.033595862723962866,0.0019253731886217929,0.001925758263259525,0.0019253731886217929
2022-10-13,0.0,0.01417882052977043,0.01255547200225332,0.4219965769114381,0.014417137894074616,0.011930296330433694,0.0,0.0010713778121267947,0.06029624927008695,0.0010713778121267947,0.0010722349143765242,0.0010713778121267947
2022-10-14,0.0,0.008314807322548912,0.011994630946579272,0.40368864695562795,0.012736613983485356,0.014249598927592678,0.0,0.007263523999058552,0.0371735347410085,0.007263523999058552,0.007262071294258765,0.007263523999058552
2022-10-17,0.0,0.011322857542981346,0.014262563990516473,0.008010820468015128,0.013955905361605847,0.025495601757813006,0.0,0.005105308806138742,0.03525052247793382,0.005105308806138742,0.005106329867899995,0.005105308806138742
2022-10-18,0.0,0.004831117584278843,0.006140234684255029,0.4042117931588317,0.018150453613435258,0.02225585070899597,0.0,0.0010394876970505895,0.02047721939524097,0.0010394876970505895,0.0010396955945899955,0.0010394876970505895
2022-10-19,0.0,0.0007410532130654457,0.012406440338824314,0.40834371724093294,0.0017386450735652481,0.010500785756748086,0.0,0.007745646713679832,0.0154010142872947,0.007745646713679832,0.007744097584337084,0.007745646713679832
2022-10-20,0.0,0.0011201978000220936,0.008763438634680314,0.008907048239296167,0.0037628253711623483,0.012056517993504084,0.0,0.0008333601754335063,0.014385126977464534,0.0008333601754335063,0.0008331935033984439,0.0008333601754335063
2022-10-21,0.0,0.01094888309055575,0.012016029647868562,0.015231407269027247,0.009859693116009649,0.017947160034718506,0.0,0.009840411425976636,0.026014678987164336,0.009840411425976636,0.009842379508261834,0.009840411425976636
2022-10-24,0.0,0.006540511161298945,0.009668089284786067,0.40810960249782663,0.013585228906605407,0.021186621361930176,0.0,0.001566526032073412,0.014167170082692637,0.001566526032073412,0.0015662127268670223,0.001566526032073412
2022-10-25,0.0,0.0029494414868057595,0.012851526218349521,0.006759116784115143,0.0022195941730730473,0.017918791813583884,0.0,0.0051985702188018235,0.01637770097814098,0.0051985702188018235,0.0051996099328455725,0.0051985702188018235
2022-10-26,0.0,0.005747279984451681,0.015866957514074027,0.007842900059856772,0.004552812148870711,0.016426305140424168,0.0,0.006449268487467796,0.013471074613092842,0.2973537247993374,0.006450558341165313,0.006449268487467796
2022-10-27,0.0,0.004987893717235847,0.024219792946719013,0.005843682029471886,0.0010146184534312042,0.0178774985992006,0.0,0.0036768329024168267,0.010403525885959716,0.22091523527908088,0.0036760975358363646,0.0036768329024168267
2022-10-28,0.0,0.012628821781422994,0.013849232801748122,0.009901505052477527,0.00025250674536714257,0.018842490445652133,0.0,0.004349454697757826,0.006291084171377706,0.14957901112197952,0.0043485848068182675,0.004349454697757826
2022-10-31,0.0,0.0018537968255938342,0.009955841269215122,0.4076340533527146,0.011664658412103956,0.014035356535793877,0.0,0.006297313125405157,0.010890359504651915,0.13709464741235167,0.006296053662780077,0.006297313125405157
2022-11-01,0.0,0.0029919947801907987,0.006365535287362417,0.4026031443344003,0.00022151189526609105,0.010091063247317395,0.0,0.0038056769095338727,0.013566896871763032,0.0772984515574192,0.0038064380449158164,0.0038056769095338727
2022-11-02,0.0,0.011234038137245717,0.012551178323797707,0.008318614159184945,0.005759350500494476,0.012072320761671532,0.0,0.004243127254864643,0.023341791600698818,0.008599810427966925,0.004242278629413676,0.004243127254864643
2022-11-03,0.0,0.003168080053041533,0.00838609242109218,0.00952014778695004,0.008945450749788808,0.008379545241458706,0.0,0.004687881264985594,0.016876503912367884,0.006755756009360344,0.0046869436887326255,0.004687881264985594
2022-11-04,0.0,0.006960925965173725,0.014835493143406528,0.009939900452939882,0.005407798312149437,0.014791531871022986,0.0,0.018546960352790742,0.009385618461883835,0.013648968557164815,0.018550669744861248,0.018546960352790742
2022-11-07,0.0,0.006119105185994789,0.011339122557942241,0.00659726620289014,0.007579446651704291,0.029883617523218765,0.0,0.0008529785449314375,0.015250720993368671,0.00658538594368915,0.0008531491406404412,0.0008529785449314375
2022-11-08,0.0,0.0005483950754310851,0.006895817397329244,0.004131021786693251,0.003190001927805497,0.006226129275603898,0.0,0.010066809022253709,0.013608340978000105,0.004739407126940983,0.010068822384058151,0.010066809022253709
2022-11-09,0.0,0.01044623498682773,0.013727258239527577,0.014527550470353146,0.004602236674468907,0.01425998037376846,0.0,0.004787175060681215,0.0224185860460986,0.011050815646987289,0.004786217625669109,0.004787175060681215
2022-11-10,0.0,0.01607567160105372,0.030319373078897954,0.42664709451203864,0.020158971245933133,0.030464850998500246,0.0,0.02009885787115462,0.016114391851682876,0.0227764492586145,0.020102877642728834,0.02009885787115462
2022-11-11,0.0,0.004994665613591298,0.011062266838636911,0.8138591215783607,0.057059631078783535,0.0383025322239702,0.0,0.008155786488693528,0.018320952752548466,0.1122840675496736,0.008157417645991316,0.008155786488693528
2022-11-14,0.0,0.0027399181149015406,0.0067057112546122025,0.40469492986636235,0.0006518441324249169,0.010923209608316378,0.0,0.0010277019583007085,0.01602814671063918,0.10329510064986656,0.0010274964179090573,0.0010277019583007085
2022-11-15,0.0,0.0005531808476361144,0.007079696962804333,0.41116546055326886,0.0006452029061729814,0.0075378007961353685,0.0,0.002655397979175189,0.010056803299916869,0.07306324665987868,0.002655929058771045,0.002655397979175189
2022-11-16,0.0,0.006631286195509956,0.011671825054004416,0.801518719017962,0.0067487622945437975,0.013621492214377376,0.0,0.0003466988016302963,0.014537922148453232,0.11677550213475758,0.000346976160671586,0.0003466988016302963
2022-11-17,0.0,0.0005486793358063791,0.00611224999822569,0.40684487793887036,3.109274388346517e-05,0.010435567312054783,0.0,0.004154464947548897,0.014449987708567104,0.04606412604039653,0.00415363405455943,0.004154464947548897
2022-11-18,0.0,0.00287185789096589,0.006799088993647853,0.40754357408924147,0.0010116817952183776,0.0060417909970496095,0.0,0.003596273550837359,0.009913158931702623,0.0033849101132416674,0.003595554296127179,0.003596273550837359
2022-11-21,0.0,0.0014480042824420725,0.007086071751441436,0.007822313807361592,0.0038346570886976794,0.007958105261097187,0.0,0.005484488246245478,0.020999236570872416,0.007065059189460618,0.005483391348596212,0.005484488246245478
2022-11-22,0.0,0.003984259380070798,0.007694894431042744,0.41434212264117476,0.014709475181964193,0.01302234816747092,0.0,0.0028995918945687316,0.02359559298895662,0.029875465985807797,0.0029001718129476606,0.0028995918945687316
2022-11-23,0.0,0.00016750114457203535,0.005891060628792119,0.00545078425633283,0.003938848907795056,0.006395349698330706,0.0,0.006397315950624205,0.01832872972205133,0.007108978059517502,0.006398595413814323,0.006397315950624205
2022-11-25,0.0,0.00020512956632062762,0.004839630791052187,0.007762326232228972,0.0015593220023620846,0.0065976333026096096,0.0,0.0003089876242776679,0.01766547648767484,0.003914648744250255,0.000309049421802543,0.0003089876242776679
2022-11-28,0.0,0.006874595096618141,0.00829001580177275,0.004791934383402974,0.005008816686577489,0.007618597458489066,0.0,0.2996462688437735,0.025405435037707886,0.009808188720137482,0.29949609996365684,0.2996462688437735
2022-11-29,0.0,0.0008919780178048842,0.007045046850290913,0.809025254709151,0.0039308027755169395,0.012920626044772735,0.0,0.0022286870855246707,0.005404012142132919,0.0035951610243113792,0.0022290313863551833,0.0022286870855246707
2022-11-30,0.0,0.011382369975753204,0.017473753590499755,0.8409425491116792,0.00583856117612247,0.013580976764350869,0.0,0.012705632943064937,0.006121442616279802,0.08949044765076157,0.01270736897448102,0.012705632943064937
2022-12-01,0.0,0.004346477093151835,0.007926236845654931,0.8032944758878486,0.01493057493334704,0.011242883949811223,0.0,0.20733028374470341,0.002398209155846297,0.1308018678766019,0.20726975127609162,0.20733028374470341
2022-12-02,0.0,0.0025435856494506193,0.005995060901323124,0.005263885592660139,0.004898419983899505,0.011294739102218173,0.0,0.14477192396775468,0.03173697805705673,0.09217068049345377,0.14475085575511176,0.14477192396775468
2022-12-05,0.0,0.004863134635312849,0.006276861792513445,0.3997856126243893,0.004968000346815216,0.007975746053540123,0.0,0.11041043139643933,0.010045274694323248,0.09144408297226299,0.11040568124242181,0.11041043139643933
2022-12-06,0.0,0.008330563541947056,0.011658562013675565,0.4031305784368812,0.002051141131908407,0.020758162284999434,0.0,0.012217296476148845,0.008601399048506394,0.008225214755872113,0.012214977488903739,0.012217296476148845
2022-12-07,0.0,0.005090682502405852,0.005852796968645033,0.005449927451742331,0.0008073736647320473,0.007375155043193674,0.0,0.0035464168757209508,0.0016768483344802834,0.004458967339331775,0.003547855579015033,0.0035464168757209508
2022-12-08,0.0,0.005205913198034762,0.007259734256346954,0.4172769328967437,0.03031195988935309,0.01942599200537788,0.0,0.004573133708198077,0.0030001643827499255,0.0841500624131109,0.004574192580861558,0.004573133708198077
2022-12-09,0.0,0.0007358844118088848,0.005563798022922117,0.004210088906401344,0.000984110151523665,0.005780440239004123,0.0,0.006638357954378504,0.007277412725728284,0.06300593497304299,0.006635937504116174,0.006638357954378504
2022-12-12,0.0,0.006824431969553402,0.008880897987720286,0.007788286010461831,0.002093284595385936,0.009703021297742375,0.0,0.7644215855162138,0.007679504846127845,1.0116231035176608,0.7650331227846268,0.7644215855162138
2022-12-13,0.0,0.0004274254401208655,0.009399079837885412,0.011174109385620468,0.004216347507636997,0.009746892274695147,0.0,0.009670872864801616,0.007399770694323885,0.009670872864801616,0.009672807039374565,0.009670872864801616
2022-12-14,0.0,0.004129587835363324,0.005627292229383199,0.40631709920478354,0.0016043369379232786,0.007061052096676455,0.0,0.0009724596704911437,0.0017694302278032543,0.0009724596704911437,0.0009726541624252572,0.0009724596704911437
2022-12-15,0.0,0.012443752878661285,0.011846985586652654,0.4007425163995866,0.007757778755850597,0.012643664656654825,0.0,0.009605552588576316,0.005570082852004804,0.009605552588576316,0.00960363147805865,0.009605552588576316
2022-12-16,0.0,0.0044132430853031646,0.008143914702593541,0.4001736850358966,0.0026891073120900444,0.010653939977165041,0.0,0.002426985944787463,0.0048106634077484545,0.002426985944787463,0.0024274713419764615,0.002426985944787463
2022-12-19,0.0,0.0011226698720842587,0.007321628340597172,0.0057256161461888,0.0007546492530979831,0.012632194127445078,0.0,0.0011144558553370931,0.0007474753228147587,0.0011144558553370931,0.0011142329641660176,0.0011144558553370931
2022-12-20,0.0,0.003914544380390073,0.0068412280859314195,0.008046916692663497,0.003671256020239544,0.02229133260192856,0.0,0.008679832286105416,0.006099137438734477,0.008679832286105416,0.00868156825256261,0.008679832286105416
2022-12-21,0.0,0.005856867389396725,0.006097939021350689,0.006080248321985837,0.0015035701924641653,0.016621821240310718,0.0,0.0016007982495757633,0.005072302477737412,0.0016007982495757633,0.0016004780899258608,0.0016007982495757633
2022-12-22,0.0,0.006699950806595689,0.01179224323852162,0.020209723470984625,0.0001944230889074916,0.012721151042881778,0.0,0.004924205702076245,0.007056840052252973,0.004924205702076245,0.0049232208609358286,0.004924205702076245
2022-12-23,0.0,0.0044220014417369335,0.005770288771981276,0.01121790738065448,0.0008048979464361228,0.018725909980375315,0.0,0.0012220695649368674,0.009215224437690668,0.0012220695649368674,0.001222313978849865,0.0012220695649368674
2022-12-27,0.0,0.0015861413026064808,0.010959499595969736,0.025746426116117188,0.009443350034145315,0.010933550778807019,0.0,0.003177169513835454,0.003388210543802538,0.003177169513835454,0.0031778049477382275,0.003177169513835454
2022-12-28,0.0,0.005125549778197402,0.005201637502595044,0.004200840022576785,0.007882610839702542,0.012442568520521361,0.0,0.003052844637823904,0.007025713065234661,0.003052844637823904,0.0030522340688963756,0.003052844637823904
2022-12-29,0.0,0.0068618397004820975,0.01028092577381208,0.012475085519052881,0.005228979461346817,0.013029260715875469,0.0,0.004437015414949397,0.004677790554227648,0.004437015414949397,0.004437902818032413,0.004437015414949397
2022-12-30,0.0,0.0010015046504810998,0.003755805662480155,0.005442784188083805,0.013954317055973275,0.014648772069816468,0.0,0.002974078114186429,0.0038019089575786367,0.002974078114186429,0.0029746729298092967,0.002974078114186429
2023-01-03,0.0,0.004840703303147509,0.009637864783252452,0.40205924155783845,0.0009558870586471313,0.009990727456109924,0.0,0.001582268098968831,0.012980225727395362,0.001582268098968831,0.001581002284489652,0.001582268098968831
2023-01-04,0.0,0.0010492325678314596,0.010940612007430496,0.4197462632244917,0.00029010498482751057,0.01275833992690039,0.0,0.004810344611978046,0.002054875493368445,0.004810344611978046,0.004811306680900407,0.004810344611978046
2023-01-05,0.0,0.005085755126209457,0.008544935084594758,0.7902187066556565,0.020737651743098606,0.022177603580630614,0.0,0.008197172133331765,0.00890368893022657,0.008197172133331765,0.008195532698905106,0.008197172133331765
2023-01-06,0.0,0.005768552226579238,0.009199144816864499,0.010916442952157046,0.007291879759816933,0.018021150673062227,0.0,0.011967570160341667,0.009907229336390589,0.011967570160341667,0.011969963674373696,0.011967570160341667
2023-01-09,0.0,0.001482872137192115,0.009227632301620582,0.023299475024124106,0.009563136253727844,0.010860909302265916,0.0,0.003244855221794851,0.0026602103526456936,0.003244855221794851,0.0032455041928391992,0.003244855221794851
2023-01-10,0.0,0.005203293422396615,0.006785401252168151,0.4089099946739111,0.0012003807683284018,0.011902248151634836,0.0,0.0010346838969295669,0.002375737163884533,0.0010346838969295669,0.0010348908337090013,0.0010346838969295669
2023-01-11,0.0,0.003112891817815322,0.007289313587061988,0.4063106489622296,0.011325661009092491,0.015218490918911476,0.0,0.0002472952756591984,0.023159591689216663,0.0002472952756591984,0.0002472458166040692,0.0002472952756591984
2023-01-12,0.0,0.001722928691274106,0.008574676140302322,0.0075620926738408645,0.011163794318028497,0.012191425989064572,0.0,0.008054787051503975,0.021123859012453193,0.008054787051503975,0.008056398008914278,0.008054787051503975
2023-01-13,0.0,0.003633522283758628,0.005011211586519813,0.006533956505532984,0.014710834838413844,0.012283276282364997,0.0,0.004465288096016207,0.021068966394621684,0.004465288096016207,0.004466181153635396,0.004465288096016207
2023-01-17,0.0,1.4399964614608685e-05,0.006162226752129331,0.41259096360479103,0.0032485836101709964,0.007238332916653711,0.0,0.0035218273599434413,0.010636274588777923,0.0035218273599434413,0.0035211229944714373,0.0035218273599434413
2023-01-18,0.0,0.012340312735681813,0.008897401209255244,0.004579454085413465,0.00523337852398198,0.009600202173483957,0.0,0.0010340376890454195,0.022023547572489418,0.0010340376890454195,0.0010338308815076025,0.0010340376890454195
2023-01-19,0.0,0.0023977099419299486,0.009942413982335002,0.020122362415027295,0.0040250877638351445,0.010916708576156783,0.0,0.006727664752308238,0.013799210257940965,0.006727664752308238,0.006729010285258741,0.006727664752308238
2023-01-20,0.0,0.01090223344491853,0.011767817985388805,0.42429735811997565,0.009595469606996865,0.011150956205878445,0.0,0.0006186821486163785,0.018120957559073947,0.0006186821486163785,0.0006185584121866095,0.0006186821486163785
2023-01-23,0.0,0.0069596827240514525,0.011692251065695963,0.4260977566054638,0.008143093714165217,0.01468442595162142,0.0,0.0002597528728944809,0.020414295669712184,0.0002597528728944809,0.0002595450705960567,0.0002597528728944809
2023-01-24,0.0,0.0026300674729322626,0.003950826374772849,0.003769467420616679,0.0032748267824731503,0.008463084316469423,0.0,0.00173893442050016,0.02624046060731941,0.00173893442050016,0.001739282207384285,0.00173893442050016
2023-01-25,0.0,0.00039434877545713176,0.0043618658012125125,0.004453870807234667,0.0019018865415244557,0.009480671181371568,0.0,0.2988671333199886,0.03163209613664808,0.2988671333199886,0.2987173549066363,0.2988671333199886
2023-01-26,0.0,0.006089159926862819,0.010183893208522726,0.4048530958475368,0.0012055920800881914,0.014214902930148135,0.0,0.20369334338432515,0.058147273799471294,0.21674694944397352,0.20363387276241635,0.20369334338432515
2023-01-27,0.0,0.001821683129309748,0.007925810055664659,0.019303252065685922,0.012444161454266411,0.01666132576569787,0.0,0.21081024389447817,0.07705786209880515,0.11675781815128519,0.21074945649591265,0.21081024389447817
2023-01-30,0.0,0.004726511906932407,0.010407073899478349,0.013586986782027993,0.004684222970937735,0.006855862507620223,0.0,0.10537028824243386,0.08582146231402678,0.13517415119915652,0.10537159133389656,0.10537028824243386
2023-01-31,0.0,0.005086834477328439,0.005521924440973255,0.005791292676374515,0.008004478178771368,0.009910338950101552,0.0,0.07363398956812572,0.05053964899099039,0.004985213413758758,0.07363519245555603,0.07363398956812572
2023-02-01,0.0,0.0017168855977238162,0.011236270429429027,0.01711858332259153,0.01424480080136925,0.010795799856018857,0.0,0.01680257240384383,0.05400056016643707,0.011416931259667822,0.016804700694837763,0.01680257240384383
2023-02-02,0.0,0.006464274317766416,0.027590503638169193,0.07008445710235847,0.0008538758899121479,0.016355333645387306,0.0,0.025691318488484535,0.06350685535483533,0.1122014378770685,0.0256945726688831,0.025691318488484535
2023-02-03,0.0,0.00048254956776994096,0.007998279236278716,0.3994228882723462,0.0020543182055935416,0.025062263604699153,0.0,0.013712140692652051,0.04006437906355005,0.1084259835857738,0.013714491759483796,0.013712140692652051
2023-02-06,0.0,0.0002884844873383696,0.005017051754166231,0.40317409499342194,0.001745901026764085,0.015472963184983589,0.0,0.006035940046966448,0.006062192981478522,0.09708523498741273,0.006034744858951906,0.006035940046966448
2023-02-07,0.0,0.007101128273192758,0.01289171758326927,0.016946498647156194,0.004102311012168958,0.010621425775842262,0.0,0.015089960887580597,0.0369658452165537,0.010500637498947446,0.015091045762480647,0.015089960887580597
2023-02-08,0.0,0.005925688911478155,0.007838103064211649,0.8048237331727978,0.01449687510608566,0.012061174744535021,0.0,0.008381492408749804,0.05340683296911582,0.08773421906824258,0.008378777775126507,0.008381492408749804
2023-02-09,0.0,0.0022743906730550156,0.005403738834613224,0.4063812884672444,0.12033666776247232,0.04751559506553543,0.0,0.005308999952519159,0.04311545522163005,0.005571495509905822,0.005308548082673101,0.005308999952519159
2023-02-10,0.0,0.003209053668176143,0.010925894231268184,0.4066545955128253,0.00061074187592558,0.017772239533584002,0.0,0.011792064271976757,0.01692253784631557,0.009426936199546185,0.011789248518278317,0.011792064271976757
2023-02-13,0.0,0.004172181330851732,0.006744787156517648,0.41091884961611147,0.0028718782635711593,0.011422671803887462,0.0,0.010557747986692668,0.007894607703898314,0.007586223646598184,0.01055793347726543,0.010557747986692668
2023-02-14,0.0,0.0014813933301643378,0.007183974733156573,0.01590100760988425,0.003325712650679935,0.009176662337552573,0.0,0.010258894794999827,0.009698358328746838,0.007108908283134107,0.010262250467237891,0.010258894794999827
2023-02-15,0.0,0.0024861796945886416,0.006455659243186425,0.003476793205820672,0.0034422778835832,0.008730460825531994,0.0,0.006407380158401133,0.0667004519894894,0.005932970735867987,0.00640668824128033,0.006407380158401133
2023-02-16,0.0,0.0046034796841483705,0.007849153243105637,0.0077878609914504016,0.002410919081105467,0.008337855885473084,0.0,0.011202459891271317,0.00817841141655919,0.008106578176016267,0.0112010409362492,0.011202459891271317
2023-02-17,0.0,0.0023281036110220366,0.008669853127494666,0.010198303052566415,0.010631684472109826,0.007994863014031899,0.0,0.007762694818002203,0.014539599803965372,0.006590043557782463,0.007761451165651703,0.007762694818002203
2023-02-21,0.0,0.005121848828644637,0.009555154572203212,0.40207988389461524,0.003278788000803612,0.010451333512580286,0.0,0.011862181911139656,0.010851789780032753,0.009671749885353992,0.011861277414571183,0.011862181911139656
2023-02-22,0.0,0.0019466750833987967,0.003689872086237153,0.0034675005378658197,0.012935345846574409,0.012345037628903844,0.0,0.015935596558364077,0.0035731791074082933,0.02722349751209115,0.01592205130128949,0.015935596558364077
2023-02-23,0.0,0.0008272193148780027,0.013650095982825898,0.45059175430141013,0.0011457946927092566,0.008819995900442825,0.0,0.023264880581896696,0.02016823937159056,0.01423293817713344,0.023275056013985426,0.023264880581896696
2023-02-24,0.0,0.0023751805720147456,0.006777158377765845,0.39853176581558203,0.0001377146839404153,0.008393336655278173,0.0,0.009158933534022659,0.056038548800441595,0.007619876769232235,0.009160398024175965,0.009158933534022659
2023-02-27,0.0,0.0006957975167757313,0.0045392450287818145,0.40901240422320445,0.006971039367951515,0.014918838691553794,0.0,0.14351718418170106,0.03541498833441735,0.005074228715905373,0.14356450553739694,0.14351718418170106
2023-02-28,0.0,0.0017242435351335073,0.006854111629217181,0.4147717467953068,0.0001832187280441655,0.007749368719934813,0.0,0.00837650346219042,0.007141108759608743,0.00640766162275427,0.008375311380316443,0.00837650346219042
2023-03-01,0.0,0.000908066304739108,0.007997184423342366,0.40315045204707833,0.058239540288004044,0.019022170789714958,0.0,0.1009151377462684,0.04946581415859839,0.26683567611373693,0.10096618930573771,0.1009151377462684
2023-03-02,0.0,0.004728624319599417,0.006913366920337116,0.41260872891943234,0.0015869249762742177,0.01946719289164594,0.0,0.005438214301758366,0.005326906661570629,0.21867775440384407,0.005439358652163314,0.005438214301758366
2023-03-03,0.0,0.003911581471970682,0.007429237862205139,0.4198737895762298,0.005926310056936446,0.007896987662285825,0.0,0.01261021082534014,0.04298249866938295,0.010583825114806078,0.012609072769514638,0.01261021082534014
2023-03-06,0.0,0.001519580877823501,0.004824332586052048,0.404399097200978,0.004398821755617899,0.013005112851082032,0.0,0.0063014584617767586,0.007888274458799216,0.004104452952624666,0.006299706400316924,0.0063014584617767586
2023-03-07,0.0,0.006712168812596897,0.006886579774160906,0.3970546707120329,0.01614681703183596,0.010408383480512049,0.0,0.00998081036099916,0.006488810413065843,0.009531918417318142,0.009981580069487512,0.00998081036099916
2023-03-08,0.0,0.0012797302122929954,0.0063750411731563,0.01118912862758431,0.016506982161213934,0.019732828084976037,0.0,0.008245145547710523,0.01267501279857449,0.006654667524898895,0.008248211417702576,0.008245145547710523
2023-03-09,0.0,0.010592478136917938,0.009627238571622523,0.007294177656090389,0.005464312421358142,0.011433326220468932,0.0,0.008698917459937346,0.006636402372867976,0.008132529763632532,0.008698724062043509,0.008698917459937346
2023-03-10,0.0,0.01251764759139573,0.010976401622556801,0.3944163596981464,0.016635077713685442,0.015053618821623586,0.0,0.005062875957192304,0.005576131862274832,0.006108306938896127,0.005062263926866646,0.005062875957192304
2023-03-13,0.0,0.00450013811095068,0.010625915009797482,0.8117694456481765,0.0007781740737057286,0.02453929659909876,0.0,0.007977580649988983,0.010399020651324318,0.00718498529276442,0.0079774738046245,0.007977580649988983
2023-03-14,0.0,0.010752301197715919,0.01310472859704323,0.43291349465115003,0.0021403568393012495,0.01563468055933733,0.0,0.9751393246298993,0.012493491942255557,1.0910981335059722,0.9759194360896033,0.9751393246298993
2023-03-15,0.0,0.007786325343672906,0.01604940333814222,0.40248898773720826,0.014465246571756962,0.01539244287133344,0.0,0.0015374720838128852,0.022039562933437173,0.0015374720838128852,0.0015362421061457798,0.0015374720838128852
2023-03-16,0.0,0.010309508646398569,0.012459672350243693,0.4208236400257428,0.03356112104394571,0.021326046259034358,0.0,0.0011496865980429871,0.015185123196510124,0.0011496865980429871,0.0011499165353626162,0.0011496865980429871
2023-03-17,0.0,0.008620386100301802,0.012541863740358553,0.41947326916597527,0.008486426747351561,0.014187200377212265,0.0,0.012737405383819844,0.009982766615653928,0.012737405383819844,0.012739952864896598,0.012737405383819844
2023-03-20,0.0,0.006546711237161829,0.008342224331396406,0.011575931756810098,0.005465671911095149,0.0174105662539729,0.0,0.0024061415420946752,0.054373638559832814,0.0024061415420946752,0.0024066227704030996,0.0024061415420946752
2023-03-21,0.0,0.007757014954645869,0.011080885899494283,0.007845464467307744,0.0065773460526281635,0.018634161956100924,0.0,0.006653708870489439,0.05592653457380075,0.006653708870489439,0.0066523781287153305,0.006653708870489439
2023-03-22,0.0,0.0127953722503244,0.011302592100732464,0.0067114176860817165,0.004935270874266928,0.016671768845575488,0.0,0.009122410999425845,0.05452193414491376,0.2996748491662662,0.009124235481625775,0.009122410999425845
2023-03-23,0.0,0.00014298517233579666,0.010645346618439813,0.006838451787268607,0.006012346294451132,0.01080486041289525,0.0,0.003937788811134324,0.06205975802263396,0.006272251391870189,0.003938576368896496,0.003937788811134324
2023-03-24,0.0,0.0023340373717370966,0.008958813363379309,0.013269342030817532,0.0006457341427147378,0.008193046876921873,0.0,0.006492905700427487,0.05331905593975716,0.007119161517270333,0.006491607119287368,0.006492905700427487
2023-03-27,0.0,0.006074411926016932,0.009035197572875332,0.0038400776669872683,0.001079278173885867,0.022749463585862273,0.0,0.002048493370924054,0.06176007269573437,0.0025378713495722224,0.0020480836722498452,0.002048493370924054
2023-03-28,0.0,0.0003506615314415873,0.004821291530512396,0.001927953921407627,0.011380002170560566,0.013206341629855662,0.0,0.004378845323803449,0.008397698165088285,0.0039642856964618445,0.004379721092868216,0.004378845323803449
2023-03-29,0.0,0.006395838178057611,0.008208956292828952,0.0034020499029322193,0.017867391922776976,0.006738661098186816,0.0,0.0027921917653261352,0.006287497656700577,0.005267739836393698,0.00279163332697302,0.0027921917653261352
2023-03-30,0.0,0.0022779066816441262,0.005396616251546749,0.004602718964473479,0.012629987745836346,0.008931351538387394,0.0,0.2002733593468905,0.006663815681747439,0.1489040555781396,0.2001531953312824,0.2002733593468905
2023-03-31,0.0,0.004442820769037792,0.005715939439390388,0.0033528982441837496,0.0011542396149906153,0.011327003505115164,0.0,0.0026435462691277167,0.0038489116883180926,0.003872809863990627,0.0026435462691277167,0.0026435462691277167
2023-04-03,0.0,0.0002574150851130108,0.0063231223355410884,0.005465043177126483,0.008572269245933906,0.015320785233220302,0.0,0.16203126904095444,0.05278716414736302,0.003792568759415013,0.16196022352448097,0.16203126904095444
2023-04-04,0.0,0.004441220325257955,0.007285759743447445,0.0069577235378787405,0.01079545370353896,0.012131425117764223,0.0,0.1526485847067722,0.047405557690011806,0.006653608046972445,0.15260427740607072,0.1526485847067722
2023-04-05,0.0,0.0028850026228296466,0.00907754340304115,0.004317259529039025,0.03011576624732981,0.02063652277831813,0.0,0.13833666854709312,0.05875323281830884,0.0031227601150218866,0.13831538068774712,0.13833666854709312
2023-04-06,0.0,0.0023024565975773292,0.005905435842334203,0.40683134971603996,0.0010640097413786576,0.00969101207686535,0.0,0.005387804656251809,0.010186153674739401,0.0038652496485258488,0.005387526418703745,0.005387804656251809
2023-04-10,0.0,0.003790848822203985,0.005813813852116198,0.00815341652976892,0.002014451379072524,0.00668843785652444,0.0,0.10880036335222858,0.028231886686923988,0.004547931016491844,0.10879579767349225,0.10880036335222858
2023-04-11,0.0,0.00015956195016436636,0.005683189532866076,0.4048953865831093,0.010581504570532863,0.008853225040503983,0.0,0.10265378690792014,0.03633226672671787,0.003668580476222101,0.10265983845212102,0.10265378690792014
2023-04-12,0.0,0.0025332008869795586,0.00462398148808299,0.008023724501697416,0.0009216863662195873,0.009371579289270108,0.0,0.09324335042183379,0.03168404595732542,0.0038202052301969137,0.09325644003467426,0.09324335042183379
2023-04-13,0.0,0.006569264890139981,0.007774163026272526,0.010601324893218633,0.0016698351746408102,0.006339721959920814,0.0,0.07500642060248536,0.007767177155119834,0.007033675121886816,0.07502269879682956,0.07500642060248536
2023-04-14,0.0,0.0011821868923085344,0.006299969757446455,0.40663905069036604,0.011427404314363954,0.00763797108643411,0.0,0.06965989802082959,0.0042877844417653,0.006702834716663577,0.0696806862518736,0.06965989802082959
2023-04-17,0.0,0.004137596015805212,0.009313787046282149,0.4053001629781163,0.020160136703541,0.022973252424002423,0.0,0.009026010266036274,0.011734974323395346,0.00476641733699807,0.009027479167031225,0.009026010266036274
2023-04-18,0.0,0.0003662361144849968,0.0044457899543837096,0.007978416110337117,0.005015169740440251,0.009756676372898291,0.0,0.007129840479760471,0.008573639504612977,0.1441630352089115,0.007131967842078708,0.007129840479760471
2023-04-19,0.0,0.0006461401286789181,0.005411741978766725,0.006050039011118558,0.025903642808358107,0.009015664184767605,0.0,0.07657538465125484,0.008291429478205234,0.0037204924969666724,0.07660405401169867,0.07657538465125484
2023-04-20,0.0,0.004802827279014876,0.006079398529483283,0.007288633093899793,0.011181597691573009,0.008744855789930719,0.0,0.01015257513600658,0.010368593566728646,0.003875648406966775,0.010154432845668247,0.01015257513600658
2023-04-21,0.0,0.0011945400021045605,0.0035524250277302258,0.0020887926257616984,0.00307667917712795,0.005058252562738794,0.0,0.002998121721016196,0.002824148728969418,0.002522152171057393,0.0029973596410270646,0.002998121721016196
2023-04-24,0.0,0.0013864950144001909,0.004735127769083504,0.004541701259438813,1.9636409816503608e-05,0.00730618360263474,0.0,0.0055849169621928554,0.007710013806695896,0.002623129347109159,0.005586336568817898,0.0055849169621928554
2023-04-25,0.0,0.010606583381374879,0.010698845174726981,0.006958629334014282,0.0100726025005069,0.015059179715332945,0.0,0.011955786725519238,0.007164927937354228,0.008468013591644147,0.0119602628996917,0.011955786725519238
2023-04-26,0.0,0.00026013101681365836,0.01242215248444864,0.42363967681896764,0.022689794950072728,0.012601785940235068,0.0,0.01240598314740115,0.01414214740159642,0.0073889946847208714,0.012405752087343605,0.01240598314740115
2023-04-27,0.0,0.011289405792244744,0.01605060275980094,0.4446539689140727,0.012067917207416068,0.0183623995868025,0.0,0.027436198371671463,0.029221082321005183,0.011468484011896107,0.027448508398138005,0.027436198371671463
2023-04-28,0.0,0.001635610097904583,0.004469259192196734,0.40381531708259816,0.01571461384133599,0.01311834311769139,0.0,0.00604612298324231,0.0044078535510755,0.0026992901696539957,0.006045517389321979,0.00604612298324231
2023-05-01,0.0,0.004431104633342564,0.007546403083779116,0.01383968182932152,0.0033346121033205334,0.009499101558100154,0.0,0.01488718314471047,0.01742633886419941,0.004600889946826824,0.014889755499570506,0.01488718314471047
2023-05-02,0.0,0.010061917942112919,0.010327445002782862,0.0077936213554472,0.01824441174115321,0.026751881115414815,0.0,0.015142572711652723,0.01270195620001169,0.0072540122199367865,0.01514534348687497,0.015142572711652723
2023-05-03,0.0,0.005413046588926496,0.005390301689921585,0.3993917911970856,0.0011076768309321583,0.017717182343170167,0.0,0.0070864356829036055,0.07524328326452574,0.004415365236030087,0.007087732352946267,0.0070864356829036055
2023-05-04,0.0,0.002823653021479633,0.006497452246019275,0.006886712699386677,0.0007709926930207223,0.006868323482288795,0.0,0.006134665593177161,0.06279739915654052,0.0030802133854173457,0.00613578810912911,0.006134665593177161
2023-05-05,0.0,0.010424491350148779,0.010125244755045122,0.015375009729896305,0.011481027397642674,0.009607234390839922,0.0,0.017392136574037965,0.05344840365408616,0.008651022675469385,0.017389859331553865,0.017392136574037965
2023-05-08,0.0,0.002777787396284037,0.004077878270548452,0.00575609348819936,0.020527715841506478,0.012081707127762253,0.0,0.005172095722363403,0.041012326576449126,0.0013841000197408696,0.005173417744692082,0.005172095722363403
2023-05-09,0.0,0.0016687364620189271,0.004118411904163774,0.4050127111378252,0.007153821427354434,0.006004232247841544,0.0,0.00873024239947757,0.04894557434315791,0.004137309409896525,0.008728279545204118,0.00873024239947757
2023-05-10,0.0,0.0008597609993573618,0.006284532882949272,0.0069093938023839785,0.0016681740462939354,0.0075630896997846316,0.0,0.0076215950711198965,0.039950100211457784,0.003790638577824315,0.0076233086639128,0.0076215950711198965
2023-05-11,0.0,0.0022817721001864855,0.005970301682716943,0.007772178382189687,0.01030665409847975,0.008259331285937935,0.0,0.08609363101270578,0.03558335331584981,0.005340156232487163,0.08610273316792814,0.08609363101270578
2023-05-12,0.0,0.0020608202633135564,0.00362232101940195,0.0025788995920838775,0.0002707999741635714,0.009541336869344764,0.0,0.08943270047706303,0.03524701362365303,0.003313445216560502,0.08944981528216436,0.08943270047706303
2023-05-15,0.0,0.0028640310393645008,0.007208121359458933,0.41099593754632846,0.0007386250856266097,0.007033032860207646,0.0,0.007934230870189053,0.029706902652512104,0.0037271085606581395,0.007933369150142741,0.007934230870189053
2023-05-16,0.0,0.002093825256751891,0.006848395636922619,0.40431771459961585,0.017257103449484945,0.011184965781741246,0.0,0.06876220390782799,0.02996921808944724,0.005088511335156728,0.06878060597779825,0.06876220390782799
2023-05-17,0.0,0.006556146183837097,0.0096187195257924,0.00871933556698401,0.0038820462501441,0.010761235337013168,0.0,0.06696260178266446,0.03242374687990997,0.00539703421039346,0.06698546571107135,0.06696260178266446
2023-05-18,0.0,0.006860952423383193,0.010929155848507281,0.01346285600841568,0.029049638965736646,0.012275343915423315,0.0,0.045229586769872175,0.028085953969680912,0.008622056829897808,0.04522051465144934,0.045229586769872175
2023-05-19,0.0,0.0003758084225993774,0.003766977806862637,0.404493732495085,0.007500569456431183,0.005999653308075656,0.0,0.050008475032838826,0.02259014969862958,0.003799068414626701,0.050030704764762006,0.050008475032838826
2023-05-22,0.0,0.0006356722479173293,0.004326728733198407,0.004113233763968188,0.0014468998783845333,0.011764642847953775,0.0,0.038531380477893715,0.020646967237586907,0.0019631264881818516,0.0385372956288011,0.038531380477893715
2023-05-23,0.0,0.005924629194546338,0.006878072318980424,0.004820079202567967,0.01361436531941873,0.017028618530974312,0.0,0.04497090794644934,0.026513813523137034,0.0049389039166424,0.04499436839527662,0.04497090794644934
2023-05-24,0.0,0.0022538537055085683,0.0051459835797565065,0.39815949849672216,0.014955174375548053,0.007341503814575424,0.0,0.045956517381297114,0.030504948291791106,0.004635972293753382,0.04596709218297369,0.045956517381297114
2023-05-25,0.0,0.0059238930389935995,0.029463767488726887,0.4684836176929072,0.004314831524361962,0.018804550359956245,0.0,0.08583566056077119,0.08230505490721035,0.018734374530872917,0.0858343991271226,0.08583566056077119
2023-05-26,0.0,0.0058237490275751536,0.009161178151821672,0.006598655189653135,0.00377329838044016,0.03004233490430971,0.0,0.010132443228171495,0.00832693494736984,0.006700017149809476,0.010128080867359389,0.010132443228171495
2023-05-30,0.0,0.0030143628153771473,0.0068144850744616195,0.010447551510819414,0.009595054811964099,0.013033942908952547,0.0,0.012926472470279513,0.012785990912135774,0.0038373643323920004,0.012930299063035503,0.012926472470279513
2023-05-31,0.0,0.0043713249964608125,0.00937329932132111,0.01712480269897132,0.022873839344009328,0.011992204389982383,0.0,0.020839782001247035,0.01974226786314263,0.0050972152813899335,0.02083361285038037,0.020839782001247035
2023-06-01,0.0,0.003106010389160363,0.008200448503814212,0.014691651592860427,0.003780074113523879,0.010564154236094678,0.0,0.06606003257638038,0.054501716841283215,0.008937705064488762,0.06603891903685291,0.06606003257638038
2023-06-02,0.0,0.009474600039673375,0.010771430487776908,0.006082725679026596,0.02046749687447713,0.014674276402596274,0.0,0.06287891779693218,0.05200458596483442,0.007970687957844558,0.06289494629627827,0.06287891779693218
2023-06-05,0.0,0.0008707269404487072,0.0034044302169224175,0.0024467179989005883,0.018789824832013968,0.014002568106877797,0.0,0.07665011776530348,0.0014309075082491038,0.002505112636105795,0.07667335159197292,0.07665011776530348
2023-06-06,0.0,0.0004579184446777962,0.0065342284284612764,0.0041419965770013445,0.0420969296925886,0.013714319498697362,0.0,0.05051458656963283,0.055372320992007555,0.00255204333624954,0.05052807559783025,0.05051458656963283
2023-06-07,0.0,0.0008824492791866256,0.012114127733287086,0.008017605738832562,0.031104053753596705,0.021047874475099024,0.0,0.026571450965871136,0.0504068014524847,0.0067857481181112685,0.026581247291095275,0.026571450965871136
2023-06-08,0.0,0.0003477488857573374,0.006119271110872758,0.006441230463353348,0.0015525974017154276,0.018902933845135497,0.0,0.025030908080791302,0.032738069971376405,0.0070247439010087944,0.025029739205528277,0.025030908080791302
2023-06-09,0.0,0.001986175159166159,0.0033743617541306947,0.003506207991301219,0.026443776478151326,0.014485310986901376,0.0,0.027739919795153938,0.021477128005326147,0.0023265886710576384,0.027739326759892848,0.027739919795153938
2023-06-12,0.0,0.0035220821162054716,0.0066832479932563,0.0022034221316692415,0.009960474734196145,0.024201684976021924,0.0,0.025282622330354065,0.01778628883511576,0.0045440091923352735,0.02526752574303972,0.025282622330354065
2023-06-13,0.0,0.005415835668059976,0.005986068745068428,0.010414824062837807,0.02946699391612584,0.007124750644507755,0.0,0.029956290158480288,0.027482988843135644,0.005098988174994314,0.029956948970101357,0.029956290158480288
2023-06-14,0.0,0.00012919177942094517,0.007121802525797527,0.013169699725700867,0.02446069760995684,0.01710983648394261,0.0,0.02994199567956885,0.023263404289137098,0.004659395124241347,0.02994317965111501,0.02994199567956885
2023-06-15,0.0,0.002613079176471411,0.006158279372538107,0.01479977558505191,0.012452367124451413,0.009398342867304808,0.0,0.02897445700730804,0.02374254940107969,0.14726797289670693,0.0289760366417714,0.02897445700730804
2023-06-16,0.0,0.00012373906862905848,0.004370650283671812,0.008109519907446266,0.001758039195723038,0.01893230884784315,0.0,0.01982569664266141,0.014125274968956,0.1376191712182545,0.01981517633675433,0.01982569664266141
2023-06-20,0.0,0.0033699164289664463,0.007606299431283214,0.011670778404205884,0.05627245318156082,0.01862225140543165,0.0,0.019612677591176273,0.01473494737463727,0.006415815528488168,0.01960254485914539,0.019612677591176273
2023-06-21,0.0,0.0032399437521010155,0.006429179362789868,0.39552814354358046,0.011013141420790573,0.01006859012599508,0.0,0.01994552106602648,0.014642001162762985,0.004238921465147601,0.019947504133058697,0.01994552106602648
2023-06-22,0.0,0.004219429571029887,0.00834003669471993,0.407449018408492,0.003454871096352452,0.019439400847748457,0.0,0.015153410250797633,0.011194740516999719,0.0065112525543297994,0.015155117011790727,0.015153410250797633
2023-06-23,0.0,0.005048690198150352,0.00799659483198608,0.40143520322490056,0.0030301180883502976,0.010286049273299793,0.0,0.023315800166941302,0.01922487394685744,0.12796288037807085,0.023318658088487175,0.023315800166941302
2023-06-26,0.0,0.002546783475076031,0.00973018100441958,0.4045742202592084,0.013754830572103138,0.013784506166263458,0.0,0.019450024580348876,0.01880525775132479,0.00822170587775906,0.019457013036172255,0.019450024580348876
2023-06-27,0.0,0.006190400154144959,0.009633660001335878,0.007328940721409077,0.02896357588020715,0.009509275548650003,0.0,0.013893592886367424,0.012969834452755315,0.009673530486646022,0.013882362861617254,0.013893592886367424
2023-06-28,0.0,0.0011752208541124798,0.005141925157252744,0.006827906374366949,0.013303566992274751,0.0072193907916671095,0.0,0.010862521431381864,0.010543461464799902,0.004202804299176115,0.010860006914098788,0.010862521431381864
2023-06-29,0.0,0.005597421265306768,0.006832316458010565,0.004815103246976177,0.03219682480657493,0.009591979185450787,0.0,0.009497303892558293,0.0071044934181658985,0.004427913885071053,0.009504353119042025,0.009497303892558293
2023-06-30,0.0,0.004535352805501658,0.005229291256721731,0.4110380641893404,0.003879648994034479,0.012223748095360299,0.0,0.017882304107139917,0.014734143887209126,0.005934206766959816,0.017874278382384923,0.017882304107139917
2023-07-03,0.0,0.0011176284959274474,0.004568806479850744,0.4058705895756256,0.011948669620497121,0.013210481325731167,0.0,0.011262538664822339,0.003599261844937093,0.002936784854410974,0.011264371577718355,0.011262538664822339
2023-07-05,0.0,0.0014507059754904628,0.005946096160924848,0.40876626538452443,0.0026062608540349252,0.013129494731328612,0.0,0.024538432865323374,0.014096544807861487,0.005486959077603049,0.02454266434958381,0.024538432865323374
2023-07-06,0.0,0.000645509641137576,0.005775781271344156,0.39794694137615827,0.003223973610500863,0.0054709788255944206,0.0,0.013292261583236084,0.011276566995663286,0.0047022812320676,0.013286698564947044,0.013292261583236084
2023-07-07,0.0,0.0013110159832336321,0.007124942185057499,0.0060525006002296045,0.01669554783827354,0.013524553489548286,0.0,0.012207076680371614,0.005352857124113847,0.0064665668843533405,0.012209561711962396,0.012207076680371614
2023-07-10,0.0,0.0001275916654934206,0.005804343069967369,0.41013147486734836,0.00174093856009927,0.0112868957664,0.0,0.014480436509758377,0.01413154460763446,0.004925245735054023,0.014483545473898986,0.014480436509758377
2023-07-11,0.0,0.002016004615656153,0.0052171640727536675,0.40537734691970373,0.006906609040233658,0.007861681445876952,0.0,0.011089505516481274,0.00495897207801832,0.004588079193410217,0.01108529227351253,0.011089505516481274
2023-07-12,0.0,4.684597580045802e-05,0.009039408592915715,0.4197430441738216,0.025176278530503415,0.014469388600767076,0.0,0.011248248456662191,0.0102541401466987,0.0107839136379848,0.011244045830136861,0.011248248456662191
2023-07-13,0.0,0.00081604052752976,0.008450483336685695,0.011308722510979224,0.003487970726678391,0.017508970038184322,0.0,0.01634620259670429,0.01542614294026736,0.00906082254221071,0.016350034137905967,0.01634620259670429
2023-07-14,0.0,0.0019937266126845987,0.006323460869285993,0.405055924738635,0.007505557939190721,0.01027547898526129,0.0,0.01071983849051562,0.00964227444396225,0.004867532142086319,0.010728889026662445,0.01071983849051562
2023-07-17,0.0,0.0011278409494648312,0.005077669895047647,0.006242819235537045,0.0003580007840289223,0.007961164262972685,0.0,0.015999099042709918,0.014086928833520257,0.0038783389821998547,0.0160031538953542,0.015999099042709918
2023-07-18,0.0,0.003175707714111742,0.006979646308766227,0.012301408337052372,0.002097465893973638,0.007275384145957908,0.0,0.012056878646305207,0.011046944313846327,0.006216147504158144,0.012060006886539694,0.012056878646305207
2023-07-19,0.0,0.00039998782284272894,0.008080064291114901,0.016759369547719116,0.003717738083434785,0.008756473734878301,0.0,0.023349875568059612,0.019160009375264984,0.006799117662564809,0.023342033840943032,0.023349875568059612
2023-07-20,0.0,0.0006972686184560373,0.013972873099650882,0.010862543734203783,0.002146393826877091,0.01256729515703332,0.0,0.007617149395135091,0.0073793325240737945,0.01246359325548729,0.0076186551143494,0.007617149395135091
2023-07-21,0.0,0.00034321917567636806,0.0074457649279801585,0.4119753355259619,0.01300531637961666,0.014251152488433779,0.0,0.027094969081844975,0.022578804855794218,0.006654542647318185,0.027104100259126917,0.027094969081844975
2023-07-24,0.0,0.003026724054122354,0.005732342910726766,0.40461063754481663,0.052460172385408343,0.014536145745906724,0.0,0.007149630157726931,0.00670801860091368,0.004614165102401424,0.007151051028456896,0.007149630157726931
2023-07-25,0.0,0.0018505685316706488,0.005218766683427488,0.4080758795188064,0.0009706110716627414,0.01784580804509525,0.0,0.006132509727954522,0.005640526481314966,0.004500860919365912,0.006133794527633611,0.006132509727954522
2023-07-26,0.0,0.001498076652762137,0.005446551344571775,0.01318787616514236,3.297145381742084e-05,0.02509748593211138,0.0,0.025824255889634176,0.02602790635759372,0.005186266772201294,0.025818040684546975,0.025824255889634176
2023-07-27,0.0,0.0009312387866472482,0.011441240028493546,0.410286499798591,0.0026820190315945958,0.013015770798857275,0.0,0.040181211149535094,0.013298111809697843,0.01222698636697064,0.040172336250026384,0.040181211149535094
2023-07-28,0.0,0.002822995208609569,0.008407646956662879,0.411902518899606,0.003720528779037169,0.01682471944439491,0.0,0.02620722540373471,0.008846442523121584,0.007427851610765361,0.0262127157567768,0.02620722540373471
2023-07-31,0.0,0.0003236814042772429,0.004736891248599655,0.007598130010108672,0.0006488671687079339,0.02112979175352151,0.0,0.017424663610064554,0.006942785612442643,0.0037381793676105578,0.017417946633848845,0.017424663610064554
2023-08-01,0.0,0.0018049593660489083,0.005180144267698354,0.0057400503943532966,0.0012104320246595357,0.008024082940681784,0.0,0.016180913564958134,0.006845765493911585,0.005150955187518801,0.01618453812741165,0.016180913564958134
2023-08-02,0.0,0.005535340420582346,0.01005132929692528,0.3959858319945288,0.005525294953055315,0.015107428007985936,0.0,0.01572563899640838,0.008001131309200427,0.010259950616892461,0.01572928398505793,0.01572563899640838
2023-08-03,0.0,0.0018565799785349446,0.005168286751350885,0.002976921515508324,0.0012120698674138453,0.015466472933144931,0.0,0.011257633332511176,0.003303507756237656,0.002655838176418939,0.011248811377751432,0.011257633332511176
2023-08-04,0.0,0.006124141503130398,0.00526123455773983,0.0033833644784990735,0.0018591144015533967,0.009531224822281449,0.0,0.0038340091781920447,0.0039643927487674575,0.0035820022694653085,0.00383459395309059,0.0038340091781920447
2023-08-07,0.0,0.004091204848750751,0.00682987041693546,0.005415530940073077,0.0033068949555132843,0.01052062740039987,0.0,0.0035678020235687283,0.0034776456079021246,0.005816557778961697,0.003565159182504602,0.0035678020235687283
2023-08-08,0.0,0.0032285125311409257,0.006272026713418005,0.0038567467092313346,0.0017911779304360387,0.009274499343190272,0.0,0.0029400929649720515,0.0027392655198826585,0.005608332288245005,0.0029407648132044758,0.0029400929649720515
2023-08-09,0.0,0.0035548545795248687,0.00802075262287253,0.4066320577275593,0.002703616478747506,0.006219627798837921,0.0,0.01060458855906706,0.009924908851175224,0.006607635778800792,0.01060807315322751,0.01060458855906706
2023-08-10,0.0,0.0032904586157312954,0.0033378325581462434,0.002557184813769736,4.707057238229062e-05,0.008540415589883565,0.0,0.0031220439027442003,0.0029166208635195315,0.0018858899973806277,0.0031214901499314438,0.0031220439027442003
2023-08-11,0.0,0.001214713514153254,0.0077787872209941,0.4103461108125037,0.000320646698967586,0.008963067843641936,0.0,0.007819169136231974,0.00796888482336494,0.006756881089232992,0.007820955914754284,0.007819169136231974
2023-08-14,0.0,0.0030000436426430577,0.009290335324438265,0.020890489258716227,0.002057308263294866,0.01639677865685733,0.0,0.020663460340447463,0.02046296090553968,0.007800501873168452,0.02066725502047539,0.020663460340447463
2023-08-15,0.0,0.004290713068433483,0.005211960904860119,0.006059476243596068,0.004642031083331055,0.014184549011730526,0.0,0.008367051180243707,0.008045078295832946,0.005611644038144636,0.008368355885738836,0.008367051180243707
2023-08-16,0.0,0.0023688623105945217,0.004703046308525617,0.005307449762880445,0.002958548515152204,0.015734547465252137,0.0,0.004674155443940061,0.005287319816253536,0.00482479075169704,0.004672887213587014,0.004674155443940061
2023-08-17,0.0,0.0031543012628083567,0.0053964735375443,0.010182648552345602,0.0030686403801356565,0.005091601587613816,0.0,0.008881234013606156,0.009643936960865171,0.00467285864337201,0.00887914079027916,0.008881234013606156
2023-08-18,0.0,0.0008253783325317676,0.0036951347954989264,0.004225700528183773,9.475314726148376e-05,0.0064835960004178475,0.0,0.006078629143256143,0.005331678351498519,0.002721641860394728,0.006080856086769969,0.006078629143256143
2023-08-21,0.0,0.005533932906629957,0.012019954789884928,0.02458777274902882,0.0024414282491473926,0.009969849419869111,0.0,0.02306409682380717,0.022720797062461443,0.010105121042585145,0.023068332361618205,0.02306409682380717
2023-08-22,0.0,0.001804362453387609,0.004890671209276415,0.007300952107651887,0.001150725284155385,0.011120250617904767,0.0,0.0174197080838255,0.008941093454449961,0.004427712974959627,0.017417099940898087,0.0174197080838255
2023-08-23,0.0,0.000759987037472265,0.005815886610981147,0.009423791092194517,0.004245373814846465,0.018463643990808836,0.0,0.006113353421016969,0.005943947240694238,0.006578074086095322,0.006111338035877876,0.006113353421016969
2023-08-24,0.0,0.005553001427920146,0.008556315529258826,0.39988482861264285,0.005505069743099167,0.01914141393864477,0.0,0.01332472260767405,0.01275082452264763,0.009301642646711478,0.01332706838882126,0.01332472260767405
2023-08-25,0.0,0.0036849254393510056,0.004703204455297337,0.010528831836179003,0.002653129571174473,0.017459811266372117,0.0,0.008708461922011536,0.008435168983034999,0.00399381317493408,0.00870687194559969,0.008708461922011536
2023-08-28,0.0,0.0019928587849727952,0.004079255775433534,0.0049826832083068595,0.0023771917213750715,0.0065675589626818295,0.0,0.0031305269708834086,0.003140697363503641,0.004289653581625339,0.0031282287155361323,0.0031305269708834086
2023-08-29,0.0,0.0038415941900994954,0.00665287455696905,0.013268126532417407,0.005537286594776036,0.013543521126146154,0.0,0.009072356816987254,0.008634846638987377,0.007748147755709343,0.009069365939174987,0.009072356816987254
2023-08-30,0.0,0.0021759499025423845,0.003113240248851852,0.405596269263218,0.0015115247673198606,0.025648506561608133,0.0,0.005826350762709151,0.006254107377883101,0.0027860192144916786,0.005824780877890292,0.005826350762709151
2023-08-31,0.0,0.0013973373164987701,0.004319143702674069,0.0021236692784923905,0.0006644404279974037,0.006116760892949116,0.0,0.004573574099711801,0.004038380342909508,0.0037995987469767907,0.004572002810266341,0.004573574099711801
2023-09-01,0.0,0.0033819914021894215,0.005978518988659483,0.00882144624469458,0.0006337811080123767,0.009586723845326323,0.0,0.007010363280713541,0.006998836275747886,0.0039107108867179365,0.00700908334031132,0.007010363280713541
2023-09-05,0.0,0.0005243357432640483,0.007932961397699084,0.00699340539773094,0.0017808117006701263,0.01755681490379091,0.0,0.0038989284086954263,0.004245152939464078,0.006850718074414893,0.0038998354413365063,0.0038989284086954263
2023-09-06,0.0,0.0027738611523513423,0.003984529565088671,0.4048633539974485,0.00271815452190749,0.016036722387928685,0.0,0.0106984394042521,0.010527496976730328,0.0035088924980016395,0.010696486101080024,0.0106984394042521
2023-09-07,0.0,0.0029821635399954194,0.00704422669072198,0.4024768912290865,0.0012918877829857234,0.005209497307823918,0.0,0.01001105226721307,0.009678673382234208,0.006112760338579392,0.010013273675895714,0.01001105226721307
2023-09-08,0.0,0.0004723892219131165,0.004453005708526657,0.40410566447579405,0.0004938764967878928,0.005520638367117112,0.0,0.02676876767317062,0.012467585109438422,0.003551656026200986,0.026778329244966065,0.02676876767317062
2023-09-11,0.0,0.003708779854815547,0.006749057545275196,0.4152790761227626,0.0024688728520116943,0.008346049564250661,0.0,0.02372795730069577,0.021018997548207064,0.005931350667454902,0.023737084493290213,0.02372795730069577
2023-09-12,0.0,0.002782952666194549,0.006407089115408854,0.01135369407991313,0.0022351883628357605,0.006108350911216033,0.0,0.028878842113426645,0.018168664745751874,0.005260651388719898,0.02887338097310005,0.028878842113426645
2023-09-13,0.0,0.00014249390365195236,0.0050472701005798565,0.007088280700456778,0.00036136457247670783,0.011365750543506256,0.0,0.005065788962839144,0.00468676153417977,0.0039889016110281166,0.0050636261586361,0.005065788962839144
2023-09-14,0.0,0.004790767922266348,0.004856537953611267,0.005249414390723711,0.0032657162655864713,0.008283583049852512,0.0,0.006058268574412792,0.006004811903751769,0.0034575581794948004,0.006059393829040254,0.006058268574412792
2023-09-15,0.0,0.004679010132070394,0.010031551234394802,0.014393821105810056,0.004797957246288398,0.012574917625184628,0.0,0.010481489178984681,0.01069504729782528,0.010108861227587716,0.010485880955827608,0.010481489178984681
2023-09-18,0.0,0.00042211407374304066,0.003488757646520964,0.40393759707916455,0.00013564117103070927,0.011047182044873633,0.0,0.0020444665691592696,0.002008429453949565,0.0029613591917292265,0.0020448299277427973,0.0020444665691592696
2023-09-19,0.0,0.00041007905361550856,0.003186736500092484,0.4032482217957554,0.0009027939587986644,0.005897794372433101,0.0,0.008547522661927853,0.008810711485700656,0.002508963258846999,0.008546008555309207,0.008547522661927853
2023-09-20,0.0,0.004160249774765479,0.006771724720313732,0.3972941936273414,0.003683040891989453,0.011642130100939787,0.0,0.006472331241102385,0.006255742192039301,0.006361320445914906,0.006475152267672273,0.006472331241102385
2023-09-21,0.0,0.004658909673661837,0.005521624963281908,0.39898285773172454,0.006547465454193047,0.010689115285646974,0.0,0.005092593698706611,0.005002837033867691,0.006229387106941403,0.005091720805303421,0.005092593698706611
2023-09-22,0.0,0.00310711396686586,0.005252677406882261,0.4082948975338052,0.0009710589403169045,0.015448957674763997,0.0,0.002514768059450628,0.0026554265581236825,0.020318898571598118,0.002513704664174291,0.002514768059450628
2023-09-25,0.0,0.005807149011428203,0.005852952686719676,0.004242049673522041,0.0015452024058733027,0.007812323681616102,0.0,0.003948699171952049,0.0037195477978366935,0.0037249183378954207,0.003949389422977436,0.003948699171952049
2023-09-26,0.0,0.006439675579795023,0.0059072698126167444,0.39848002638833996,0.0058300457110322945,0.011628245076196385,0.0,0.0032606973300058242,0.002526229249125214,0.005502986101689256,0.003259309192665623,0.0032606973300058242
2023-09-27,0.0,0.0018737508304569883,0.006637615673685537,0.4121491020795066,6.272529457262976e-05,0.014002903697899582,0.0,0.005266564561022378,0.005258159407414137,0.005906969170750301,0.005267480365426189,0.005266564561022378
2023-09-28,0.0,0.0013510180579890951,0.005533989220567859,0.4094582464057337,0.002165353678036608,0.009187301931105799,0.0,0.0035977682093951175,0.003691957211957352,0.006161752692909667,0.003596246856479449,0.0035977682093951175
2023-09-29,0.0,0.0007059098044401302,0.006187715470552663,0.010505488904876431,0.0010407500911597811,0.007327203247761991,0.0,0.008664125020745657,0.00833565524685915,0.0054997371427748,0.008662669969789982,0.008664125020745657
2023-10-02,0.0,0.0031519465736826735,0.012402136806472015,0.0130384270654067,0.0002482612401377704,0.020352130782099923,0.0,0.011422879599841635,0.010437106112184055,0.010733405696408328,0.011417900830113265,0.011422879599841635
2023-10-03,0.0,0.0026623900752898444,0.007397471986326565,0.00987578354014984,0.0053203558975940535,0.018772889911634415,0.0,0.004088507477203322,0.004425785454461034,0.007455787829939969,0.004091647204597081,0.004088507477203322
2023-10-04,0.0,0.00011878933929598823,0.008434123644199917,0.012466640506036658,0.0027435640121733496,0.01733799248309994,0.0,0.004632431121035431,0.004101794098413458,0.0072141957699713155,0.004631653151729376,0.004632431121035431
2023-10-05,0.0,0.0004901982309959974,0.005755855427083567,0.00681293878182504,0.00024014342540090716,0.011194052073847806,0.0,0.00796061011369699,0.007489044387747041,0.004021924594861188,0.007961916772822491,0.00796061011369699
2023-10-06,0.0,0.007556353518586023,0.008429828843798642,0.4177707583997978,0.004531654254924078,0.031244263322262895,0.0,0.005164271192218095,0.005575478459925713,0.007521519180219566,0.00516030534311026,0.005164271192218095
2023-10-09,0.0,0.0018947477652940803,0.007865284564640813,0.40679882313224025,0.002400923521076015,0.02009304672621908,0.0,0.007446216678024297,0.007250292773457387,0.006643008670544872,0.007447370398577285,0.007446216678024297
2023-10-10,0.0,0.0029599389770910145,0.005491689017753314,0.4049389472286247,0.0019345256543041867,0.0229045526254678,0.0,0.002444972151966803,0.0025988579877485314,0.005233373144655825,0.002443126241192278,0.002444972151966803
2023-10-11,0.0,0.00023851616170605938,0.00738371205945329,0.4142883249120241,0.0015026933721142832,0.010601378832740708,0.0,0.005324685103782189,0.005185264642332323,0.0053701853908256075,0.005322433506476451,0.005324685103782189
2023-10-12,0.0,0.001208056098423227,0.007503703044615853,0.4076170075713895,0.002473716954896954,0.013480954191228712,0.0,0.007110857586580755,0.00663752355086234,0.006603422222123217,0.0071097355056372845,0.007110857586580755
2023-10-13,0.0,0.004449042039173179,0.012250907751438514,0.41659586552682226,0.0020379832921519903,0.017794243733522848,0.0,0.005484173800228678,0.005932561777695054,0.011782998627787679,0.0054883140251526215,0.005484173800228678
2023-10-16,0.0,0.007717157087462956,0.0062275673351031985,0.007748188624075919,0.004005275498629057,0.025818382945177618,0.0,0.0042606729886652955,0.004173055989479448,0.0065881803006527,0.0042588157559706775,0.0042606729886652955
2023-10-17,0.0,0.0034324492197673195,0.0067676842198413495,0.017033697924315444,0.0032470952154337596,0.011498371645984426,0.0,0.01980823748680897,0.01927281454079709,0.004840251893552409,0.019804728659202533,0.01980823748680897
2023-10-18,0.0,0.004162720192141034,0.011022844757258482,0.413462620005006,0.0021463520528528512,0.013671832543949585,0.0,0.008319262818578274,0.007954814239337768,0.011935385456552424,0.00832055180933891,0.008319262818578274
2023-10-19,0.0,0.0023913464231998804,0.006741930910092689,0.4044881458835468,0.030852401087815506,0.013751076622480311,0.0,0.005152911975591089,0.004841391117873362,0.0059327378468458924,0.005152028743364697,0.005152911975591089
2023-10-20,0.0,0.007624767965475954,0.005943796160099296,0.0073457491703596,0.015827265341144425,0.010589437812196748,0.0,0.0026424411931990593,0.002832886450093791,0.005785611125256111,0.0026444908298889217,0.0026424411931990593
2023-10-23,0.0,0.0027093647691059375,0.00841256692765336,0.008208345634904024,0.018329210854182598,0.016111765845372633,0.0,0.007422553960590652,0.00719087528587784,0.006866654169988537,0.0074238687904569795,0.007422553960590652
2023-10-24,0.0,0.0019039820699858767,0.006098877906492127,0.40346792154775357,0.024965587971915726,0.016654056328000325,0.0,0.008739923291210063,0.008340928329770281,0.0046595943492539,0.008738518996728856,0.008739923291210063
2023-10-25,0.0,0.0033152104488571865,0.01237969927667025,0.009771421464870866,0.01745399368327427,0.013727347633612375,0.0,0.008077251790820476,0.00854241552066713,0.011802804761773564,0.008080667338973432,0.008077251790820476
2023-10-26,0.0,0.00898076090952632,0.011664498663867241,0.011849267161089999,0.0336671556356285,0.011285059357732349,0.0,0.014287266185922059,0.013185948784859817,0.00972723359199712,0.01429349342553934,0.014287266185922059
2023-10-27,0.0,0.0020198091799376594,0.009745144522165905,0.010341241681253055,0.006492446637399452,0.01574823639243516,0.0,0.008764202997131529,0.008528268178946032,0.007575782324455813,0.008765750166739484,0.008764202997131529
2023-10-30,0.0,0.006880602038251471,0.007367722228245874,0.008881506180181742,0.0019346899221066582,0.016429129445636757,0.0,0.006668555425874708,0.006200244741039782,0.0074381093727605915,0.006665610905690688,0.006668555425874708
2023-10-31,0.0,0.003326981029162235,0.005247974381837883,0.003085718573079016,0.026440818795363086,0.01671276674260855,0.0,0.006414981754135106,0.00558708898678635,0.0047724301240510796,0.006417698288267395,0.006414981754135106
2023-11-01,0.0,0.00018509104578684488,0.00884654692736217,0.008051132663220772,0.009620409933518204,0.010557512233546201,0.0,0.008053851231534811,0.008061959367337761,0.008210032630436799,0.008050445578546638,0.008053851231534811
2023-11-02,0.0,0.006311535489824716,0.008737017032357665,0.41282741855537064,0.016264491923054347,0.018241918941442187,0.0,0.013439419848308409,0.012802105444401636,0.010159072577681078,0.01343722907513606,0.013439419848308409
2023-11-03,0.0,0.001456803182974642,0.00751088950276485,0.40852790219369395,0.05184692573023009,0.022740993474602483,0.0,0.006914087644037919,0.006960653569730626,0.008209811356077363,0.0069130160826184565,0.006914087644037919
2023-11-06,0.0,0.003500189535360132,0.006315294376650432,0.007170379180323011,0.012028531253320596,0.017342644303647885,0.0,0.0059903732271308465,0.005628532068519877,0.004923588233821784,0.005991356490439899,0.0059903732271308465
2023-11-07,0.0,0.001194906436268517,0.006440424521079846,0.4056719408501041,0.0005465369486703509,0.008015835016972991,0.0,0.002868983184185203,0.002637804563876082,0.004597451561825672,0.002867717380259505,0.002868983184185203
2023-11-08,0.0,0.0012784421367192933,0.0053470204663356655,0.003859386470604076,0.003292465078876594,0.009189948905007284,0.0,0.0033721473575854086,0.0033188672789694926,0.004119849116432723,0.0033727008637934046,0.0033721473575854086
2023-11-09,0.0,0.0002681252849705551,0.006120325558476379,0.0054380545834025185,0.01661144226612743,0.01038269860125407,0.0,0.003753329796404723,0.003349722500974158,0.005422286027801031,0.003751738422991867,0.003753329796404723
2023-11-10,0.0,0.006365094575491337,0.009057980957042543,0.013945916928996271,0.0015130813566091028,0.012236572785807021,0.0,0.0055065449265279095,0.005809970554405196,0.010050664655902306,0.005502316231815449,0.0055065449265279095
2023-11-13,0.0,0.00040648699164264057,0.00460535612295819,0.4055866059641333,0.025109139231103583,0.008793550703853965,0.0,0.012812119286164107,0.003250169868984188,0.003755431337061351,0.012802325222845962,0.012812119286164107
2023-11-14,0.0,0.003284438134630918,0.011604965619985863,0.009146935083767016,0.0023051334613786167,0.011073349106943995,0.0,0.004205631345506799,0.004569703138267464,0.012531911760665614,0.004202416577340607,0.004205631345506799
2023-11-15,0.0,0.003994011319056023,0.00475031187323692,0.006755241521066296,0.04051935598123535,0.041964670997243346,0.0,0.017020690709068493,0.015579684444537157,0.0034212391531310907,0.017028304749586463,0.017020690709068493
2023-11-16,0.0,0.0020528190754317555,0.007100903850797986,0.007496349267897023,0.000977015849617402,0.007715137343416521,0.0,0.014060182387171683,0.012067192977483095,0.005240129368449392,0.014058352073816914,0.014060182387171683
2023-11-17,0.0,0.00036220533609432337,0.005348898063852414,0.005162646932519083,0.013812524361834999,0.009147271414327546,0.0,0.010902856437284576,0.009655304097608269,0.004283374219191102,0.010901520719354985,0.010902856437284576
2023-11-20,0.0,0.002939618636389363,0.005397708540500215,0.4068378108888806,0.027104599428847242,0.009173069128473897,0.0,0.017161182260266434,0.013375366032069262,0.10589309444685463,0.017154522240468224,0.017161182260266434
2023-11-21,0.0,0.0015489991934437564,0.005119832845606936,0.0023852144787470386,0.0014673920381462757,0.004443387215038501,0.0,0.01125997659955015,0.008610448453947414,0.10320814614950335,0.011268735160585746,0.01125997659955015
2023-11-22,0.0,0.001401056963108882,0.0047187522235618146,0.010616056538094498,0.003916239771293739,0.006980248170770861,0.0,0.019397252988780447,0.01612006465826177,0.08874053844355125,0.019394572907319406,0.019397252988780447
2023-11-24,0.0,0.0025053313086429996,0.006025178950013768,0.4003710873340861,0.02556392473822444,0.00881602882058526,0.0,0.013238046862547214,0.011189566091467477,0.08029350514934142,0.013244246247329275,0.013238046862547214
2023-11-27,0.0,0.0035877056105626526,0.00487781956458419,0.0034008811702730124,0.0017436445158811598,0.008450668448070936,0.0,0.016765813382201587,0.014710348259893775,0.0735223892643511,0.016762302935567956,0.016765813382201587
2023-11-28,0.0,0.001631338128536497,0.005863928561763966,0.40855465471336094,5.539031075296741e-05,0.009255084259381971,0.0,0.012276299543522226,0.01748168779141793,0.06590441436461633,0.012274218928731406,0.012276299543522226
2023-11-29,0.0,0.002684417267967698,0.006374692559584089,0.010054841667169412,0.0001398132911507588,0.011264892510023262,0.0,0.020304712640264996,0.022207872647807315,0.05905287723555773,0.020289509552745826,0.020304712640264996
2023-11-30,0.0,0.003480871976322908,0.007565731431402933,0.40178915267781784,0.003512518489546812,0.006792340051943714,0.0,0.03623201209819632,0.034471981388417346,0.05326743823088514,0.03622889289572942,0.03623201209819632
2023-12-01,0.0,0.0013806541162367236,0.008172106278532494,0.4118277442118907,0.006488190738084487,0.00931136346161731,0.0,0.0416040125612914,0.0036683902637269232,0.048104852984813415,0.04158633953633756,0.0416040125612914
2023-12-04,0.0,0.0006853702968065978,0.0066033062565409376,0.40049338175954663,0.0032787238013527453,0.012709933990413258,0.0,0.006446768114121088,0.006040433217936692,0.008390359295337137,0.006449287766880812,0.006446768114121088
2023-12-05,0.0,0.0032786219864745503,0.007422302815110075,0.005926786512788607,0.0048292030264998065,0.011267717169074033,0.0,0.008009846408137879,0.008222745169732343,0.007337047841523225,0.00801033408383779,0.008009846408137879
2023-12-06,0.0,0.0031695876901176034,0.006342300449554195,0.4017233073283622,0.00461462379354316,0.009850903217226592,0.0,0.006469556409451141,0.0064142407118211306,0.007009368786545081,0.0064691663536830275,0.006469556409451141
2023-12-07,0.0,0.0035153464976928617,0.006077528642733164,0.403608531946071,0.003516395332205713,0.010302746642542767,0.0,0.006557901761106248,0.006528464154644523,0.0074308468225944,0.00655578745933814,0.006557901761106248
2023-12-08,0.0,0.004479751406935406,0.006367016375573603,0.41070642173086,0.0066797180863058525,0.009094634629291443,0.0,0.0072507482053031595,0.006715243860163869,0.0066030902434373595,0.007248406222429656,0.0072507482053031595
2023-12-11,0.0,0.0018177607739934265,0.0069423447105032635,0.4102849923263696,0.008136013537027864,0.0064640980989163176,0.0,0.010923061172579393,0.009784008925148786,0.008508576028800029,0.010927044310481436,0.010923061172579393
2023-12-12,0.0,0.0007560065737559074,0.005911220456089876,0.4082604114525161,0.02327986199561849,0.006987473156340664,0.0,0.005290763077909807,0.005412946655310611,0.007661192892980097,0.005289057308269263,0.005290763077909807
2023-12-13,0.0,0.00059410531588866,0.009028598297679796,0.006386822871278203,0.000555235301956003,0.008556537373462729,0.0,0.004359337373886138,0.004016676369014718,0.01097825050347357,0.004358425479962904,0.004359337373886138
2023-12-14,0.0,0.0023331517745341923,0.011695554145374765,0.011813751447497939,0.022968327091384078,0.016066299723490204,0.0,0.006603489700102327,0.00607176698620833,0.013437947251831277,0.006602379709154899,0.006603489700102327
2023-12-15,0.0,0.00032577095618741003,0.006168426677691519,0.4062263849039961,0.014844714518788882,0.013597393473183002,0.0,0.0031376709046212065,0.0028489637550756,0.007588136031871494,0.0031364446456429965,0.0031376709046212065
2023-12-18,0.0,0.0036734511711330464,0.006256763010734009,0.4177115220821309,0.05142309284188218,0.016325564452650886,0.0,0.011818227640176364,0.01081627821356825,0.00737037422787868,0.01181441738187962,0.011818227640176364
2023-12-19,0.0,0.0023346323807075797,0.004151756207962279,0.40521803155559694,0.0012216275344518746,0.00617685634422593,0.0,0.007093255709626452,0.007353450449896694,0.005031205391221517,0.007092340453680097,0.007093255709626452
2023-12-20,0.0,0.008402228964160263,0.00723744053797986,0.008522900039771603,0.0059351167362802215,0.00605304459995528,0.0,0.008652907605157308,0.008723406361744476,0.0070050978881084774,0.008654711164616878,0.008652907605157308
2023-12-21,0.0,0.004600741740575898,0.006759062313312553,0.007941108084003418,0.007012742491107726,0.015518946741839422,0.0,0.004704408769980538,0.0042745103430858414,0.007470581593596454,0.004703621935202147,0.004704408769980538
2023-12-22,0.0,0.0015955417936811545,0.0030470893321890152,0.0030207707345289714,0.009404266786843474,0.009733542329992798,0.0,0.0009462886933302676,0.0008887847890863415,0.0031527718283214518,0.000946874270065475,0.0009462886933302676
2023-12-26,0.0,0.0010555793297332139,0.002859419411330527,0.40645501487831737,0.003708170758239593,0.005334119825461909,0.0,0.002758378232685065,0.0025640246518177745,0.0033583640875496368,0.0027578231993688634,0.002758378232685065
2023-12-27,0.0,0.0021852884200151967,0.0031430783247476946,0.40357362659253504,0.0024930874091979582,0.008474207838593855,0.0,0.0016491139374495904,0.0017523817521512821,0.002945192946791915,0.0016495714508975253,0.0016491139374495904
2023-12-28,0.0,0.0012411091661003737,0.004115710210966017,0.4046304868292573,0.0009305210238814698,0.011467828962102817,0.0,0.002330185865637208,0.0019491131197578524,0.004321397557326773,0.002329256420461499,0.002330185865637208
2023-12-29,0.0,0.000472232319376209,0.0045256634440720145,0.3997085571497832,0.04110755934968768,0.013559910187390098,0.0,0.0034086841821190585,0.003605971864082706,0.005291829775212628,0.003407850900454689,0.0034086841821190585
2024-01-02,0.0,0.00041318122618050346,0.011576720515074634,0.4075252423747039,0.0013810455546421352,0.015502043152672094,0.0,0.006751872677465051,0.006420518172399545,0.014877240590332894,0.006756050831116165,0.006751872677465051
2024-01-03,0.0,0.00416209263191164,0.007324320037420846,0.008904037105948365,0.012237766696058028,0.01715422739451872,0.0,0.0038875532991057985,0.0036229705711308025,0.007944766434875614,0.0038883641968818026,0.0038875532991057985
2024-01-04,0.0,0.0003965777987599006,0.004717906952370829,0.7988686903958574,9.816604045909116e-05,0.01120389390695543,0.0,0.00431866581314829,0.003919633435451737,0.004969103847207446,0.004317273452741432,0.00431866581314829
2024-01-05,0.0,0.0017793876473367054,0.00405373390097262,0.0048801121170965744,0.0007687044726756298,0.010113389677389357,0.0,0.005924934068701229,0.005606949497493975,0.004914809627651798,0.0059230238390221256,0.005924934068701229
2024-01-08,0.0,0.005045012492919609,0.010085758435034092,0.4084781740334794,0.007170485566932339,0.009992606056709288,0.0,0.013894199523158334,0.013851841900612399,0.012701936065826404,0.01389599416317838,0.013894199523158334
2024-01-09,0.0,0.0006308097786098532,0.0055673278514095925,0.4002444343181135,0.02904830707421624,0.009832945770530406,0.0,0.007195588998072822,0.007011234670960419,0.006617259833839997,0.00719651841411888,0.007195588998072822
2024-01-10,0.0,0.0036408793490650404,0.006988954670250694,0.0054708372130536365,0.010144728686775295,0.013361270023033923,0.0,0.008873543158088701,0.008502079295248252,0.008618123326993347,0.008870076394430266,0.008873543158088701
2024-01-11,0.0,0.002943746272679404,0.0044757210507367085,0.7999662864608048,0.004845919460047421,0.0142075216504951,0.0,0.04881379106142658,0.045672834388014484,0.005008376338814742,0.048780540556450855,0.04881379106142658
2024-01-12,0.0,0.0005407996849145502,0.004453187805694141,0.006910184873804126,0.013680233541891518,0.006703969885663994,0.0,0.041600833808007276,0.04021015788186546,0.005309728379891458,0.04159908209689997,0.041600833808007276
2024-01-16,0.0,0.0018223544157418003,0.008350994350151804,0.014130998446752197,0.0008878563768646153,0.009883889790118072,0.0,0.03281500103583241,0.03254737700441672,0.010084265488464188,0.032794589346019726,0.03281500103583241
2024-01-17,0.0,0.0013500653254085448,0.004640498158173037,0.0071642668346863225,0.03605426829760572,0.01995568552483372,0.0,0.024068993594893496,0.021280953566257328,0.0053976724535999,0.024077797419443808,0.024068993594893496
2024-01-18,0.0,0.004709808862658871,0.008745997432833719,0.012217890674673937,0.013468177544443627,0.012300871017555521,0.0,0.045867857536762646,0.04161016469034418,0.009830476932877655,0.045842955354366305,0.045867857536762646
2024-01-19,0.0,0.005886913061711907,0.007542845537063143,0.008435366337086386,0.00476278159160648,0.010824774458671579,0.0,0.03254229377270084,0.03177804973279829,0.009052337644843401,0.0325254338527375,0.03254229377270084
2024-01-22,0.0,0.00013337068068342006,0.00471499422793617,0.005609075035710842,0.0007307887986542916,0.008438634071212973,0.0,0.022713226230243706,0.021801711670912508,0.005564431537250142,0.022701345803223014,0.022713226230243706
2024-01-23,0.0,0.0025735663385570984,0.004374770469088664,0.005609839743977357,0.001043224868600312,0.006964936417731816,0.0,0.02616676364386413,0.024197205256954082,0.004583898549348778,0.026169856398364392,0.02616676364386413
2024-01-24,0.0,0.0016029582413207288,0.013229729666156424,0.42933809614871876,0.0003330209220340219,0.020490476395087224,0.0,0.053737634555946504,0.04577137189677752,0.01599286085964686,0.05371460717307806,0.053737634555946504
2024-01-25,0.0,0.0004500798915126891,0.005338775049675712,0.4111465852157425,0.0020256997408760746,0.0240098928798297,0.0,0.04668320445156837,0.03904146170917581,0.006775059243507103,0.04669705763832744,0.04668320445156837
2024-01-26,0.0,7.198659069218571e-05,0.003019765380504455,0.40205597873302235,0.0005891083405293873,0.013586638829082929,0.0,0.05189835422540551,0.043409133656966366,0.003569705962802129,0.05191497462059052,0.05189835422540551
2024-01-29,0.0,0.0018928184536200487,0.005382685828467106,0.006216648621456211,0.00299182625085459,0.010114547885614299,0.0,0.05407320348359794,0.045357597204807816,0.006862954947746851,0.05406079422487485,0.05407320348359794
2024-01-30,0.0,0.0012972524198518465,0.005837347119415338,0.40743133743410936,0.0003950291377869952,0.006650807914992993,0.0,0.04896384101719053,0.04027643062210615,0.0064586745163415366,0.04895610034712252,0.04896384101719053
2024-01-31,0.0,0.010019871021515303,0.009032330980493518,0.3996797727444168,0.006464983815183567,0.015846616504065297,0.0,0.04012827006139931,0.033374235693816666,0.009713893164895071,0.04014755897115409,0.04012827006139931
2024-02-01,0.0,0.0035478888161546984,0.006175301873411129,0.41252046578074997,0.005005003246025375,0.021027761389119815,0.0,0.04089897815386526,0.034211294125953494,0.007076742024196898,0.04089527897327342,0.04089897815386526
2024-02-02,0.0,0.00945072370285105,0.023360536161375366,0.059311549885892906,0.004007553020398236,0.026107618319037896,0.0,0.04698675799252996,0.04066219112093483,0.030443847011280487,0.04698572247338298,0.04698675799252996
2024-02-05,0.0,0.0022014635394022597,0.009837747459580402,0.0204506396277849,0.0015148558217208397,0.03396296556027138,0.0,0.04195237593068668,0.03441341005162448,0.011620838424878176,0.04195270210900368,0.04195237593068668
2024-02-06,0.0,0.0011130947671924574,0.005667226051062228,0.007430369906860745,0.0010380827303457796,0.010765574332486755,0.0,0.039906191532932164,0.03383250828557507,0.006751595943506057,0.039906999522897106,0.039906191532932164
2024-02-07,0.0,0.004982440210660355,0.00803702353496466,0.4126344774313607,0.0031557936999777603,0.010907890453539851,0.0,0.040519479230215046,0.03484780512595289,0.009839545853870209,0.04049841494906894,0.040519479230215046
2024-02-08,0.0,0.001682209810477231,0.004098196328181793,0.4020138013337944,7.927263549412089e-05,0.01869837425453748,0.0,0.034617898667180395,0.029406401283030688,0.004550888961068096,0.03462099610145008,0.034617898667180395
2024-02-09,0.0,0.0029224059797683943,0.008044610442772014,0.4179911877839568,0.0021583518052117334,0.012198388238557307,0.0,0.04062572385730133,0.03225458914525359,0.010253365071602391,0.040606188588846716,0.04062572385730133
2024-02-12,0.0,0.00030917009754799496,0.005063399406274288,0.4094027890484526,0.00026441722303305326,0.006746035126909567,0.0,0.0320502855910795,0.029296401211696188,0.006309075106098697,0.03205494899402702,0.0320502855910795
2024-02-13,0.0,0.002186616895848259,0.006669320965525007,0.40232426074324457,0.005471425575149125,0.03642515750078984,0.0,0.03423764349027777,0.03100960079083688,0.008355079021667551,0.034243892698151965,0.03423764349027777
2024-02-14,0.0,0.002229202088029014,0.007204946657579724,0.4137539833745095,0.003446853474081024,0.018174558770893037,0.0,0.021831914930106385,0.020353423064598558,0.0245545197442714,0.02182362287339443,0.021831914930106385
2024-02-15,0.0,0.002176239322132456,0.00844394788859161,0.8154715083645852,0.0025946181470175578,0.015129923640077543,0.0,0.022066855745368492,0.020525455856157705,0.04388475848074818,0.022085355192617853,0.022066855745368492
2024-02-16,0.0,0.0008625705898361868,0.004733681824482784,0.40381918709236814,0.0020376749593655763,0.010023098490849574,0.0,0.026320317261949104,0.019955563036942913,0.04086003446772152,0.026311322485277785,0.026320317261949104
2024-02-20,0.0,0.0030868826388099624,0.007348188365064574,0.40544955062087673,0.002242863106137083,0.0081521867289274,0.0,0.01853907698507386,0.016277315451146298,0.009435404326059056,0.01855407801428522,0.01853907698507386
2024-02-21,0.0,0.0018672668166069828,0.005621145851418173,0.4064724799976852,0.00026005285825725366,0.008397411428561586,0.0,0.015512517604733135,0.015498547472570555,0.038034063253870806,0.01551646126056159,0.015512517604733135
2024-02-22,0.0,0.009539595035311932,0.020261679550626223,0.44677353693743405,0.007968069205005479,0.011821228380693678,0.0,0.04535109228119884,0.042009443632569934,0.02571554323807808,0.04536395242662385,0.04535109228119884
2024-02-23,0.0,0.0014505531838390207,0.004305687500167674,0.40692748179122656,0.00017584034542617033,0.024744002635584142,0.0,0.02514854657213297,0.017001041426175905,0.03984767290707289,0.025155187026921287,0.02514854657213297
2024-02-26,0.0,0.0007223133530925852,0.004700758639674889,0.006314494858096209,0.0015231848404668735,0.004668145031651626,0.0,0.026323114090027633,0.021286156727130023,0.005905959021709997,0.026331099587735468,0.026323114090027633
2024-02-27,0.0,0.0015345907677657422,0.00423848163055824,0.005205342330675655,0.0006308438344271305,0.008608276549298424,0.0,0.01886314514528917,0.01495567334796394,0.004783190517433186,0.018869712219377777,0.01886314514528917
2024-02-28,0.0,0.0015742871879141362,0.005196832008354489,0.4042618438897415,0.0006090670602758586,0.005845682994299453,0.0,0.02417610937466866,0.01935202700808388,0.0058922778435959305,0.024185040442435107,0.02417610937466866
2024-02-29,0.0,0.00093542181866757,0.0047341866310746245,0.0046715845922169486,0.001307428850771064,0.012136129823092276,0.0,0.025803932457653653,0.021477214925478903,0.005969041482472244,0.02579858985621928,0.025803932457653653
2024-03-01,0.0,0.0022024295579539666,0.008551017755236458,0.8195263482885561,0.003563937456061428,0.01556206207430582,0.0,0.02113962194881841,0.0192303446781797,0.03858418080125086,0.02113462437853025,0.02113962194881841
2024-03-04,0.0,0.0006667376397360703,0.007550687495875605,0.41274092267823526,0.0005117086234864843,0.007097135685745827,0.0,0.01965251657996981,0.025437411094925477,0.03498830049975745,0.019646296355766833,0.01965251657996981
2024-03-05,0.0,0.007410757781679489,0.009114379662440414,0.3985949734386234,0.003995844100414425,0.009489526662243597,0.0,0.013940841051903111,0.01216765194682616,0.00966063263828176,0.013937693884717595,0.013940841051903111
2024-03-06,0.0,0.0016965783624557362,0.005826270877543428,0.4145767690053237,0.0018809361676632719,0.01488748075473874,0.0,0.017062352618044882,0.025605183476552728,0.008128831050068362,0.017058614693004216,0.017062352618044882
2024-03-07,0.0,0.0037365621452212228,0.009560059342162454,0.015993474415732012,0.0037735141152202,0.009119776353696957,0.0,0.008438873761992172,0.013670785107976273,0.012927370473463921,0.008441238603395842,0.008438873761992172
2024-03-08,0.0,0.0033204394129366377,0.010352102242548802,0.41092564002482457,0.0024368580566047626,0.008655558461584651,0.0,0.027131174009098084,0.017735748895615685,0.014193091920468335,0.027139049691209824,0.027131174009098084
2024-03-11,0.0,0.0001246126214161647,0.008580085650312833,0.40514768261807166,0.0004287357261769653,0.006180339651783495,0.0,0.020360919378210225,0.009397149697980226,0.011638772473631258,0.020365261288014216,0.020360919378210225
2024-03-12,0.0,0.0063873493554224,0.012124435447216107,0.4219163009437574,0.004097189955195146,0.01209574710453584,0.0,0.018054725599348426,0.015626676220279884,0.0529375898978218,0.01806121696888506,0.018054725599348426
2024-03-13,0.0,0.00013007311224094709,0.005299414841500323,0.80851466997341,0.0007050775560584199,0.02746285983294391,0.0,0.015570831147306393,0.0025262300164797797,0.006259864442159504,0.015574547193103857,0.015570831147306393
2024-03-14,0.0,0.0020965586626913724,0.007319785804529404,0.4133036186243856,0.0008649994388572058,0.02211520768695543,0.0,0.0225065458099218,0.009213714664545588,0.03486256389735328,0.022512291152569284,0.0225065458099218
2024-03-15,0.0,0.00324578791105945,0.005933241503310843,0.4035991737828062,0.0027743906064991997,0.012602038035312076,0.0,0.018888222434933957,0.006745881677489261,0.007748640419611118,0.018893269734893005,0.018888222434933957
2024-03-18,0.0,0.0033476396079802906,0.00403343552120438,0.007236842849878522,0.002222059236461904,0.011192023181171221,0.0,0.02099906794398389,0.00730119882582472,0.004714062888636097,0.021004932781676068,0.02099906794398389
2024-03-19,0.0,0.0014802343431782883,0.004015505235238193,0.007149277166393603,0.0020717791748656733,0.0062293890778517425,0.0,0.012519906835151766,0.004784176909120335,0.004841161178544023,0.012523534521397504,0.012519906835151766
2024-03-20,0.0,0.003453040065922175,0.0057112169838895305,0.004455994790803025,0.003509773767797597,0.022370614882945523,0.0,0.008454527339562524,0.0037918286451490255,0.005698904586333684,0.00845199611633172,0.008454527339562524
2024-03-21,0.0,0.0012417561998028792,0.004167315895548342,0.004592692882316174,0.0011944732050983564,0.012548245671599805,0.0,0.0066969773938893775,0.004682932530112148,0.03068360181712888,0.006694985836044098,0.0066969773938893775
2024-03-22,0.0,0.00243553927500878,0.006582832097943782,0.010504600538898318,0.0008333220982958967,0.009680722909208812,0.0,0.020283920400073707,0.012794323851252423,0.00716545109776941,0.02028871015563718,0.020283920400073707
2024-03-25,0.0,0.00044284480405248905,0.005291226847895174,0.011816155867750255,0.0011719237840246421,0.007223268677079774,0.0,0.01254211139911334,0.006085080608076296,0.006556696319209701,0.012537627870632537,0.01254211139911334
2024-03-26,0.0,0.0013779609488330236,0.004840898494809703,0.007085728013029757,0.0008142132679069825,0.012307528232778121,0.0,0.011802084779210364,0.005806303215941873,0.006035723655076739,0.01179793362992447,0.011802084779210364
2024-03-27,0.0,0.0024630340539587015,0.007601474193562649,0.008337929678548628,0.0031806000020202507,0.008253033878598595,0.0,0.017478896207135282,0.009169466162189463,0.009621687131421506,0.017473110830463788,0.017478896207135282
2024-03-28,0.0,0.0004955476581108287,0.00410500063025547,0.404025208389457,0.00016771515237823387,0.015736523182046578,0.0,0.01131112468929635,0.005437767047914268,0.004675647867753745,0.011307217537488295,0.01131112468929635
2024-04-01,0.0,0.0026555886581637878,0.008470964545201166,0.40886023483844025,0.0007723456526649297,0.017806759487392597,0.0,0.011601311604321079,0.007059132533637769,0.009256618202230001,0.01159735691416067,0.011601311604321079
2024-04-02,0.0,0.002704879622597134,0.007418762333457174,0.008989100134742689,0.002575927614523854,0.01626577382213267,0.0,0.012396405389601753,0.010596104801982385,0.00843260692539419,0.01239992485612599,0.012396405389601753
2024-04-03,0.0,0.00023016467875103253,0.005001060979458252,0.4085028680262983,0.00033513947776198094,0.015668429358404134,0.0,0.009374515259944819,0.008834916234241753,0.0061353336515248096,0.00937206700747445,0.009374515259944819
2024-04-04,0.0,0.0069965596758732596,0.0074679431328150345,0.016700523291180547,0.004859523064104199,0.009635546450566164,0.0,0.016330324583107216,0.014826450790983488,0.008623233147991502,0.0163345560474607,0.016330324583107216
2024-04-05,0.0,0.007387296918982433,0.007960788110249632,0.008165517287175655,0.003976233905483184,0.013966300217192067,0.0,0.0032396381695394653,0.004703986073161407,0.03675313091914001,0.0032387987242876535,0.0032396381695394653
2024-04-08,0.0,0.0007153628971563464,0.004719207232442527,0.004577438076659002,0.00012509312379949122,0.011956216576032306,0.0,0.006797144257363482,0.005952660167200762,0.005788065538176918,0.00679890604211524,0.006797144257363482
2024-04-09,0.0,0.001084279971408142,0.0047721672116879665,0.00822539544339776,0.00035784259143345487,0.005797038927045049,0.0,0.008848914200780976,0.008095421215759225,0.00557153438199319,0.008845897756165547,0.008848914200780976
2024-04-10,0.0,0.0009388124436772172,0.009426511822654741,0.008424817613176733,0.004003161864720273,0.011258133986579032,0.0,0.011876148727281674,0.010399473122432525,0.01057690228327286,0.011873070458341904,0.011876148727281674
2024-04-11,0.0,0.003522979202538301,0.00787223520974191,0.013656715745358955,0.0028467438211046137,0.024692313309341584,0.0,0.011358397882486127,0.010476441672374718,0.008886008214005009,0.01136226976748295,0.011358397882486127
2024-04-12,0.0,0.007526080750586972,0.007544276536168099,0.010910209228412265,0.005483219485562074,0.020763571752456026,0.0,0.003884041185110024,0.0040968298099319225,0.006533016288131459,0.0038850476061238095,0.003884041185110024
2024-04-15,0.0,0.0031116287962648093,0.007560505708027382,0.010201370470865057,0.013074534838440677,0.018659547085852303,0.0,0.00706153813846016,0.006464033049184258,0.00808941893287888,0.007063644028933802,0.00706153813846016
2024-04-16,0.0,0.00048350502560484676,0.006877659317192135,0.014721771064296119,0.026483523206374926,0.010763533682916698,0.0,0.09270780117744609,0.008366479922813854,0.24977187996186356,0.09262899954644531,0.09270780117744609
2024-04-17,0.0,0.005060454755267951,0.011171890116938546,0.026235095391413832,0.022708298265948557,0.019512877330608608,0.0,0.01863898350849877,0.017721122556180618,0.00996680007795087,0.018643346670995008,0.01863898350849877
2024-04-18,0.0,0.00036874313012136284,0.00620403386974952,0.012610645785308544,0.009385523187432687,0.009819343171247273,0.0,0.012127210211329969,0.010965602361360207,0.0057631263923576675,0.012124348130602647,0.012127210211329969
2024-04-19,0.0,0.004692416875113126,0.017113031106332624,0.4228298758719531,0.003621777121998182,0.00957354163518559,0.0,0.021147222073150816,0.02293069086378009,0.01625779170553745,0.021140709659300812,0.021147222073150816
2024-04-22,0.0,0.004119179914278348,0.007532752085764344,0.017677952167617167,0.01357836722576633,0.015344611911545144,0.0,0.012295131366990552,0.031286681677911425,0.00556411527332782,0.012298917726424692,0.012295131366990552
2024-04-23,0.0,0.004691156592177392,0.008818823509317494,0.016896087878149335,0.0061130574158339,0.01766729608457003,0.0,0.005121532702762287,0.02878391834873196,0.007250584439574589,0.005117557717291255,0.005121532702762287
2024-04-24,0.0,0.001027089804013115,0.006125211084183069,0.01271280636130584,0.022891168330646083,0.008831726265821262,0.0,0.008972148114497829,0.009877235896748443,0.005709742545941639,0.00896938508768311,0.008972148114497829
2024-04-25,0.0,0.0004647298585404025,0.01212619177340233,0.03651276341722093,0.008148843667870054,0.010128220896294697,0.0,0.04650044588775989,0.045383238142370205,0.011652636791328021,0.04648776845964233,0.04650044588775989
2024-04-26,0.0,0.003488439927659126,0.009339384327818535,0.020278378221680993,0.00034322682192011733,0.01009798097191747,0.0,0.01686403143462036,0.018070345218116582,0.008909798807660057,0.016869224814228416,0.01686403143462036
2024-04-29,0.0,0.00023969856611916196,0.008211600751580124,0.015244886146268538,0.041575864324065126,0.013598375428254332,0.0,0.007050521619357924,0.007724145776265295,0.007673609163735915,0.007052421622834386,0.007050521619357924
2024-04-30,0.0,0.005644926440975417,0.008183974757958457,0.0058202191211758625,0.01404446679832172,0.020194603527389852,0.0,0.010476072870280267,0.008990285374546415,0.006942267670756456,0.010473470783943385,0.010476072870280267
2024-05-01,0.0,0.0032517536499884203,0.010158265571679523,0.41634393122502544,0.026825063362222457,0.0311711833835968,0.0,0.019946022313576384,0.01994871165758359,0.009252323360311825,0.01995069288148135,0.019946022313576384
2024-05-02,0.0,0.0023237139749675007,0.00787251620091095,0.011792757622324318,0.003776243648645705,0.01757533133292418,0.0,0.008874460981741423,0.009424785235159206,0.006835101986446289,0.008872383576539484,0.008874460981741423
2024-05-03,0.0,0.0034926232597573548,0.008623388122466366,0.0124684333454054,0.010283633572031992,0.015687869807827153,0.0,0.006013476098559481,0.006212716407234214,0.007553303258900423,0.0060120684159262585,0.006013476098559481
2024-05-06,0.0,0.004608467038797692,0.007500563742321276,0.010823155984231753,0.011870151234060211,0.007193665610821676,0.0,0.007847708660936089,0.008375177248292532,0.006711509645648192,0.007845871606458584,0.007847708660936089
2024-05-07,0.0,0.0004674514679819386,0.006431885074097872,0.013630880434243514,0.01678672519762303,0.007538559066175721,0.0,0.007317919742657764,0.00782476944044543,0.006095910193327194,0.007319891290893287,0.007317919742657764
2024-05-08,0.0,0.0010417576700434972,0.003303185685600195,0.004040390058299537,0.004591974556460432,0.006844756714538654,0.0,0.003146433830284792,0.003326791607483287,0.002906028030617208,0.0031456972878612707,0.003146433830284792
2024-05-09,0.0,0.0018684702601161063,0.0054941221259865655,0.01182600365721967,0.0017374008006192376,0.005269877052569469,0.0,0.008193245321908472,0.008524751063368766,0.0048945334502394355,0.008190722166573657,0.008193245321908472
2024-05-10,0.0,0.001614223864137676,0.0045209976684925934,0.0066670850761900435,0.03498980757132064,0.018278243757319457,0.0,0.005726173116364802,0.005580217899976443,0.0037633083215275927,0.005724832285102764,0.005726173116364802
2024-05-13,0.0,0.00018498837198582807,0.007175732193807523,0.014928855450873635,0.013187751626257738,0.00971692532999641,0.0,0.008398927731270048,0.008809690522251803,0.006276401872080756,0.008400909915370628,0.008398927731270048
2024-05-14,0.0,0.0009062912533507328,0.0032586458941678137,0.0036688688155119553,0.009142850444327388,0.016191044114548657,0.0,0.004547782388041331,0.004148394261930732,0.0029812539552542747,0.0045464468943067025,0.004547782388041331
2024-05-15,0.0,0.0027626178464064677,0.006178939467281326,0.008700021445005118,0.00836322769970299,0.006028539295932335,0.0,0.0049360365101104925,0.005562956199686988,0.0056036723264716905,0.004934881043162846,0.0049360365101104925
2024-05-16,0.0,0.00044402547292876626,0.004768955131540138,0.0037926622556395673,0.018355067402425096,0.014517928013079088,0.0,0.03363358081797907,0.006546460862705987,0.05371150742228392,0.03366151369552268,0.03363358081797907
2024-05-17,0.0,0.0022232075873382384,0.004686948094979736,0.410187560194892,0.0015664697070574274,0.010092484455317975,0.0,0.00794487819602996,0.007809183887617468,0.04815753643979447,0.0079423591221703,0.00794487819602996
2024-05-20,0.0,0.0009996035597534814,0.006298379288746818,0.008602115005985234,0.02702959420962525,0.018138467920072607,0.0,0.010666169610296655,0.010498501816037594,0.04301438859191408,0.010663343835511903,0.010666169610296655
2024-05-21,0.0,0.00028363960538890787,0.004879785042185857,0.005637551553193065,0.000862417851734687,0.009363215969050084,0.0,0.0277259768602065,0.00753567332970119,0.03863740501564038,0.0277495046371414,0.0277259768602065
2024-05-22,0.0,0.0007872189141113761,0.005386009725393839,0.006097064703004307,0.0012173179559262781,0.007897234030377343,0.0,0.004188520640846118,0.003925798598939773,0.005104695897360909,0.004189700589776012,0.004188520640846118
2024-05-23,0.0,0.002166066294626179,0.013236357409405534,0.4307947150007319,0.0029453524281517485,0.011954245782109213,0.0,0.03401361080899387,0.0334010518789328,0.015452631323477914,0.03402416910466684,0.03401361080899387
2024-05-24,0.0,0.002629050927894061,0.0062610586149693045,0.4084326647774439,0.0024842595435874415,0.016185148665034267,0.0,0.03390460246601346,0.005031233713841051,0.006578149051472578,0.03391495275447679,0.03390460246601346
2024-05-28,0.0,0.0025726169926144626,0.01238343282544125,0.020911097545659396,0.00017955130325586488,0.010169342138380723,0.0,0.035398867832219676,0.022284320053074437,0.013794174108994072,0.03540776281407868,0.035398867832219676
2024-05-29,0.0,0.001513374974004833,0.006473798044114236,0.40480068854293505,0.0028275360394802718,0.014747683553322255,0.0,0.03099558964336881,0.011629997899443217,0.03493589146799768,0.03098537521352982,0.03099558964336881
2024-05-30,0.0,0.005438842782238051,0.009996668420785587,0.01328006630802156,0.002683536737083436,0.012046030859244947,0.0,0.0272950332804777,0.01301300110310023,0.031248339121781876,0.027302895695516555,0.0272950332804777
2024-05-31,0.0,0.0028258017396566304,0.008614524442155658,0.4150429091748739,0.0034548485639782633,0.01090316346200657,0.0,0.017953536150785356,0.0031099676735553724,0.02839097645985992,0.017958540408908805,0.017953536150785356
2024-06-03,0.0,0.002511460292256573,0.009902689328578115,0.41845776486446495,0.00022485578555175856,0.012551039900560647,0.0,0.02048972158554104,0.013514065876485263,0.02887349180907895,0.020495664610929477,0.02048972158554104
2024-06-04,0.0,0.0011987514829841506,0.006277491533377068,0.006247936588099939,0.00034266285489126247,0.015128128428147009,0.0,0.021327398230206508,0.007551013841837831,0.0069114989287476026,0.021321441501671097,0.021327398230206508
2024-06-05,0.0,0.004223562313095175,0.014486659831161423,0.41576518425227543,0.004536460514241947,0.010746753064805145,0.0,0.042239645885841996,0.0168201694321487,0.019116145357739738,0.042254194701563316,0.042239645885841996
2024-06-06,0.0,0.0001568461428178014,0.004530021379921374,0.40892392696809454,0.00010032979448171275,0.010766599157328034,0.0,0.022031695924526862,0.006185260297889064,0.00545944757156518,0.022039442626516005,0.022031695924526862
2024-06-07,0.0,0.0036519549061745926,0.00719954303916568,0.011191104255289519,0.0005676562378735817,0.010689874086445467,0.0,0.02162250132929204,0.006688080453365813,0.006114414472417629,0.021615962664272546,0.02162250132929204
2024-06-10,0.0,0.0018810104817528206,0.00533401552257802,0.4114103706702482,0.0011107180365990121,0.020250108579227565,0.0,0.01725889467214362,0.004453184009366781,0.006001599391671524,0.017264241605822676,0.01725889467214362
2024-06-11,0.0,0.0004848018764951889,0.0060290567314549015,0.40833142823640733,0.0008452495945561189,0.008966754217870632,0.0,0.017784574084708356,0.006390307090851571,0.006600462744448462,0.017790306956436738,0.017784574084708356
2024-06-12,0.0,0.0016632857701412984,0.009083242857328998,0.4212192938890943,0.003106251216729694,0.010368392565289609,0.0,0.01972414197287422,0.01236616741029363,0.011043398333864102,0.01973076338997522,0.01972414197287422
2024-06-13,0.0,0.0014499309466694532,0.007265015377927092,0.4097681134692419,0.0006913865759641258,0.008266239008476653,0.0,0.031919217966280056,0.017112845342088158,0.00784519119557865,0.031930359479816005,0.031919217966280056
2024-06-14,0.0,0.00019836461519828763,0.006977566815147648,0.011130044769148445,0.00014429026789564148,0.010368939556896993,0.0,0.021081283513660006,0.010766434123226226,0.007807897800486707,0.021076154108406343,0.021081283513660006
2024-06-17,0.0,0.005536906702301614,0.007748026774249697,0.41390321607567754,0.003007151674825348,0.005607490140848839,0.0,0.01968866715788859,0.00825849794389205,0.007963397134483666,0.0196960326788425,0.01968866715788859
2024-06-18,0.0,0.0005019974403158156,0.004679373023118695,0.4112455206227172,0.0008969411190231646,0.008810196225861077,0.0,0.01724412674957415,0.014279570778327018,0.005851670961589339,0.017237476997264665,0.01724412674957415
2024-06-20,0.0,0.0004705529450226287,0.007086614092532632,0.013576265326241871,0.001153804111405199,0.007247502467385945,0.0,0.017555445537307663,0.012143281887671475,0.008292861933192789,0.01754878006740504,0.017555445537307663
2024-06-21,0.0,0.0006926122312581051,0.006304655687602377,0.007924303224849799,0.0006166232288042917,0.004702854181242357,0.0,0.02594431593043266,0.007058975130850759,0.007094608086814077,0.025934957336967324,0.02594431593043266
2024-06-24,0.0,0.001952673225873336,0.01202598040511589,0.4173228107160453,0.0013623282493535616,0.007303182431901119,0.0,0.037653233553391535,0.035504518185200826,0.015623639276978338,0.037661729901939285,0.037653233553391535
2024-06-25,0.0,0.0018978440005749109,0.010899964822744815,0.4274320655410736,0.001407144608323252,0.018951459711259444,0.0,0.026103342882928374,0.016935263272927374,0.01435852024938661,0.026109534754522143,0.026103342882928374
2024-06-26,0.0,0.0027584737908239454,0.0037108354125920742,0.4007642867891677,0.0003934106447793795,0.006029730077065917,0.0,0.023335214969829127,0.0034495620933691954,0.003373599730363555,0.023327201181935764,0.023335214969829127
2024-06-27,0.0,3.197736615190294e-05,0.0049151095053228955,0.4073895745611804,0.0005212647922323566,0.0086157760227541,0.0,0.02273007843801101,0.011568661066118598,0.00577732736869285,0.02273628677098105,0.02273007843801101
2024-06-28,0.0,0.00047314145141308384,0.006304153988045007,0.4007310200068504,0.0016296667416990651,0.009495829237449021,0.0,0.019207244829612884,0.008675262917073682,0.007012616430768578,0.019211920386313842,0.019207244829612884
2024-07-01,0.0,0.0035630845328666894,0.0065958186865843205,0.4097134234145799,0.0007088425789414377,0.01096930806090602,0.0,0.008321888408332397,0.003122625659406784,0.007086815691699461,0.008313816795728271,0.008321888408332397
2024-07-02,0.0,0.001634742469921291,0.004533112754459223,0.40770632097045323,0.002528499137165019,0.014036500691714757,0.0,0.021925178638749127,0.009508294983357637,0.005118453190758229,0.02191731156297912,0.021925178638749127
2024-07-03,0.0,0.0004425700223837925,0.007663392713917347,0.01379278184837951,0.0016454301510160363,0.008484024936148015,0.0,0.015123892237993092,0.014504254911804253,0.009317354606642842,0.015120244577074936,0.015123892237993092
2024-07-05,0.0,0.0003455522723260773,0.00879097189741826,0.00884647565631902,0.0021532670372086393,0.009851124725541064,0.0,0.041213411809137464,0.023519575704277974,0.010756792785571564,0.04122399545463723,0.041213411809137464
2024-07-08,0.0,0.000406397171469175,0.004900079930057213,0.005750285017881135,0.0003567595814568669,0.007198419385320929,0.0,0.012030698323117359,0.011266480093784816,0.005546760577826653,0.012027539027059359,0.012030698323117359
2024-07-09,0.0,0.0009095357332830623,0.005969336299623845,0.011594412224214395,0.00028595065148007137,0.03250393220192532,0.0,0.013270733411168608,0.0118598644664292,0.00751787521000607,0.013274079919831606,0.013270733411168608
2024-07-10,0.0,0.00425829210784423,0.0061752379780389485,0.41732154349017453,0.003761422465968556,0.006131469982946917,0.0,0.011011068282265238,0.009704432183580537,0.007344503270162107,0.011008240628883621,0.011011068282265238
2024-07-11,0.0,0.0065960497336510215,0.018058260744931304,0.41103361397190796,0.003460131247655651,0.02461342440590145,0.0,0.010088852525429529,0.009727732675630573,0.022432953513837152,0.010091086266640297,0.010088852525429529
2024-07-12,0.0,0.0017072658013451147,0.00575374778773656,0.40596995270262604,0.002364055434176393,0.016942290803476374,0.0,0.0176448947171197,0.01581918440443719,0.0066758299325691975,0.017639720439178014,0.0176448947171197
2024-07-15,0.0,0.002979172353871573,0.008451607671709757,0.7987607097635251,0.0009783309886417513,0.013018814534019823,0.0,0.00574070100846701,0.004422083037012255,0.010150290577501227,0.005738730805640255,0.00574070100846701
2024-07-16,0.0,0.0008885701131363666,0.009033722077551522,0.809246442590497,0.002217035806316492,0.01752646869055329,0.0,0.008467849379389283,0.007327377364760876,0.010422312938980502,0.00847043196702233,0.008467849379389283
2024-07-17,0.0,0.007070041026400853,0.02092535697414915,0.04121534132247734,0.0055683540464794845,0.024373627559128218,0.0,0.027706924747605898,0.020248760608900254,0.028046023855286543,0.02769741575882936,0.027706924747605898
2024-07-18,0.0,0.00237288726862922,0.008208694075855623,0.4080775883063102,0.00309395644331123,0.020079988847399383,0.0,0.016145621363559553,0.014454487567877672,0.009972713690387549,0.016142046612147316,0.016145621363559553
2024-07-19,0.0,0.0022099110239282016,0.006344239400497567,0.006563072905952649,0.002686184807574765,0.02000686814059452,0.0,0.012834585448291927,0.01180471974393649,0.01090310271589207,0.012837904066654103,0.012834585448291927
2024-07-22,0.0,0.005145715106330273,0.010287605345699287,0.011097566619015592,0.003922913562998787,0.009241627861676472,0.0,0.01320499940775219,0.012744162248735187,0.01221303145790527,0.01320160835065647,0.01320499940775219
2024-07-23,0.0,0.0007037827952554032,0.00431503071023772,0.004481533003097171,0.0007055414928374137,0.007176625219034099,0.0,0.004747525661505535,0.004288326556802582,0.0051569566949688775,0.004748744831308849,0.004747525661505535
2024-07-24,0.0,0.009406838692221031,0.01711907256602372,0.40241773640697154,0.008942894314873495,0.019235916686025208,0.0,0.008643974855458751,0.011070385006383437,0.020765721575459545,0.008651075075747213,0.008643974855458751
2024-07-25,0.0,0.003826757388506241,0.008099730080802364,0.4007761427782852,0.002127631324488455,0.026554386271514498,0.0,0.0033260703254073525,0.003253227813593274,0.00856763436514894,0.0033268897697595334,0.0033260703254073525
2024-07-26,0.0,0.003661832723577174,0.0058145124179059884,0.4076856941147756,0.0042695252316240495,0.01104700738127306,0.0,0.009849739209225867,0.008891101363518871,0.006725794605306214,0.009847558409344872,0.009849739209225867
2024-07-29,0.0,0.0004989330688432436,0.005146837154367735,0.40563472861121486,0.00013611064316809696,0.016305067721599217,0.0,0.006885556309313522,0.0065216574051837894,0.006135925369150666,0.006887740309462289,0.006885556309313522
2024-07-30,0.0,0.002918611870399712,0.010048317784408275,0.4152124096672355,0.002071426406943022,0.00944329994534809,0.0,0.025441210999841313,0.022997523323519127,0.012329209142154109,0.025432479601749984,0.025441210999841313
2024-07-31,0.0,0.005222567619865004,0.019704465041459625,0.44871760414814843,0.00623832141252012,0.023123351323648303,0.0,0.03969463430599509,0.03848043052866284,0.02616878811105853,0.03968444068408194,0.03969463430599509
2024-08-01,0.0,0.008806699281963759,0.019630265337447536,0.4114145919137441,0.005622923506957811,0.014899762567980113,0.0,0.0437733260939785,0.0401539522750598,0.021898305792270402,0.04378465394077544,0.0437733260939785
2024-08-02,0.0,0.014303772404225923,0.015387561946432968,1.175285698948056,0.007363555889395856,0.015042017076564343,0.0,0.026428069235289047,0.019215212987739077,0.014441032107622405,0.026418999148441317,0.026428069235289047
2024-08-05,0.0,0.013593997906397204,0.012764365736651302,0.3981958028993425,0.011466073289627898,0.039641416549421354,0.0,0.2784565423686179,0.037264724352604965,0.24631011984783818,0.2782734599204927,0.2784565423686179
2024-08-06,0.0,0.007299687674694411,0.009247086889989056,0.8203687373410551,0.1479921335145531,0.04006087643056054,0.0,1.5010794962988294,0.04993972320811503,1.6426768718105456,1.5022803598958685,1.5010794962988294
2024-08-07,0.0,0.001763043215559812,0.00795111599237635,0.4095614168199434,0.008446648030383752,0.012281595573518687,0.0,0.0010870195061504773,0.040086238925298126,0.0010870195061504773,0.001086802102249207,0.0010870195061504773
2024-08-08,0.0,0.011823379346566687,0.013109559346422502,0.43272971940250615,0.0026624342594172568,0.012886001162597133,0.0,0.0050864519800849495,0.06278328357858434,0.0050864519800849495,0.005087469270480982,0.0050864519800849495
2024-08-09,0.0,0.00042323602867755383,0.004330874910132766,0.8053173844980624,0.0665659311973843,0.022613814949215955,0.0,0.0013032291151879871,0.00893488575352966,0.0013032291151879871,0.001303489761011023,0.0013032291151879871
2024-08-12,0.0,0.0005673414419934408,0.00662526281552326,0.013918871612363548,0.00019169947663177922,0.005132837214032879,0.0,0.006170845508196909,0.01636517775027272,0.006170845508196909,0.0061720796772985476,0.006170845508196909
2024-08-13,0.0,0.005969597502331225,0.010402170593462996,0.4218460997331095,0.018905757619292363,0.013312299553627721,0.0,0.0015481362611035054,0.015155823097718808,0.0015481362611035054,0.0015484458883557317,0.0015481362611035054
2024-08-14,0.0,0.0006515251272407596,0.004487984312943255,0.0053430639386362055,0.029508575764451317,0.01141753819054453,0.0,0.20297454195838632,0.006763417602151464,0.20297454195838632,0.20297454195838632,0.20297454195838632
2024-08-15,0.0,0.01023931333140854,0.010471088081380545,0.016611766966119212,0.0003410240906540629,0.010207650263032119,0.0,0.0007989313520064822,0.013069280644515839,0.0007989313520064822,0.0007984519931952816,0.0007989313520064822
2024-08-16,0.0,7.723375557761036e-05,0.005562196813865834,0.40773397842598197,0.029132848923627552,0.009280639545360922,0.0,0.00818743520435089,0.010705698903880215,0.00818743520435089,0.00818743520435089,0.00818743520435089
2024-08-19,0.0,0.004062930817880728,0.006044784911182634,0.012110728210728255,0.00033758890970170263,0.005578044431591857,0.0,0.0010925350258012556,0.011660781633341655,0.0010925350258012556,0.0010925350258012556,0.0010925350258012556
2024-08-20,0.0,0.0022167231007850785,0.006135829358581972,0.4066673307998687,0.006250750362389645,0.008433260526156349,0.0,0.002162584594494643,0.005790281535131297,0.002162584594494643,0.002162584594494643,0.002162584594494643
2024-08-21,0.0,0.0007424704916891844,0.004549576069072164,0.4059925234030271,0.006500424526477033,0.013585364236746304,0.0,0.0005587125605945875,0.004524394784304313,0.0005587125605945875,0.0005587125605945875,0.0005587125605945875
2024-08-22,0.0,0.0018129827746637406,0.00867145455369548,0.4049686157618563,0.002343794778008279,0.0067241803901405515,0.0,0.13349774263095657,0.013094274615681271,0.004981893694833872,0.1334356145741952,0.13349774263095657
2024-08-23,0.0,0.0028996211909078085,0.008394427397795848,0.015637701528031844,0.007766369760343839,0.012253191961410599,0.0,0.007070530784200071,0.01637408074082769,0.006019246489225638,0.007070112922211939,0.007070530784200071
2024-08-26,0.0,0.0007154830018684111,0.00686457911797983,0.007970937088373209,0.002762406103822501,0.01086972431113022,0.0,0.12021526749715802,0.006760381032266284,0.0006406250912296407,0.12017104381467422,0.12021526749715802
2024-08-27,0.0,0.0005163655474598183,0.003689852805403973,0.004860044612849113,0.004985124656378348,0.0072785106955292,0.0,0.11533741265462853,0.005498256833250231,0.0017755899511520123,0.1153041091498031,0.11533741265462853
2024-08-28,0.0,0.0023571903776696823,0.003776241583386561,0.006038008994690952,0.006242697739968994,0.011155331484538712,0.0,0.11371342867662136,0.006066408048179977,0.003826637096144392,0.11369330457470092,0.11371342867662136
2024-08-29,0.0,0.0006633785595760999,0.007200213229186014,0.4151771592956799,0.004920236028387537,0.00973741855786862,0.0,0.01045071904496623,0.023111532038328456,0.0010491834127612787,0.010445520781699396,0.01045071904496623
2024-08-30,0.0,0.005729485541000612,0.005191291705643128,0.8087730414489622,0.00016690312664180418,0.008523356556498843,0.0,0.00532841358409306,0.004459324911679667,0.002989177416198696,0.005327046727526555,0.00532841358409306
2024-09-03,0.0,0.01190249340756544,0.016671022884223674,0.7973889313500904,0.0040286676033582935,0.018155180703299433,0.0,0.018466310748903238,0.02777265926668337,0.0018276682527742505,0.018462831083279802,0.018466310748903238
2024-09-04,0.0,0.0030862618802729447,0.007221318595897572,0.40234299855605304,0.04452818400724512,0.013351210683030523,0.0,0.0056195589772309075,0.011683284601789414,0.001665439207572783,0.0056174286832665135,0.0056195589772309075
2024-09-05,0.0,0.002404898368978281,0.005959257039359296,0.7960126778944276,0.00031041386809749216,0.019262750375584815,0.0,0.005089479222351027,0.009191154756229478,0.0029255196058163846,0.005089468367566401,0.005089479222351027
2024-09-06,0.0,0.008694245581572613,0.010210044572921913,0.004805379946341476,2.0262242749757853e-05,0.011961792321037607,0.0,0.010586785872006893,0.009536105192749396,0.002647221935178745,0.010584569143594617,0.010586785872006893
2024-09-09,0.0,0.004663539056969479,0.005110024384499388,0.4055109829611813,0.025991013276841834,0.010370872158695164,0.0,0.004948235068977085,0.010725857845166683,0.00101630794195684,0.004949670806543823,0.004948235068977085
2024-09-10,0.0,0.0006225698504597199,0.0061174549366971726,0.006702501570688274,0.004911521780146866,0.009127686166740541,0.0,0.0027234808054263852,0.005742323702192731,0.0012152183138914863,0.00272336213471398,0.0027234808054263852
2024-09-11,0.0,0.005066849812042362,0.015291017234838472,0.4022561594900704,0.0015714503505249722,0.012450254358730617,0.0,0.017121786172909492,0.02644032868471287,0.0007951091178549086,0.017126333408578154,0.017121786172909492
2024-09-12,0.0,0.004469427545213733,0.005869822296792428,0.004432243938181257,0.008402675714620944,0.012167675456637711,0.0,0.007196996218395918,0.008547306136204896,0.0065404991728104656,0.007196063290085203,0.007196996218395918
2024-09-13,0.0,0.0015142789332065476,0.005080297694728335,0.003113048654175554,0.000844560627026536,0.007338993973935145,0.0,0.004569806594483101,0.006464857185581776,0.0034083291327695053,0.0045695792451505655,0.004569806594483101
2024-09-16,0.0,0.0004233780013605526,0.005848666951795006,0.003809096613735602,0.0015402496925800424,0.006737817616126728,0.0,0.004405489650820499,0.012538904717088017,0.0009329929611693877,0.004405704692986109,0.004405489650820499
2024-09-17,0.0,0.0006669914229631146,0.005457997555552291,0.004614122730952491,0.0007610733949909854,0.006118550736246994,0.0,0.0037450580500016572,0.005507870823346127,0.002620460587240081,0.00374498688299041,0.0037450580500016572
2024-09-18,0.0,8.412919288824927e-05,0.004971394529377268,0.4004130306976421,0.00044869860546636886,0.008289111686244154,0.0,0.004883133538889958,0.008892876515973964,0.002632526723743589,0.004883590814354163,0.004883133538889958
2024-09-19,0.0,0.008145192701754955,0.012558827606502891,0.008911961788148431,0.0006983390355479457,0.013737214028223322,0.0,0.010904269625327607,0.009926172862781224,0.00593837308512557,0.010901345228530842,0.010904269625327607
2024-09-20,0.0,0.0004043376455793446,0.007356642549702544,0.011840148532557881,0.019930397084782614,0.011445185602560868,0.0,0.008381419448402882,0.011865931698499407,0.0032792026955505427,0.008379493330871143,0.008381419448402882
2024-09-23,0.0,0.001388924083117915,0.004736570172317364,0.005228124436492454,0.0006428485963083652,0.013882664691797168,0.0,0.0011524701797771424,0.0028434371075384554,0.0004036641483334824,0.0011526762149795251,0.0011524701797771424
2024-09-24,0.0,0.000711252542903773,0.00866266766261757,0.40648708713612347,0.0003706448515228278,0.006927723436530853,0.0,0.008497969121058739,0.012358839834022963,0.005894054081033495,0.008497053360258949,0.008497969121058739
2024-09-25,0.0,0.0007842992110577707,0.007053867353960443,0.40123048329269717,0.0015750985836794351,0.017620032167835996,0.0,0.0044449990529292615,0.005563497288859805,0.0024487995814266306,0.004444581933257874,0.0044449990529292615
2024-09-26,0.0,0.001808564507019994,0.008090219532854548,0.005303320276678819,0.0008834460240280118,0.01582257813019758,0.0,0.0050832480759494,0.01162113285089754,0.00290858218927853,0.0050822405977860195,0.0050832480759494
2024-09-27,0.0,0.002071175145644144,0.005776009055109929,0.00412528485360894,0.0019904034945948945,0.012486479419974352,0.0,0.004291576954920617,0.006845251973581797,0.002273929749290582,0.004292125769466989,0.004291576954920617
2024-09-30,0.0,0.0030118748948815277,0.0054474553225044645,0.004627949994670588,0.00041893024112238386,0.008624751893993993,0.0,0.004064616208419407,0.004972475450474776,0.003575443470050954,0.004064136740359203,0.004064616208419407
2024-10-01,0.0,0.005568405867611648,0.010383856091991599,0.40700925793453124,0.001708111734995188,0.010799528080877073,0.0,0.009134280170220794,0.012241143823185818,0.001869892248594962,0.009132174517250392,0.009134280170220794
2024-10-02,0.0,0.0011986240634730416,0.0055135756978435604,0.4006134959624768,0.006887224052734453,0.008900187186323334,0.0,0.003511369331268542,0.007862276795290002,0.0012110333105851967,0.0035113181552159523,0.003511369331268542
2024-10-03,0.0,0.0010707855377504738,0.007392618271609364,0.4006650799291996,0.00014611577538325982,0.007187978019727967,0.0,0.00563728933753856,0.011500352293441003,0.0011576280937164452,0.005639851421399883,0.00563728933753856
2024-10-04,0.0,0.007464470554212899,0.007438131408278356,0.40655894651054714,0.005850043340289157,0.009864227543857953,0.0,0.004315875630323359,0.007600204036585498,0.002282446970768348,0.004315617405739021,0.004315875630323359
2024-10-07,0.0,0.002706161298486498,0.007017880676905182,0.00767073301834878,0.0011504802770226918,0.020292920811145886,0.0,0.005685763553688951,0.014480347953541651,0.0012256143930161056,0.00568646851098784,0.005685763553688951
2024-10-08,0.0,0.0037212448319550173,0.008606553939114678,0.40536269378436524,0.004912570499994495,0.012994084888805,0.0,0.007980823923896272,0.010060472994512654,0.002211577669561593,0.007982434415391083,0.007980823923896272
2024-10-09,0.0,0.004576203356508102,0.006186064676316973,0.40185999452528454,0.006241269671943828,0.014719103850822953,0.0,0.004846923434277445,0.00884421879724702,0.0029931993033648907,0.004847030603363242,0.004846923434277445
2024-10-10,0.0,0.0005505327199807897,0.004798178116763682,0.4031585468165184,0.000750429902930505,0.012350693828494448,0.0,0.005116480904822695,0.010088210628845878,0.0023069659424070355,0.005116793137965854,0.005116480904822695
2024-10-11,0.0,0.002730154169632626,0.004752395805606054,0.406930804717353,0.015317575981454223,0.013237376952115106,0.0,0.0036857728297903813,0.004047458883588094,0.003065753885659772,0.0036855014080188074,0.0036857728297903813
2024-10-14,0.0,0.004360588844695035,0.005998225207455098,0.40629550991270286,0.00300254820670276,0.012566743438585807,0.0,0.0065030973094862615,0.011859519258673429,0.0014253663504957825,0.0065045432058263315,0.0065030973094862615
2024-10-15,0.0,0.005659618377150288,0.020328361463013228,0.406486135364724,0.0010217718689178312,0.01335949142489797,0.0,0.022160714657662915,0.040233243647737844,0.0008330313453002725,0.02215231384954386,0.022160714657662915
2024-10-16,0.0,0.0014612613110478456,0.01036854977448564,0.4163939502270951,0.0005506383522050351,0.01283222875719173,0.0,0.010147099279942652,0.02544228887499687,0.0009324769432811353,0.010142626033177662,0.010147099279942652
2024-10-17,0.0,0.0023953053549446435,0.005346818979333048,0.40395207505992503,0.00047107354834685644,0.0067250306010666235,0.0,0.0031555465283745125,0.006674309482746412,0.0010914057899322205,0.0031553018605602183,0.0031555465283745125
2024-10-18,0.0,0.001508642627528145,0.0053532411222334125,0.40537069458150704,0.04779379370501691,0.020921531331654412,0.0,0.005355849497832853,0.00833355900918778,0.004009902028627388,0.005355143855636231,0.005355849497832853
2024-10-21,0.0,0.0025402029564634554,0.007463600384458126,0.4112159465555192,0.0034630592404427674,0.008898688319175908,0.0,0.006848580140358386,0.016870104277614296,0.0014031232353917678,0.0068494292710884214,0.006848580140358386
2024-10-22,0.0,0.00035197717555379704,0.004975781219571394,0.008084531336479489,0.008196628286935237,0.013506624412425108,0.0,0.0038647399134532122,0.005366504718024657,0.0029275650630494754,0.00386481124292744,0.0038647399134532122
2024-10-23,0.0,0.0031712855706990117,0.0072193896562355725,0.4081544215973786,0.0002464465887641598,0.00746924288977094,0.0,0.0071063628053554834,0.007338938610013062,0.0046429323225636865,0.007107939377923736,0.0071063628053554834
2024-10-24,0.0,0.00011321652898066414,0.0044389279491275635,0.00517098735551233,0.006355055989231251,0.008347448982896357,0.0,0.0033350942531749574,0.002360908256568629,0.0034346410409629713,0.0033344646724756404,0.0033350942531749574
2024-10-25,0.0,0.0008060744941069675,0.005052892861607934,0.40666282302723705,0.022017746739923405,0.009680241889519698,0.0,0.0017102716636799192,0.0035452002797342662,0.0006584711625574613,0.0017102895918210148,0.0017102716636799192
2024-10-28,0.0,0.0022632670400649646,0.004681371560170816,0.0063359238701393705,0.023614583680484413,0.014919948338768045,0.0,0.0018047240212774283,0.00526012310641127,1.1836222817307451e-05,0.001804068946969235,0.0018047240212774283
2024-10-29,0.0,0.00024035744338657405,0.007940827085186265,0.4048970729585259,0.04478843878189709,0.036485793396814695,0.0,0.0040937502041853415,0.00603238218895132,0.003165994776826886,0.004092968135950253,0.0040937502041853415
2024-10-30,0.0,0.0009646909934385439,0.005953301834180344,0.40447039242516997,0.1364820640572173,0.035867526801221634,0.0,0.006466587516149519,0.01085838547866193,0.0023687617536027883,0.006464357528439768,0.006466587516149519
2024-10-31,0.0,0.00931012068009629,0.012973641612850993,0.012433372738746618,0.0005120605153743352,0.02023449344528056,0.0,0.00851113320204828,0.012668594882899613,0.004443224941233781,0.008513407487654796,0.00851113320204828
2024-11-01,0.0,0.0039347039592193545,0.006561162336708844,0.006770898668591235,0.0612856936263344,0.02924369508045209,0.0,0.004084089824077877,0.00656754170404305,0.0024635921157631913,0.004083587804319827,0.004084089824077877
2024-11-04,0.0,0.003047308185980535,0.005905866035390173,0.005125751161286468,0.07495451528816832,0.031082668333047486,0.0,0.002610803886431418,0.004871004448719338,0.0015533058943124067,0.0026108204779915693,0.002610803886431418
2024-11-05,0.0,0.004680012301201131,0.005825976365819267,0.41297063358897357,0.0032114176158697383,0.008144984679333675,0.0,0.006023043600339795,0.0073012816100230474,0.0019087705456328208,0.006023869587072089,0.006023043600339795
2024-11-06,0.0,0.015696336007366807,0.024516277576820032,0.02997065950202213,0.013786514627132318,0.02587910051207069,0.0,0.01835750590160733,0.020743068316885258,0.013963030734356618,0.018357238128372734,0.01835750590160733
2024-11-07,0.0,7.157478655051008e-05,0.009983657303629892,0.8246005358067598,0.050487950466172826,0.0522188970634021,0.0,0.009168503106508725,0.07570359833834132,0.0072586595085198935,0.009166270697337454,0.009168503106508725
2024-11-08,0.0,0.001249679023613004,0.009186090683623006,0.4066238190605554,0.004545915726592131,0.015990479704119515,0.0,0.005051405936624284,0.003928077514720938,0.004077223943499408,0.005052198005291963,0.005051405936624284
2024-11-11,0.0,0.0015297304879669515,0.006869199450530376,0.012289056911635343,0.03694698732482893,0.015182535280641198,0.0,0.008771110547033868,0.006851417840421341,0.00876908842434565,0.008771286371018885,0.008771110547033868
2024-11-12,0.0,0.0012931968975810615,0.00806521070974564,0.0103453642799754,0.0007008107132835395,0.007195665427180167,0.0,0.005801170429438012,0.0080492709218986,0.003902986461985891,0.005801312450243187,0.005801170429438012
2024-11-13,0.0,0.0003313115374716791,0.005205350465425036,0.005732333033203196,0.00825461205452327,0.011813082357893159,0.0,0.005631897218876387,0.0064332849479859545,0.004734629374205601,0.005632000793137955,0.005631897218876387
2024-11-14,0.0,0.0028892207826795024,0.0069742894105556605,0.006620739059933212,0.00043739901327621844,0.007844745206917811,0.0,0.004571363443950581,0.008912046567531567,0.0019831452416973483,0.004571223183331681,0.004571363443950581
2024-11-15,0.0,0.006196054686451513,0.012897778567372613,0.014913709806504666,0.011641762289343438,0.012169456162271912,0.0,0.010134822701489172,0.010573899401859144,0.00033200688364370956,0.010132624917176824,0.010134822701489172
2024-11-18,0.0,0.0015246903576046633,0.004744020953607368,0.4038443901312948,0.01712522336183775,0.01630167342835407,0.0,0.0075990420516201486,0.006561176333544195,0.007202077389243944,0.0075991259235015885,0.0075990420516201486
2024-11-19,0.0,0.0010673711043382994,0.006311218834171108,0.41889345386215593,0.014193403556799211,0.01457983453300912,0.0,0.007302198731373544,0.015592803425183436,0.002788055732631578,0.007302077619327895,0.007302198731373544
2024-11-20,0.0,0.0006530655877386993,0.0041083184837373415,0.40549895545616765,0.0005128551413104976,0.005120506870762822,0.0,0.0034908233690322645,0.005065050309374389,0.0012782221285094209,0.0034901178719226504,0.0034908233690322645
2024-11-21,0.0,0.0028227803659133244,0.0059384176126272906,0.005356380262157012,0.0011669063962296278,0.007564527687904525,0.0,0.0029695692462982422,0.006074525937799485,0.0015041827656303575,0.0029689575747695062,0.0029695692462982422
2024-11-22,0.0,0.0011442204239021647,0.006571053777157179,0.8105984347411173,0.005152510162461654,0.009971163442793033,0.0,0.0076186515506385605,0.011223532344666517,0.0022766821569316087,0.007616258357803246,0.0076186515506385605
2024-11-25,0.0,0.002689872408110694,0.010276822528117159,0.4092834298981616,0.00029444177913484637,0.009333854165038848,0.0,0.012154479188711419,0.01942058580709153,0.00676051137516126,0.012153737461866126,0.012154479188711419
2024-11-26,0.0,0.0032365189279049966,0.00629614292233964,0.40730701080402054,0.012177815649258683,0.023770209412432575,0.0,0.003117534920947799,0.008841166726175593,0.0003922007948618522,0.003115788696226887,0.003117534920947799
2024-11-27,0.0,0.0027690517862101194,0.004860424349441804,0.004528542390732748,0.08464369118124693,0.02106603474495909,0.0,0.003704172156078504,0.0036253775430617184,0.00325305402853987,0.003704365562532854,0.003704172156078504
2024-11-29,0.0,0.0010873492950139174,0.005182129052168236,0.005552326181976652,0.0006465538328441767,0.009742748155518956,0.0,0.005225143015922473,0.006863588427305193,0.0030890131178871183,0.005224059317346836,0.005225143015922473
2024-12-02,0.0,0.000802461079374428,0.009666103240968851,0.011509924883871897,0.0006570811858750414,0.01310453987514551,0.0,0.007268700816159567,0.013770072834050134,0.004435349335037864,0.007269190865481457,0.007268700816159567
2024-12-03,0.0,0.0011448900258357875,0.006303551432319698,0.4119915601970743,0.007504542233258027,0.015367329228495041,0.0,0.003731886875525009,0.007985394358819412,0.0007037160031913015,0.0037330658825045207,0.003731886875525009
2024-12-04,0.0,0.0014248501380564327,0.006180582355312977,0.011310472801557503,0.0023258646873405286,0.008899589692033498,0.0,0.005047258940994148,0.011457140771303644,0.0010100409639292596,0.005049453646379173,0.005047258940994148
2024-12-05,0.0,0.0008866642491374144,0.006236123979743012,0.004653920190598654,0.0007356374859028847,0.007665521463348443,0.0,0.002487576088563719,0.004596648765038557,0.0015265945228852273,0.0024885346528435463,0.002487576088563719
2024-12-06,0.0,0.0004470561846623977,0.0059595102975194755,0.010345055827270716,0.0006456019064120522,0.013458601140273918,0.0,0.0038513868564253404,0.011446486022554967,0.0006928580616676894,0.0038502051083145116,0.0038513868564253404
2024-12-09,0.0,0.001070123986722571,0.007375464474336305,0.005808810022028071,0.0021039068159867114,0.00829283524988279,0.0,0.006559575036476802,0.008062972792614805,0.002474779201389443,0.00655842692234048,0.006559575036476802
2024-12-10,0.0,0.0009106816116628558,0.006257883158329758,0.008741529840249368,0.0013071528733392679,0.007655977733383565,0.0,0.006811895279375893,0.01054396252410076,0.003248821830185211,0.006810393020178566,0.006811895279375893
2024-12-11,0.0,0.00482781255593312,0.008355242051561698,0.00977255534794183,0.0029183082417849615,0.011282479683952316,0.0,0.005015963607405418,0.007591294748088671,0.0018618123227653882,0.005015005359928206,0.005015963607405418
2024-12-12,0.0,0.0005275716715686385,0.004227599100501404,0.004296348849202852,0.002105025420888751,0.005558321508190318,0.0,0.005308107213176292,0.004125278483499101,0.00539413697607144,0.0053083841189889335,0.005308107213176292
2024-12-13,0.0,0.001711949590870565,0.005252283609497123,0.40616364698656504,0.00017058149491711028,0.004550120666143617,0.0,0.0060403681847188626,0.010102608344372765,0.003726650697737033,0.006040565667048332,0.0060403681847188626
2024-12-16,0.0,0.0016086045866363086,0.006593198768018969,0.4090711661005113,0.0015703949305523324,0.014718806140337354,0.0,0.0036874734695751116,0.008479168905921571,0.0012202645159441472,0.003687205423528974,0.0036874734695751116
2024-12-17,0.0,0.001977279117841735,0.0044259159271946985,0.0028244746310252256,0.0017019302432765837,0.009494804878004028,0.0,0.004041202968139227,0.008520636405597321,0.001449492419820786,0.004041861724038798,0.004041202968139227
2024-12-18,0.0,0.010647933476922222,0.011050427130275244,0.40566507097370397,0.011731423837290755,0.012091638073164209,0.0,0.010575083301306503,0.008214284602908323,0.009227749739571856,0.010578461867481898,0.010575083301306503
2024-12-19,0.0,0.0010905479246143268,0.005855285137193106,0.40570867569819,0.06269412054022894,0.036164045109961476,0.0,0.0031164278077956556,0.007491974999910294,0.0004061468426542758,0.0031153622750514825,0.0031164278077956556
2024-12-20,0.0,0.004475684930531021,0.007469909196205507,0.4153222644220107,0.004658173785438091,0.012037092869074884,0.0,0.007814994954126178,0.014948268227954677,0.004598399269436448,0.007814358673763766,0.007814994954126178
2024-12-23,0.0,0.00436027012630269,0.007717051938682204,0.4182740978544172,0.01950023095430664,0.016738412951808494,0.0,0.008025291034172509,0.00907206377564713,0.002512610833632689,0.008027276617213086,0.008025291034172509
2024-12-24,0.0,0.004790012568808066,0.003285720330660963,0.40620453828297604,0.0011826487645048012,0.006339583122390458,0.0,0.0015921360710537337,0.004171600015286347,0.0005671397872612505,0.001591948260359124,0.0015921360710537337
2024-12-26,0.0,0.00031505973176454427,0.003348973638489239,0.002240575388079008,0.01603210223257312,0.007439651549477809,0.0,0.0029978586971572524,0.00231556626846687,0.0026382359862345828,0.002998339995576132,0.0029978586971572524
2024-12-27,0.0,0.004060764073189449,0.004600925073451223,0.4018084656481389,0.01341794145500641,0.012377278863951315,0.0,0.0032500914147834755,0.005700152393805578,0.0015493739684258045,0.0032506077852734435,0.0032500914147834755
2024-12-30,0.0,0.007363520520888678,0.0069566933143988055,0.00883180811140602,0.024394344068358276,0.010862949374647391,0.0,0.003993097664400954,0.008479171831795786,0.0012645075274004824,0.003993592754166331,0.003993097664400954
2024-12-31,0.0,0.0011523677891834283,0.005685886404971502,0.01045145778968104,0.022932865840800787,0.007631227611187848,0.0,0.005768643021776104,0.006165265735327119,0.0012814056179558664,0.00576747264437801,0.005768643021776104
2025-01-02,0.0,0.0012286321943378864,0.007651714212517383,0.009751594151973297,0.007857245362731247,0.01083409781857003,0.0,0.004881081369566427,0.009418129739518218,0.002651836124609397,0.004880394632826023,0.004881081369566427
2025-01-03,0.0,0.006498203281207371,0.007619062243057882,0.014619369767559065,0.015793109116516657,0.011376370625849015,0.0,0.010164254860964698,0.010791499181675872,0.0014491943990595502,0.01016585448007922,0.010164254860964698
2025-01-06,0.0,0.0032615099495056366,0.013967711643647185,0.012879537954649578,0.0088465684836041,0.013677363555802204,0.0,0.014264221314771886,0.015712033705780427,0.0015573492313967208,0.014268009633075444,0.014264221314771886
2025-01-07,0.0,0.0037376216109764604,0.009362876994877409,0.41370837714806824,0.0004082328235035515,0.011502826870737707,0.0,0.011664087267664824,0.01618871103206098,0.0011258193020959872,0.011661769826537195,0.011664087267664824
2025-01-08,0.0,0.00015338037757933742,0.004192241241101423,0.4035067594234839,0.020455124758476995,0.007106625644716775,0.0,0.0036839345688926663,0.00643198546536127,0.001085990235544787,0.0036829500852487837,0.0036839345688926663
2025-01-10,0.0,0.004640884373093235,0.009178588331597744,0.41034265400989656,0.0014868640737977223,0.012423085354298985,0.0,0.008510955798200303,0.011257518891277265,0.001755953200242022,0.008509251091775662,0.008510955798200303
2025-01-13,0.0,0.0011948447765463555,0.008220962358266783,0.4011447343357647,0.025310968465394268,0.012847273803013967,0.0,0.005901333824024226,0.005923186456915605,0.0038926422428027796,0.005902164103719972,0.005901333824024226
2025-01-14,0.0,0.0005103392610181778,0.007722617552221964,0.008374667904816363,0.008628047721517262,0.018608847731004956,0.0,0.005601162333448664,0.010392989860275901,0.0034843750109876948,0.00560111372840265,0.005601162333448664
2025-01-15,0.0,0.004576785453476506,0.009739819785761751,0.4206416672636343,0.005521049980450332,0.011236000296303512,0.0,0.007869062425584302,0.01630539887379421,0.002752436117319068,0.007867969406493236,0.007869062425584302
2025-01-16,0.0,0.001964886404586863,0.008662937399663437,0.41279984995432717,0.04452803073446843,0.014918278316769038,0.0,0.006817289699081597,0.01484621005611187,0.0020732897624857194,0.00681743958826285,0.006817289699081597
2025-01-17,0.0,0.004820192020078162,0.0053489706347088425,0.4073828379036122,0.002118626208224672,0.010614139277223964,0.0,0.005608460246762708,0.00876624700750403,0.0027066673761519944,0.005609705764890728,0.005608460246762708
2025-01-21,0.0,0.00280937309573831,0.0068956606219852945,0.40655877990381895,0.010408549711346637,0.013910731926559533,0.0,0.008588643241348531,0.005559235510164279,0.00848136724936327,0.008586211483560873,0.008588643241348531
2025-01-22,0.0,0.003834353886267794,0.01120848259708166,0.4058793547476616,0.008489707840992233,0.017911587330439575,0.0,0.006444541799738071,0.013567058055537004,0.001029441897641703,0.006447146313795296,0.006444541799738071
2025-01-23,0.0,0.003412301919033134,0.005517719108269099,0.01095951867976977,0.009823866630155331,0.011114943708092621,0.0,0.0034620044703187096,0.010654515746341915,0.0003223801335830445,0.003461596087218603,0.0034620044703187096
2025-01-24,0.0,0.002193843268010587,0.007514884249339666,0.4022728975886438,0.0027250334547943567,0.009237566284320643,0.0,0.007399923226594575,0.014834651787639873,0.003703591748241475,0.007400627306316096,0.007399923226594575
2025-01-27,0.0,0.009459805359635864,0.02318008005891694,0.014975211057386528,0.003136612581770004,0.016057332734130375,0.0,0.027301354610220638,0.054303996207139306,0.0032241663920712926,0.027291939801391607,0.027301354610220638
2025-01-28,0.0,0.004272860059837014,0.013664195052893534,0.4096575622510097,0.025428806418636984,0.03080527177491682,0.0,0.012927481402577285,0.028481079774269214,0.0015326729832059738,0.01293270594888066,0.012927481402577285
2025-01-29,0.0,0.001856148252585732,0.0074786020967051725,0.004000806114421274,0.007400274034889964,0.007121971846970143,0.0,0.008616646044286759,0.021034009691776274,0.0017658408337420384,0.008617406485698578,0.008616646044286759
2025-01-30,0.0,0.0018871246158635446,0.009597665125458774,0.006484884162028276,0.001153806688844572,0.007852654617985507,0.0,0.0062647199360581435,0.00912218375148709,0.004543655654146772,0.006263237274805728,0.0062647199360581435
2025-01-31,0.0,0.0015705132045077397,0.006165192975975418,0.40300630609234156,0.04781420743463349,0.013892769184182682,0.0,0.006425087048677964,0.013420691581500273,0.0007275683626934981,0.0064224580298970595,0.006425087048677964
2025-02-03,0.0,0.003684525568473651,0.007618032997075454,0.006948641239511777,0.00473316053708106,0.008922563035311993,0.0,0.007043908254705181,0.011074870917934146,0.001169804254850082,0.007042342114652159,0.007043908254705181
2025-02-04,0.0,0.0023313004271798277,0.007166729997789903,0.005037839311728937,0.00553798612869616,0.011673959733759903,0.0,0.0062172818220126505,0.005313671966052332,0.005687301327496175,0.006216663818350472,0.0062172818220126505
2025-02-05,0.0,0.0006176189228759843,0.00681555167083351,0.0045134598403825665,0.01221648239015627,0.008254504330843782,0.0,0.007621535575001531,0.0154058247983579,0.0023735943877782884,0.007624077939766696,0.007621535575001531
2025-02-06,0.0,0.0021592626557669914,0.006257466612421846,0.40742870200524817,0.0838577529461082,0.04683352512162421,0.0,0.005540285100570698,0.009785717861626403,0.0005904277595838447,0.005542013305853477,0.005540285100570698
2025-02-07,0.0,0.0028711968561460077,0.004965237056506318,0.005280499325132831,0.00493114282354945,0.015351855178503428,0.0,0.0038167770010122267,0.007705914024465653,0.0007958188281126377,0.003815266348198411,0.0038167770010122267
2025-02-10,0.0,0.0031125540402106577,0.006785310706604528,0.00910201898503249,0.010234441175284159,0.012897595991637072,0.0,0.006315906026241061,0.008981079437698984,0.004164033003281609,0.006315200073869497,0.006315906026241061
2025-02-11,0.0,0.0014485767495114321,0.004382433683194978,0.4052971449190599,0.006659849172913512,0.010965622907243502,0.0,0.0029757212724311993,0.005284255435370191,0.000844194936711673,0.0029769092960516496,0.0029757212724311993
2025-02-12,0.0,0.000970545647131893,0.005626047825944398,0.40233350704297766,0.0010232061760893085,0.014311907181424026,0.0,0.002767339975195405,0.006651517487840678,0.00020736442162344604,0.0027663074965857144,0.002767339975195405
2025-02-13,0.0,0.002190785576907661,0.005889727957374746,0.006068193586325571,0.000289807480719384,0.011459288346029509,0.0,0.008089296841636364,0.010310741717717403,0.005404508219782833,0.008087612760492418,0.008089296841636364
2025-02-14,0.0,0.0017983947297959268,0.007320782124187172,0.013332124667744916,0.008826049580083373,0.016098973176170282,0.0,0.008476025440424858,0.01597547339835519,0.003639611915678187,0.008475518308539327,0.008476025440424858
2025-02-18,0.0,0.003325911245291635,0.006317980901096511,0.4133789181020703,0.02930048427573606,0.015938179873086808,0.0,0.005362016773498262,0.010009839793282023,0.0043501278990748515,0.005361839049987923,0.005362016773498262
2025-02-19,0.0,0.00043995633904836406,0.0044242416721872665,0.005833363285634385,0.0015765600064481244,0.007728823718494806,0.0,0.0014505789202756132,0.005587768271719089,0.00018996791707770466,0.0014499406137432574,0.0014505789202756132
2025-02-20,0.0,0.002735298278261522,0.006218869085633773,0.004633846130779218,9.714885618827829e-05,0.00794015336610489,0.0,0.0033223932730001983,0.005567873610251397,0.002517235861123457,0.003322470133267279,0.0033223932730001983
2025-02-21,0.0,0.010273484795900512,0.010531631904594635,0.39753897277278977,0.008020892664318158,0.012316037796109727,0.0,0.008067872849287965,0.009353957660591081,0.00131195232156317,0.008066588590157544,0.008067872849287965
2025-02-24,0.0,0.0030161036461854307,0.007879776640927844,0.0104454205698572,0.044989053254284705,0.010941217013201913,0.0,0.00652488898555961,0.010275127610865338,0.0014225323159876568,0.00652275538630693,0.00652488898555961
2025-02-25,0.0,0.005368056768595031,0.009304344533505399,0.008354217684731546,0.0030016641076120454,0.014481557941811173,0.0,0.0051280931801287,0.0069689348352574955,0.0028224612749028766,0.005128362296217464,0.0051280931801287
2025-02-26,0.0,0.0005349298791857415,0.0076793661292721555,0.010600264410406263,0.002042216953762832,0.01749111612846148,0.0,0.007545246964141975,0.009377838777794804,0.00043178535894145,0.007547630717757624,0.007545246964141975
2025-02-27,0.0,0.006932741387122188,0.014506245629606056,0.016227851012662775,0.0010885472100883309,0.015296592832522281,0.0,0.016195320505460915,0.02508701896483402,0.006740653068745883,0.016191019322259272,0.016195320505460915
2025-02-28,0.0,0.005354338503423373,0.007908269979622386,0.010122262562130557,0.03161143343809636,0.0154293314214871,0.0,0.00806661033833845,0.0083470659421629,0.003212632450926789,0.008067716575243973,0.00806661033833845
2025-03-03,0.0,0.009445917173486307,0.014518835033641313,0.0136950788122214,0.028951650257983186,0.012280872841240268,0.0,0.014384557891483574,0.024207291595969578,0.006812219886197013,0.014381847363523556,0.014384557891483574
2025-03-04,0.0,0.004470521101349656,0.010088922395911144,0.8097000158193913,0.035525120905155694,0.01785048755270709,0.0,0.007929809270001876,0.013557271385768977,0.005288799835830638,0.007929194425921942,0.007929809270001876
2025-03-05,0.0,0.006810293669495704,0.011119580130433682,0.41128020214521466,0.013476445225106382,0.01576796105216577,0.0,0.008634905429194022,0.010338984388849622,0.004263913072633629,0.008636089600817614,0.008634905429194022
2025-03-06,0.0,0.008031920822154481,0.012160318943139119,0.4070091392652325,0.009591970054747101,0.021725726663473992,0.0,0.011499244304714941,0.011792435416983415,0.0013138456987527025,0.011496881020825429,0.011499244304714941
2025-03-07,0.0,0.003275892823017268,0.0070394714999605715,0.4106637758312144,0.029330600961258613,0.017749161681365058,0.0,0.00552976230193534,0.009590112699412625,0.0011046282743467084,0.005531212061611194,0.00552976230193534
2025-03-10,0.0,0.015075906443573817,0.01732583182177873,0.7894866737516851,0.0034232117267958273,0.01407813758148863,0.0,0.013550447037433905,0.012396378609866799,0.002838134183590746,0.01354801934163246,0.013550447037433905
2025-03-11,0.0,0.0022897004261257514,0.007474071298956206,0.8100157340535244,0.05618518946919426,0.019256328174136132,0.0,0.006706220471640263,0.005679596865614041,0.005207812907898957,0.006705276949572466,0.006706220471640263
2025-03-12,0.0,0.00396156537513348,0.009704419046786011,0.40048703966400767,0.004060756980407865,0.007443454606063795,0.0,0.010050419377685957,0.016109121007980794,0.00081945073405576,0.010053250479442008,0.010050419377685957
2025-03-13,0.0,0.007863762809802444,0.008810200243086416,0.0066681917515531985,0.0036888488404160924,0.011003554048789181,0.0,0.008211820593023519,0.012052349144860504,0.004267507924297975,0.008210694442308363,0.008211820593023519
2025-03-14,0.0,0.010891753480824051,0.01143594130620837,0.007465456097440565,0.011489516058749594,0.01658602314006038,0.0,0.01134906817217345,0.008496703609021461,0.00043662220462692414,0.011350874738128814,0.01134906817217345
2025-03-17,0.0,0.0030671199501272617,0.007090501670432667,0.8086596929636479,0.03604500087859297,0.0207935213546231,0.0,0.006324303893914121,0.011647548054717642,0.0027864181966172352,0.006324021067499907,0.006324303893914121
2025-03-18,0.0,0.005674597104238732,0.008328601852241622,0.40334848210625485,0.002367084286276966,0.008523959727381698,0.0,0.008806510036616928,0.014074045068128935,0.0037137618659531246,0.008803984533462273,0.008806510036616928
2025-03-19,0.0,0.0038151550332219952,0.005294847755796292,0.4055481767473437,0.00688861765531823,0.005788473051806572,0.0,0.0025544963176394766,0.005153075170637216,0.0007906379833814703,0.0025551153170551943,0.0025544963176394766
2025-03-20,0.0,0.0016790606574242362,0.0034604457845263045,0.40112643505953577,0.05194228312243088,0.018170625769443338,0.0,0.002230136152158589,0.0033044872105601345,0.001231336462940158,0.0022302511274402926,0.002230136152158589
2025-03-21,0.0,0.0007410923994498053,0.005533672529137938,0.0013178071354055243,0.000484734962595601,0.010719678375158172,0.0,0.005308447055171722,0.010566262114916139,0.0033653269533860386,0.005309251107182051,0.005308447055171722
2025-03-24,0.0,0.010445468906084443,0.010550658208390323,0.005348633652550033,0.012136105527461027,0.007921413705499064,0.0,0.008394889762929595,0.00887838755105748,0.0018620870551562252,0.008396176244740556,0.008394889762929595
2025-03-25,0.0,0.0007147540747582393,0.005563223032256107,0.40282703044052914,0.024112571343619993,0.010728369101769218,0.0,0.0028073882216225914,0.005462383711779227,0.0016353416487282502,0.0028075876847586533,0.0028073882216225914
2025-03-26,0.0,0.004559239865376263,0.010454099570516427,0.004349894461664977,0.010615737195968977,0.010763127673122461,0.0,0.01174271604579365,0.012104038434044246,0.0016152440128437973,0.011740148387103407,0.01174271604579365
2025-03-27,0.0,0.001030193314451422,0.005927425688916452,0.0055533478102365585,0.009634490789664718,0.0070275627744491136,0.0,0.007609109417362639,0.005882879798004554,0.004964115394948676,0.007610771019067703,0.007609109417362639
2025-03-28,0.0,0.01245112834020562,0.012267186366836533,0.39905277198143174,0.00826737622697482,0.012684732931723865,0.0,0.008205062046057868,0.008132033970162158,0.0027488536217805115,0.008203758092050586,0.008205062046057868
2025-03-31,0.0,0.0022987696507360544,0.007902528498890532,0.4077430136733897,0.020535150688604453,0.013367976606901885,0.0,0.006277451468253579,0.0067210917111236255,0.003993271744376303,0.006278346200037219,0.006277451468253579
2025-04-01,0.0,0.0004210926943773452,0.006113847891634182,0.40573582775302514,0.003720187657797802,0.006313746260304173,0.0,0.0038438837565239804,0.0050206493424149855,0.0009087909323086119,0.003844663627050302,0.0038438837565239804
2025-04-02,0.0,0.003571872514237018,0.004055394466656835,0.40246009153450246,0.0011149983523048856,0.015190291694231903,0.0,0.0023191048263481264,0.0024167428590262663,0.0018755443124445215,0.002318594672772111,0.0023191048263481264
2025-04-03,0.0,0.026174612961673505,0.026695638364396,0.024569660930771176,0.012555374561224464,0.024090427047397132,0.0,0.017975389015569568,0.01706155699339129,0.003460928438768829,0.017972238110766703,0.017975389015569568
2025-04-04,0.0,0.028529607928127698,0.020681535250904583,0.39234290216703804,0.12327568954510992,0.050434720429033235,0.0,0.6357097398998294,0.09092393071277889,0.2005775988395312,0.6362183076917493,0.6357097398998294
2025-04-07,0.0,0.005226846805768348,0.013295848527617823,0.3959384408001839,0.11470081938726173,0.08039393294644942,0.0,0.009435267887160592,0.012339033003754944,0.009435267887160592,0.009433380833583138,0.009435267887160592
2025-04-08,0.0,0.0050242459519920235,0.007337037917158035,0.00763204842127016,0.0038537496147874606,0.04727577772830529,0.0,0.003791268068709941,0.005436994560490953,0.003791268068709941,0.0037920263223236716,0.003791268068709941
2025-04-09,0.0,0.049338157523937276,0.039200883038142946,0.016476374116237508,0.023326748541045217,0.03565711781564087,0.0,0.012747927454478558,0.14818145152772702,0.012747927454478558,0.012750477039969454,0.012747927454478558
2025-04-10,0.0,0.017254767547185246,0.01718680004613904,0.40976930589762883,0.1809363892488547,0.07937292009343962,0.0,0.01713122099209502,0.01779679598756184,0.01713122099209502,0.017134647236293432,0.01713122099209502
2025-04-11,0.0,0.009060420835709904,0.007851865952213766,0.00802198874985599,0.022616278785982658,0.01918518757433737,0.0,0.010479200327598193,0.010708503626306926,0.010479200327598193,0.010481296167663745,0.010479200327598193
2025-04-14,0.0,0.0018377104773923958,0.007014175990723015,0.005552768006831105,0.0022850109388584117,0.019516159117980703,0.0,0.0007428141340932171,0.007759363748582398,0.0007428141340932171,0.0007426655712663988,0.0007428141340932171
2025-04-15,0.0,0.0023273830513887983,0.005466090575790339,0.0043827866835226825,0.0004471695383801988,0.008067022173113005,0.0,0.0008628783774740634,0.009826327734563435,0.0008628783774740634,0.0008621880747721189,0.0008628783774740634
2025-04-16,0.0,0.01218847542046797,0.0173673827926122,0.010973271979952043,0.006709925083530577,0.013210722099859427,0.0,0.01505592097213243,0.02080211453895166,0.01505592097213243,0.015058932156326865,0.01505592097213243
2025-04-17,0.0,0.0019082806100210181,0.008338565089788343,0.01024356665955195,0.003133039333829135,0.01286230350222414,0.0,0.0018742654836010897,0.011745478644546541,0.0018742654836010897,0.0018738906305043601,0.0018742654836010897
2025-04-21,0.0,0.00852986868793354,0.011113313734956505,0.0129684561012684,0.006335263389981138,0.012837675387930337,0.0,0.014943341995336201,0.10613453801331582,0.014943341995336201,0.014946330663735297,0.014943341995336201
2025-04-22,0.0,0.011602620191816626,0.008094146132936374,0.00945298193573732,0.010149231944428072,0.006330867679864268,0.0,0.007330840614227396,0.10302999342842131,0.007330840614227396,0.007329374446104597,0.007330840614227396
2025-04-23,0.0,0.006257031783964306,0.01067134461523539,0.00971786820060283,0.01097074436262041,0.01063843515753794,0.0,0.012312609773414418,0.1022691926302688,0.012312609773414418,0.012310147251459735,0.012312609773414418
2025-04-24,0.0,0.00745204506962277,0.009101028964392646,0.8117888830856637,0.006507919325418554,0.017464702489453053,0.0,0.0069881667619925425,0.009579262405938257,0.0069881667619925425,0.006989564395344927,0.0069881667619925425
2025-04-25,0.0,0.0017094610500264507,0.007619575168717287,0.0031858671253198467,0.005224588405188191,0.00987561462525427,0.0,0.004928876315693942,0.015582123931863857,0.004928876315693942,0.0049278905404308015,0.004928876315693942
2025-04-28,0.0,0.001131244055021019,0.005076112862224785,0.405636463265142,0.000615679741937325,0.006510575451068109,0.0,0.007608278900106513,0.007987241314625531,0.007608278900106513,0.007609800555886503,0.007608278900106513
2025-04-29,0.0,0.0018589588805538737,0.004659405583292031,0.4056989086421455,0.001212899331375139,0.008327013689186492,0.0,0.0048295469574400895,0.004574521657693899,0.0048295469574400895,0.004828581048048619,0.0048295469574400895
2025-04-30,0.0,0.0006265314373645192,0.005637112630094927,0.004567149975799711,0.0004234998170427051,0.004730031100726492,0.0,0.004159085940863727,0.003540976838564811,0.004159085940863727,0.004158254123675542,0.004159085940863727
2025-05-01,0.0,0.004710848179309557,0.013234443899033443,0.40199582719470156,0.001497702265330414,0.009443200052194844,0.0,0.009814907272653384,0.014979562373698367,0.009814907272653384,0.009812944291198888,0.009814907272653384
2025-05-02,0.0,0.009467921551600644,0.009630307485544533,0.8120754856511607,0.003715985467526439,0.015654568933479947,0.0,0.0012094526374561432,0.009070844644041159,0.0012094526374561432,0.0012096945279836402,0.0012094526374561432
2025-05-05,0.0,0.0019189778135874636,0.005469780074253562,0.4082759050205641,0.00042043909793915146,0.007478803416113481,0.0,0.011476585787715599,0.005414325040409971,0.011476585787715599,0.011478881104873107,0.011476585787715599
2025-05-06,0.0,0.005189198883487178,0.007497081705354271,0.010118730011520471,0.002021997074864279,0.010129257009129505,0.0,0.012560641187100874,0.00615535694130508,0.012560641187100874,0.012563153315338305,0.012560641187100874
2025-05-07,0.0,0.0012844351467524717,0.006800020709787448,0.4039081011086071,0.000935623041934619,0.0070593108196422595,0.0,0.008328505598072744,0.011782248946222998,0.008328505598072744,0.008326839896953153,0.008328505598072744
2025-05-08,0.0,0.005839367001021223,0.007939740802997738,0.405771227614514,0.0014443068193216724,0.009112851526269231,0.0,0.2981335500047148,0.004599058989145567,0.010436237055466369,0.29798413922946243,0.2981335500047148
2025-05-09,0.0,0.0011029169568435582,0.004166829866975981,0.40107536849669595,0.00017361326139797573,0.007010189383748405,0.0,0.0030260049026345007,0.003857425763258154,0.0037644734898428234,0.0030268443210604845,0.0030260049026345007
2025-05-12,0.0,0.01748643621957452,0.019740202971479805,0.41414837055716985,0.008109091249907663,0.02050926540492598,0.0,0.014795599556181673,0.02394323267998138,0.015791656006217514,0.014789755294357006,0.014795599556181673
2025-05-13,0.0,0.0036633855117953473,0.011358565016140305,0.40113584502433774,0.009709683354351961,0.01914621381502826,0.0,0.23039758194790796,0.01678029364331606,0.3385355162533535,0.23033588068291724,0.23039758194790796
2025-05-14,0.0,0.0019946852585108754,0.008542158336600568,0.008917513546164435,0.000694708238423769,0.009054063671896416,0.0,0.10990590362517383,0.01373029547607112,0.15253243469149877,0.10988635647283272,0.10990590362517383
2025-05-15,0.0,0.00037565226501212745,0.007701959697167325,0.40893970550496406,0.0011363233155207708,0.008815095845434814,0.0,0.10625262421347624,0.010144173775585592,0.14189203003871018,0.10623700164629582,0.10625262421347624
2025-05-16,0.0,0.0027458583990056518,0.005991172991561912,0.4017545276658895,0.0017126265192523027,0.00971236149725264,0.0,0.10140227804299248,0.006510040902891227,0.1229921871874626,0.10139855654285011,0.10140227804299248
2025-05-19,0.0,0.0006725208004450534,0.004455168890403996,0.4051368438294607,0.0004864726079473747,0.007156466057923423,0.0,0.09899789521044604,0.001905862975561856,0.11399203235711156,0.09900410917344864,0.09899789521044604
2025-05-20,0.0,0.0007778745754108418,0.004239942443656906,0.005968172582944881,0.003082980172404215,0.0075763485848054715,0.0,0.08566473641283516,0.0041286927364665655,0.10625168730231942,0.08567711853700789,0.08566473641283516
2025-05-21,0.0,0.004935339458449817,0.0075420081027149505,0.4005622953434601,0.004216665152500965,0.007962892825333604,0.0,0.07704157842409576,0.006696446218478853,0.09815360267944623,0.07705826112350761,0.07704157842409576
2025-05-22,0.0,0.0011983928645330488,0.004415602891092198,0.003365440924400026,0.0021279930982047723,0.00524986989220216,0.0,0.00298132714212218,0.004311400839322226,0.026556587156853745,0.002980272155738848,0.00298132714212218
2025-05-23,0.0,0.003967780196437898,0.006551460662482203,0.008213050335884403,0.0016764486836445824,0.007057789188863807,0.0,0.006917678277618992,0.007092886221010154,0.007779965422484332,0.006921543463065232,0.006917678277618992
2025-05-27,0.0,0.0078092289978465845,0.009490803940442112,0.41651640350879665,0.0034687618221773686,0.008539818322992405,0.0,0.010593603217936844,0.009404413592970019,0.010241162830433095,0.010591379532214841,0.010593603217936844
2025-05-28,0.0,0.001892161745002896,0.003645533129230022,0.3996944360523741,3.0944707577362784e-05,0.006713908170451005,0.0,0.003099044859056981,0.0032503758807295954,0.08661782372345954,0.003099574191289193,0.003099044859056981
2025-05-29,0.0,0.00012251787168099382,0.004119449425177904,0.009273016927518779,0.00122117829598134,0.007408530031374091,0.0,0.0034587126066785616,0.00930617993033076,0.004011962777748103,0.003458264268240946,0.0034587126066785616
2025-05-30,0.0,0.001713752349707609,0.0061601595369259465,0.4046437085076967,0.0013866489321733289,0.007000291815009187,0.0,0.06487527117096076,0.01094190629499793,0.07478058013733024,0.0648814999695911,0.06487527117096076
2025-06-02,0.0,0.003966345942186034,0.007902132995535209,0.4125024366177152,0.0005809802488054294,0.009910198881428169,0.0,0.008576222489697775,0.008350104171892782,0.00823570926728033,0.008578867352445249,0.008576222489697775
2025-06-03,0.0,0.0030822707671694927,0.005726591395387691,0.009199558194086882,0.0011234398915485055,0.006898521898830112,0.0,0.004952606326713035,0.009589317874156076,0.005379686918474166,0.004952303799480279,0.004952606326713035
2025-06-04,0.0,0.0029850254650422015,0.0073480111462702336,0.3999538586813427,5.849781926897668e-05,0.007128346791794936,0.0,0.060324626368182525,0.00832058019829546,0.0061540271955448575,0.06033625505292474,0.060324626368182525
2025-06-05,0.0,0.0010954314454621472,0.00395340768530332,0.4042573286947303,0.007513224905315974,0.010653760409183772,0.0,0.06476852653947485,0.0049270534352756235,0.0034286539292081586,0.06478154975697678,0.06476852653947485
2025-06-06,0.0,0.007385103223625289,0.005983876915236497,0.008436510005000064,0.002071666841431563,0.008501993482862659,0.0,0.045767406436866484,0.00477329354723555,0.005245992563178245,0.045779862714071064,0.045767406436866484
2025-06-09,0.0,0.00015950919914731188,0.004160708688438798,0.4041604001796918,0.0007615829489369119,0.007228245341408493,0.0,0.05822543085169087,0.006176856253044219,0.0038978020526980045,0.0582434485981985,0.05822543085169087
2025-06-10,0.0,0.0016376171101756265,0.005380782027659459,0.40642653627055986,0.0004826061987420749,0.00486369152835878,0.0,0.003975282429608942,0.004624859253623029,0.004786220504896556,0.003975779363151105,0.003975282429608942
2025-06-11,0.0,0.0029910715498834284,0.0038122718849471424,0.4032200180846729,0.0037129708422273255,0.006705525466374058,0.0,0.06315017078603187,0.0038574591092352195,0.047444337358170434,0.06309649314086371,0.06315017078603187
2025-06-12,0.0,0.00014362043122828627,0.004967623024462409,0.006241445652037936,0.0007804590067639894,0.007650620483095453,0.0,0.004774071548144398,0.005367158248004215,0.004992419654521414,0.0047747648096749945,0.004774071548144398
2025-06-13,0.0,0.0036567984632412953,0.007774515018281032,0.008955593112332266,0.004001777265897677,0.010792187007240536,0.0,0.00720720537471107,0.006700244541711271,0.008580992699833798,0.0072102663750044085,0.00720720537471107
2025-06-16,0.0,0.0055478605270857795,0.00805269825014377,0.011240186939014352,0.0029228779293655194,0.007734282046731027,0.0,0.006918354388734037,0.008314059874806467,0.007042271532385944,0.00691684183655206,0.006918354388734037
2025-06-17,0.0,0.005573488358822598,0.006223948073902953,0.003096868784920853,0.0016626647987184051,0.007950052986360787,0.0,0.003615923584136451,0.003396675559818199,0.005378931231054478,0.0036168049198597135,0.003615923584136451
2025-06-18,0.0,0.00041487477524398964,0.002901237337927187,0.00459232296073564,0.0007937315106466003,0.0037516880647033984,0.0,0.0021731490281090703,0.0035173053381509895,0.0026566019499175766,0.002173955478240082,0.0021731490281090703
2025-06-20,0.0,0.0015672146681397492,0.005260416067071519,0.005652678229094071,0.003069498538549209,0.004811329537607774,0.0,0.0040099033874938786,0.005691386481326256,0.004104366533798136,0.004008699038179833,0.0040099033874938786
2025-06-23,0.0,0.003764489660143422,0.007670242535481618,0.007521592600969268,0.00251744992767422,0.007277689460601946,0.0,0.005331714204687924,0.007323871979407294,0.007048339496348206,0.0053300144949932045,0.005331714204687924
2025-06-24,0.0,0.0033524517921979524,0.009726478331554336,0.41565499776678105,0.0019573743590187154,0.008710602070311643,0.0,0.008187110817226829,0.009983797565623943,0.010206902315846755,0.008183802333059613,0.008187110817226829
2025-06-25,0.0,0.0003176280733918069,0.007560150122918857,0.41445004343699443,0.0008506147100583727,0.008564200187953938,0.0,0.005508055421318126,0.015717360189378003,0.00610242280648414,0.005508310391061699,0.005508055421318126
2025-06-26,0.0,0.0024444034291428163,0.006319193837289412,0.011057167939122814,0.002294439899933831,0.009419089206681157,0.0,0.0048776634776790204,0.007676614049009033,0.005998880800083317,0.004876021100651923,0.0048776634776790204
2025-06-27,0.0,0.003742043023340025,0.005366471923852728,0.007084266834318342,0.0013459311641441651,0.005668160572630643,0.0,0.005341092261189433,0.006643239284366145,0.005307145684692607,0.005339814614518613,0.005341092261189433
2025-06-30,0.0,0.0003516142230634012,0.0036818349580592866,0.002026412200459793,0.0012704834333606696,0.007164989001092047,0.0,0.003025836060072374,0.002329620174705559,0.004011534897725842,0.0030247519110701924,0.003025836060072374
2025-07-01,0.0,0.00028650864871637705,0.009395218305482282,0.008008856573961165,0.00018666898359886996,0.008137996921559535,0.0,0.008043041705560038,0.012554579817036145,0.007609562414184284,0.008040316157750948,0.008043041705560038
2025-07-02,0.0,0.002759632315842142,0.006459800555206521,0.00943855978204966,0.025029895659225032,0.027366163837050272,0.0,0.00432441485624029,0.009362772177714078,0.0049367285113204595,0.0043246908129399245,0.00432441485624029
2025-07-03,0.0,0.0047569389964252085,0.005442871971178438,0.005925315790107383,0.04504024785313093,0.05653313178510034,0.0,0.003978503438646775,0.005502804906039362,0.004490448266580821,0.003976955329351199,0.003978503438646775
2025-07-07,0.0,0.0018704795426989773,0.004212707295361856,0.0034449557212077875,0.0020348097120397313,0.038910058307808644,0.0,0.0035054275347909335,0.0036049435210617985,0.004359626365100358,0.0035052437615788507,0.0035054275347909335
2025-07-08,0.0,6.730956326239657e-05,0.0060007058895255524,0.0051696264532199165,0.0037648792485306393,0.01041273263898845,0.0,0.00375152879408967,0.006266733000938732,0.00518905309646487,0.003750540693997607,0.00375152879408967
2025-07-09,0.0,0.0008720996490657051,0.004684563724148515,0.4073255118175624,0.27343783537653243,0.1313283733569275,0.0,0.003436078568377778,0.005386133802535456,0.003927349236677771,0.003436273020023704,0.003436078568377778
2025-07-10,0.0,0.0015001649148703167,0.003511454935684999,0.40498953346622224,0.13491818435274838,0.03605583256723063,0.0,0.11264566927244309,0.0039017221092287582,0.00262691162219697,0.11259276458846201,0.11264566927244309
2025-07-11,0.0,0.000311571579641845,0.005132597716459207,0.4044518567416421,0.018525312106731695,0.01592000606105512,0.0,0.11770851587504018,0.005128485791842708,0.004510127432368234,0.11766698719203822,0.11770851587504018
2025-07-14,0.0,0.0009650764086305275,0.0034943706448941347,0.40446319206905007,0.000955099856879027,0.010734496014205449,0.0,0.003224546661168762,0.0038321457851881423,0.002993303418032313,0.003223642296658226,0.003224546661168762
2025-07-15,0.0,0.0006312962183705473,0.010002001070162574,0.41979069400299773,0.0025545323422617727,0.007316062110683728,0.0,0.011416091596795986,0.01818876086618704,0.008712861703362842,0.011418874189345615,0.011416091596795986
2025-07-16,0.0,0.000917501275998267,0.009656901036247202,0.40390218435302827,0.05325119179954052,0.027348153196538248,0.0,0.11330340857263421,0.0785984258498457,0.007805216299873886,0.11327596717188083,0.11330340857263421
2025-07-17,0.0,0.0027418433029561817,0.005665087670774983,0.4033102953706744,0.00032103448409803725,0.01378571906889356,0.0,0.10132465426672103,0.08004664012847047,0.004719633362295,0.1013081933674971,0.10132465426672103
2025-07-18,0.0,0.0012335767610475723,0.004284457670264183,0.002170913650405032,0.08090734088676466,0.017408513661827812,0.0,0.09532092433061051,0.0716220172456036,0.0034499802363590834,0.09532442826485488,0.09532092433061051
2025-07-21,0.0,0.00041070440619550563,0.0062165586942944315,0.00600227853814464,0.0701910719095975,0.018844739327496356,0.0,0.09503546262814905,0.007230792115428514,0.005980269951263745,0.09504797467994386,0.09503546262814905
2025-07-22,0.0,0.0008581355337477503,0.008244327753213085,0.006891557538351939,0.024807187463211422,0.0127171183973082,0.0,0.00947300435602281,0.010702697269178442,0.0073004608490268436,0.009474251540156737,0.00947300435602281
2025-07-23,0.0,0.005155943905351068,0.008496378454192592,0.007075926062313442,0.06069189383660856,0.017166725302558177,0.0,0.007586242289340152,0.0073359301516176915,0.00792854386984114,0.0075849310129233365,0.007586242289340152
2025-07-24,0.0,0.0004518234347908323,0.004869020711689556,0.006191951774097343,0.0025747965034188525,0.013091503599397862,0.0,0.006699875508343864,0.0072002721219357625,0.004280197090295458,0.006701393810760457,0.006699875508343864
2025-07-25,0.0,0.0012465741960592247,0.004586421455973752,0.0040161339279077,0.0012098947124579151,0.006535466522493337,0.0,0.0034997609527683145,0.0036460294928277355,0.0041829448657264914,0.003500507610013802,0.0034997609527683145
2025-07-28,0.0,0.0005133295900853208,0.008452174955969075,0.006533698619685169,0.0020418961439421235,0.007958158689962792,0.0,0.007517759662409272,0.009527172287717371,0.00780639493411462,0.0075167186458405385,0.007517759662409272
2025-07-29,0.0,0.003852676534094157,0.0076207511143664905,0.007282887730955978,0.0014724086029807015,0.01601463712782523,0.0,0.00619795591326673,0.006548771372181517,0.005534925716053157,0.006195466212669074,0.00619795591326673
2025-07-30,0.0,0.0007553160570048512,0.006219259572299823,0.007579390602780456,0.0007748116103567515,0.03647432289230226,0.0,0.01023472660871905,0.01019285594821004,0.006720410282057006,0.010237282956600261,0.01023472660871905
2025-07-31,0.0,0.0020437029941444695,0.015296284423257485,0.03855957295681953,0.027758423110285646,0.020730718182805398,0.0,0.06756122354210917,0.0532248980938321,0.012303987201121643,0.06755208635954497,0.06756122354210917
2025-08-01,0.0,0.012015966232482134,0.01095777015275786,0.004513611703875958,0.0007538837212699434,0.02708391977060615,0.0,0.0557851991818627,0.05781118838375882,0.009557793756780196,0.055798360014862096,0.0557851991818627
2025-08-04,0.0,0.006909919266992415,0.008013576744319038,0.009162591219269017,0.03945239249436927,0.02136398797694655,0.0,0.010867336928812824,0.038749289440598966,0.00664688095026203,0.010866028522982497,0.010867336928812824
2025-08-05,0.0,0.002578080125291149,0.0055648452772280935,0.0045657825239131256,0.03137463641436877,0.01044600115839546,0.0,0.023923286580498956,0.03563513163536442,0.0043452534063215045,0.02393365067289407,0.023923286580498956
2025-08-06,0.0,0.0038708493610261074,0.006406398200841122,0.40632856423795594,0.002145692160394397,0.015857743859903507,0.0,0.02000524442393197,0.028510872757011696,0.005361900499497044,0.020000107267884263,0.02000524442393197
2025-08-07,0.0,1.5004474408386592e-05,0.007498705248374253,0.006645798225666244,0.004081284283401265,0.007626390765821205,0.0,0.00711139944935661,0.008397910754608466,0.006215435790939229,0.007110612616343225,0.00711139944935661
2025-08-08,0.0,0.0046637247926105685,0.004899444978548481,0.40554535823439886,0.09782598950820542,0.04189455120735472,0.0,0.003409792049975592,0.0036027525772347625,0.0036027260672413727,0.0034082876198028543,0.003409792049975592
2025-08-11,0.0,0.001288541734296822,0.0034498586289027286,0.0009582023785829341,0.0008652223944538573,0.012948668430220894,0.0,0.0017776863349846803,0.00142296027157825,0.003820212455275099,0.0017782090563088259,0.0017776863349846803
2025-08-12,0.0,0.005111110700035559,0.0074594308432754455,0.007329299607771317,0.004053819779719525,0.012914687315825277,0.0,0.008084015401354241,0.008057547442834094,0.00651086873272471,0.008085269490723045,0.008084015401354241
2025-08-13,0.0,0.00010214021044441246,0.006602639633187281,0.4036218416154954,0.001240557640363793,0.02027885981668521,0.0,0.0060823227935569105,0.006818915966670502,0.005428868733362929,0.0060838953358638695,0.0060823227935569105
2025-08-14,0.0,0.0013974685463203351,0.005106498508667512,0.004756660990103884,5.663701923430686e-05,0.011391721423693282,0.0,0.002636045922502294,0.0025590997567112774,0.0044378540690149515,0.002634941382984143,0.002636045922502294
2025-08-15,0.0,0.00039715257121758496,0.00590624643322793,0.0030511019422710395,0.0010072696375302836,0.010178540882814141,0.0,0.0042280288371111955,0.004895302775638547,0.004613378774163013,0.004228709327191668,0.0042280288371111955
2025-08-18,0.0,0.00042928415470111503,0.004277667299748447,0.008781155192742363,0.00017792740073629965,0.008605654562474217,0.0,0.009146317570910278,0.008923099415662817,0.0035722282124092605,0.009143426488981782,0.009146317570910278
2025-08-19,0.0,0.003526076095247521,0.008780637650514983,0.0077036712175262145,0.0022115700238103386,0.020530966100325284,0.0,0.011022601012486585,0.01134862964523995,0.006925827444074405,0.011024235548983411,0.011022601012486585
2025-08-20,0.0,0.0015659806167993007,0.0039022121115884698,0.0018445872756792103,0.0011305895251920717,0.00938322831739628,0.0,0.002635153035615164,0.002995925721420604,0.003748281308085029,0.00263481326972344,0.002635153035615164
2025-08-21,0.0,0.0008112920849617233,0.0036524636462217097,0.003687113815742271,0.001659625347957272,0.006981334220353984,0.0,0.002922856962741812,0.003476848952494285,0.0035796811427978442,0.002921761324010327,0.002922856962741812
2025-08-22,0.0,0.0047014638178313195,0.007361105784933264,0.00833379017986996,0.005888635614383686,0.015746525837115086,0.0,0.004487943796813394,0.004025888321042796,0.007656147481431744,0.004485326715480149,0.004487943796813394
2025-08-25,0.0,0.0013877973578924063,0.005088217354356828,0.4038269455863112,0.0018116264733325504,0.018930515190283864,0.0,0.005839721878952198,0.0055445453075799395,0.004838669162217812,0.00584104144367371,0.005839721878952198
2025-08-26,0.0,0.0014296622732522524,0.004761882512232744,0.4045446088111342,0.00153808751982476,0.012567554220752359,0.0,0.004184321586179139,0.004163204215899118,0.004278011325723932,0.004184111438898363,0.004184321586179139
2025-08-27,0.0,0.0006107060788796415,0.0038874918203739353,0.4058104791324395,0.0007947298882717835,0.007695698651212127,0.0,0.003353408654924507,0.003324676264061696,0.0029772121166316973,0.00335190724021631,0.003353408654924507
2025-08-28,0.0,0.0011211584139495523,0.004724395853686558,0.40457486615134663,0.0012866388164134435,0.00956096759116189,0.0,0.005084580631638718,0.0052088820524661015,0.004227172210526632,0.005083489198679456,0.005084580631638718
2025-08-29,0.0,0.0022356481982924725,0.008034317732903362,0.008456726678803539,0.0024218781826170765,0.009114914267098526,0.0,0.010697456280943261,0.010326830173781283,0.007026453832433992,0.010699042601875503,0.010697456280943261
2025-09-02,0.0,0.0022830043314783777,0.006480636152654234,0.7977463261185915,0.002986755191396906,0.016157945592882906,0.0,0.007157784832820945,0.007004946207756465,0.007891615325826024,0.007158578769122163,0.007157784832820945
2025-09-03,0.0,0.0008537832944115475,0.004962330744360234,0.007497225794532214,0.0020181475535523408,0.011737797257844261,0.0,0.002617072560344656,0.0028096164750095686,0.00401074010088677,0.002617403387352818,0.002617072560344656
2025-09-04,0.0,0.002077204840910396,0.004982060376318084,0.4047193948385653,0.0031624767913474017,0.008574508850190832,0.0,0.0039207402931345295,0.004313546649665901,0.004822348830944387,0.003920863789375606,0.0039207402931345295
2025-09-05,0.0,0.003654027176207497,0.010602165799545642,0.40304799760516163,0.0012240570587096489,0.0116408206957304,0.0,0.012814398474850504,0.014037676363783214,0.008836678873139651,0.01281340623841146,0.012814398474850504
2025-09-08,0.0,0.0004509788579672991,0.005326517216675569,0.40217997207932077,0.0008641821235280123,0.016035909139078975,0.0,0.0034252241695241787,0.004130832484640936,0.004746000389411996,0.003425162469241059,0.0034252241695241787
2025-09-09,0.0,0.0020658819012857044,0.005149526652906231,0.40595052658025166,0.0008076677933781529,0.0066956018181277485,0.0,0.007003246637084703,0.006038004944877421,0.00400067934832353,0.007002208128822329,0.007003246637084703
2025-09-10,0.0,0.00042995078448554436,0.007774222952676213,0.4147618387409249,0.0010332328232844912,0.007724609872355296,0.0,0.01721890614460711,0.01773758585855205,0.006057541286488159,0.017223707689043688,0.01721890614460711
2025-09-11,0.0,0.0030815305061945297,0.005679742780247278,0.40811085575007866,0.0031440220672735997,0.013512132164371311,0.0,0.0037492285363614057,0.004245245996847242,0.0056317034931097215,0.003750945919141127,0.0037492285363614057
2025-09-12,0.0,0.0002686761130324955,0.005461568002569729,0.40529175988174854,0.00022364693169563132,0.009453619478534018,0.0,0.0032354898967826462,0.0029047749241463095,0.004261961979022268,0.003234388322591294,0.0032354898967826462
2025-09-15,0.0,0.001744247944038435,0.008373576313954113,0.00237591210121163,0.0019809455874912896,0.011048297794738923,0.0,0.0047535271898018405,0.00764598730857684,0.007141703742438055,0.004753088813386709,0.0047535271898018405
2025-09-16,0.0,0.0008512929509102429,0.006537654599345757,0.404347431961466,0.0006306624623784174,0.009091398991565348,0.0,0.010171649989455838,0.010693154206726485,0.005493601581810906,0.010172635935836404,0.010171649989455838
2025-09-17,0.0,0.00026120861577760834,0.005634266041552892,0.40687970865509643,0.0005781585130182343,0.011413030238035745,0.0,0.009508161442182706,0.008996685563706058,0.00509223637035159,0.009505393212102132,0.009508161442182706
2025-09-18,0.0,0.003579850934390838,0.010731842275884584,0.01947475245983779,0.0017271511661358652,0.014655094366770344,0.0,0.012133292186456108,0.014353074174011165,0.007823184320727504,0.012136674155955221,0.012133292186456108
2025-09-19,0.0,0.0023778554632520876,0.005100663506206145,0.40247804506035173,0.0018363767297737699,0.015327554438778982,0.0,0.11532736198297212,0.09893617077158214,0.004495460412386194,0.1153000764808221,0.11532736198297212
2025-09-22,0.0,0.002845896051452801,0.008276850198229102,0.4147408832608979,0.0017499610153801637,0.01214651534027773,0.0,0.1211554015426283,0.10459046705104524,0.007578192693581537,0.1211295050741688,0.1211554015426283
2025-09-23,0.0,0.003378983873901842,0.006157849195916575,0.009614541241367403,0.002218696636008932,0.009402120437621776,0.0,0.09723826446846975,0.07994154313469831,0.004713582913722349,0.09722299887128222,0.09723826446846975
2025-09-24,0.0,0.0006180599445847479,0.005403586470606632,0.3994165131333268,0.0013354302486996428,0.01087504622427334,0.0,0.0824438811930972,0.06832304866000988,0.005451986891784069,0.08243978468709821,0.0824438811930972
2025-09-25,0.0,0.0015431016065055592,0.005207588369189227,0.005432994836159971,0.0018945841227209215,0.007463211891416853,0.0,0.0636109067794923,0.0536548888395794,0.0052882697187244115,0.06361824451819491,0.0636109067794923
2025-09-26,0.0,0.0024145057526002156,0.004290571856240939,0.40213149098883444,0.0021387288128140725,0.011069803639461077,0.0,0.06222178683480361,0.05889328872554874,0.0038910731515231223,0.0622286544454835,0.06222178683480361
2025-09-29,0.0,0.0004376259558988571,0.004831253615971698,0.006401992949517404,0.001001883320870256,0.007068372960858042,0.0,0.06795058703793778,0.0607314545908072,0.00484321660468031,0.06796705039310288,0.06795058703793778
2025-09-30,0.0,0.0018563862681166832,0.006019283781111384,0.40773192393663593,0.001374434128829316,0.008713705779740278,0.0,0.06952793298345557,0.06273031130955765,0.005036183971129683,0.06955504272797544,0.06952793298345557
2025-10-01,0.0,0.0004107729208701616,0.006925540552383258,0.010536042639550214,0.0012344900961318572,0.013050864984206727,0.0,0.01634365077734863,0.01567680718197243,0.005470152798764727,0.016342805762783123,0.01634365077734863
2025-10-02,0.0,2.5810650788382627e-05,0.005250145136010714,0.007655885612919161,0.0003558477802143578,0.011308474372897514,0.0,0.05683424899311609,0.05064652039925386,0.0043183654842385635,0.05682757731826665,0.05683424899311609
2025-10-03,0.0,0.0005194536348852585,0.004990444725036437,0.004113403070321875,9.874478234062067e-05,0.008339874704866999,0.0,0.06060541735222446,0.05210080066263956,0.0043373449769743,0.06062406012254124,0.06060541735222446
2025-10-06,0.0,0.002776052056083278,0.006202900296032321,0.007678774577602382,0.001304076832292056,0.006665408083964725,0.0,0.06505577610740579,0.05721438703100969,0.005133321207840609,0.06504804494957263,0.06505577610740579
2025-10-07,0.0,0.002595369630101374,0.006192072378019137,0.011532108600098012,0.0015407821375112984,0.012871316741863668,0.0,0.06700860038160497,0.069311941843212,0.005594086140939487,0.06699908222908857,0.06700860038160497
2025-10-08,0.0,0.002814852823637859,0.006118559935933195,0.00994633547387122,0.00222983451326475,0.007620412173041338,0.0,0.009945750921963382,0.009486222814039073,0.005551967546798681,0.009943289142069236,0.009945750921963382
2025-10-09,0.0,0.000815166466375028,0.006370694466747234,0.40539888434253835,0.001224281977330266,0.010483375536000893,0.0,0.012519907588396734,0.011482405154465053,0.0066633597430625635,0.012522076838436414,0.012519907588396734
2025-10-10,0.0,0.014937984566090301,0.014612679515134168,0.021284936321420506,0.010647551840895275,0.018927076265426807,0.0,0.010065124502340272,0.010031973024457562,0.012386877097078808,0.010070103101848325,0.010065124502340272
2025-10-13,0.0,0.006458348520102408,0.010111735267829124,0.8314364387592257,0.005883683199335188,0.05614354447896604,0.0,0.014100917852223092,0.013131390213286494,0.008396055499474767,0.014102104355743935,0.014100917852223092
2025-10-14,0.0,0.0013493953643081702,0.008151959129273405,0.8053600159512996,0.0005700435728501763,0.018443761539911438,0.0,0.008725535948928624,0.008081767646895142,0.006941786011438668,0.008724236876218984,0.008725535948928624
2025-10-15,0.0,0.0023219948027289328,0.00684918430877237,0.4067517141765556,0.0016364656398157873,0.013819743878218122,0.0,0.00782846858774817,0.007400844823593673,0.006269456374896218,0.007829986172607235,0.00782846858774817
2025-10-16,0.0,0.0049832423117024405,0.008351253226145439,0.4125586714104319,0.002752436915802514,0.01090324236395979,0.0,0.009120281398860597,0.008239670164167892,0.008146656778945577,0.009120162554060373,0.009120281398860597
2025-10-17,0.0,0.0033900304403412518,0.00564573018540758,0.407597867681269,0.0021181464067883127,0.016779068940925998,0.0,0.08368377436184002,0.0029603187042869543,0.005824318682412337,0.08361264315363248,0.08368377436184002
2025-10-20,0.0,0.004184820831287905,0.005863605249527851,0.010853953971756036,0.003958182625582118,0.009244911114684819,0.0,0.005215159616118064,0.0051388633030950235,0.006412823364090027,0.005212724022128881,0.005215159616118064
2025-10-21,0.0,0.0004817773597777242,0.008129837707067808,0.4112834281554048,9.883403590871254e-05,0.005701512561467448,0.0,0.007739259772946714,0.007503593726414091,0.011522091934338348,0.007739580650104046,0.007739259772946714
2025-10-22,0.0,0.0024475251860255898,0.005372142609750455,0.006255342791633756,0.002123155470507898,0.01793358472829065,0.0,0.004487842933234987,0.00457368530389771,0.004114285908110041,0.0044876193601145415,0.004487842933234987
2025-10-23,0.0,0.003700677709659872,0.005789999940514309,0.4068201062150473,0.002216918427482062,0.018332881107389735,0.0,0.007584665547713033,0.007848164351859805,0.0041179244531366135,0.0075851945107918645,0.007584665547713033
2025-10-24,0.0,0.0034484624583036583,0.00608384102041306,0.005125171018281055,0.0030904280315080523,0.013296607385883154,0.0,0.005288858650580529,0.005409601358993376,0.005095689597357178,0.005288142769093959,0.005288858650580529
2025-10-27,0.0,0.005331753962882491,0.008114970845803884,0.012180022680315095,0.004502397429512639,0.028531209546235323,0.0,0.007540025610124137,0.007172231595436756,0.008571561026492619,0.007536699483886015,0.007540025610124137
2025-10-28,0.0,0.0009905195559035684,0.008681821928860252,0.39927603848157156,0.0009417581645996265,0.03451285386925784,0.0,0.008896335135630689,0.009259097395555754,0.006923173902596669,0.008901511349690626,0.008896335135630689
2025-10-29,0.0,0.002506159749625536,0.009125294300653043,0.007214858275208569,9.43363224579219e-05,0.013583186223914342,0.0,0.009399595901228077,0.009892956466571649,0.007186247027596487,0.0094008068897265,0.009399595901228077
2025-10-30,0.0,0.004373342259302582,0.013596858834265119,0.40690596893951686,0.004387837850547527,0.03063582756042353,0.0,0.037445033040008804,0.037881963935324114,0.011767410605785941,0.037432102443738166,0.037445033040008804
2025-10-31,0.0,0.0018611904592316653,0.005803625626228284,0.4052382162743351,0.0011849119098390481,0.02207429981603049,0.0,0.008557010660238132,0.008283316312543386,0.004970604193008404,0.008558976607768063,0.008557010660238132
2025-11-03,0.0,0.0014902288895876636,0.0051192468234762326,0.0069262270510234425,0.0006382211339750476,0.006241986895289309,0.0,0.07938163164427532,0.07655122830943663,0.0038315372893514762,0.07935666159499737,0.07938163164427532
2025-11-04,0.0,0.005928339763786705,0.009410781772676291,0.012908777142397354,0.004721876159418992,0.009884805831331219,0.0,0.06872401543855669,0.06600252897754545,0.008250430463575285,0.06870137352693978,0.06872401543855669
2025-11-05,0.0,0.0029582144944116373,0.006366548979259902,0.009551789904604258,0.0012570105302820433,0.015229133155415808,0.0,0.007575874413811568,0.007506420232661807,0.004940048335203902,0.007572985407997094,0.007575874413811568
2025-11-06,0.0,0.006926951850207808,0.009130647869241733,0.3963898204044951,0.004282864820063015,0.016945781991277012,0.0,0.007808326726536523,0.007643390149637378,0.006469891791551136,0.00780781002726817,0.007808326726536523
2025-11-07,0.0,0.0006641362608635903,0.005104281331148916,0.4053822736193584,0.00029072287414355635,0.010300025495460469,0.0,0.005482862314497598,0.00557836283931294,0.004131281113838779,0.005481333064477522,0.005482862314497598
2025-11-10,0.0,0.007683293359482313,0.009604412315777341,0.4135511329208331,0.005985091806483656,0.013880299098154195,0.0,0.008084949711287787,0.007906997187106198,0.008474250721811107,0.00808460427809056,0.008084949711287787
2025-11-11,0.0,0.0003388311591880355,0.0069745444822317815,0.4089579976481943,0.0007988727065781909,0.013368023143949241,0.0,0.0075839416154208075,0.007495859989631376,0.005612050530018432,0.007583298638117109,0.0075839416154208075
2025-11-12,0.0,0.00045829504756894623,0.006342478640164531,0.8078461608833355,0.0001239771433689807,0.01055877831356545,0.0,0.012011685459878801,0.012102810822671011,0.006010857868588244,0.01200706036350551,0.012011685459878801
2025-11-13,0.0,0.006529818668923437,0.007349045423573598,0.40442634584009146,0.006573070508105516,0.011544118364271648,0.0,0.00832950753939441,0.008257775804380887,0.006033093206012849,0.008331319137093687,0.00832950753939441
2025-11-14,0.0,0.0004968468633728684,0.005747962472442705,0.40859597807984716,0.020821968600766017,0.012794785089309486,0.0,0.006975759864510528,0.006976338035767183,0.005748924927405488,0.006974773765514117,0.006975759864510528
2025-11-17,0.0,0.0045670050435785425,0.008041295818330664,0.4032611267900035,0.0012288748279243311,0.007277860969721255,0.0,0.00998943434751034,0.010156200487253061,0.006906461383781148,0.009992490617745174,0.00998943434751034
2025-11-18,0.0,0.004317895472270572,0.007705416431926744,0.012090757235344418,0.012603809469583727,0.020804266112970392,0.0,0.00861580488325541,0.006129623507857025,0.006571656617521529,0.008610785070016067,0.00861580488325541
2025-11-19,0.0,0.0018547068374893394,0.008245581384283836,0.41962189334313116,0.0035293008618366706,0.013380255903616174,0.0,0.01593865470827159,0.06703992523588168,0.006847183397594228,0.015939993575003135,0.01593865470827159
2025-11-20,0.0,0.007890279540389677,0.009858338855322446,0.409954051265585,0.005464149639138771,0.011018480803899269,0.0,0.016880600237206944,0.017218778417434126,0.008053405287142441,0.016880064335147042,0.016880600237206944
2025-11-21,0.0,0.0036324200564042397,0.008651520360367072,0.41051837987549056,0.04382836359510045,0.016919566492047174,0.0,0.009197789629565701,0.05381341058196459,0.007380443933781032,0.009198493067106444,0.009197789629565701
2025-11-24,0.0,0.006110292077416923,0.00908661706283155,0.40985467392556296,0.010871263539897091,0.014769386773391695,0.0,0.006561586484528067,0.05140463173385042,0.007841056621291531,0.006558753803622702,0.006561586484528067
2025-11-25,0.0,0.003752532894244709,0.008873878587896095,0.41035916166627884,0.025291865568369598,0.011585776816412749,0.0,0.012791139419342994,0.051261303690777624,0.007822107963323922,0.012787533532296294,0.012791139419342994
2025-11-26,0.0,0.002552314002558398,0.005507928570983381,0.009877042807933861,0.0006394236678326504,0.016807625944080428,0.0,0.011514191384523323,0.010892283351455997,0.004965121339367232,0.011514764075800616,0.011514191384523323
2025-11-28,0.0,0.0032862860413668815,0.006112106945604295,0.005710807218757691,0.0012794135726543754,0.015243883986840042,0.0,0.009557299264250238,0.009471381770965992,0.005126370064468783,0.009555394779160314,0.009557299264250238
2025-12-01,0.0,0.00011843526672855598,0.008058754605625627,0.014166849553247485,0.004526890550959228,0.011680245406015975,0.0,0.012952081076124475,0.012140578678775429,0.006843800530934405,0.01295314057450462,0.012952081076124475
2025-12-02,0.0,0.00026543071445706,0.005730332404836183,0.4066633243773231,0.00219279116232296,0.015545615180410713,0.0,0.00507725063485561,0.0057333835248555955,0.004892939782101466,0.005075335124979195,0.00507725063485561
2025-12-03,0.0,0.0007521025987450858,0.007795161554606585,0.009600153625580449,0.001051098964084618,0.014207700869812961,0.0,0.013217104654830177,0.012783207912335738,0.006691098255368309,0.01321900133967727,0.013217104654830177
2025-12-04,0.0,0.0014987994651277092,0.006746285774149277,0.4104706485077615,0.0006373906175767274,0.01081562170562747,0.0,0.017338025728912965,0.01597659050433546,0.004876297819816612,0.017339467700294795,0.017338025728912965
2025-12-05,0.0,0.0014393355300940103,0.003942686803997744,0.4005750337230065,0.0010667145894391883,0.007335951727762146,0.0,0.0077777930477101655,0.006937572094860504,0.003021048502891796,0.007779354616631661,0.0077777930477101655
2025-12-08,0.0,0.0006741300717664767,0.006018924213641877,0.40708816417193094,0.008383793214487678,0.009172566925495307,0.0,0.010142153590440198,0.009999717365313736,0.005031483533614815,0.010142774604595972,0.010142153590440198
2025-12-09,0.0,1.8290221588390665e-05,0.0037252297999302367,0.403973052432924,0.0024816517937453764,0.00459614693502868,0.0,0.004149016498926907,0.004270241439644447,0.003308041574941474,0.004149566956308188,0.004149016498926907
2025-12-10,0.0,0.0016443933301981128,0.0066466979671240545,0.004281923586378328,0.004938632307421864,0.010796707721164393,0.0,0.00714753175931209,0.006858850535455189,0.006201512868150003,0.007146595073260642,0.00714753175931209
2025-12-11,0.0,0.001021186423810716,0.005673620871052852,0.005137615628171804,0.004729972912059788,0.015826827413591815,0.0,0.004898201112170538,0.005207156315455842,0.005208944581510527,0.004895869314267605,0.004898201112170538
2025-12-12,0.0,0.0036739865778640524,0.008073919459711108,0.4058581204484555,0.002515701973129447,0.012068341535114656,0.0,0.010885478126244838,0.011679367157665444,0.007276705351425036,0.01088513254906933,0.010885478126244838
2025-12-15,0.0,0.001205876561653274,0.004501101332914932,0.407450161295241,0.019376969402050692,0.007811482341379758,0.0,0.003061137922082939,0.0031907008923636702,0.003605848445079475,0.003059884894478246,0.003061137922082939
2025-12-16,0.0,0.0022238598466176596,0.0058708380259770085,0.004256428605531409,0.0018407262455037987,0.005789571462636707,0.0,0.007998293162468972,0.0073125754421202605,0.004457446373611354,0.007999116240603864,0.007998293162468972
2025-12-17,0.0,0.005136892469453425,0.010879774008610218,0.017078840461900474,0.0011629583066870008,0.011869476215181975,0.0,0.017298941979027836,0.01819933329084066,0.009411281214363187,0.017297488846481184,0.017298941979027836
2025-12-18,0.0,0.002425986344454345,0.0073953795441780434,0.40815195580328717,0.013510511642078171,0.011837798781212541,0.0,0.0063942388023858765,0.006713912206479668,0.006409865140721026,0.006391562872561081,0.0063942388023858765
2025-12-19,0.0,0.0050524255129358875,0.007482730001904678,0.4057064239243539,0.004375665684257957,0.011332281362826902,0.0,0.010920676207746782,0.010626447333037137,0.005554851575992829,0.010920342823248212,0.010920676207746782
2025-12-22,0.0,0.0031832330900949946,0.004986594115837253,0.006605850010880293,0.005903607686610579,0.01240632126321772,0.0,0.003916348892733657,0.004786081022205674,0.005363719571804766,0.003917343093998075,0.003916348892733657
2025-12-23,0.0,0.002194257164280622,0.004556225086254667,0.005742377730906217,3.820490359540685e-05,0.005647710831633448,0.0,0.00498061747918294,0.005559313997172935,0.004571722677412286,0.00498326377987151,0.00498061747918294
2025-12-24,0.0,0.0006305165234447019,0.002525061492072919,0.0024841430811722576,0.0009712250352500451,0.006174638355678786,0.0,0.002120751762696461,0.002402573583012188,0.00256452343262787,0.002119903774391542,0.002120751762696461
2025-12-26,0.0,0.0001446941029119575,0.003222994579818686,0.0047244523715097575,0.00015634691250476784,0.006547559773958291,0.0,0.005047394905818381,0.004887826358703544,0.00323444589345305,0.005047130663966689,0.005047394905818381
2025-12-29,0.0,0.0022858611479492086,0.0057449500925440405,0.4078150117925724,0.0003237558212276781,0.010890170335051437,0.0,0.002901800662880457,0.0052249382531739,0.00755288984735001,0.0029004395867669244,0.002901800662880457
2025-12-30,0.0,0.00039434148799466495,0.0031939654949975915,0.002202776149609925,0.0028118858468388908,0.004659662027643724,0.0,0.004150046990119416,0.0038618876596280428,0.002471503697335127,0.004149369126012889,0.004150046990119416
2025-12-31,0.0,0.002405189860060053,0.002110398871307838,0.001597074617234212,0.0018741201816467878,0.004250417913407471,0.0,0.002341327268021421,0.0022318023188184774,0.0022304665965473605,0.0023417908008188156,0.002341327268021421
2026-01-02,0.0,0.0010242758652845296,0.012217693419566356,0.02623647596171197,0.007339375190955177,0.010384097433048316,0.0,0.030335274206819307,0.029880861832662628,0.009096696958240925,0.0303452424544412,0.030335274206819307
2026-01-05,0.0,0.0022838804452327,0.010241640295276452,0.4234098485997484,0.0033221195579629104,0.017788002234050658,0.0,0.016225209281666406,0.016525635826904642,0.009499266822849455,0.016228350346475066,0.016225209281666406
2026-01-06,0.0,0.0029512628842255917,0.00609945827955851,0.012735201012076758,0.00016853538256245137,0.008133618257208933,0.0,0.004227240907986187,0.004407269236509051,0.004817098453116481,0.004226787569167999,0.004227240907986187
2026-01-07,0.0,0.0020267653603054936,0.008165639588828148,0.40201464221954625,0.0032440846233643406,0.014365211406638306,0.0,0.006979143173499828,0.006789454421746681,0.00655047109859537,0.006981101936932829,0.006979143173499828
2026-01-08,0.0,0.0008144022739982604,0.009025486485128027,0.40851089795252127,0.12932887308970664,0.031298250367886214,0.0,0.01041103828213331,0.010589565838182581,0.006984520488267414,0.010410400803900325,0.01041103828213331
2026-01-09,0.0,0.00211816857781022,0.0075244031073786535,0.4226116625439815,0.018428683085732755,0.018014147433972373,0.0,0.02056645426230072,0.020798855540532336,0.0059835988080752245,0.020573212451048012,0.02056645426230072
2026-01-12,0.0,0.000993697870888044,0.005814609330818045,0.006481876216291899,0.000518945214954325,0.008627552794760277,0.0,0.007391268011095968,0.00703253534225731,0.005891162798458277,0.0073888669124643706,0.007391268011095968
2026-01-13,0.0,0.0013910005374604406,0.006292170990172034,0.0061428598549540525,0.0008737883590133055,0.007089335676025184,0.0,0.005638083824290641,0.005279769192410259,0.00501611551005391,0.005639100748504209,0.005638083824290641
2026-01-14,0.0,0.003077307291962428,0.008582864867810555,0.8113469785795153,0.0020124158466892084,0.014087472567001939,0.0,0.007676856580360209,0.007697770872455616,0.007138493213272923,0.00767606658021047,0.007676856580360209
2026-01-15,0.0,0.001929372391065276,0.0077138813067821055,0.4202270838723921,0.0009679381521914276,0.006772015669906791,0.0,0.015808534859335067,0.01661669761106254,0.006051449771704062,0.015809862795838226,0.015808534859335067
2026-01-16,0.0,0.0004120723448546859,0.00459912852722396,0.4062193592259681,0.0004201742257998742,0.009020830933462214,0.0,0.007743481645962807,0.007940374597004467,0.0036069673664410676,0.007745577662339768,0.007743481645962807
2026-01-20,0.0,0.007946532265228234,0.010302323410816619,0.40312891335021694,0.008042458771442496,0.01448651682592588,0.0,0.07756476282087549,0.06862315434654682,0.011909791612700608,0.07757306630826778,0.07756476282087549
2026-01-21,0.0,0.003951244079020255,0.008352679896469525,0.003680134007808755,0.027570664174565662,0.0233269947224372,0.0,0.00633416121344509,0.04389918128920398,0.007321756076736942,0.006333862265924245,0.00633416121344509
2026-01-22,0.0,0.0024116810332082683,0.008796930236125933,0.4075489150078389,0.016255181617088832,0.010345085309697412,0.0,0.07152230296853343,0.011592985438132261,0.008121908373224358,0.07154262396774,0.07152230296853343
2026-01-23,0.0,0.0002577329298783515,0.008056356580251542,0.009126740105629555,0.007002732592907179,0.011876419556705266,0.0,0.05281980099022778,0.04505921751373655,0.007877791647087656,0.05283272059355799,0.05281980099022778
2026-01-26,0.0,0.0017185994341986643,0.00504072811094855,0.40615024042107506,0.027573106973272532,0.019762613286121486,0.0,0.008346559342203092,0.007852068034062585,0.005232566438811974,0.008345423365722018,0.008346559342203092
2026-01-27,0.0,0.002248004798783232,0.008937509108369351,0.013004748361248986,0.002215022488001317,0.010441232146882659,0.0,0.009038896891886718,0.00846519397426888,0.008931316059339757,0.00903942173657531,0.009038896891886718
2026-01-28,0.0,0.00014335771005907771,0.00767408649825993,0.41447497030940894,0.00289155295051291,0.04002101707942613,0.0,0.010709459147612219,0.012149757744013702,0.009117248515091748,0.010711892466432157,0.010709459147612219
2026-01-29,0.0,0.0009523131128829077,0.014978725741386034,0.006500974596495568,0.021894018681749783,0.020619626000385742,0.0,0.02415441709398039,0.021082438385165776,0.011618131950060992,0.024166826274535987,0.02415441709398039
2026-01-30,0.0,0.0013354893309846516,0.013585371280583763,0.42424642643128463,0.0012576984524026447,0.024032309980547516,0.0,0.009024142608259265,0.010485856622713627,0.01927602934969517,0.009025894911230464,0.009024142608259265
2026-02-02,0.0,0.0029399044770783145,0.011971391719417593,0.41188250896017276,0.0018435774375387126,0.03457219311592837,0.0,0.013750597284453341,0.014277405167798157,0.01275529125753698,0.013748918155987278,0.013750597284453341
2026-02-03,0.0,0.004105923437063674,0.014385684790135689,0.030528295081457185,0.0033948750884453816,0.018540677494131075,0.0,0.011098445447305866,0.014417536154118421,0.016453508461569448,0.011103142243127308,0.011098445447305866
2026-02-04,0.0,0.0020357782227300447,0.01169857650325816,0.4101523892202238,0.001984566534121379,0.019379183015501077,0.0,0.013202332823279003,0.013700268174703238,0.009337454271256589,0.013207700819450826,0.013202332823279003
2026-02-05,0.0,0.008064698449800123,0.009750425429942242,0.009435737632436297,0.004970110676655537,0.017029386095020672,0.0,0.008413159178310797,0.009057785446606258,0.008608992418313269,0.008412312301067003,0.008413159178310797
2026-02-06,0.0,0.008922654317591094,0.012855612050654448,0.009340815299810123,0.00737958701199859,0.0226750639100088,0.0,0.027908046946350958,0.020312541313192378,0.011699667977559773,0.02789445856044149,0.027908046946350958
2026-02-09,0.0,0.002171048490392846,0.00867700773201549,0.008169855855295421,0.022790305644262432,0.02479145166627908,0.0,0.006043159543104906,0.005840363716523535,0.00872471783099936,0.006043514752213999,0.006043159543104906
2026-02-10,0.0,0.0026549701517132873,0.005533272268384265,0.0042336063267025825,0.004221329267028562,0.013527110114288041,0.0,0.0032214648860912367,0.003409855532105568,0.00434487723840199,0.0032230316299126966,0.0032214648860912367
2026-02-11,0.0,0.0009883123305413077,0.007867468855349363,0.005046566503831756,0.0018534239035710165,0.011557379683352825,0.0,0.006251854955952302,0.005831926631359091,0.006265070360773298,0.006250261014280787,0.006251854955952302
2026-02-12,0.0,0.009568810054060073,0.011278546827181157,0.010999921684512276,0.023299613606277747,0.016821148605092553,0.0,0.0044706122964954745,0.004663225234571297,0.009786682456659042,0.004471678788989304,0.0044706122964954745
2026-02-13,0.0,0.0011874006278116966,0.00777998324288251,0.006497082626895578,0.021839160197406615,0.019630742028430802,0.0,0.00820973017564428,0.008222053863500743,0.007816156335527562,0.008208210926213332,0.00820973017564428
2026-02-17,0.0,0.0007270748547306138,0.006459899643499946,0.012593764514403527,0.01956624329625911,0.020815673704509503,0.0,0.0051630188125486726,0.006342268748704172,0.007730154783006739,0.005162386615237364,0.0051630188125486726
2026-02-18,0.0,0.0030840843117971306,0.007547834487388418,0.012672395952759291,0.004771884340082133,0.010533569249018196,0.0,0.009916429816464506,0.009676574043157693,0.00643539580054598,0.009915492052764065,0.009916429816464506
2026-02-19,0.0,0.0013608509192650775,0.0037395576239212178,0.005412961940387262,0.0011229161706416413,0.010267218109160156,0.0,0.0031324331903107225,0.002982388611009513,0.0031540630720437723,0.0031325771581827344,0.0031324331903107225
2026-02-20,0.0,0.0033767610941222714,0.005297111317321995,0.4070682698492445,0.002724028809448553,0.011501162415897388,0.0,0.0030930794203599798,0.003123764956365161,0.005147849721922469,0.0030931916789252306,0.0030930794203599798
2026-02-23,0.0,0.005851688018046419,0.012094685939346421,0.01119514456681353,0.004080574627113753,0.014005791627065292,0.0,0.012918826839245348,0.012456072461616053,0.010918713145697978,0.012917284041309778,0.012918826839245348
2026-02-24,0.0,0.0035370841502475048,0.005049606387868569,0.40757634190026887,0.002738279736339777,0.013125534768635618,0.0,0.0026251646178443925,0.003351812643593408,0.005190435833777485,0.0026242874614279803,0.0026251646178443925
2026-02-25,0.0,0.004288629281348266,0.008316477033910058,0.007938120589094322,0.003193946814280979,0.009310659501452656,0.0,0.005117184462459606,0.005463941098791509,0.006832201665387651,0.005114647479884585,0.005117184462459606
2026-02-26,0.0,0.0034255288104531045,0.010154884889648073,0.014469320632087113,0.002262043592259344,0.01169308849350986,0.0,0.020181388818607895,0.01972844475955071,0.008060755608874412,0.02018250155863591,0.020181388818607895
2026-02-27,0.0,0.0032528891090516376,0.010607632016005168,0.4110170132459332,0.0019681736394141502,0.01297743438414328,0.0,0.008368812359282964,0.008864046336026726,0.00875895012906281,0.008368086426688048,0.008368812359282964
2026-03-02,0.0,0.002191739231635792,0.010548534112190443,0.4082556057096073,0.00012872124463414458,0.02303668314220631,0.0,0.01379472778846065,0.01400877403605441,0.008862797950983055,0.013793878074493376,0.01379472778846065
2026-03-03,0.0,0.0037056754792317292,0.011555681412043384,0.014961272682208454,0.0035350447092696857,0.024968936885701842,0.0,0.06227034246432821,0.04869740052709384,0.01178609807701654,0.062236274857672066,0.06227034246432821
2026-03-04,0.0,0.003578150447242967,0.006486141249283664,0.010159885261661034,0.0026552612751884475,0.025250488918665062,0.0,0.008072092364178586,0.059610462458195415,0.00518304952798182,0.008068353252198684,0.008072092364178586
2026-03-05,0.0,0.0012913317433923543,0.008794535474371923,0.00866589378164892,0.002270271766246834,0.011210792576557013,0.0,0.007086581118356727,0.007219282780899466,0.007737541287382146,0.007088886577365752,0.007086581118356727
2026-03-06,0.0,0.005715699252517359,0.010540192769690364,0.019694960042018705,0.005211414659540781,0.021695338951370276,0.0,0.014144314077683615,0.016074502023534123,0.009887948971162061,0.014144744252976885,0.014144314077683615
2026-03-09,0.0,0.0026712041421160793,0.007939489334337316,0.015856709589599394,0.0033192376033437387,0.015278872640372039,0.0,0.015706031675092835,0.015804975500132448,0.006670596242356025,0.015705554002810904,0.015706031675092835
2026-03-10,0.0,0.0008058240089406921,0.0061988513219186706,0.010670264460534457,0.0007205733813460125,0.009866881855943319,0.0,0.005478931727008433,0.005498514869185977,0.005343451434486161,0.0054765823115541235,0.005478931727008433
2026-03-11,0.0,0.0015554071192672714,0.005233196875212634,0.4083476693150625,0.0005831287523567763,0.009204737704671844,0.0,0.0021681215797306344,0.002417007003513258,0.004145522455823232,0.002168010660106128,0.0021681215797306344
2026-03-12,0.0,0.0055055806884766745,0.009616359956486673,0.012783214392701525,0.006022816863831881,0.024195443841312933,0.0,0.004775188897240129,0.004733965677319397,0.009001773725611402,0.004776361819583526,0.004775188897240129
2026-03-13,0.0,0.002329617135721107,0.006953089517942518,0.007194140185258963,0.00610679143974191,0.013581302493205905,0.0,0.008411255812924191,0.007260954918660985,0.006711093819988655,0.008410927681956665,0.008411255812924191
2026-03-16,0.0,0.002998585112918284,0.006047131772382135,0.006155539462357945,0.0017778598200453022,0.011642725281175973,0.0,0.005267299669835277,0.005868117619912279,0.006587556967721529,0.005264679265492909,0.005267299669835277
2026-03-17,0.0,0.0002988488324483507,0.00444650849775776,0.006270466799507074,0.0197514551782747,0.016065710307315243,0.0,0.0059538100903963765,0.005664417057796011,0.003861044309237345,0.0059532660453536675,0.0059538100903963765
2026-03-18,0.0,0.004676761893515513,0.007473300363697796,0.40069454576835,0.017211176431848996,0.014535389923275658,0.0,0.005689791315697483,0.006135573356301405,0.008369581524865916,0.005689844505806035,0.005689791315697483
2026-03-19,0.0,0.0017138300310355903,0.006813037927655287,0.014742683455018585,0.027318150976730404,0.013690031132022001,0.0,0.008254449879725961,0.009380218763662292,0.007882911989107177,0.008254503892703052,0.008254449879725961
2026-03-20,0.0,0.002876189487653058,0.010414849042816629,0.4033971956802251,0.011503891531314814,0.015954160858747284,0.0,0.007413161804581169,0.0070068662021546746,0.010622202580560618,0.007415150117465585,0.007413161804581169
2026-03-23,0.0,0.003240537950057909,0.008652928583783533,0.4064187323156617,0.023745964611856518,0.050074201917446555,0.0,0.00965543319519832,0.011094237104161998,0.33049298374397756,0.009656405599936715,0.00965543319519832
2026-03-24,0.0,0.0003025276156423118,0.007273967489623695,0.008822423621638265,0.01924978610689143,0.009669564031341435,0.0,0.011303768584953806,0.010927392363868452,0.005730942238775127,0.011306038875230202,0.011303768584953806
2026-03-25,0.0,0.0009739963407391361,0.006518801271020079,0.40392152805935183,0.003743211164625615,0.005108075512545255,0.0,0.0076001537816050855,0.00881918936977049,0.25458257847116866,0.007601674684755632,0.0076001537816050855
2026-03-26,0.0,0.005858870773360614,0.016012563240910882,0.020340862812167237,0.012438748289461232,0.01220528224149123,0.0,0.013988215809541578,0.013006032449635213,0.014790196111549133,0.013994214082934879,0.013988215809541578
2026-03-27,0.0,0.00813456796473111,0.01263245489028221,0.4068837275918304,0.05118611878605783,0.014907666509718085,0.0,0.008848369948661604,0.01202257574328952,0.17565476316894024,0.00885341034427801,0.008848369948661604
2026-03-30,0.0,0.004039612175303742,0.009019733584537414,0.012302319909030801,0.03887458376294117,0.010755562954004863,0.0,0.015556116350745025,0.014544735686142502,0.12598063464679038,0.015557483332237302,0.015556116350745025
2026-03-31,0.0,0.012840477716234977,0.017588434614966134,0.017322656857535923,0.009898953573570068,0.014434632590570089,0.0,0.012455442286579486,0.011939211269080723,0.09549138237617523,0.012451103172193475,0.012455442286579486
2026-04-01,0.0,0.0032921169815287032,0.008641380326021846,0.41388870258827826,0.11111088497403654,0.02698896090065252,0.0,0.007465475669346475,0.007684515506597413,0.00926933622247881,0.007466294067750079,0.007465475669346475
2026-04-02,0.0,0.0006827808078077036,0.007617363311572048,0.4108637113160821,0.0014363472214655726,0.008284403011286582,0.0,0.011594574358528556,0.011720537167290723,0.006864162568584378,0.011592196014795891,0.011594574358528556
2026-04-06,0.0,0.0031401805223669754,0.0040669522316271745,0.4051265293492231,0.004734943579516093,0.007143296346217486,0.0,0.0042717589941208434,0.004322800341586209,0.003948682909555914,0.0042722974358709405,0.0042717589941208434
2026-04-07,0.0,0.0003701679699930627,0.0033905310808306985,0.008374694490796114,0.0025432058985357386,0.007945825150707984,0.0,0.00111327781823857,0.0014798289137481011,0.004341428834020005,0.0011133612105260705,0.00111327781823857
2026-04-08,0.0,0.010969106663644645,0.01859942449316189,0.4280603311678749,0.0009886465197157523,0.017714699794760033,0.0,0.023753242836443894,0.02440746555732894,0.020437459724606248,0.023752473373824894,0.023753242836443894
2026-04-09,0.0,0.002480013630257516,0.006346431260633813,0.4099702208950946,0.06125072411874688,0.027642022119641445,0.0,0.0069335255036777664,0.0067191308071957185,0.006005033749591052,0.006933300899031987,0.0069335255036777664
2026-04-10,0.0,0.0005026273228819211,0.006055726593617541,0.4033418905162779,0.0029652234778293485,0.006044122169054908,0.0,0.0093913323293132,0.009366137362825272,0.004787463122789746,0.009391046707888377,0.0093913323293132
2026-04-13,0.0,0.0037249271610205748,0.006877266187481079,0.006536299736417506,3.794149466163077e-05,0.005750136904368531,0.0,0.004191593659453765,0.004654456521901474,0.005331927991580459,0.004191887588669299,0.004191593659453765
2026-04-14,0.0,0.004595651383792254,0.009818690462400859,0.00845957308974793,0.006958915265408816,0.009593391242709973,0.0,0.011058005811977425,0.010048472124839659,0.006264572545327129,0.011059253042648057,0.011058005811977425
2026-04-15,0.0,0.0045582573063924214,0.009181909040563666,0.4020541178432505,0.01224684958377098,0.010487495435914746,0.0,0.013164896639100535,0.012959374960071197,0.00505761751137084,0.01316378351085256,0.013164896639100535
2026-04-16,0.0,0.0018544447340990144,0.007599087001567327,0.41598049051655184,0.004910428354863994,0.007071781384756028,0.0,0.018289238131739775,0.017908135812234244,0.008928297926779724,0.018284015390049105,0.018289238131739775
2026-04-17,0.0,0.004016654180892865,0.008733995349358356,0.018605434891894645,0.03747362738288007,0.012107759260784598,0.0,0.006698908721232822,0.006759813127567628,0.11173604065994704,0.0067004367606892535,0.006698908721232822
2026-04-20,0.0,0.0009115622819030889,0.00543612080551141,0.010559660656510067,0.0011042242847298933,0.009426160797728952,0.0,0.008983563616178462,0.008232243813780965,0.1027271991785235,0.008982313071960922,0.008983563616178462
2026-04-21,0.0,0.0013634220899370608,0.007976638166070499,0.40662918496729855,0.001373801017794385,0.007605506156320652,0.0,0.004433387608115791,0.004988019750633149,0.09419547986139652,0.004434857297492032,0.004433387608115791
2026-04-22,0.0,0.004186070157423449,0.006576606797035783,0.4050354751213018,0.004703039571123613,0.011137172080789074,0.0,0.008145736333729791,0.008279534694565802,0.08062354529613165,0.008144034878809178,0.008145736333729791
2026-04-23,0.0,0.0010915106314036138,0.010978159249641482,0.009108422132943411,0.006434213802357203,0.010337341281411937,0.0,0.005393473771267768,0.005388280836577148,0.08010854282527047,0.005395882194097339,0.005393473771267768
2026-04-24,0.0,0.0030445545142211983,0.010960401091899726,0.014011097456075788,0.0007306534641940976,0.021072951535433055,0.0,0.009676882562790493,0.009796734537923766,0.06465219317063435,0.009673290422426633,0.009676882562790493
2026-04-27,0.0,0.0015501722745753788,0.006033612432424326,0.012840553843006003,0.004730279656968928,0.00912179880582442,0.0,0.012592587451218466,0.012529116837067507,0.05713532244789839,0.012594822085301896,0.012592587451218466
2026-04-28,0.0,0.00214212433607075,0.009309166919546814,0.41182268429068886,0.0005648112060169241,0.016395322970780495,0.0,0.008440586403514626,0.008529123520350736,0.05925366875945708,0.008441522054181846,0.008440586403514626
2026-04-29,0.0,0.002050992471138491,0.006546874170218431,0.4130758811299067,0.0014907153085713665,0.016278691882296803,0.0,0.00674313145326782,0.007096171534795666,0.05336014502767267,0.006743858791733512,0.00674313145326782
2026-04-30,0.0,0.004097577472672864,0.01946768396788988,0.019979062069493125,0.0014778578023623146,0.015522397188620238,0.0,0.03573181993595889,0.03261890207044403,0.050247442937866614,0.035725205244712996,0.03573181993595889
2026-05-01,0.0,0.0006975196100944547,0.005073677051619568,0.004079807094853144,0.0004526771964876719,0.017699034186001675,0.0,0.003198706786742635,0.003511017716134214,0.03754719430569668,0.0032000912263660023,0.003198706786742635
2026-05-04,0.0,0.000253796275562046,0.005780038735011941,0.4027539290801075,0.0026129176697302636,0.007442304656517493,0.0,0.010470631395477019,0.010384343502460256,0.037731320400337644,0.010469483558634723,0.010470631395477019
2026-05-05,0.0,0.0029748860552004652,0.007062682481718631,0.40516517552751036,0.014468320257448153,0.008846861812015605,0.0,0.015927944086602974,0.014959185311697357,0.034255031406844626,0.01592889412110639,0.015927944086602974
2026-05-06,0.0,0.004631523391419479,0.016430472741798582,0.4306813507717024,0.0275742642510306,0.01401760698755031,0.0,0.021387306382609106,0.020459076290725808,0.03201793286422467,0.021386655924004683,0.021387306382609106
2026-05-07,0.0,0.00031023447476324906,0.007660961476486941,0.7923453380107699,0.015103708396673188,0.014345042877792154,0.0,0.010878490414085989,0.010742111449307343,0.00862711995354761,0.010879182476792374,0.010878490414085989
2026-05-08,0.0,0.002847753264992925,0.009263650517239638,0.012698225788601636,0.00027993455858643657,0.012407851965730929,0.0,0.01714451527377086,0.01630220078262426,0.011405623984605914,0.01714328981538684,0.01714451527377086
