,AGG,ASML,DBA,EFA,GLD,IWM,META,MSFT,NVDA,QQQ,SPY,TLT,UUP,VNQ,VWO,XLE,XLF,XLI,XLP,XLU,XLV
2022-01-03,0.0,0.0,0.0,0.0,0.0,0.0,0.0,0.0,0.0,0.0,0.0,0.0,0.0,0.0,0.0,0.0,0.0,0.0,0.0,0.0,0.0
2022-01-04,0.0,0.0,0.0,0.0,0.0,0.0,0.0,0.0,0.0,0.0,0.0,0.0,0.0,0.0,0.0,0.0,0.0,0.0,0.0,0.0,0.0
2022-01-05,0.0,0.009551058394029604,0.0,0.0,0.0,0.0033597161787677085,0.007552763284222257,0.01183342354118202,0.02618456198228889,0.007988164527410148,0.008142964290088423,0.0,0.0,0.006338480741031893,0.0,0.011698461046094205,0.0,0.0,0.0,0.0,0.0038862331987894296
2022-01-06,0.0,0.009551058394029604,0.0,0.0,0.0,0.003359716178767709,0.007552763284222258,0.01183342354118202,0.02618456198228889,0.007988164527410148,0.008142964290088423,0.0,0.0,0.006338480741031893,0.0,0.011698461046094205,0.0,0.0,0.0,0.0,0.0038862331987894296
2022-01-07,0.0,0.009551058394029604,0.0,0.0,0.0,0.003359716178767709,0.007552763284222258,0.01183342354118202,0.02618456198228889,0.007988164527410148,0.008142964290088423,0.0,0.0,0.006338480741031893,0.0,0.011698461046094205,0.0,0.0,0.0,0.0,0.0038862331987894296
2022-01-10,0.0,0.009551058394029604,0.0,0.0,0.0,0.003359716178767709,0.007552763284222258,0.01183342354118202,0.02618456198228889,0.007988164527410148,0.008142964290088423,0.0,0.0,0.006338480741031893,0.0,0.011698461046094205,0.0,0.0,0.0,0.0,0.0038862331987894296
2022-01-11,0.0,0.009551058394029604,0.0,0.0,0.0,0.003359716178767709,0.007552763284222258,0.01183342354118202,0.02618456198228889,0.007988164527410148,0.008142964290088423,0.0,0.0,0.006338480741031893,0.0,0.011698461046094205,0.0,0.0,0.0,0.0,0.0038862331987894296
2022-01-12,0.0,0.009551058394029604,0.0,0.0,0.0,0.003359716178767709,0.007552763284222258,0.01183342354118202,0.02618456198228889,0.007988164527410148,0.008142964290088423,0.0,0.0,0.006338480741031893,0.0,0.011698461046094205,0.0,0.0,0.0,0.0,0.0038862331987894296
2022-01-13,0.0,0.009551058394029604,0.0,0.0,0.0,0.003359716178767709,0.007552763284222258,0.01183342354118202,0.02618456198228889,0.007988164527410148,0.008142964290088423,0.0,0.0,0.006338480741031893,0.0,0.011698461046094205,0.0,0.0,0.0,0.0,0.0038862331987894296
2022-01-14,0.0,0.009551058394029604,0.0,0.0,0.0,0.003359716178767709,0.007552763284222258,0.01183342354118202,0.02618456198228889,0.007988164527410148,0.008142964290088423,0.0,0.0,0.006338480741031893,0.0,0.011698461046094205,0.0,0.0,0.0,0.0,0.0038862331987894296
2022-01-18,0.0,0.009551058394029604,0.0,0.0,0.0,0.003359716178767709,0.007552763284222258,0.011833423541182019,0.02618456198228889,0.007988164527410148,0.008142964290088423,0.0,0.0,0.006338480741031893,0.0,0.011698461046094205,0.0,0.0,0.0,0.0,0.0038862331987894296
2022-01-19,0.0,0.009551058394029604,0.0,0.0,0.0,0.003359716178767709,0.007552763284222258,0.011833423541182019,0.02618456198228889,0.007988164527410148,0.008142964290088423,0.0,0.0,0.006338480741031893,0.0,0.011698461046094205,0.0,0.0,0.0,0.0,0.0038862331987894296
2022-01-20,0.0,0.009551058394029604,0.0,0.0,0.0,0.003359716178767709,0.007552763284222258,0.011833423541182017,0.02618456198228889,0.007988164527410148,0.008142964290088423,0.0,0.0,0.006338480741031893,0.0,0.011698461046094205,0.0,0.0,0.0,0.0,0.0038862331987894296
2022-01-21,0.0,0.009551058394029604,0.0,0.0,0.0,0.003359716178767709,0.007552763284222258,0.011833423541182017,0.02618456198228889,0.007988164527410148,0.008142964290088423,0.0,0.0,0.006338480741031893,0.0,0.011698461046094205,0.0,0.0,0.0,0.0,0.0038862331987894296
2022-01-24,0.0,0.009551058394029604,0.0,0.0,0.0,0.003359716178767709,0.007552763284222258,0.011833423541182017,0.02618456198228889,0.007988164527410148,0.008142964290088423,0.0,0.0,0.006338480741031893,0.0,0.011698461046094205,0.0,0.0,0.0,0.0,0.0038862331987894296
2022-01-25,0.0,0.009551058394029604,0.0,0.0,0.0,0.003359716178767709,0.007552763284222258,0.011833423541182017,0.02618456198228889,0.007988164527410148,0.008142964290088423,0.0,0.0,0.006338480741031893,0.0,0.011698461046094205,0.0,0.0,0.0,0.0,0.0038862331987894296
2022-01-26,0.0,0.009551058394029604,0.0,0.0,0.0,0.003359716178767709,0.007552763284222258,0.011833423541182017,0.02618456198228889,0.007988164527410148,0.008142964290088423,0.0,0.0,0.006338480741031893,0.0,0.011698461046094205,0.0,0.0,0.0,0.0,0.0038862331987894296
2022-01-27,0.0,0.0,0.0,0.0,0.3,0.0,0.0,0.0,0.0,0.0,0.0,0.0,0.5,0.0,0.0,0.0,0.0,0.0,0.0,0.0,0.0
2022-01-28,0.0,0.0,0.0,0.0,0.3,0.0,0.0,0.0,0.0,0.0,0.0,0.0,0.5,0.0,0.0,0.0,0.0,0.0,0.0,0.0,0.0
2022-01-31,0.0,0.0,0.0,0.0,0.3,0.0,0.0,0.0,0.0,0.0,0.0,0.0,0.5,0.0,0.0,0.0,0.0,0.0,0.0,0.0,0.0
2022-02-01,0.0,0.0,0.0,0.0,0.3,0.0,0.0,0.0,0.0,0.0,0.0,0.0,0.5,0.0,0.0,0.0,0.0,0.0,0.0,0.0,0.0
2022-02-02,0.0,0.0,0.0,0.0,0.3,0.0,0.0,0.0,0.0,0.0,0.0,0.0,0.5,0.0,0.0,0.0,0.0,0.0,0.0,0.0,0.0
2022-02-03,0.0,0.0,0.0,0.0,0.3,0.0,0.0,0.0,0.0,0.0,0.0,0.0,0.5,0.0,0.0,0.0,0.0,0.0,0.0,0.0,0.0
2022-02-04,0.0,0.0,0.0,0.0,0.3,0.0,0.0,0.0,0.0,0.0,0.0,0.0,0.5,0.0,0.0,0.0,0.0,0.0,0.0,0.0,0.0
2022-02-07,0.0,0.0,0.0,0.0,0.3,0.0,0.0,0.0,0.0,0.0,0.0,0.0,0.5,0.0,0.0,0.0,0.0,0.0,0.0,0.0,0.0
2022-02-08,0.0,0.0,0.0,0.0,0.3,0.0,0.0,0.0,0.0,0.0,0.0,0.0,0.5,0.0,0.0,0.0,0.0,0.0,0.0,0.0,0.0
2022-02-09,0.0,0.0,0.0,0.0,0.3,0.0,0.0,0.0,0.0,0.0,0.0,0.0,0.5,0.0,0.0,0.0,0.0,0.0,0.0,0.0,0.0
2022-02-10,0.0,0.0,0.0,0.0,0.3,0.0,0.0,0.0,0.0,0.0,0.0,0.0,0.5,0.0,0.0,0.0,0.0,0.0,0.0,0.0,0.0
2022-02-11,0.0,0.0,0.0,0.0,0.3,0.0,0.0,0.0,0.0,0.0,0.0,0.0,0.3,0.0,0.0,0.0,0.0,0.0,0.0,0.0,0.0
2022-02-14,0.0,0.0,0.0,0.0,0.3,0.0,0.0,0.0,0.0,0.0,0.0,0.0,0.3,0.0,0.0,0.0,0.0,0.0,0.0,0.0,0.0
2022-02-15,0.0,0.0,0.0,0.0,0.3,0.0,0.0,0.0,0.0,0.0,0.0,0.0,0.3,0.0,0.0,0.0,0.0,0.0,0.0,0.0,0.0
2022-02-16,0.0,0.0,0.0,0.0,0.3,0.0,0.0,0.0,0.0,0.0,0.0,0.0,0.3,0.0,0.0,0.0,0.0,0.0,0.0,0.0,0.0
2022-02-17,0.0,0.0,0.0,0.0,0.3,0.0,0.0,0.0,0.0,0.0,0.0,0.0,0.3,0.0,0.0,0.0,0.0,0.0,0.0,0.0,0.0
2022-02-18,0.0,0.0,0.0,0.0,0.3,0.0,0.0,0.0,0.0,0.0,0.0,0.0,0.3,0.0,0.0,0.0,0.0,0.0,0.0,0.0,0.0
2022-02-22,0.0,0.0,0.0,0.0,0.3,0.0,0.0,0.0,0.0,0.0,0.0,0.0,0.3,0.0,0.0,0.0,0.0,0.0,0.0,0.0,0.0
2022-02-23,0.0,0.0,0.0,0.0,0.3,0.0,0.0,0.0,0.0,0.0,0.0,0.0,0.3,0.0,0.0,0.0,0.0,0.0,0.0,0.0,0.0
2022-02-24,0.0,0.0,0.0,0.0,0.3,0.0,0.0,0.0,0.0,0.0,0.0,0.0,0.3,0.0,0.0,0.0,0.0,0.0,0.0,0.0,0.0
2022-02-25,0.0,0.0,0.0,0.0,0.3,0.0,0.0,0.0,0.0,0.0,0.0,0.0,0.3,0.0,0.0,0.0,0.0,0.0,0.0,0.0,0.0
2022-02-28,0.0,0.0,0.0,0.0,0.3,0.0,0.0,0.0,0.0,0.0,0.0,0.0,0.3,0.0,0.0,0.0,0.0,0.0,0.0,0.0,0.0
2022-03-01,0.0,0.0,0.0,0.0,0.3,0.0,0.0,0.0,0.0,0.0,0.0,0.0,0.3,0.0,0.0,0.0,0.0,0.0,0.0,0.0,0.0
2022-03-02,0.0,0.0,0.0,0.0,0.3,0.0,0.0,0.0,0.0,0.0,0.0,0.0,0.3,0.0,0.0,0.0,0.0,0.0,0.0,0.0,0.0
2022-03-03,0.0,0.0,0.0,0.0,0.3,0.0,0.0,0.0,0.0,0.0,0.0,0.0,0.3,0.0,0.0,0.0,0.0,0.0,0.0,0.0,0.0
2022-03-04,0.0,0.0,0.0,0.0,0.3,0.0,0.0,0.0,0.0,0.0,0.0,0.0,0.3,0.0,0.0,0.0,0.0,0.0,0.0,0.0,0.0
2022-03-07,0.0,0.0,0.0,0.0,0.3,0.0,0.0,0.0,0.0,0.0,0.0,0.0,0.3,0.0,0.0,0.0,0.0,0.0,0.0,0.0,0.0
2022-03-08,0.0,0.0,0.0,0.0,0.3,0.0,0.0,0.0,0.0,0.0,0.0,0.0,0.3,0.0,0.0,0.0,0.0,0.0,0.0,0.0,0.0
2022-03-09,0.0,0.0,0.0,0.0,0.3,0.0,0.0,0.0,0.0,0.0,0.0,0.0,0.5,0.0,0.0,0.0,0.0,0.0,0.0,0.0,0.0
2022-03-10,0.0,0.0,0.0,0.0,0.3,0.0,0.0,0.0,0.0,0.0,0.0,0.0,0.5,0.0,0.0,0.0,0.0,0.0,0.0,0.0,0.0
2022-03-11,0.0,0.0,0.0,0.0,0.3,0.0,0.0,0.0,0.0,0.0,0.0,0.0,0.5,0.0,0.0,0.0,0.0,0.0,0.0,0.0,0.0
2022-03-14,0.0,0.0,0.0,0.0,0.3,0.0,0.0,0.0,0.0,0.0,0.0,0.0,0.5,0.0,0.0,0.0,0.0,0.0,0.0,0.0,0.0
2022-03-15,0.0,0.0,0.0,0.0,0.3,0.0,0.0,0.0,0.0,0.0,0.0,0.0,0.5,0.0,0.0,0.0,0.0,0.0,0.0,0.0,0.0
2022-03-16,0.0,0.0,0.0,0.0,0.3,0.0,0.0,0.0,0.0,0.0,0.0,0.0,0.5,0.0,0.0,0.0,0.0,0.0,0.0,0.0,0.0
2022-03-17,0.0,0.0,0.0,0.0,0.3,0.0,0.0,0.0,0.0,0.0,0.0,0.0,0.5,0.0,0.0,0.0,0.0,0.0,0.0,0.0,0.0
2022-03-18,0.0,0.0,0.0,0.0,0.3,0.0,0.0,0.0,0.0,0.0,0.0,0.0,0.5,0.0,0.0,0.0,0.0,0.0,0.0,0.0,0.0
2022-03-21,0.0,0.0,0.0,0.0,0.3,0.0,0.0,0.0,0.0,0.0,0.0,0.0,0.5,0.0,0.0,0.0,0.0,0.0,0.0,0.0,0.0
2022-03-22,0.0,0.0,0.0,0.0,0.3,0.0,0.0,0.0,0.0,0.0,0.0,0.0,0.5,0.0,0.0,0.0,0.0,0.0,0.0,0.0,0.0
2022-03-23,0.0,0.0,0.0,0.0,0.3,0.0,0.0,0.0,0.0,0.0,0.0,0.0,0.5,0.0,0.0,0.0,0.0,0.0,0.0,0.0,0.0
2022-03-24,0.0,0.0,0.0,0.0,0.3,0.0,0.0,0.0,0.0,0.0,0.0,0.0,0.5,0.0,0.0,0.0,0.0,0.0,0.0,0.0,0.0
2022-03-25,0.0,0.0,0.0,0.0,0.3,0.0,0.0,0.0,0.0,0.0,0.0,0.0,0.5,0.0,0.0,0.0,0.0,0.0,0.0,0.0,0.0
2022-03-28,0.0,0.0,0.0,0.0,0.3,0.0,0.0,0.0,0.0,0.0,0.0,0.0,0.5,0.0,0.0,0.0,0.0,0.0,0.0,0.0,0.0
2022-03-29,0.0,0.0,0.0,0.0,0.3,0.0,0.0,0.0,0.0,0.0,0.0,0.0,0.5,0.0,0.0,0.0,0.0,0.0,0.0,0.0,0.0
2022-03-30,0.0,0.0,0.0,0.0,0.3,0.0,0.0,0.0,0.0,0.0,0.0,0.0,0.3,0.0,0.0,0.0,0.0,0.0,0.0,0.0,0.0
2022-03-31,0.0,0.006067352572678593,0.008639941017586323,0.0,0.2751924871903392,0.0,0.0,0.012196960018828983,0.013595361215553051,0.009488157182802485,0.006678524632662048,0.0,0.27,0.005906890644777978,0.0,0.02615908368588927,0.0,0.0,0.0,0.004944940242781722,0.004253742546089584
2022-04-01,0.0,0.009959924232716948,0.016537561643172504,0.0,0.2530633234965127,0.0,0.0,0.02554053121152801,0.02472763623466072,0.018398016085713027,0.01247200166550998,0.0,0.24300000000000002,0.011314558475856658,0.0,0.0547832448280839,0.0,0.0,0.0,0.00796995022036786,0.007733422467210659
2022-04-04,0.0,0.009959924232716948,0.016537561643172504,0.0,0.2530633234965127,0.0,0.0,0.02554053121152801,0.02472763623466072,0.018398016085713027,0.012472001665509979,0.0,0.243,0.011314558475856658,0.0,0.0547832448280839,0.0,0.0,0.0,0.00796995022036786,0.007733422467210659
2022-04-05,0.0,0.012355831286736537,0.025117717594194615,0.0,0.2315582087350805,0.0,0.0,0.036413161805789414,0.03674894744099394,0.023577182936835805,0.015750976811765707,0.0,0.2187,0.018103178656478928,0.0,0.0860219846391908,0.0,0.0,0.0,0.007172955198331074,0.006960080220489593
2022-04-06,0.0,0.01581906141833021,0.03147147765424145,0.0,0.21383239767067305,0.0,0.0,0.04596928705869113,0.045256834933184026,0.029846235579046886,0.018761529078527933,0.0,0.19683,0.024600839489681878,0.0,0.11328577539862245,0.0,0.0,0.0,0.006455659678497967,0.006264072198440634
2022-04-07,0.0,0.015819061418330206,0.03147147765424145,0.0,0.14968267836947113,0.0,0.03231785900207836,0.03217850094108379,0.0604190080257789,0.05048040183785893,0.018761529078527933,0.0,0.23585792307692305,0.024600839489681878,0.028691164756842333,0.1168868354381157,0.0,0.0,0.0,0.004518961774948577,0.004384850538908443
2022-04-08,0.0,0.015819061418330206,0.03147147765424145,0.0,0.14968267836947113,0.0,0.03231785900207836,0.03217850094108379,0.0604190080257789,0.05048040183785893,0.018761529078527933,0.0,0.23585792307692305,0.024600839489681878,0.02869116475684233,0.1168868354381157,0.0,0.0,0.0,0.004518961774948577,0.004384850538908443
2022-04-11,0.0,0.015819061418330206,0.03147147765424145,0.0,0.14968267836947113,0.0,0.03231785900207836,0.03217850094108379,0.0604190080257789,0.05048040183785893,0.018761529078527933,0.0,0.23585792307692305,0.024600839489681878,0.02869116475684233,0.1168868354381157,0.0,0.0,0.0,0.004518961774948577,0.004384850538908443
2022-04-12,0.0,0.015819061418330206,0.03147147765424145,0.0,0.14968267836947113,0.0,0.03231785900207836,0.03217850094108379,0.0604190080257789,0.05048040183785893,0.018761529078527933,0.0,0.23585792307692305,0.024600839489681878,0.02869116475684233,0.1168868354381157,0.0,0.0,0.0,0.004518961774948577,0.004384850538908443
2022-04-13,0.0,0.015819061418330206,0.03147147765424145,0.0,0.14968267836947113,0.0,0.03231785900207836,0.03217850094108379,0.0604190080257789,0.05048040183785893,0.018761529078527933,0.0,0.23585792307692305,0.024600839489681878,0.02869116475684233,0.1168868354381157,0.0,0.0,0.0,0.004518961774948577,0.004384850538908443
2022-04-14,0.0,0.015819061418330206,0.03147147765424145,0.0,0.14968267836947113,0.0,0.03231785900207836,0.03217850094108379,0.0604190080257789,0.05048040183785893,0.018761529078527933,0.0,0.23585792307692305,0.024600839489681878,0.02869116475684233,0.1168868354381157,0.0,0.0,0.0,0.004518961774948577,0.004384850538908443
2022-04-18,0.0,0.015819061418330206,0.03147147765424145,0.0,0.14968267836947113,0.0,0.03231785900207836,0.03217850094108379,0.0604190080257789,0.05048040183785893,0.018761529078527933,0.0,0.23585792307692305,0.024600839489681878,0.02869116475684233,0.1168868354381157,0.0,0.0,0.0,0.004518961774948577,0.004384850538908443
2022-04-19,0.0,0.015819061418330206,0.03147147765424145,0.0,0.14968267836947113,0.0,0.03231785900207836,0.03217850094108379,0.0604190080257789,0.05048040183785893,0.018761529078527933,0.0,0.23585792307692305,0.024600839489681878,0.02869116475684233,0.1168868354381157,0.0,0.0,0.0,0.004518961774948577,0.004384850538908443
2022-04-20,0.0,0.015819061418330206,0.03147147765424145,0.0,0.14968267836947113,0.0,0.03231785900207836,0.03217850094108379,0.0604190080257789,0.05048040183785893,0.018761529078527933,0.0,0.23585792307692305,0.024600839489681878,0.02869116475684233,0.1168868354381157,0.0,0.0,0.0,0.004518961774948577,0.004384850538908443
2022-04-21,0.0,0.015819061418330206,0.03147147765424145,0.0,0.14968267836947113,0.0,0.03231785900207836,0.03217850094108379,0.0604190080257789,0.05048040183785893,0.018761529078527933,0.0,0.23585792307692305,0.024600839489681878,0.02869116475684233,0.1168868354381157,0.0,0.0,0.0,0.004518961774948577,0.004384850538908443
2022-04-22,0.0,0.015819061418330206,0.03147147765424145,0.0,0.14968267836947113,0.0,0.03231785900207836,0.03217850094108379,0.0604190080257789,0.05048040183785893,0.018761529078527933,0.0,0.23585792307692305,0.024600839489681878,0.02869116475684233,0.1168868354381157,0.0,0.0,0.0,0.004518961774948577,0.004384850538908443
2022-04-25,0.0,0.015819061418330206,0.03147147765424145,0.0,0.14968267836947113,0.0,0.03231785900207836,0.03217850094108379,0.0604190080257789,0.05048040183785893,0.018761529078527933,0.0,0.23585792307692305,0.024600839489681878,0.02869116475684233,0.1168868354381157,0.0,0.0,0.0,0.004518961774948577,0.004384850538908443
2022-04-26,0.0,0.0,0.0,0.0,0.3,0.0,0.0,0.0,0.0,0.0,0.0,0.0,0.5,0.0,0.0,0.0,0.0,0.0,0.0,0.0,0.0
2022-04-27,0.0,0.0,0.0,0.0,0.3,0.0,0.0,0.0,0.0,0.0,0.0,0.0,0.5,0.0,0.0,0.0,0.0,0.0,0.0,0.0,0.0
2022-04-28,0.0,0.0,0.0,0.0,0.3,0.0,0.0,0.0,0.0,0.0,0.0,0.0,0.5,0.0,0.0,0.0,0.0,0.0,0.0,0.0,0.0
2022-04-29,0.0,0.0,0.0,0.0,0.3,0.0,0.0,0.0,0.0,0.0,0.0,0.0,0.5,0.0,0.0,0.0,0.0,0.0,0.0,0.0,0.0
2022-05-02,0.0,0.0,0.0,0.0,0.3,0.0,0.0,0.0,0.0,0.0,0.0,0.0,0.5,0.0,0.0,0.0,0.0,0.0,0.0,0.0,0.0
2022-05-03,0.0,0.0,0.0,0.0,0.3,0.0,0.0,0.0,0.0,0.0,0.0,0.0,0.5,0.0,0.0,0.0,0.0,0.0,0.0,0.0,0.0
2022-05-04,0.0,0.0,0.0,0.0,0.3,0.0,0.0,0.0,0.0,0.0,0.0,0.0,0.5,0.0,0.0,0.0,0.0,0.0,0.0,0.0,0.0
2022-05-05,0.0,0.0,0.0,0.0,0.3,0.0,0.0,0.0,0.0,0.0,0.0,0.0,0.5,0.0,0.0,0.0,0.0,0.0,0.0,0.0,0.0
2022-05-06,0.0,0.0,0.0,0.0,0.3,0.0,0.0,0.0,0.0,0.0,0.0,0.0,0.5,0.0,0.0,0.0,0.0,0.0,0.0,0.0,0.0
2022-05-09,0.0,0.0,0.0,0.0,0.3,0.0,0.0,0.0,0.0,0.0,0.0,0.0,0.5,0.0,0.0,0.0,0.0,0.0,0.0,0.0,0.0
2022-05-10,0.0,0.0,0.0,0.0,0.3,0.0,0.0,0.0,0.0,0.0,0.0,0.0,0.5,0.0,0.0,0.0,0.0,0.0,0.0,0.0,0.0
2022-05-11,0.0,0.0,0.0,0.0,0.3,0.0,0.0,0.0,0.0,0.0,0.0,0.0,0.5,0.0,0.0,0.0,0.0,0.0,0.0,0.0,0.0
2022-05-12,0.0,0.0,0.0,0.0,0.3,0.0,0.0,0.0,0.0,0.0,0.0,0.0,0.5,0.0,0.0,0.0,0.0,0.0,0.0,0.0,0.0
2022-05-13,0.0,0.0,0.0,0.0,0.3,0.0,0.0,0.0,0.0,0.0,0.0,0.0,0.5,0.0,0.0,0.0,0.0,0.0,0.0,0.0,0.0
2022-05-16,0.0,0.0,0.0,0.0,0.3,0.0,0.0,0.0,0.0,0.0,0.0,0.0,0.5,0.0,0.0,0.0,0.0,0.0,0.0,0.0,0.0
2022-05-17,0.0,0.0,0.0,0.0,0.3,0.0,0.0,0.0,0.0,0.0,0.0,0.0,0.5,0.0,0.0,0.0,0.0,0.0,0.0,0.0,0.0
2022-05-18,0.0,0.0,0.0,0.0,0.3,0.0,0.0,0.0,0.0,0.0,0.0,0.0,0.5,0.0,0.0,0.0,0.0,0.0,0.0,0.0,0.0
2022-05-19,0.0,0.0,0.0,0.0,0.3,0.0,0.0,0.0,0.0,0.0,0.0,0.0,0.5,0.0,0.0,0.0,0.0,0.0,0.0,0.0,0.0
2022-05-20,0.0,0.0,0.0,0.0,0.3,0.0,0.0,0.0,0.0,0.0,0.0,0.0,0.5,0.0,0.0,0.0,0.0,0.0,0.0,0.0,0.0
2022-05-23,0.0,0.0,0.0,0.0,0.3,0.0,0.0,0.0,0.0,0.0,0.0,0.0,0.5,0.0,0.0,0.0,0.0,0.0,0.0,0.0,0.0
2022-05-24,0.0,0.0,0.0,0.0,0.3,0.0,0.0,0.0,0.0,0.0,0.0,0.0,0.5,0.0,0.0,0.0,0.0,0.0,0.0,0.0,0.0
2022-05-25,0.0,0.0,0.0,0.0,0.3,0.0,0.0,0.0,0.0,0.0,0.0,0.0,0.5,0.0,0.0,0.0,0.0,0.0,0.0,0.0,0.0
2022-05-26,0.0,0.0,0.0,0.0,0.3,0.0,0.0,0.0,0.0,0.0,0.0,0.0,0.5,0.0,0.0,0.0,0.0,0.0,0.0,0.0,0.0
2022-05-27,0.0,0.0,0.0,0.0,0.3,0.0,0.0,0.0,0.0,0.0,0.0,0.0,0.5,0.0,0.0,0.0,0.0,0.0,0.0,0.0,0.0
2022-05-31,0.0,0.0,0.0,0.0,0.3,0.0,0.0,0.0,0.0,0.0,0.0,0.0,0.5,0.0,0.0,0.0,0.0,0.0,0.0,0.0,0.0
2022-06-01,0.0,0.0,0.0,0.0,0.3,0.0,0.0,0.0,0.0,0.0,0.0,0.0,0.5,0.0,0.0,0.0,0.0,0.0,0.0,0.0,0.0
2022-06-02,0.0,0.0,0.0,0.0,0.3,0.0,0.0,0.0,0.0,0.0,0.0,0.0,0.5,0.0,0.0,0.0,0.0,0.0,0.0,0.0,0.0
2022-06-03,0.0,0.0,0.0,0.0,0.3,0.0,0.0,0.0,0.0,0.0,0.0,0.0,0.5,0.0,0.0,0.0,0.0,0.0,0.0,0.0,0.0
2022-06-06,0.0,0.0,0.0,0.0,0.3,0.0,0.0,0.0,0.0,0.0,0.0,0.0,0.5,0.0,0.0,0.0,0.0,0.0,0.0,0.0,0.0
2022-06-07,0.0,0.0,0.0,0.0,0.3,0.0,0.0,0.0,0.0,0.0,0.0,0.0,0.5,0.0,0.0,0.0,0.0,0.0,0.0,0.0,0.0
2022-06-08,0.0,0.0,0.0,0.0,0.3,0.0,0.0,0.0,0.0,0.0,0.0,0.0,0.5,0.0,0.0,0.0,0.0,0.0,0.0,0.0,0.0
2022-06-09,0.0,0.0,0.0,0.0,0.3,0.0,0.0,0.0,0.0,0.0,0.0,0.0,0.5,0.0,0.0,0.0,0.0,0.0,0.0,0.0,0.0
2022-06-10,0.0,0.0,0.0,0.0,0.3,0.0,0.0,0.0,0.0,0.0,0.0,0.0,0.5,0.0,0.0,0.0,0.0,0.0,0.0,0.0,0.0
2022-06-13,0.0,0.0,0.0,0.0,0.3,0.0,0.0,0.0,0.0,0.0,0.0,0.0,0.5,0.0,0.0,0.0,0.0,0.0,0.0,0.0,0.0
2022-06-14,0.0,0.0,0.0,0.0,0.3,0.0,0.0,0.0,0.0,0.0,0.0,0.0,0.5,0.0,0.0,0.0,0.0,0.0,0.0,0.0,0.0
2022-06-15,0.0,0.0,0.0,0.0,0.3,0.0,0.0,0.0,0.0,0.0,0.0,0.0,0.5,0.0,0.0,0.0,0.0,0.0,0.0,0.0,0.0
2022-06-16,0.0,0.0,0.0,0.0,0.3,0.0,0.0,0.0,0.0,0.0,0.0,0.0,0.5,0.0,0.0,0.0,0.0,0.0,0.0,0.0,0.0
2022-06-17,0.0,0.0,0.0,0.0,0.3,0.0,0.0,0.0,0.0,0.0,0.0,0.0,0.5,0.0,0.0,0.0,0.0,0.0,0.0,0.0,0.0
2022-06-21,0.0,0.0,0.0,0.0,0.3,0.0,0.0,0.0,0.0,0.0,0.0,0.0,0.5,0.0,0.0,0.0,0.0,0.0,0.0,0.0,0.0
2022-06-22,0.0,0.0,0.0,0.0,0.3,0.0,0.0,0.0,0.0,0.0,0.0,0.0,0.5,0.0,0.0,0.0,0.0,0.0,0.0,0.0,0.0
2022-06-23,0.0,0.0,0.0,0.0,0.3,0.0,0.0,0.0,0.0,0.0,0.0,0.0,0.5,0.0,0.0,0.0,0.0,0.0,0.0,0.0,0.0
2022-06-24,0.0,0.0,0.0,0.0,0.3,0.0,0.0,0.0,0.0,0.0,0.0,0.0,0.5,0.0,0.0,0.0,0.0,0.0,0.0,0.0,0.0
2022-06-27,0.0,0.0,0.0,0.0,0.3,0.0,0.0,0.0,0.0,0.0,0.0,0.0,0.5,0.0,0.0,0.0,0.0,0.0,0.0,0.0,0.0
2022-06-28,0.0,0.0,0.0,0.0,0.3,0.0,0.0,0.0,0.0,0.0,0.0,0.0,0.5,0.0,0.0,0.0,0.0,0.0,0.0,0.0,0.0
2022-06-29,0.0,0.0,0.0,0.0,0.3,0.0,0.0,0.0,0.0,0.0,0.0,0.0,0.5,0.0,0.0,0.0,0.0,0.0,0.0,0.0,0.0
2022-06-30,0.0,0.0,0.0,0.0,0.3,0.0,0.0,0.0,0.0,0.0,0.0,0.0,0.5,0.0,0.0,0.0,0.0,0.0,0.0,0.0,0.0
2022-07-01,0.0,0.0,0.0,0.0,0.3,0.0,0.0,0.0,0.0,0.0,0.0,0.0,0.5,0.0,0.0,0.0,0.0,0.0,0.0,0.0,0.0
2022-07-05,0.0,0.0,0.0,0.0,0.3,0.0,0.0,0.0,0.0,0.0,0.0,0.0,0.5,0.0,0.0,0.0,0.0,0.0,0.0,0.0,0.0
2022-07-06,0.0,0.0,0.0,0.0,0.3,0.0,0.0,0.0,0.0,0.0,0.0,0.0,0.5,0.0,0.0,0.0,0.0,0.0,0.0,0.0,0.0
2022-07-07,0.0,0.0,0.0,0.0,0.3,0.0,0.0,0.0,0.0,0.0,0.0,0.0,0.5,0.0,0.0,0.0,0.0,0.0,0.0,0.0,0.0
2022-07-08,0.0,0.0,0.0,0.0,0.3,0.0,0.0,0.0,0.0,0.0,0.0,0.0,0.5,0.0,0.0,0.0,0.0,0.0,0.0,0.0,0.0
2022-07-11,0.0,0.0,0.0,0.0,0.3,0.0,0.0,0.0,0.0,0.0,0.0,0.0,0.5,0.0,0.0,0.0,0.0,0.0,0.0,0.0,0.0
2022-07-12,0.0,0.0,0.0,0.0,0.3,0.0,0.0,0.0,0.0,0.0,0.0,0.0,0.5,0.0,0.0,0.0,0.0,0.0,0.0,0.0,0.0
2022-07-13,0.0,0.0,0.0,0.0,0.3,0.0,0.0,0.0,0.0,0.0,0.0,0.0,0.5,0.0,0.0,0.0,0.0,0.0,0.0,0.0,0.0
2022-07-14,0.0,0.0,0.0,0.0,0.3,0.0,0.0,0.0,0.0,0.0,0.0,0.0,0.5,0.0,0.0,0.0,0.0,0.0,0.0,0.0,0.0
2022-07-15,0.0,0.0,0.0,0.0,0.3,0.0,0.0,0.0,0.0,0.0,0.0,0.0,0.5,0.0,0.0,0.0,0.0,0.0,0.0,0.0,0.0
2022-07-18,0.0,0.0,0.0,0.0,0.3,0.0,0.0,0.0,0.0,0.0,0.0,0.0,0.5,0.0,0.0,0.0,0.0,0.0,0.0,0.0,0.0
2022-07-19,0.0,0.0,0.0,0.0,0.3,0.0,0.0,0.0,0.0,0.0,0.0,0.0,0.5,0.0,0.0,0.0,0.0,0.0,0.0,0.0,0.0
2022-07-20,0.0,0.0,0.0,0.0,0.3,0.0,0.0,0.0,0.0,0.0,0.0,0.0,0.5,0.0,0.0,0.0,0.0,0.0,0.0,0.0,0.0
2022-07-21,0.0,0.03134005510574207,0.0,0.0,0.21,0.024152924727054315,0.0,0.0,0.028148966702040732,0.0,0.031766504004298445,0.0,0.44807692307692304,0.0,0.0,0.04151462638394136,0.0,0.0,0.0,0.0,0.0
2022-07-22,0.0,0.052641998780534695,0.0,0.0,0.147,0.024152924727054312,0.02534739032644834,0.0,0.050686765016753295,0.0,0.05572422283383252,0.0,0.41173076923076923,0.0,0.0,0.06546180650272387,0.0,0.0,0.0,0.0,0.0
2022-07-25,0.0,0.06118356268829718,0.0,0.0,0.10289999999999999,0.02415292472705431,0.052368266741444985,0.0,0.07293403109449834,0.0,0.07142934921198779,0.0,0.3862884615384615,0.0,0.0,0.07391139560905355,0.0,0.0,0.0,0.0,0.0
2022-07-26,0.0,0.06802596148092982,0.0,0.0,0.07170408623894964,0.024043640115945602,0.06890644098880154,0.0,0.09001005190451491,0.0,0.08405845015421186,0.0,0.3668115918623358,0.0,0.0,0.07643977725431071,0.0,0.0,0.0,0.0,0.0
2022-07-27,0.0,0.06802596148092982,0.0,0.0,0.07170408623894964,0.024043640115945602,0.06890644098880154,0.0,0.0900100519045149,0.0,0.08405845015421186,0.0,0.3668115918623358,0.0,0.0,0.07643977725431071,0.0,0.0,0.0,0.0,0.0
2022-07-28,0.0,0.06802596148092982,0.0,0.0,0.07170408623894964,0.024043640115945602,0.06890644098880154,0.0,0.0900100519045149,0.0,0.08405845015421186,0.0,0.3668115918623358,0.0,0.0,0.07643977725431071,0.0,0.0,0.0,0.0,0.0
2022-07-29,0.0,0.06802596148092982,0.0,0.0,0.07170408623894964,0.024043640115945602,0.06890644098880154,0.0,0.0900100519045149,0.0,0.08405845015421186,0.0,0.3668115918623358,0.0,0.0,0.07643977725431071,0.0,0.0,0.0,0.0,0.0
2022-08-01,0.0,0.06802596148092982,0.0,0.0,0.07170408623894964,0.024043640115945602,0.06890644098880154,0.0,0.0900100519045149,0.0,0.08405845015421186,0.0,0.3668115918623358,0.0,0.0,0.07643977725431071,0.0,0.0,0.0,0.0,0.0
2022-08-02,0.0,0.06802596148092982,0.0,0.0,0.07170408623894964,0.024043640115945602,0.06890644098880154,0.0,0.0900100519045149,0.0,0.08405845015421186,0.0,0.3668115918623358,0.0,0.0,0.07643977725431071,0.0,0.0,0.0,0.0,0.0
2022-08-03,0.0,0.06802596148092982,0.0,0.0,0.07170408623894964,0.024043640115945602,0.06890644098880154,0.0,0.0900100519045149,0.0,0.08405845015421186,0.0,0.3668115918623358,0.0,0.0,0.07643977725431071,0.0,0.0,0.0,0.0,0.0
2022-08-04,0.0,0.06802596148092982,0.0,0.0,0.07170408623894964,0.024043640115945602,0.06890644098880154,0.0,0.0900100519045149,0.0,0.08405845015421186,0.0,0.3668115918623358,0.0,0.0,0.07643977725431071,0.0,0.0,0.0,0.0,0.0
2022-08-05,0.0,0.06802596148092982,0.0,0.0,0.07170408623894964,0.024043640115945602,0.06890644098880154,0.0,0.0900100519045149,0.0,0.08405845015421186,0.0,0.3668115918623358,0.0,0.0,0.07643977725431071,0.0,0.0,0.0,0.0,0.0
2022-08-08,0.0,0.06802596148092982,0.0,0.0,0.07170408623894964,0.024043640115945602,0.06890644098880154,0.0,0.0900100519045149,0.0,0.08405845015421186,0.0,0.3668115918623358,0.0,0.0,0.07643977725431071,0.0,0.0,0.0,0.0,0.0
2022-08-09,0.0,0.08079496954900275,0.0,0.0,0.050192860367264745,0.045374631563027255,0.08497758267620399,0.0,0.09727090183825632,0.0,0.08303617254766918,0.0,0.3548450373805581,0.0,0.0,0.053507844078017494,0.0,0.0,0.0,0.0,0.0
2022-08-10,0.0,0.0849154904567848,0.0,0.0,0.03513500225708532,0.06226356051894204,0.09842491515676202,0.0,0.10006070858638849,0.0,0.08527638292611119,0.0,0.3464684492433137,0.0,0.0,0.03745549085461224,0.0,0.0,0.0,0.0,0.0
2022-08-11,0.0,0.0849154904567848,0.0,0.0,0.03513500225708532,0.06226356051894204,0.09842491515676201,0.0,0.10006070858638849,0.0,0.08527638292611119,0.0,0.34646844924331366,0.0,0.0,0.03745549085461224,0.0,0.0,0.0,0.0,0.0
2022-08-12,0.0,0.0849154904567848,0.0,0.0,0.03513500225708532,0.06226356051894204,0.09842491515676201,0.0,0.10006070858638849,0.0,0.08527638292611119,0.0,0.34646844924331366,0.0,0.0,0.03745549085461224,0.0,0.0,0.0,0.0,0.0
2022-08-15,0.0,0.0849154904567848,0.0,0.0,0.03513500225708532,0.06226356051894204,0.09842491515676201,0.0,0.10006070858638849,0.0,0.08527638292611119,0.0,0.34646844924331366,0.0,0.0,0.03745549085461224,0.0,0.0,0.0,0.0,0.0
2022-08-16,0.0,0.0849154904567848,0.0,0.0,0.03513500225708532,0.06226356051894204,0.09842491515676201,0.0,0.10006070858638849,0.0,0.08527638292611119,0.0,0.34646844924331366,0.0,0.0,0.03745549085461224,0.0,0.0,0.0,0.0,0.0
2022-08-17,0.0,0.0849154904567848,0.0,0.0,0.03513500225708532,0.06226356051894204,0.09842491515676201,0.0,0.10006070858638849,0.0,0.08527638292611119,0.0,0.34646844924331366,0.0,0.0,0.03745549085461224,0.0,0.0,0.0,0.0,0.0
2022-08-18,0.0,0.0849154904567848,0.0,0.0,0.03513500225708532,0.06226356051894204,0.09842491515676201,0.0,0.10006070858638849,0.0,0.08527638292611119,0.0,0.34646844924331366,0.0,0.0,0.03745549085461224,0.0,0.0,0.0,0.0,0.0
2022-08-19,0.0,0.0849154904567848,0.0,0.0,0.03513500225708532,0.06226356051894204,0.09842491515676201,0.0,0.10006070858638849,0.0,0.08527638292611119,0.0,0.34646844924331366,0.0,0.0,0.03745549085461224,0.0,0.0,0.0,0.0,0.0
2022-08-22,0.0,0.0849154904567848,0.0,0.0,0.03513500225708532,0.06226356051894204,0.09842491515676201,0.0,0.10006070858638849,0.0,0.08527638292611119,0.0,0.34646844924331366,0.0,0.0,0.03745549085461224,0.0,0.0,0.0,0.0,0.0
2022-08-23,0.0,0.0849154904567848,0.0,0.0,0.03513500225708532,0.06226356051894204,0.09842491515676201,0.0,0.10006070858638849,0.0,0.08527638292611119,0.0,0.34646844924331366,0.0,0.0,0.03745549085461224,0.0,0.0,0.0,0.0,0.0
2022-08-24,0.0,0.0849154904567848,0.0,0.0,0.03513500225708532,0.06226356051894204,0.09842491515676201,0.0,0.10006070858638849,0.0,0.08527638292611119,0.0,0.34646844924331366,0.0,0.0,0.03745549085461224,0.0,0.0,0.0,0.0,0.0
2022-08-25,0.0,0.0849154904567848,0.0,0.0,0.03513500225708532,0.06226356051894204,0.09842491515676201,0.0,0.10006070858638849,0.0,0.08527638292611119,0.0,0.34646844924331366,0.0,0.0,0.03745549085461224,0.0,0.0,0.0,0.0,0.0
2022-08-26,0.0,0.0849154904567848,0.0,0.0,0.03513500225708532,0.06226356051894204,0.09842491515676201,0.0,0.10006070858638849,0.0,0.08527638292611119,0.0,0.34646844924331366,0.0,0.0,0.03745549085461224,0.0,0.0,0.0,0.0,0.0
2022-08-29,0.0,0.0849154904567848,0.0,0.0,0.03513500225708532,0.06226356051894204,0.09842491515676201,0.0,0.10006070858638849,0.0,0.08527638292611119,0.0,0.34646844924331366,0.0,0.0,0.03745549085461224,0.0,0.0,0.0,0.0,0.0
2022-08-30,0.0,0.0,0.0,0.0,0.3,0.0,0.0,0.0,0.0,0.0,0.0,0.0,0.5,0.0,0.0,0.0,0.0,0.0,0.0,0.0,0.0
2022-08-31,0.0,0.0,0.0,0.0,0.3,0.0,0.0,0.0,0.0,0.0,0.0,0.0,0.5,0.0,0.0,0.0,0.0,0.0,0.0,0.0,0.0
2022-09-01,0.0,0.0,0.0,0.0,0.3,0.0,0.0,0.0,0.0,0.0,0.0,0.0,0.5,0.0,0.0,0.0,0.0,0.0,0.0,0.0,0.0
2022-09-02,0.0,0.0,0.0,0.0,0.3,0.0,0.0,0.0,0.0,0.0,0.0,0.0,0.5,0.0,0.0,0.0,0.0,0.0,0.0,0.0,0.0
2022-09-06,0.0,0.0,0.0,0.0,0.3,0.0,0.0,0.0,0.0,0.0,0.0,0.0,0.5,0.0,0.0,0.0,0.0,0.0,0.0,0.0,0.0
2022-09-07,0.0,0.0,0.0,0.0,0.3,0.0,0.0,0.0,0.0,0.0,0.0,0.0,0.5,0.0,0.0,0.0,0.0,0.0,0.0,0.0,0.0
2022-09-08,0.0,0.0,0.0,0.0,0.3,0.0,0.0,0.0,0.0,0.0,0.0,0.0,0.5,0.0,0.0,0.0,0.0,0.0,0.0,0.0,0.0
2022-09-09,0.0,0.0,0.0,0.0,0.3,0.0,0.0,0.0,0.0,0.0,0.0,0.0,0.5,0.0,0.0,0.0,0.0,0.0,0.0,0.0,0.0
2022-09-12,0.0,0.0,0.0,0.0,0.3,0.0,0.0,0.0,0.0,0.0,0.0,0.0,0.5,0.0,0.0,0.0,0.0,0.0,0.0,0.0,0.0
2022-09-13,0.0,0.0,0.0,0.0,0.3,0.0,0.0,0.0,0.0,0.0,0.0,0.0,0.5,0.0,0.0,0.0,0.0,0.0,0.0,0.0,0.0
2022-09-14,0.0,0.0,0.0,0.0,0.3,0.0,0.0,0.0,0.0,0.0,0.0,0.0,0.5,0.0,0.0,0.0,0.0,0.0,0.0,0.0,0.0
2022-09-15,0.0,0.0,0.0,0.0,0.3,0.0,0.0,0.0,0.0,0.0,0.0,0.0,0.5,0.0,0.0,0.0,0.0,0.0,0.0,0.0,0.0
2022-09-16,0.0,0.0,0.0,0.0,0.3,0.0,0.0,0.0,0.0,0.0,0.0,0.0,0.5,0.0,0.0,0.0,0.0,0.0,0.0,0.0,0.0
2022-09-19,0.0,0.0,0.0,0.0,0.3,0.0,0.0,0.0,0.0,0.0,0.0,0.0,0.5,0.0,0.0,0.0,0.0,0.0,0.0,0.0,0.0
2022-09-20,0.0,0.0,0.0,0.0,0.3,0.0,0.0,0.0,0.0,0.0,0.0,0.0,0.5,0.0,0.0,0.0,0.0,0.0,0.0,0.0,0.0
2022-09-21,0.0,0.0,0.0,0.0,0.3,0.0,0.0,0.0,0.0,0.0,0.0,0.0,0.5,0.0,0.0,0.0,0.0,0.0,0.0,0.0,0.0
2022-09-22,0.0,0.0,0.0,0.0,0.3,0.0,0.0,0.0,0.0,0.0,0.0,0.0,0.5,0.0,0.0,0.0,0.0,0.0,0.0,0.0,0.0
2022-09-23,0.0,0.0,0.0,0.0,0.3,0.0,0.0,0.0,0.0,0.0,0.0,0.0,0.5,0.0,0.0,0.0,0.0,0.0,0.0,0.0,0.0
2022-09-26,0.0,0.0,0.0,0.0,0.3,0.0,0.0,0.0,0.0,0.0,0.0,0.0,0.5,0.0,0.0,0.0,0.0,0.0,0.0,0.0,0.0
2022-09-27,0.0,0.0,0.0,0.0,0.3,0.0,0.0,0.0,0.0,0.0,0.0,0.0,0.5,0.0,0.0,0.0,0.0,0.0,0.0,0.0,0.0
2022-09-28,0.0,0.0,0.0,0.0,0.3,0.0,0.0,0.0,0.0,0.0,0.0,0.0,0.5,0.0,0.0,0.0,0.0,0.0,0.0,0.0,0.0
2022-09-29,0.0,0.0,0.0,0.0,0.3,0.0,0.0,0.0,0.0,0.0,0.0,0.0,0.5,0.0,0.0,0.0,0.0,0.0,0.0,0.0,0.0
2022-09-30,0.0,0.0,0.0,0.0,0.3,0.0,0.0,0.0,0.0,0.0,0.0,0.0,0.5,0.0,0.0,0.0,0.0,0.0,0.0,0.0,0.0
2022-10-03,0.0,0.0,0.0,0.0,0.3,0.0,0.0,0.0,0.0,0.0,0.0,0.0,0.5,0.0,0.0,0.0,0.0,0.0,0.0,0.0,0.0
2022-10-04,0.0,0.0,0.0,0.0,0.3,0.0,0.0,0.0,0.0,0.0,0.0,0.0,0.5,0.0,0.0,0.0,0.0,0.0,0.0,0.0,0.0
2022-10-05,0.0,0.0,0.0,0.0,0.3,0.0,0.0,0.0,0.0,0.0,0.0,0.0,0.5,0.0,0.0,0.0,0.0,0.0,0.0,0.0,0.0
2022-10-06,0.0,0.0,0.0,0.0,0.3,0.0,0.0,0.0,0.0,0.0,0.0,0.0,0.5,0.0,0.0,0.0,0.0,0.0,0.0,0.0,0.0
2022-10-07,0.0,0.0,0.0,0.0,0.3,0.0,0.0,0.0,0.0,0.0,0.0,0.0,0.5,0.0,0.0,0.0,0.0,0.0,0.0,0.0,0.0
2022-10-10,0.0,0.0,0.0,0.0,0.3,0.0,0.0,0.0,0.0,0.0,0.0,0.0,0.5,0.0,0.0,0.0,0.0,0.0,0.0,0.0,0.0
2022-10-11,0.0,0.0,0.0,0.0,0.3,0.0,0.0,0.0,0.0,0.0,0.0,0.0,0.5,0.0,0.0,0.0,0.0,0.0,0.0,0.0,0.0
2022-10-12,0.0,0.0,0.0,0.0,0.3,0.0,0.0,0.0,0.0,0.0,0.0,0.0,0.5,0.0,0.0,0.0,0.0,0.0,0.0,0.0,0.0
2022-10-13,0.0,0.0,0.0,0.0,0.3,0.0,0.0,0.0,0.0,0.0,0.0,0.0,0.5,0.0,0.0,0.0,0.0,0.0,0.0,0.0,0.0
2022-10-14,0.0,0.0,0.0,0.0,0.3,0.0,0.0,0.0,0.0,0.0,0.0,0.0,0.5,0.0,0.0,0.0,0.0,0.0,0.0,0.0,0.0
2022-10-17,0.0,0.0,0.0,0.0,0.3,0.0,0.0,0.0,0.0,0.0,0.0,0.0,0.5,0.0,0.0,0.0,0.0,0.0,0.0,0.0,0.0
2022-10-18,0.0,0.0,0.0,0.0,0.3,0.0,0.0,0.0,0.0,0.0,0.0,0.0,0.5,0.0,0.0,0.0,0.0,0.0,0.0,0.0,0.0
2022-10-19,0.0,0.0,0.0,0.0,0.3,0.0,0.0,0.0,0.0,0.0,0.0,0.0,0.5,0.0,0.0,0.0,0.0,0.0,0.0,0.0,0.0
2022-10-20,0.0,0.0,0.0,0.0,0.3,0.0,0.0,0.0,0.0,0.0,0.0,0.0,0.5,0.0,0.0,0.0,0.0,0.0,0.0,0.0,0.0
2022-10-21,0.0,0.0,0.0,0.0,0.3,0.0,0.0,0.0,0.0,0.0,0.0,0.0,0.5,0.0,0.0,0.0,0.0,0.0,0.0,0.0,0.0
2022-10-24,0.0,0.0,0.0,0.0,0.3,0.0,0.0,0.0,0.0,0.0,0.0,0.0,0.5,0.0,0.0,0.0,0.0,0.0,0.0,0.0,0.0
2022-10-25,0.0,0.0,0.0,0.0,0.3,0.0,0.0,0.0,0.0,0.0,0.0,0.0,0.5,0.0,0.0,0.0,0.0,0.0,0.0,0.0,0.0
2022-10-26,0.0,0.0,0.0,0.0,0.3,0.0,0.0,0.0,0.0,0.0,0.0,0.0,0.5,0.0,0.0,0.0,0.0,0.0,0.0,0.0,0.0
2022-10-27,0.0,0.0,0.0,0.0,0.3,0.0,0.0,0.0,0.0,0.0,0.0,0.0,0.5,0.0,0.0,0.0,0.0,0.0,0.0,0.0,0.0
2022-10-28,0.0,0.0,0.0,0.0,0.3,0.0,0.0,0.0,0.0,0.0,0.0,0.0,0.5,0.0,0.0,0.0,0.0,0.0,0.0,0.0,0.0
2022-10-31,0.0,0.0,0.0,0.0,0.3,0.0,0.0,0.0,0.0,0.0,0.0,0.0,0.5,0.0,0.0,0.0,0.0,0.0,0.0,0.0,0.0
2022-11-01,0.0,0.0,0.0,0.0,0.3,0.0,0.0,0.0,0.0,0.0,0.0,0.0,0.5,0.0,0.0,0.0,0.0,0.0,0.0,0.0,0.0
2022-11-02,0.0,0.0,0.0,0.0,0.3,0.0,0.0,0.0,0.0,0.0,0.0,0.0,0.5,0.0,0.0,0.0,0.0,0.0,0.0,0.0,0.0
2022-11-03,0.0,0.0,0.0,0.0,0.3,0.0,0.0,0.0,0.0,0.0,0.0,0.0,0.5,0.0,0.0,0.0,0.0,0.0,0.0,0.0,0.0
2022-11-04,0.0,0.0,0.0,0.0,0.3,0.0,0.0,0.0,0.0,0.0,0.0,0.0,0.5,0.0,0.0,0.0,0.0,0.0,0.0,0.0,0.0
2022-11-07,0.0,0.0,0.0,0.0,0.3,0.0,0.0,0.0,0.0,0.0,0.0,0.0,0.5,0.0,0.0,0.0,0.0,0.0,0.0,0.0,0.0
2022-11-08,0.0,0.0,0.0,0.0,0.3,0.0,0.0,0.0,0.0,0.0,0.0,0.0,0.5,0.0,0.0,0.0,0.0,0.0,0.0,0.0,0.0
2022-11-09,0.0,0.0,0.0,0.0,0.3,0.0,0.0,0.0,0.0,0.0,0.0,0.0,0.5,0.0,0.0,0.0,0.0,0.0,0.0,0.0,0.0
2022-11-10,0.0,0.0,0.0,0.0,0.3,0.0,0.0,0.0,0.0,0.0,0.0,0.0,0.5,0.0,0.0,0.0,0.0,0.0,0.0,0.0,0.0
2022-11-11,0.0,0.0,0.0,0.0,0.3,0.0,0.0,0.0,0.0,0.0,0.0,0.0,0.5,0.0,0.0,0.0,0.0,0.0,0.0,0.0,0.0
2022-11-14,0.0,0.0,0.0,0.0,0.3,0.0,0.0,0.0,0.0,0.0,0.0,0.0,0.5,0.0,0.0,0.0,0.0,0.0,0.0,0.0,0.0
2022-11-15,0.0,0.0,0.0,0.0,0.3,0.0,0.0,0.0,0.0,0.0,0.0,0.0,0.5,0.0,0.0,0.0,0.0,0.0,0.0,0.0,0.0
2022-11-16,0.0,0.0,0.0,0.0,0.3,0.0,0.0,0.0,0.0,0.0,0.0,0.0,0.5,0.0,0.0,0.0,0.0,0.0,0.0,0.0,0.0
2022-11-17,0.0,0.0,0.0,0.0,0.3,0.0,0.0,0.0,0.0,0.0,0.0,0.0,0.5,0.0,0.0,0.0,0.0,0.0,0.0,0.0,0.0
2022-11-18,0.0,0.0,0.0,0.0,0.3,0.0,0.0,0.0,0.0,0.0,0.0,0.0,0.5,0.0,0.0,0.0,0.0,0.0,0.0,0.0,0.0
2022-11-21,0.0,0.0,0.0,0.0,0.3,0.0,0.0,0.0,0.0,0.0,0.0,0.0,0.5,0.0,0.0,0.0,0.0,0.0,0.0,0.0,0.0
2022-11-22,0.0,0.0,0.0,0.0,0.3,0.0,0.0,0.0,0.0,0.0,0.0,0.0,0.5,0.0,0.0,0.0,0.0,0.0,0.0,0.0,0.0
2022-11-23,0.0,0.0,0.0,0.0,0.3,0.0,0.0,0.0,0.0,0.0,0.0,0.0,0.5,0.0,0.0,0.0,0.0,0.0,0.0,0.0,0.0
2022-11-25,0.0,0.0,0.0,0.0,0.3,0.0,0.0,0.0,0.0,0.0,0.0,0.0,0.5,0.0,0.0,0.0,0.0,0.0,0.0,0.0,0.0
2022-11-28,0.0,0.0,0.0,0.0,0.3,0.0,0.0,0.0,0.0,0.0,0.0,0.0,0.5,0.0,0.0,0.0,0.0,0.0,0.0,0.0,0.0
2022-11-29,0.0,0.03666604941375774,0.0,0.0,0.21,0.02678539988661969,0.03196233016097781,0.0,0.0,0.0,0.0,0.0,0.44807692307692304,0.0337688284091472,0.0,0.027740469052574466,0.0,0.0,0.0,0.0,0.0
2022-11-30,0.0,0.03666604941375774,0.0,0.0,0.21,0.02678539988661969,0.03196233016097781,0.0,0.0,0.0,0.0,0.0,0.44807692307692304,0.0337688284091472,0.0,0.027740469052574466,0.0,0.0,0.0,0.0,0.0
2022-12-01,0.0,0.03666604941375774,0.0,0.0,0.21,0.02678539988661969,0.03196233016097781,0.0,0.0,0.0,0.0,0.0,0.44807692307692304,0.0337688284091472,0.0,0.027740469052574466,0.0,0.0,0.0,0.0,0.0
2022-12-02,0.0,0.05461233438820315,0.0,0.0,0.147,0.04834674327105322,0.05738764892816124,0.0,0.0,0.0,0.0,0.0,0.41173076923076923,0.05299041992300213,0.0,0.05343208425881101,0.0,0.0,0.0,0.0,0.0
2022-12-05,0.0,0.06620306251227961,0.0,0.0,0.10289999999999999,0.06262844995701136,0.07510982569386247,0.0,0.0,0.0,0.0,0.0,0.3862884615384615,0.06533720256145538,0.0,0.07438299773692962,0.0,0.0,0.0,0.0,0.0
2022-12-06,0.0,0.07073393914824876,0.0,0.0,0.07202999999999998,0.07169598690170793,0.08740199638684956,0.0,0.0,0.0,0.0,0.0,0.36847884615384613,0.07339456243412028,0.0,0.09425966897522728,0.0,0.0,0.0,0.0,0.0
2022-12-07,0.0,0.07073393914824874,0.0,0.0,0.07202999999999998,0.07169598690170793,0.08740199638684956,0.0,0.0,0.0,0.0,0.0,0.36847884615384613,0.07339456243412028,0.0,0.09425966897522726,0.0,0.0,0.0,0.0,0.0
2022-12-08,0.0,0.07073393914824874,0.0,0.0,0.07202999999999998,0.07169598690170793,0.08740199638684956,0.0,0.0,0.0,0.0,0.0,0.36847884615384613,0.07339456243412028,0.0,0.09425966897522726,0.0,0.0,0.0,0.0,0.0
2022-12-09,0.0,0.07073393914824874,0.0,0.0,0.07202999999999998,0.07169598690170793,0.08740199638684956,0.0,0.0,0.0,0.0,0.0,0.36847884615384613,0.07339456243412028,0.0,0.09425966897522726,0.0,0.0,0.0,0.0,0.0
2022-12-12,0.0,0.07073393914824874,0.0,0.0,0.07202999999999998,0.07169598690170793,0.08740199638684956,0.0,0.0,0.0,0.0,0.0,0.36847884615384613,0.07339456243412028,0.0,0.09425966897522726,0.0,0.0,0.0,0.0,0.0
2022-12-13,0.0,0.0,0.0,0.0,0.3,0.0,0.0,0.0,0.0,0.0,0.0,0.0,0.5,0.0,0.0,0.0,0.0,0.0,0.0,0.0,0.0
2022-12-14,0.0,0.0,0.0,0.0,0.3,0.0,0.0,0.0,0.0,0.0,0.0,0.0,0.5,0.0,0.0,0.0,0.0,0.0,0.0,0.0,0.0
2022-12-15,0.0,0.0,0.0,0.0,0.3,0.0,0.0,0.0,0.0,0.0,0.0,0.0,0.5,0.0,0.0,0.0,0.0,0.0,0.0,0.0,0.0
2022-12-16,0.0,0.0,0.0,0.0,0.3,0.0,0.0,0.0,0.0,0.0,0.0,0.0,0.5,0.0,0.0,0.0,0.0,0.0,0.0,0.0,0.0
2022-12-19,0.0,0.0,0.0,0.0,0.3,0.0,0.0,0.0,0.0,0.0,0.0,0.0,0.5,0.0,0.0,0.0,0.0,0.0,0.0,0.0,0.0
2022-12-20,0.0,0.0,0.0,0.0,0.3,0.0,0.0,0.0,0.0,0.0,0.0,0.0,0.5,0.0,0.0,0.0,0.0,0.0,0.0,0.0,0.0
2022-12-21,0.0,0.0,0.0,0.0,0.3,0.0,0.0,0.0,0.0,0.0,0.0,0.0,0.5,0.0,0.0,0.0,0.0,0.0,0.0,0.0,0.0
2022-12-22,0.0,0.0,0.0,0.0,0.3,0.0,0.0,0.0,0.0,0.0,0.0,0.0,0.5,0.0,0.0,0.0,0.0,0.0,0.0,0.0,0.0
2022-12-23,0.0,0.0,0.0,0.0,0.3,0.0,0.0,0.0,0.0,0.0,0.0,0.0,0.5,0.0,0.0,0.0,0.0,0.0,0.0,0.0,0.0
2022-12-27,0.0,0.0,0.0,0.0,0.3,0.0,0.0,0.0,0.0,0.0,0.0,0.0,0.5,0.0,0.0,0.0,0.0,0.0,0.0,0.0,0.0
2022-12-28,0.0,0.0,0.0,0.0,0.3,0.0,0.0,0.0,0.0,0.0,0.0,0.0,0.5,0.0,0.0,0.0,0.0,0.0,0.0,0.0,0.0
2022-12-29,0.0,0.0,0.0,0.0,0.3,0.0,0.0,0.0,0.0,0.0,0.0,0.0,0.5,0.0,0.0,0.0,0.0,0.0,0.0,0.0,0.0
2022-12-30,0.0,0.0,0.0,0.0,0.3,0.0,0.0,0.0,0.0,0.0,0.0,0.0,0.5,0.0,0.0,0.0,0.0,0.0,0.0,0.0,0.0
2023-01-03,0.0,0.0,0.0,0.0,0.3,0.0,0.0,0.0,0.0,0.0,0.0,0.0,0.5,0.0,0.0,0.0,0.0,0.0,0.0,0.0,0.0
2023-01-04,0.0,0.0,0.0,0.0,0.3,0.0,0.0,0.0,0.0,0.0,0.0,0.0,0.5,0.0,0.0,0.0,0.0,0.0,0.0,0.0,0.0
2023-01-05,0.0,0.0,0.0,0.0,0.3,0.0,0.0,0.0,0.0,0.0,0.0,0.0,0.5,0.0,0.0,0.0,0.0,0.0,0.0,0.0,0.0
2023-01-06,0.0,0.0,0.0,0.0,0.3,0.0,0.0,0.0,0.0,0.0,0.0,0.0,0.5,0.0,0.0,0.0,0.0,0.0,0.0,0.0,0.0
2023-01-09,0.0,0.0,0.0,0.0,0.3,0.0,0.0,0.0,0.0,0.0,0.0,0.0,0.5,0.0,0.0,0.0,0.0,0.0,0.0,0.0,0.0
2023-01-10,0.0,0.0,0.0,0.0,0.3,0.0,0.0,0.0,0.0,0.0,0.0,0.0,0.5,0.0,0.0,0.0,0.0,0.0,0.0,0.0,0.0
2023-01-11,0.0,0.0,0.0,0.0,0.3,0.0,0.0,0.0,0.0,0.0,0.0,0.0,0.5,0.0,0.0,0.0,0.0,0.0,0.0,0.0,0.0
2023-01-12,0.0,0.0,0.0,0.0,0.3,0.0,0.0,0.0,0.0,0.0,0.0,0.0,0.5,0.0,0.0,0.0,0.0,0.0,0.0,0.0,0.0
2023-01-13,0.0,0.0,0.0,0.0,0.3,0.0,0.0,0.0,0.0,0.0,0.0,0.0,0.5,0.0,0.0,0.0,0.0,0.0,0.0,0.0,0.0
2023-01-17,0.0,0.0,0.0,0.0,0.3,0.0,0.0,0.0,0.0,0.0,0.0,0.0,0.5,0.0,0.0,0.0,0.0,0.0,0.0,0.0,0.0
2023-01-18,0.0,0.0,0.0,0.0,0.3,0.0,0.0,0.0,0.0,0.0,0.0,0.0,0.5,0.0,0.0,0.0,0.0,0.0,0.0,0.0,0.0
2023-01-19,0.0,0.0,0.0,0.0,0.3,0.0,0.0,0.0,0.0,0.0,0.0,0.0,0.5,0.0,0.0,0.0,0.0,0.0,0.0,0.0,0.0
2023-01-20,0.0,0.0,0.0,0.0,0.3,0.0,0.0,0.0,0.0,0.0,0.0,0.0,0.5,0.0,0.0,0.0,0.0,0.0,0.0,0.0,0.0
2023-01-23,0.0,0.0,0.0,0.0,0.3,0.0,0.0,0.0,0.0,0.0,0.0,0.0,0.5,0.0,0.0,0.0,0.0,0.0,0.0,0.0,0.0
2023-01-24,0.0,0.0,0.0,0.0,0.3,0.0,0.0,0.0,0.0,0.0,0.0,0.0,0.5,0.0,0.0,0.0,0.0,0.0,0.0,0.0,0.0
2023-01-25,0.0,0.0,0.0,0.0,0.3,0.0,0.0,0.0,0.0,0.0,0.0,0.0,0.5,0.0,0.0,0.0,0.0,0.0,0.0,0.0,0.0
2023-01-26,0.0,0.02129987911945728,0.0,0.0,0.21,0.0,0.026568938096118697,0.03584434790785791,0.03723135564632587,0.03597855615331715,0.0,0.0,0.44807692307692304,0.0,0.0,0.0,0.0,0.0,0.0,0.0,0.0
2023-01-27,0.0,0.038338565390224635,0.0,0.0,0.147,0.0,0.044157512242201546,0.056059594272149196,0.06893618284937052,0.05927737601528484,0.0,0.0,0.4117307692307692,0.0,0.0,0.0,0.0,0.0,0.0,0.0,0.0
2023-01-30,0.0,0.06649374608615108,0.0,0.0,0.1323,0.0,0.044157512242201546,0.056059594272149196,0.08429154511608462,0.05927737601528484,0.0,0.0,0.3,0.0,0.0,0.010274585480932321,0.0,0.006186207812940379,0.0037944972601133588,0.011204247508568585,0.009079208906503647
2023-01-31,0.0,0.08494118097555242,0.0,0.0,0.1234007939404449,0.0,0.044157512242201546,0.056059594272149196,0.10412594533230685,0.05927737601528484,0.0,0.0,0.28235480489094783,0.0,0.0,0.010274585480932321,0.0,0.01510236817924792,0.008372110419502468,0.019432606104285034,0.01637910255737675
2023-02-01,0.0,0.10356411698886074,0.0,0.0,0.12329339565382327,0.0,0.044157512242201546,0.056059594272149196,0.10665534763749847,0.05927737601528484,0.0,0.0,0.265383743602539,0.0,0.0,0.027385387526615092,0.0,0.02209505768802994,0.010951423692808042,0.025768287807834897,0.02150124413039466
2023-02-02,0.0,0.10356411698886074,0.0,0.0,0.12329339565382329,0.0,0.044157512242201546,0.056059594272149196,0.10665534763749847,0.05927737601528484,0.0,0.0,0.265383743602539,0.0,0.0,0.027385387526615092,0.0,0.02209505768802994,0.010951423692808042,0.025768287807834897,0.02150124413039466
2023-02-03,0.0,0.10356411698886074,0.0,0.0,0.12329339565382329,0.0,0.044157512242201546,0.056059594272149196,0.10665534763749847,0.05927737601528484,0.0,0.0,0.265383743602539,0.0,0.0,0.027385387526615092,0.0,0.02209505768802994,0.010951423692808042,0.025768287807834897,0.02150124413039466
2023-02-06,0.0,0.10356411698886074,0.0,0.0,0.12329339565382329,0.0,0.044157512242201546,0.056059594272149196,0.10665534763749847,0.05927737601528484,0.0,0.0,0.265383743602539,0.0,0.0,0.027385387526615092,0.0,0.02209505768802994,0.010951423692808042,0.025768287807834897,0.02150124413039466
2023-02-07,0.0,0.10356411698886074,0.0,0.0,0.12329339565382329,0.0,0.044157512242201546,0.056059594272149196,0.10665534763749847,0.05927737601528484,0.0,0.0,0.265383743602539,0.0,0.0,0.027385387526615092,0.0,0.02209505768802994,0.010951423692808042,0.025768287807834897,0.02150124413039466
2023-02-08,0.0,0.10356411698886074,0.0,0.0,0.12329339565382329,0.0,0.044157512242201546,0.056059594272149196,0.10665534763749847,0.05927737601528484,0.0,0.0,0.265383743602539,0.0,0.0,0.027385387526615092,0.0,0.02209505768802994,0.010951423692808042,0.025768287807834897,0.02150124413039466
2023-02-09,0.0,0.10356411698886074,0.0,0.0,0.12329339565382329,0.0,0.044157512242201546,0.056059594272149196,0.10665534763749847,0.05927737601528484,0.0,0.0,0.265383743602539,0.0,0.0,0.027385387526615092,0.0,0.02209505768802994,0.010951423692808042,0.025768287807834897,0.02150124413039466
2023-02-10,0.0,0.10356411698886074,0.0,0.0,0.12329339565382329,0.0,0.044157512242201546,0.056059594272149196,0.10665534763749847,0.05927737601528484,0.0,0.0,0.265383743602539,0.0,0.0,0.027385387526615092,0.0,0.02209505768802994,0.010951423692808042,0.025768287807834897,0.02150124413039466
2023-02-13,0.0,0.10356411698886074,0.0,0.0,0.12329339565382329,0.0,0.044157512242201546,0.056059594272149196,0.10665534763749847,0.05927737601528484,0.0,0.0,0.265383743602539,0.0,0.0,0.027385387526615092,0.0,0.02209505768802994,0.010951423692808042,0.025768287807834897,0.02150124413039466
2023-02-14,0.0,0.10356411698886074,0.0,0.0,0.12329339565382329,0.0,0.044157512242201546,0.056059594272149196,0.10665534763749847,0.05927737601528484,0.0,0.0,0.265383743602539,0.0,0.0,0.027385387526615092,0.0,0.02209505768802994,0.010951423692808042,0.025768287807834897,0.02150124413039466
2023-02-15,0.0,0.10356411698886074,0.0,0.0,0.12329339565382329,0.0,0.044157512242201546,0.056059594272149196,0.10665534763749847,0.05927737601528484,0.0,0.0,0.265383743602539,0.0,0.0,0.027385387526615092,0.0,0.02209505768802994,0.010951423692808042,0.025768287807834897,0.02150124413039466
2023-02-16,0.0,0.10356411698886074,0.0,0.0,0.12329339565382329,0.0,0.044157512242201546,0.056059594272149196,0.10665534763749847,0.05927737601528484,0.0,0.0,0.265383743602539,0.0,0.0,0.027385387526615092,0.0,0.02209505768802994,0.010951423692808042,0.025768287807834897,0.02150124413039466
2023-02-17,0.0,0.10356411698886074,0.0,0.0,0.12329339565382329,0.0,0.044157512242201546,0.056059594272149196,0.10665534763749847,0.05927737601528484,0.0,0.0,0.265383743602539,0.0,0.0,0.027385387526615092,0.0,0.02209505768802994,0.010951423692808042,0.025768287807834897,0.02150124413039466
2023-02-21,0.0,0.10356411698886074,0.0,0.0,0.12329339565382329,0.0,0.044157512242201546,0.056059594272149196,0.10665534763749847,0.05927737601528484,0.0,0.0,0.265383743602539,0.0,0.0,0.027385387526615092,0.0,0.02209505768802994,0.010951423692808042,0.025768287807834897,0.02150124413039466
2023-02-22,0.0,0.10356411698886074,0.0,0.0,0.12329339565382329,0.0,0.044157512242201546,0.056059594272149196,0.10665534763749847,0.05927737601528484,0.0,0.0,0.265383743602539,0.0,0.0,0.027385387526615092,0.0,0.02209505768802994,0.010951423692808042,0.025768287807834897,0.02150124413039466
2023-02-23,0.0,0.10163983724096722,0.0,0.0,0.12100253477262449,0.0,0.0433370407411104,0.05501797536910164,0.10467363107938348,0.058175968911251395,0.0,0.0,0.260452763857021,0.0,0.0,0.026876551569356366,0.0,0.021684519045169805,0.010747940059331608,0.025289498476083614,0.021101738878598966
2023-02-24,0.0,0.1016398372409672,0.0,0.0,0.12100253477262447,0.0,0.0433370407411104,0.055017975369101635,0.10467363107938346,0.05817596891125139,0.0,0.0,0.260452763857021,0.0,0.0,0.026876551569356363,0.0,0.021684519045169805,0.010747940059331608,0.02528949847608361,0.021101738878598966
2023-02-27,0.0,0.1016398372409672,0.0,0.0,0.12100253477262447,0.0,0.0433370407411104,0.055017975369101635,0.10467363107938346,0.05817596891125139,0.0,0.0,0.260452763857021,0.0,0.0,0.026876551569356363,0.0,0.021684519045169805,0.010747940059331608,0.02528949847608361,0.021101738878598966
2023-02-28,0.0,0.11760254548844072,0.0,0.0,0.08470177434083713,0.0,0.06864054235138406,0.06080596562271766,0.10144502199276165,0.062420118807042665,0.0,0.0,0.28039385777683773,0.0,0.0,0.018813586098549454,0.0,0.015179163331618862,0.0075235580415321255,0.017702648933258527,0.014771217215019275
2023-03-01,0.0,0.11760254548844071,0.0,0.0,0.08470177434083713,0.0,0.06864054235138406,0.06080596562271766,0.10144502199276165,0.062420118807042665,0.0,0.0,0.28039385777683773,0.0,0.0,0.018813586098549454,0.0,0.01517916333161886,0.007523558041532125,0.017702648933258527,0.014771217215019273
2023-03-02,0.0,0.12653259469419192,0.0,0.0,0.05929124203858599,0.0,0.09208795793013605,0.06481399422987384,0.10015584991642076,0.060972616136097044,0.0,0.0,0.29435262352070946,0.0,0.0,0.013169510268984616,0.0,0.0106254143321332,0.005266490629072487,0.012391854253280968,0.010339852050513491
2023-03-03,0.0,0.12653259469419192,0.0,0.0,0.05929124203858599,0.0,0.09208795793013605,0.06481399422987384,0.10015584991642076,0.060972616136097044,0.0,0.0,0.29435262352070946,0.0,0.0,0.013169510268984616,0.0,0.0106254143321332,0.005266490629072487,0.012391854253280966,0.010339852050513491
2023-03-06,0.0,0.12653259469419192,0.0,0.0,0.05929124203858599,0.0,0.09208795793013605,0.06481399422987384,0.10015584991642078,0.060972616136097044,0.0,0.0,0.29435262352070946,0.0,0.0,0.013169510268984616,0.0,0.0106254143321332,0.005266490629072487,0.012391854253280966,0.010339852050513491
2023-03-07,0.0,0.12653259469419192,0.0,0.0,0.05929124203858599,0.0,0.09208795793013605,0.06481399422987384,0.10015584991642078,0.060972616136097044,0.0,0.0,0.29435262352070946,0.0,0.0,0.013169510268984616,0.0,0.0106254143321332,0.005266490629072487,0.012391854253280966,0.010339852050513491
2023-03-08,0.0,0.12653259469419192,0.0,0.0,0.05929124203858599,0.0,0.09208795793013605,0.06481399422987384,0.10015584991642078,0.060972616136097044,0.0,0.0,0.29435262352070946,0.0,0.0,0.013169510268984616,0.0,0.0106254143321332,0.005266490629072487,0.012391854253280966,0.010339852050513491
2023-03-09,0.0,0.12653259469419192,0.0,0.0,0.05929124203858599,0.0,0.09208795793013605,0.06481399422987384,0.10015584991642078,0.060972616136097044,0.0,0.0,0.29435262352070946,0.0,0.0,0.013169510268984616,0.0,0.0106254143321332,0.005266490629072487,0.012391854253280965,0.010339852050513491
2023-03-10,0.0,0.12653259469419192,0.0,0.0,0.05929124203858599,0.0,0.09208795793013605,0.06481399422987384,0.10015584991642078,0.060972616136097044,0.0,0.0,0.29435262352070946,0.0,0.0,0.013169510268984616,0.0,0.0106254143321332,0.005266490629072487,0.012391854253280965,0.010339852050513491
2023-03-13,0.0,0.12653259469419192,0.0,0.0,0.05929124203858599,0.0,0.09208795793013605,0.06481399422987384,0.10015584991642078,0.060972616136097044,0.0,0.0,0.29435262352070946,0.0,0.0,0.013169510268984616,0.0,0.0106254143321332,0.005266490629072487,0.012391854253280965,0.010339852050513491
2023-03-14,0.0,0.12653259469419192,0.0,0.0,0.05929124203858599,0.0,0.09208795793013605,0.06481399422987384,0.10015584991642078,0.060972616136097044,0.0,0.0,0.29435262352070946,0.0,0.0,0.013169510268984616,0.0,0.0106254143321332,0.005266490629072487,0.012391854253280965,0.010339852050513491
2023-03-15,0.0,0.0,0.0,0.0,0.3,0.0,0.0,0.0,0.0,0.0,0.0,0.0,0.5,0.0,0.0,0.0,0.0,0.0,0.0,0.0,0.0
2023-03-16,0.0,0.0,0.0,0.0,0.3,0.0,0.0,0.0,0.0,0.0,0.0,0.0,0.5,0.0,0.0,0.0,0.0,0.0,0.0,0.0,0.0
2023-03-17,0.0,0.0,0.0,0.0,0.3,0.0,0.0,0.0,0.0,0.0,0.0,0.0,0.5,0.0,0.0,0.0,0.0,0.0,0.0,0.0,0.0
2023-03-20,0.0,0.0,0.0,0.0,0.3,0.0,0.0,0.0,0.0,0.0,0.0,0.0,0.5,0.0,0.0,0.0,0.0,0.0,0.0,0.0,0.0
2023-03-21,0.0,0.0,0.0,0.0,0.3,0.0,0.0,0.0,0.0,0.0,0.0,0.0,0.5,0.0,0.0,0.0,0.0,0.0,0.0,0.0,0.0
2023-03-22,0.0,0.0,0.0,0.0,0.3,0.0,0.0,0.0,0.0,0.0,0.0,0.0,0.5,0.0,0.0,0.0,0.0,0.0,0.0,0.0,0.0
2023-03-23,0.0,0.0,0.0,0.0,0.3,0.0,0.0,0.0,0.0,0.0,0.0,0.0,0.5,0.0,0.0,0.0,0.0,0.0,0.0,0.0,0.0
2023-03-24,0.0,0.0,0.0,0.0,0.3,0.0,0.0,0.0,0.0,0.0,0.0,0.0,0.5,0.0,0.0,0.0,0.0,0.0,0.0,0.0,0.0
2023-03-27,0.0,0.0,0.0,0.0,0.3,0.0,0.0,0.0,0.0,0.0,0.0,0.0,0.5,0.0,0.0,0.0,0.0,0.0,0.0,0.0,0.0
2023-03-28,0.0,0.0,0.0,0.0,0.3,0.0,0.0,0.0,0.0,0.0,0.0,0.0,0.5,0.0,0.0,0.0,0.0,0.0,0.0,0.0,0.0
2023-03-29,0.0,0.0,0.0,0.0,0.3,0.0,0.0,0.0,0.0,0.0,0.0,0.0,0.5,0.0,0.0,0.0,0.0,0.0,0.0,0.0,0.0
2023-03-30,0.0,0.0,0.0,0.0,0.3,0.0,0.0,0.0,0.0,0.0,0.0,0.0,0.5,0.0,0.0,0.0,0.0,0.0,0.0,0.0,0.0
2023-03-31,0.0,0.0,0.0,0.0,0.3,0.0,0.0,0.0,0.0,0.0,0.0,0.0,0.3,0.0,0.0,0.0,0.0,0.0,0.0,0.0,0.0
2023-04-03,0.0,0.0,0.0,0.0,0.3,0.0,0.0,0.0,0.0,0.0,0.0,0.0,0.3,0.0,0.0,0.0,0.0,0.0,0.0,0.0,0.0
2023-04-04,0.0,0.014161342212298481,0.0,0.0,0.27,0.0,0.020687733296644684,0.0,0.03936338081680672,0.0,0.0,0.0,0.2736107566914219,0.0,0.0,0.030930362084072238,0.0,0.0,0.0,0.0,0.0
2023-04-05,0.0,0.023088544540822903,0.0,0.0,0.24300000000000002,0.0,0.03884555963049862,0.0,0.07288067946534599,0.0,0.0,0.0,0.2462496810222797,0.0,0.0,0.06417802545599925,0.0,0.0,0.0,0.0,0.0
2023-04-06,0.0,0.028025101804185538,0.0,0.0,0.21870000000000003,0.0,0.060574766990805384,0.0,0.10700406827362428,0.0,0.0,0.0,0.22162471292005173,0.0,0.0,0.09083634615125175,0.0,0.0,0.0,0.0,0.0
2023-04-10,0.0,0.028025101804185538,0.0,0.0,0.21870000000000003,0.0,0.060574766990805384,0.0,0.10700406827362428,0.0,0.0,0.0,0.22162471292005176,0.0,0.0,0.09083634615125176,0.0,0.0,0.0,0.0,0.0
2023-04-11,0.0,0.03729762426595324,0.0,0.0,0.20177237154162975,0.0,0.07701436849629872,0.0,0.12794095041593875,0.0,0.0,0.0,0.1994622416280466,0.0,0.0,0.11701785116169997,0.0,0.0,0.0,0.0,0.0
2023-04-12,0.0,0.04471453182850643,0.0,0.0,0.18649884346811899,0.0,0.09107949280025947,0.004294199631844403,0.14685043373846646,0.0,0.0,0.0,0.17951601746524196,0.0,0.0,0.13802721081379038,0.0,0.0,0.0,0.0,0.0
2023-04-13,0.0,0.05506736979830889,0.0,0.0,0.17317578486302576,0.0,0.10074984859240965,0.0038647796686599625,0.1677368135582301,0.0,0.0,0.0,0.16156441571871777,0.0,0.0,0.15543214204137504,0.0,0.0,0.0,0.0,0.0
2023-04-14,0.0,0.06433827014390302,0.0,0.0,0.16261048578483756,0.0,0.10588336237852895,0.0034783017017939663,0.19183402692462204,0.0,0.0,0.0,0.145407974146846,0.0,0.0,0.16646511444341205,0.0,0.0,0.0,0.0,0.0
2023-04-17,0.0,0.07334172694854262,0.0,0.0,0.15199832111833714,0.0,0.11273352519888778,0.01029133345349906,0.20954886740587042,0.0,0.0,0.0,0.13086717673216142,0.0,0.0,0.17537469998524102,0.0,0.0,0.0,0.0,0.0
2023-04-18,0.0,0.07334172694854262,0.0,0.0,0.15199832111833714,0.0,0.1127335251988878,0.01029133345349906,0.20954886740587042,0.0,0.0,0.0,0.13086717673216142,0.0,0.0,0.17537469998524102,0.0,0.0,0.0,0.0,0.0
2023-04-19,0.0,0.07334172694854262,0.0,0.0,0.15199832111833714,0.0,0.11273352519888781,0.01029133345349906,0.20954886740587042,0.0,0.0,0.0,0.13086717673216142,0.0,0.0,0.17537469998524102,0.0,0.0,0.0,0.0,0.0
2023-04-20,0.0,0.08032098274971292,0.0,0.0,0.13679848900650343,0.0,0.12172938451981981,0.01538641078793444,0.23365158756276158,0.0,0.0,0.0,0.11778045905894528,0.0,0.0,0.17788452867793053,0.0,0.0,0.0,0.0,0.0
2023-04-21,0.0,0.08032098274971293,0.0,0.0,0.13679848900650343,0.0,0.12172938451981982,0.01538641078793444,0.23365158756276158,0.0,0.0,0.0,0.11778045905894528,0.0,0.0,0.17788452867793053,0.0,0.0,0.0,0.0,0.0
2023-04-24,0.0,0.08032098274971293,0.0,0.0,0.13679848900650343,0.0,0.12172938451981984,0.01538641078793444,0.23365158756276158,0.0,0.0,0.0,0.11778045905894528,0.0,0.0,0.17788452867793053,0.0,0.0,0.0,0.0,0.0
2023-04-25,0.0,0.08032098274971293,0.0,0.0,0.13679848900650343,0.0,0.12172938451981984,0.01538641078793444,0.23365158756276158,0.0,0.0,0.0,0.11778045905894528,0.0,0.0,0.17788452867793053,0.0,0.0,0.0,0.0,0.0
2023-04-26,0.0,0.08032098274971293,0.0,0.0,0.13679848900650343,0.0,0.12172938451981984,0.01538641078793444,0.23365158756276158,0.0,0.0,0.0,0.11778045905894528,0.0,0.0,0.17788452867793053,0.0,0.0,0.0,0.0,0.0
2023-04-27,0.0,0.08032098274971293,0.0,0.0,0.13679848900650343,0.0,0.12172938451981984,0.01538641078793444,0.23365158756276158,0.0,0.0,0.0,0.11778045905894528,0.0,0.0,0.17788452867793053,0.0,0.0,0.0,0.0,0.0
2023-04-28,0.0,0.08032098274971293,0.0,0.0,0.13679848900650343,0.0,0.12172938451981984,0.01538641078793444,0.23365158756276158,0.0,0.0,0.0,0.11778045905894528,0.0,0.0,0.17788452867793053,0.0,0.0,0.0,0.0,0.0
2023-05-01,0.0,0.08032098274971293,0.0,0.0,0.13679848900650343,0.0,0.12172938451981984,0.01538641078793444,0.23365158756276158,0.0,0.0,0.0,0.11778045905894528,0.0,0.0,0.17788452867793053,0.0,0.0,0.0,0.0,0.0
2023-05-02,0.0,0.08032098274971293,0.0,0.0,0.13679848900650343,0.0,0.12172938451981984,0.01538641078793444,0.23365158756276158,0.0,0.0,0.0,0.11778045905894528,0.0,0.0,0.17788452867793053,0.0,0.0,0.0,0.0,0.0
2023-05-03,0.0,0.08032098274971293,0.0,0.0,0.13679848900650343,0.0,0.12172938451981984,0.01538641078793444,0.23365158756276158,0.0,0.0,0.0,0.11778045905894528,0.0,0.0,0.17788452867793053,0.0,0.0,0.0,0.0,0.0
2023-05-04,0.0,0.08032098274971293,0.0,0.0,0.13679848900650343,0.0,0.12172938451981984,0.01538641078793444,0.23365158756276158,0.0,0.0,0.0,0.11778045905894528,0.0,0.0,0.17788452867793053,0.0,0.0,0.0,0.0,0.0
2023-05-05,0.0,0.08032098274971293,0.0,0.0,0.13679848900650343,0.0,0.12172938451981984,0.01538641078793444,0.23365158756276158,0.0,0.0,0.0,0.11778045905894528,0.0,0.0,0.17788452867793053,0.0,0.0,0.0,0.0,0.0
2023-05-08,0.0,0.08032098274971293,0.0,0.0,0.13679848900650343,0.0,0.12172938451981984,0.01538641078793444,0.23365158756276158,0.0,0.0,0.0,0.11778045905894528,0.0,0.0,0.17788452867793053,0.0,0.0,0.0,0.0,0.0
2023-05-09,0.0,0.08032098274971293,0.0,0.0,0.13679848900650343,0.0,0.12172938451981984,0.01538641078793444,0.23365158756276158,0.0,0.0,0.0,0.11778045905894528,0.0,0.0,0.17788452867793053,0.0,0.0,0.0,0.0,0.0
2023-05-10,0.0,0.08032098274971293,0.0,0.0,0.13679848900650343,0.0,0.12172938451981984,0.01538641078793444,0.23365158756276158,0.0,0.0,0.0,0.11778045905894528,0.0,0.0,0.17788452867793053,0.0,0.0,0.0,0.0,0.0
2023-05-11,0.0,0.08032098274971293,0.0,0.0,0.13679848900650343,0.0,0.12172938451981984,0.01538641078793444,0.23365158756276158,0.0,0.0,0.0,0.11778045905894528,0.0,0.0,0.17788452867793053,0.0,0.0,0.0,0.0,0.0
2023-05-12,0.0,0.0938111711893904,0.0,0.0,0.12311864010585309,0.0,0.1254760832120845,0.021488485809500645,0.2520290919157808,0.005450568294068147,0.0,0.0,0.10600241315305076,0.0,0.0,0.16341043802664784,0.0,0.0,0.0,0.0,0.0
2023-05-15,0.0,0.10477745048851826,0.0,0.0,0.11080677609526779,0.0,0.13091325714890534,0.026493812248986445,0.2675769647456646,0.011001285545749348,0.0,0.0,0.09540217183774569,0.0,0.0,0.14706939422398307,0.0,0.003886345868859749,0.0,0.0,0.0
2023-05-16,0.0,0.10477745048851826,0.0,0.0,0.11080677609526779,0.0,0.13091325714890534,0.026493812248986445,0.2675769647456646,0.011001285545749348,0.0,0.0,0.09540217183774569,0.0,0.0,0.14706939422398307,0.0,0.003886345868859749,0.0,0.0,0.0
2023-05-17,0.0,0.11198725228065684,0.0,0.0,0.09972609848574102,0.0,0.14223123310157584,0.028390319166929284,0.2792677319283579,0.015554796959926943,0.0,0.0,0.08586195465397112,0.0,0.0,0.13236245480158476,0.0,0.008138141384080992,0.0,0.0,0.0
2023-05-18,0.0,0.11865942767831682,0.0,0.0,0.08975348863716692,0.0,0.1532504667563836,0.032485081254805946,0.29259910368877085,0.019467856487107915,0.0,0.0,0.077275759188574,0.0,0.0,0.11912620932142629,0.0,0.011136771666598986,0.0,0.0,0.0
2023-05-19,0.0,0.12527641100555273,0.0,0.0,0.08077813977345023,0.0,0.15975319185965683,0.03394177463980972,0.3,0.024262119429505943,0.0,0.0,0.06954818326971661,0.0,0.0,0.10721358838928366,0.0,0.013727124021827962,0.0,0.0,0.0
2023-05-22,0.0,0.13266274245021625,0.0,0.0,0.0727003257961052,0.0,0.16423004049463266,0.035479098888591264,0.3,0.027407049797940154,0.0,0.0,0.06259336494274495,0.0,0.0,0.0964922295503553,0.0,0.016526280808902994,0.0,0.0,0.0
2023-05-23,0.0,0.1388750831366389,0.0,0.0,0.06543029321649468,0.0,0.164982613838245,0.037839606704827,0.3,0.03138864084226262,0.0,0.0,0.056334028448470456,0.0,0.0,0.08684300659531978,0.0,0.01900176799688062,0.0,0.0,0.0
2023-05-24,0.0,0.14814864959364227,0.0,0.0,0.058887263894845214,0.0,0.16568859462172958,0.03896449475770121,0.3,0.03486176819984838,0.0,0.0,0.050700625603623414,0.0,0.0,0.0781587059357878,0.0,0.021763656845947287,0.0,0.0,0.0
2023-05-25,0.0,0.1553335892812709,0.0,0.0,0.052998537505360696,0.00365224537336471,0.16611669235892593,0.0433222251425476,0.3,0.037736856867043145,0.0,0.0,0.045630563043261074,0.0,0.0,0.07034283534220903,0.0,0.025148216434723723,0.0,0.0,0.0
2023-05-26,0.0,0.15613198960610636,0.0,0.0,0.047698683754824625,0.003287020836028239,0.1678843031467749,0.04988479414111684,0.3,0.0392644877288826,0.0,0.0,0.041067506738934965,0.0,0.0,0.06330855180798813,0.0,0.027500272617822154,0.0,0.0,0.0
2023-05-30,0.0,0.15613198960610636,0.0,0.0,0.047698683754824625,0.003287020836028239,0.1678843031467749,0.049884794141116844,0.3,0.0392644877288826,0.0,0.0,0.041067506738934965,0.0,0.0,0.06330855180798813,0.0,0.027500272617822154,0.0,0.0,0.0
2023-05-31,0.0,0.15613198960610636,0.0,0.0,0.047698683754824625,0.003287020836028239,0.1678843031467749,0.049884794141116844,0.3,0.0392644877288826,0.0,0.0,0.041067506738934965,0.0,0.0,0.06330855180798813,0.0,0.027500272617822154,0.0,0.0,0.0
2023-06-01,0.0,0.15613198960610636,0.0,0.0,0.047698683754824625,0.003287020836028239,0.1678843031467749,0.049884794141116844,0.3,0.0392644877288826,0.0,0.0,0.041067506738934965,0.0,0.0,0.06330855180798813,0.0,0.027500272617822154,0.0,0.0,0.0
2023-06-02,0.0,0.14428180712453562,0.0,0.0,0.042928815379342164,0.002958318752425415,0.19337017446047822,0.054151222495469685,0.3,0.04172484186901798,0.0,0.0,0.03696075606504147,0.0,0.0,0.056977696627189316,0.0,0.024750245356039938,0.0,0.0,0.0
2023-06-05,0.0,0.13537768973802222,0.0,0.0,0.03863593384140795,0.0026624868771828736,0.2244550381302107,0.05583687809013883,0.3,0.04188543027063575,0.0,0.0,0.033264680458537324,0.0,0.0,0.05127992696447038,0.0,0.022275220820435943,0.0,0.0,0.0
2023-06-06,0.0,0.12947852702053492,0.0,0.0,0.034772340457267154,0.002396238189464586,0.2739872117556501,0.05025319028112495,0.3,0.04216627172468171,0.0,0.0,0.02993821241268359,0.0,0.0,0.046151934268023345,0.0,0.02004769873839235,0.0,0.0,0.0
2023-06-07,0.0,0.12549602391121353,0.0,0.0,0.03129510641154044,0.0021566143705181277,0.3,0.04522787125301246,0.3,0.042267984334481305,0.0,0.0,0.02694439117141523,0.0,0.0,0.04153674084122101,0.0,0.018042928864553116,0.0,0.0,0.0
2023-06-08,0.0,0.12530034483339264,0.0,0.0,0.028165595770386395,0.001940952933466315,0.3,0.04070508412771122,0.3,0.04266222801744492,0.0,0.0,0.02424995205427371,0.0,0.0,0.03738306675709891,0.0,0.016238635978097805,0.0,0.0,0.0
2023-06-09,0.0,0.12964502532647965,0.0,0.0,0.025349036193347756,0.0017468576401196835,0.3,0.036634575714940096,0.3,0.042527344058765564,0.0,0.0,0.02182495684884634,0.0,0.0,0.03364476008138902,0.0,0.014614772380288025,0.0,0.0,0.0
2023-06-12,0.0,0.1373296668671966,0.0,0.0,0.02281413257401298,0.0015721718761077153,0.3,0.03297111814344609,0.3,0.03827460965288901,0.0,0.0,0.019642461163961705,0.0,0.0,0.030280284073250122,0.0,0.013153295142259222,0.0,0.0,0.0
2023-06-13,0.0,0.14572407365764958,0.0,0.0,0.020532719316611683,0.0014149546884969439,0.3,0.02967400632910148,0.3,0.034447148687600106,0.0,0.0,0.017678215047565535,0.0,0.0,0.02725225566592511,0.0,0.0118379656280333,0.0,0.0,0.0
2023-06-14,0.0,0.15054596905070913,0.0,0.0,0.018479447384950515,0.0012734592196472496,0.3,0.026706605696191335,0.3,0.031002433818840096,0.0,0.0,0.015910393542808984,0.0,0.0,0.0245270300993326,0.0,0.01065416906522997,0.0,0.0,0.0
2023-06-15,0.0,0.15524035704338895,0.0,0.0,0.016631502646455465,0.0011461132976825247,0.3,0.024035945126572204,0.3,0.027902190436956086,0.0,0.0,0.014319354188528085,0.0,0.0,0.02207432708939934,0.0,0.009588752158706974,0.0,0.0,0.0
2023-06-16,0.0,0.1586465395765306,0.0,0.0,0.01496835238180992,0.0010315019679142724,0.3,0.021632350613914983,0.3,0.025111971393260477,0.0,0.0,0.012887418769675276,0.0,0.0,0.019866894380459407,0.0,0.008629876942836276,0.0,0.0,0.0
2023-06-20,0.0,0.16307561854356403,0.0,0.0,0.013471517143628927,0.0009283517711228452,0.3,0.019469115552523484,0.3,0.02260077425393443,0.0,0.0,0.011598676892707748,0.0,0.0,0.017880204942413467,0.0,0.007766889248552649,0.0,0.0,0.0
2023-06-21,0.0,0.167702025012272,0.0,0.0,0.012124365429266034,0.0008355165940105607,0.3,0.017522203997271137,0.3,0.020340696828540988,0.0,0.0,0.010438809203436974,0.0,0.0,0.01609218444817212,0.0,0.006990200323697384,0.0,0.0,0.0
2023-06-22,0.0,0.17533375691311617,0.0,0.0,0.01091192888633943,0.0007519649346095046,0.3,0.015769983597544023,0.3,0.01830662714568689,0.0,0.0,0.009394928283093277,0.0,0.0,0.014482966003354908,0.0,0.0062911802913276456,0.0,0.0,0.0
2023-06-23,0.0,0.1809507591321565,0.0,0.0,0.009820735997705488,0.0006767684411485542,0.3,0.014192985237789621,0.3,0.0164759644311182,0.0,0.0,0.008455435454783949,0.0,0.0,0.013034669403019417,0.0,0.005662062262194881,0.0,0.0,0.0
2023-06-26,0.0,0.18406121614342202,0.0,0.0,0.008838662397934939,0.0006090915970336988,0.3,0.012773686714010659,0.3,0.01482836798800638,0.0,0.0,0.007609891909305554,0.0,0.0,0.011731202462717475,0.0,0.005095856035975393,0.0,0.0,0.0
2023-06-27,0.0,0.1853587295774622,0.0,0.0,0.007954796158141446,0.000548182437330329,0.3,0.011496318042609593,0.3,0.013345531189205742,0.0,0.0,0.006848902718374999,0.0,0.0,0.010558082216445728,0.0,0.004586270432377854,0.0,0.0,0.0
2023-06-28,0.0,0.1832317222006874,0.0,0.0,0.007159316542327302,0.0004933641935972961,0.3,0.014401286132854726,0.3,0.012010978070285169,0.0,0.0,0.006164012446537499,0.0,0.0,0.009502273994801155,0.0,0.0041276433891400685,0.0,0.0,0.0
2023-06-29,0.0,0.1830126119741149,0.0,0.0,0.006443384888094572,0.0004440277742375665,0.3,0.012961157519569255,0.3,0.010809880263256652,0.0,0.0,0.005547611201883749,0.0,0.0,0.00855204659532104,0.0,0.003714879050226062,0.0,0.0,0.0
2023-06-30,0.0,0.1858601756824707,0.0,0.0,0.005799046399285115,0.0003996249968138099,0.3,0.011665041767612329,0.3,0.009728892236930986,0.0,0.0,0.0049928500816953745,0.0,0.0,0.007696841935788936,0.0,0.003343391145203456,0.0,0.0,0.0
2023-07-03,0.0,0.19045491764217498,0.0,0.0,0.005219141759356604,0.00035966249713242893,0.3,0.010498537590851096,0.3,0.008756003013237888,0.0,0.0,0.004493565073525837,0.0,0.0,0.006927157742210042,0.0,0.0030090520306831105,0.0,0.0,0.0
2023-07-05,0.0,0.1980810122674428,0.0,0.0,0.0046972275834209435,0.00032369624741918605,0.3,0.009448683831765987,0.3,0.0078804027119141,0.0,0.0,0.004044208566173254,0.0,0.0,0.006234441967989038,0.0,0.0027081468276147994,0.0,0.0,0.0
2023-07-06,0.0,0.20424626070459934,0.0,0.0,0.004227504825078849,0.00029132662267726745,0.3,0.00850381544858939,0.3,0.007092362440722691,0.0,0.0,0.0036397877095559286,0.0,0.0,0.005610997771190135,0.0,0.0024373321448533194,0.0,0.0,0.0
2023-07-07,0.0,0.21010725509777817,0.0,0.0,0.0038047543425709643,0.0002621939604095407,0.3,0.00765343390373045,0.3,0.006383126196650422,0.0,0.0,0.0032758089386003358,0.0,0.0,0.005049897994071122,0.0,0.0021935989303679877,0.0,0.0,0.0
2023-07-10,0.0,0.21180284414463985,0.0,0.0,0.003424278908313868,0.00023597456436858666,0.3,0.010642628470825512,0.3,0.00574481357698538,0.0,0.0,0.0029482280447403024,0.0,0.0,0.00454490819466401,0.0,0.001974239037331189,0.0,0.0,0.0
2023-07-11,0.0,0.21591669015442616,0.0,0.0,0.003081851017482481,0.00021237710793172798,0.3,0.015769503900047457,0.3,0.005170332219286842,0.0,0.0,0.0026534052402662723,0.0,0.0,0.004090417375197609,0.0,0.00177681513359807,0.0,0.0,0.0
2023-07-12,0.0,0.2151521957628718,0.0,0.0,0.002773665915734233,0.0001911393971385552,0.3,0.020203838871702084,0.3,0.004653298997358158,0.0,0.0,0.0023880647162396454,0.0,0.0,0.003681375637677848,0.0,0.001599133620238263,0.0,0.0,0.0
2023-07-13,0.0,0.21682532974197352,0.0,0.0,0.0024962993241608097,0.00017202545742469967,0.3,0.02330770776210707,0.3,0.004187969097622342,0.0,0.0,0.002149258244615681,0.0,0.0,0.0033132380739100634,0.0,0.0014392202582144368,0.0,0.0,0.0
2023-07-14,0.0,0.22137203381068798,0.0,0.0,0.002246669391744729,0.0001548229116822297,0.3,0.025409644163051446,0.3,0.003769172187860108,0.0,0.0,0.0019343324201541129,0.0,0.0,0.0029819142665190573,0.0,0.0012952982323929932,0.0,0.0,0.0
2023-07-17,0.0,0.22788955206378048,0.0,0.0,0.002022002452570256,0.00013934062051400675,0.3,0.02753358808290006,0.3,0.0033922549690740974,0.0,0.0,0.0017408991781387017,0.0,0.0,0.0026837228398671515,0.0,0.001165768409153694,0.0,0.0,0.0
2023-07-18,0.0,0.23476453260529384,0.0,0.0,0.0018198022073132305,0.00012540655846260607,0.3,0.028707618593048646,0.3,0.0030530294721666878,0.0,0.0,0.0015668092603248315,0.0,0.0,0.0024153505558804364,0.0,0.0010491915682383245,0.0,0.0,0.0
2023-07-19,0.0,0.23836372520822238,0.0,0.0,0.0016378219865819076,0.00011286590261634547,0.3,0.030119795268902683,0.3,0.002747726524950019,0.0,0.0,0.0014101283342923484,0.0,0.0,0.002173815500292393,0.0,0.0009442724114144921,0.0,0.0,0.0
2023-07-20,0.0,0.23927119802129695,0.0,0.0,0.0014740397879237168,0.00010157931235471093,0.3,0.03301684215140754,0.3,0.002472953872455017,0.0,0.0,0.0012691155008631137,0.0,0.0,0.001956433950263154,0.0,0.000849845170273043,0.0,0.0,0.0
2023-07-21,0.0,0.2347016247463397,0.0,0.0,0.001326635809131345,9.142138111923984e-05,0.3,0.029715157936266785,0.3,0.0022256584852095155,0.0,0.0,0.0011422039507768024,0.0,0.0,0.0017607905552368384,0.0,0.0007648606532457387,0.0,0.0,0.0
2023-07-24,0.0,0.22966957017963718,0.0,0.0,0.0011939722282182106,8.227924300731585e-05,0.3,0.026743642142640106,0.3,0.002003092636688564,0.0,0.0,0.0010279835556991222,0.0,0.0,0.0015847114997131547,0.0,0.0006883745879211648,0.0,0.0,0.0
2023-07-25,0.0,0.22966957017963718,0.0,0.0,0.0011939722282182108,8.227924300731585e-05,0.3,0.026743642142640106,0.3,0.002003092636688564,0.0,0.0,0.0010279835556991222,0.0,0.0,0.0015847114997131547,0.0,0.0006883745879211648,0.0,0.0,0.0
2023-07-26,0.0,0.22966957017963718,0.0,0.0,0.0011939722282182108,8.227924300731585e-05,0.3,0.026743642142640106,0.3,0.002003092636688564,0.0,0.0,0.0010279835556991222,0.0,0.0,0.0015847114997131547,0.0,0.0006883745879211648,0.0,0.0,0.0
2023-07-27,0.0,0.21624179508199565,0.0,0.0,0.0010745750053963896,7.405131870658426e-05,0.3,0.024069277928376095,0.3,0.0018027833730197076,0.0,0.0,0.00092518520012921,0.0,0.0,-0.0041340521003144755,0.0,0.0006195371291290484,0.0,0.0,0.0
2023-07-28,0.0,0.20671957845252617,0.0,0.0,0.0009671175048567507,6.664618683592584e-05,0.2899030981037969,0.021662350135538487,0.3,-0.0035578108181556177,0.0,0.0,0.000832666680116289,0.0,0.0,-0.003720646890283028,0.0,0.0005575834162161435,0.0,0.0,0.0
2023-07-31,0.0,0.2063426185357411,0.0,0.0,0.0008704057543710756,5.998156815233326e-05,0.2794812055954774,0.01949611512198464,0.3,-0.007662581401809246,0.0,0.0,0.0007494000121046602,0.0,0.0,-0.0033485822012547252,0.0,0.0005018250745945292,0.0,0.0,0.0
2023-08-01,0.0,0.20988628682049382,0.0,0.0,0.0007833651789339681,5.3983411337099935e-05,0.26595299295081787,0.017546503609786174,0.3,-0.006896323261628322,0.0,0.0,0.0006744600108941942,0.0,0.0,-0.0030137239811292528,0.0,0.00045164256713507635,0.0,0.0,0.0
2023-08-02,0.0,0.21285170294480021,0.0,0.0,0.0007050286610405713,4.8585070203389946e-05,0.2623713641149853,0.015791853248807556,0.3,-0.00620669093546549,0.0,0.0,0.0006070140098047747,0.0,0.0,-0.0027123515830163275,0.0,0.0004064783104215687,0.0,0.0,0.0
2023-08-03,0.0,0.21331707121037596,0.0,0.0,0.0006345257949365141,4.372656318305095e-05,0.257700507799279,0.014212667923926801,0.3,-0.005586021841918941,0.0,0.0,0.0005463126088242973,0.0,0.0,-0.002441116424714695,0.0,0.00036583047937941186,0.0,0.0,0.0
2023-08-04,0.0,0.2060773110334522,0.0,0.0,0.0005710732154428627,3.9353906864745855e-05,0.25611754834184103,0.012791401131534121,0.3,-0.005027419657727047,0.0,0.0,0.0004916813479418676,0.0,0.0,-0.0021970047822432257,0.0,0.00032924743144147067,0.0,0.0,0.0
2023-08-07,0.0,0.2060773110334522,0.0,0.0,0.0005710732154428627,3.935390686474586e-05,0.25611754834184103,0.012791401131534121,0.3,-0.005027419657727047,0.0,0.0,0.0004916813479418676,0.0,0.0,-0.002197004782243226,0.0,0.00032924743144147067,0.0,0.0,0.0
2023-08-08,0.0,0.2060773110334522,0.0,0.0,0.0005710732154428627,3.935390686474586e-05,0.25611754834184103,0.012791401131534121,0.3,-0.005027419657727047,0.0,0.0,0.0004916813479418676,0.0,0.0,-0.002197004782243226,0.0,0.00032924743144147067,0.0,0.0,0.0
2023-08-09,0.0,0.2060773110334522,0.0,0.0,0.0005710732154428627,3.935390686474586e-05,0.25611754834184103,0.012791401131534121,0.3,-0.005027419657727047,0.0,0.0,0.0004916813479418676,0.0,0.0,-0.002197004782243226,0.0,0.00032924743144147067,0.0,0.0,0.0
2023-08-10,0.0,0.2060773110334522,0.0,0.0,0.0005710732154428627,3.935390686474586e-05,0.25611754834184103,0.012791401131534121,0.3,-0.005027419657727047,0.0,0.0,0.0004916813479418676,0.0,0.0,-0.002197004782243226,0.0,0.00032924743144147067,0.0,0.0,0.0
2023-08-11,0.0,0.2060773110334522,0.0,0.0,0.0005710732154428627,3.935390686474586e-05,0.25611754834184103,0.012791401131534121,0.3,-0.005027419657727047,0.0,0.0,0.0004916813479418676,0.0,0.0,-0.002197004782243226,0.0,0.00032924743144147067,0.0,0.0,0.0
2023-08-14,0.0,0.2060773110334522,0.0,0.0,0.0005710732154428627,3.935390686474586e-05,0.25611754834184103,0.012791401131534121,0.3,-0.005027419657727047,0.0,0.0,0.0004916813479418676,0.0,0.0,-0.002197004782243226,0.0,0.00032924743144147067,0.0,0.0,0.0
2023-08-15,0.0,0.2060773110334522,0.0,0.0,0.0005710732154428627,3.935390686474586e-05,0.25611754834184103,0.012791401131534121,0.3,-0.005027419657727047,0.0,0.0,0.0004916813479418676,0.0,0.0,-0.002197004782243226,0.0,0.00032924743144147067,0.0,0.0,0.0
2023-08-16,0.0,0.2060773110334522,0.0,0.0,0.0005710732154428627,3.935390686474586e-05,0.25611754834184103,0.012791401131534121,0.3,-0.005027419657727047,0.0,0.0,0.0004916813479418676,0.0,0.0,-0.002197004782243226,0.0,0.00032924743144147067,0.0,0.0,0.0
2023-08-17,0.0,0.2060773110334522,0.0,0.0,0.0005710732154428627,3.935390686474586e-05,0.25611754834184103,0.012791401131534121,0.3,-0.005027419657727047,0.0,0.0,0.0004916813479418676,0.0,0.0,-0.002197004782243226,0.0,0.00032924743144147067,0.0,0.0,0.0
2023-08-18,0.0,0.2060773110334522,0.0,0.0,0.0005710732154428627,3.935390686474586e-05,0.25611754834184103,0.012791401131534121,0.3,-0.005027419657727047,0.0,0.0,0.0004916813479418676,0.0,0.0,-0.002197004782243226,0.0,0.00032924743144147067,0.0,0.0,0.0
2023-08-21,0.0,0.2060773110334522,0.0,0.0,0.0005710732154428627,3.935390686474586e-05,0.25611754834184103,0.012791401131534121,0.3,-0.005027419657727047,0.0,0.0,0.0004916813479418676,0.0,0.0,-0.002197004782243226,0.0,0.00032924743144147067,0.0,0.0,0.0
2023-08-22,0.0,0.2060773110334522,0.0,0.0,0.0005710732154428627,3.935390686474586e-05,0.25611754834184103,0.012791401131534121,0.3,-0.005027419657727047,0.0,0.0,0.0004916813479418676,0.0,0.0,-0.002197004782243226,0.0,0.00032924743144147067,0.0,0.0,0.0
2023-08-23,0.0,0.2022369753407689,0.0,0.0,0.0005139658938985765,3.5418516178271274e-05,0.2561238297350881,0.016427320002578936,0.3,-0.004524677691954342,0.0,0.0,0.00044251321314768083,0.0,0.0,-0.0019773043040189034,0.0,0.0002963226882973236,0.0,0.0,0.0
2023-08-24,0.0,0.2022369753407689,0.0,0.0,0.0005139658938985765,3.5418516178271274e-05,0.2561238297350881,0.016427320002578936,0.3,-0.004524677691954343,0.0,0.0,0.00044251321314768083,0.0,0.0,-0.0019773043040189034,0.0,0.0002963226882973236,0.0,0.0,0.0
2023-08-25,0.0,0.2022369753407689,0.0,0.0,0.0005139658938985765,3.5418516178271274e-05,0.2561238297350881,0.016427320002578936,0.3,-0.004524677691954343,0.0,0.0,0.00044251321314768083,0.0,0.0,-0.0019773043040189034,0.0,0.0002963226882973236,0.0,0.0,0.0
2023-08-28,0.0,0.2022369753407689,0.0,0.0,0.0005139658938985765,3.5418516178271274e-05,0.2561238297350881,0.016427320002578936,0.3,-0.004524677691954343,0.0,0.0,0.00044251321314768083,0.0,0.0,-0.0019773043040189034,0.0,0.0002963226882973236,0.0,0.0,0.0
2023-08-29,0.0,0.2022369753407689,0.0,0.0,0.0005139658938985765,3.5418516178271274e-05,0.2561238297350881,0.016427320002578936,0.3,-0.004524677691954343,0.0,0.0,0.00044251321314768083,0.0,0.0,-0.0019773043040189034,0.0,0.0002963226882973236,0.0,0.0,0.0
2023-08-30,0.0,0.2022369753407689,0.0,0.0,0.0005139658938985765,3.5418516178271274e-05,0.2561238297350881,0.016427320002578936,0.3,-0.004524677691954343,0.0,0.0,0.00044251321314768083,0.0,0.0,-0.0019773043040189034,0.0,0.0002963226882973236,0.0,0.0,0.0
2023-08-31,0.0,0.2022369753407689,0.0,0.0,0.0005139658938985765,3.5418516178271274e-05,0.2561238297350881,0.016427320002578936,0.3,-0.004524677691954343,0.0,0.0,0.00044251321314768083,0.0,0.0,-0.0019773043040189034,0.0,0.0002963226882973236,0.0,0.0,0.0
2023-09-01,0.0,0.2022369753407689,0.0,0.0,0.0005139658938985765,3.5418516178271274e-05,0.2561238297350881,0.016427320002578936,0.3,-0.004524677691954343,0.0,0.0,0.00044251321314768083,0.0,0.0,-0.0019773043040189034,0.0,0.0002963226882973236,0.0,0.0,0.0
2023-09-05,0.0,0.2022369753407689,0.0,0.0,0.0005139658938985765,3.5418516178271274e-05,0.2561238297350881,0.016427320002578936,0.3,-0.004524677691954343,0.0,0.0,0.00044251321314768083,0.0,0.0,-0.0019773043040189034,0.0,0.0002963226882973236,0.0,0.0,0.0
2023-09-06,0.0,0.2022369753407689,0.0,0.0,0.0005139658938985765,3.5418516178271274e-05,0.2561238297350881,0.016427320002578936,0.3,-0.004524677691954343,0.0,0.0,0.00044251321314768083,0.0,0.0,-0.0019773043040189034,0.0,0.0002963226882973236,0.0,0.0,0.0
2023-09-07,0.0,0.2022369753407689,0.0,0.0,0.0005139658938985765,3.5418516178271274e-05,0.2561238297350881,0.016427320002578936,0.3,-0.004524677691954343,0.0,0.0,0.00044251321314768083,0.0,0.0,-0.0019773043040189034,0.0,0.0002963226882973236,0.0,0.0,0.0
2023-09-08,0.0,0.2022369753407689,0.0,0.0,0.0005139658938985765,3.5418516178271274e-05,0.2561238297350881,0.016427320002578936,0.3,-0.004524677691954343,0.0,0.0,0.00044251321314768083,0.0,0.0,-0.0019773043040189034,0.0,0.0002963226882973236,0.0,0.0,0.0
2023-09-11,0.0,0.196413794576556,0.0,0.0,0.00046256930450871883,3.187666456044415e-05,0.275400897188889,0.014784588002321042,0.3,-0.004072209922758909,0.0,0.0,0.00039826189183291276,0.0,0.0,-0.0017795738736170132,0.0,0.00026669041946759123,0.0,0.0,0.0
2023-09-12,0.0,0.18767058468223777,0.0,0.0,0.00041631237405784693,2.8688998104399735e-05,0.2919466318986581,0.013306129202088937,0.3,-0.003664988930483018,0.0,0.0,0.0003584357026496215,0.0,0.0,-0.0016016164862553118,0.0,0.00024002137752083213,0.0,0.0,0.0
2023-09-13,0.0,0.17540195657820704,0.0,0.0,0.00037468113665206225,2.5820098293959764e-05,0.3,0.008024224478989045,0.3,-0.003298490037434716,0.0,0.0,0.00032259213238465935,0.0,0.0,-0.0014414548376297806,0.0,0.00021601923976874893,0.0,0.0,0.0
2023-09-14,0.0,0.17540195657820704,0.0,0.0,0.00037468113665206225,2.5820098293959767e-05,0.3,0.008024224478989045,0.3,-0.0032984900374347166,0.0,0.0,0.00032259213238465935,0.0,0.0,-0.0014414548376297806,0.0,0.00021601923976874893,0.0,0.0,0.0
2023-09-15,0.0,0.17540195657820704,0.0,0.0,0.00037468113665206225,2.5820098293959767e-05,0.3,0.008024224478989045,0.3,-0.0032984900374347166,0.0,0.0,0.00032259213238465935,0.0,0.0,-0.0014414548376297806,0.0,0.00021601923976874893,0.0,0.0,0.0
2023-09-18,0.0,0.16866390958194524,0.0,0.0,0.000337213022986856,2.323808846456379e-05,0.3,0.00722180203109014,0.3,-0.002968641033691245,0.0,0.0,0.0002903329191461934,0.0,0.0,-0.0012973093538668026,0.0,0.00019441731579187405,0.0,0.0,0.0
2023-09-19,0.0,0.16866390958194524,0.0,0.0,0.000337213022986856,2.3238088464563793e-05,0.3,0.00722180203109014,0.3,-0.002968641033691245,0.0,0.0,0.0002903329191461934,0.0,0.0,-0.0012973093538668026,0.0,0.00019441731579187405,0.0,0.0,0.0
2023-09-20,0.0,0.16604016077874653,0.0,0.0,0.0003034917206881704,2.0914279618107412e-05,0.3,0.006499621827981126,0.3,-0.0026717769303221204,0.0,0.0,0.00026129962723157407,0.0,0.0,-0.0011675784184801224,0.0,0.00017497558421268665,0.0,0.0,0.0
2023-09-21,0.0,0.16604016077874653,0.0,0.0,0.0003034917206881704,2.0914279618107412e-05,0.3,0.006499621827981127,0.3,-0.0026717769303221204,0.0,0.0,0.00026129962723157407,0.0,0.0,-0.0011675784184801224,0.0,0.00017497558421268665,0.0,0.0,0.0
2023-09-22,0.0,0.16604016077874653,0.0,0.0,0.0003034917206881704,2.0914279618107412e-05,0.3,0.006499621827981128,0.3,-0.0026717769303221204,0.0,0.0,0.00026129962723157407,0.0,0.0,-0.0011675784184801224,0.0,0.00017497558421268665,0.0,0.0,0.0
2023-09-25,0.0,0.16604016077874653,0.0,0.0,0.0003034917206881704,2.0914279618107412e-05,0.3,0.006499621827981128,0.3,-0.0026717769303221204,0.0,0.0,0.00026129962723157407,0.0,0.0,-0.0011675784184801224,0.0,0.00017497558421268662,0.0,0.0,0.0
2023-09-26,0.0,0.16604016077874653,0.0,0.0,0.0003034917206881704,2.0914279618107412e-05,0.3,0.006499621827981128,0.3,-0.0026717769303221204,0.0,0.0,0.00026129962723157407,0.0,0.0,-0.0011675784184801224,0.0,0.00017497558421268662,0.0,0.0,0.0
2023-09-27,0.0,0.16604016077874653,0.0,0.0,0.0003034917206881704,2.0914279618107412e-05,0.3,0.006499621827981128,0.3,-0.0026717769303221204,0.0,0.0,0.00026129962723157407,0.0,0.0,-0.0011675784184801224,0.0,0.00017497558421268662,0.0,0.0,0.0
2023-09-28,0.0,0.16604016077874653,0.0,0.0,0.0003034917206881704,2.0914279618107412e-05,0.3,0.006499621827981128,0.3,-0.0026717769303221204,0.0,0.0,0.00026129962723157407,0.0,0.0,-0.0011675784184801224,0.0,0.00017497558421268662,0.0,0.0,0.0
2023-09-29,0.0,0.16604016077874653,0.0,0.0,0.0003034917206881704,2.0914279618107412e-05,0.3,0.006499621827981128,0.3,-0.0026717769303221204,0.0,0.0,0.00026129962723157407,0.0,0.0,-0.0011675784184801224,0.0,0.00017497558421268662,0.0,0.0,0.0
2023-10-02,0.0,0.16604016077874653,0.0,0.0,0.0003034917206881704,2.0914279618107412e-05,0.3,0.006499621827981128,0.3,-0.0026717769303221204,0.0,0.0,0.00026129962723157407,0.0,0.0,-0.0011675784184801224,0.0,0.00017497558421268662,0.0,0.0,0.0
2023-10-03,0.0,0.16604016077874653,0.0,0.0,0.0003034917206881704,2.0914279618107412e-05,0.3,0.006499621827981128,0.3,-0.0026717769303221204,0.0,0.0,0.00026129962723157407,0.0,0.0,-0.0011675784184801224,0.0,0.00017497558421268662,0.0,0.0,0.0
2023-10-04,0.0,0.16604016077874653,0.0,0.0,0.0003034917206881704,2.0914279618107412e-05,0.3,0.006499621827981128,0.3,-0.0026717769303221204,0.0,0.0,0.00026129962723157407,0.0,0.0,-0.0011675784184801224,0.0,0.00017497558421268662,0.0,0.0,0.0
2023-10-05,0.0,0.16604016077874653,0.0,0.0,0.0003034917206881704,2.0914279618107412e-05,0.3,0.006499621827981128,0.3,-0.0026717769303221204,0.0,0.0,0.00026129962723157407,0.0,0.0,-0.0011675784184801224,0.0,0.00017497558421268662,0.0,0.0,0.0
2023-10-06,0.0,0.16604016077874653,0.0,0.0,0.0003034917206881704,2.0914279618107412e-05,0.3,0.006499621827981128,0.3,-0.0026717769303221204,0.0,0.0,0.00026129962723157407,0.0,0.0,-0.0011675784184801224,0.0,0.00017497558421268662,0.0,0.0,0.0
2023-10-09,0.0,0.16604016077874653,0.0,0.0,0.0003034917206881704,2.0914279618107412e-05,0.3,0.006499621827981128,0.3,-0.0026717769303221204,0.0,0.0,0.00026129962723157407,0.0,0.0,-0.0011675784184801224,0.0,0.00017497558421268662,0.0,0.0,0.0
2023-10-10,0.0,0.16604016077874653,0.0,0.0,0.0003034917206881704,2.0914279618107412e-05,0.3,0.006499621827981128,0.3,-0.0026717769303221204,0.0,0.0,0.00026129962723157407,0.0,0.0,-0.0011675784184801224,0.0,0.00017497558421268662,0.0,0.0,0.0
2023-10-11,0.0,0.16604016077874653,0.0,0.0,0.0003034917206881704,2.0914279618107412e-05,0.3,0.006499621827981128,0.3,-0.0026717769303221204,0.0,0.0,0.00026129962723157407,0.0,0.0,-0.0011675784184801224,0.0,0.00017497558421268662,0.0,0.0,0.0
2023-10-12,0.0,0.16604016077874653,0.0,0.0,0.0003034917206881704,2.0914279618107412e-05,0.3,0.006499621827981128,0.3,-0.0026717769303221204,0.0,0.0,0.00026129962723157407,0.0,0.0,-0.0011675784184801224,0.0,0.00017497558421268662,0.0,0.0,0.0
2023-10-13,0.0,0.16604016077874653,0.0,0.0,0.0003034917206881704,2.0914279618107412e-05,0.3,0.006499621827981128,0.3,-0.0026717769303221204,0.0,0.0,0.00026129962723157407,0.0,0.0,-0.0011675784184801224,0.0,0.00017497558421268662,0.0,0.0,0.0
2023-10-16,0.0,0.16604016077874653,0.0,0.0,0.0003034917206881704,2.0914279618107412e-05,0.3,0.006499621827981128,0.3,-0.0026717769303221204,0.0,0.0,0.00026129962723157407,0.0,0.0,-0.0011675784184801224,0.0,0.00017497558421268662,0.0,0.0,0.0
2023-10-17,0.0,0.16604016077874653,0.0,0.0,0.0003034917206881704,2.0914279618107412e-05,0.3,0.006499621827981128,0.3,-0.0026717769303221204,0.0,0.0,0.00026129962723157407,0.0,0.0,-0.0011675784184801224,0.0,0.00017497558421268662,0.0,0.0,0.0
2023-10-18,0.0,0.16604016077874653,0.0,0.0,0.0003034917206881704,2.0914279618107412e-05,0.3,0.006499621827981128,0.3,-0.0026717769303221204,0.0,0.0,0.00026129962723157407,0.0,0.0,-0.0011675784184801224,0.0,0.00017497558421268662,0.0,0.0,0.0
2023-10-19,0.0,0.16604016077874653,0.0,0.0,0.0003034917206881704,2.0914279618107412e-05,0.3,0.006499621827981128,0.3,-0.0026717769303221204,0.0,0.0,0.00026129962723157407,0.0,0.0,-0.0011675784184801224,0.0,0.00017497558421268662,0.0,0.0,0.0
2023-10-20,0.0,0.16604016077874653,0.0,0.0,0.0003034917206881704,2.0914279618107412e-05,0.3,0.006499621827981128,0.3,-0.0026717769303221204,0.0,0.0,0.00026129962723157407,0.0,0.0,-0.0011675784184801224,0.0,0.00017497558421268662,0.0,0.0,0.0
2023-10-23,0.0,0.16604016077874653,0.0,0.0,0.0003034917206881704,2.0914279618107412e-05,0.3,0.006499621827981128,0.3,-0.0026717769303221204,0.0,0.0,0.00026129962723157407,0.0,0.0,-0.0011675784184801224,0.0,0.00017497558421268662,0.0,0.0,0.0
2023-10-24,0.0,0.16604016077874653,0.0,0.0,0.0003034917206881704,2.0914279618107412e-05,0.3,0.006499621827981128,0.3,-0.0026717769303221204,0.0,0.0,0.00026129962723157407,0.0,0.0,-0.0011675784184801224,0.0,0.00017497558421268662,0.0,0.0,0.0
2023-10-25,0.0,0.16604016077874653,0.0,0.0,0.0003034917206881704,2.0914279618107412e-05,0.3,0.006499621827981128,0.3,-0.0026717769303221204,0.0,0.0,0.00026129962723157407,0.0,0.0,-0.0011675784184801224,0.0,0.00017497558421268662,0.0,0.0,0.0
2023-10-26,0.0,0.16604016077874653,0.0,0.0,0.0003034917206881704,2.0914279618107412e-05,0.3,0.006499621827981128,0.3,-0.0026717769303221204,0.0,0.0,0.00026129962723157407,0.0,0.0,-0.0011675784184801224,0.0,0.00017497558421268662,0.0,0.0,0.0
2023-10-27,0.0,0.16604016077874653,0.0,0.0,0.0003034917206881704,2.0914279618107412e-05,0.3,0.006499621827981128,0.3,-0.0026717769303221204,0.0,0.0,0.00026129962723157407,0.0,0.0,-0.0011675784184801224,0.0,0.00017497558421268662,0.0,0.0,0.0
2023-10-30,0.0,0.16604016077874653,0.0,0.0,0.0003034917206881704,2.0914279618107412e-05,0.3,0.006499621827981128,0.3,-0.0026717769303221204,0.0,0.0,0.00026129962723157407,0.0,0.0,-0.0011675784184801224,0.0,0.00017497558421268662,0.0,0.0,0.0
2023-10-31,0.0,0.16604016077874653,0.0,0.0,0.0003034917206881704,2.0914279618107412e-05,0.3,0.006499621827981128,0.3,-0.0026717769303221204,0.0,0.0,0.00026129962723157407,0.0,0.0,-0.0011675784184801224,0.0,0.00017497558421268662,0.0,0.0,0.0
2023-11-01,0.0,0.16604016077874653,0.0,0.0,0.0003034917206881704,2.0914279618107412e-05,0.3,0.006499621827981128,0.3,-0.0026717769303221204,0.0,0.0,0.00026129962723157407,0.0,0.0,-0.0011675784184801224,0.0,0.00017497558421268662,0.0,0.0,0.0
2023-11-02,0.0,0.16604016077874653,0.0,0.0,0.0003034917206881704,2.0914279618107412e-05,0.3,0.006499621827981128,0.3,-0.0026717769303221204,0.0,0.0,0.00026129962723157407,0.0,0.0,-0.0011675784184801224,0.0,0.00017497558421268662,0.0,0.0,0.0
2023-11-03,0.0,0.16604016077874653,0.0,0.0,0.0003034917206881704,2.0914279618107412e-05,0.3,0.006499621827981128,0.3,-0.0026717769303221204,0.0,0.0,0.00026129962723157407,0.0,0.0,-0.0011675784184801224,0.0,0.00017497558421268662,0.0,0.0,0.0
2023-11-06,0.0,0.16604016077874653,0.0,0.0,0.0003034917206881704,2.0914279618107412e-05,0.3,0.006499621827981128,0.3,-0.0026717769303221204,0.0,0.0,0.00026129962723157407,0.0,0.0,-0.0011675784184801224,0.0,0.00017497558421268662,0.0,0.0,0.0
2023-11-07,0.0,0.16604016077874653,0.0,0.0,0.0003034917206881704,2.0914279618107412e-05,0.3,0.006499621827981128,0.3,-0.0026717769303221204,0.0,0.0,0.00026129962723157407,0.0,0.0,-0.0011675784184801224,0.0,0.00017497558421268662,0.0,0.0,0.0
2023-11-08,0.0,0.16604016077874653,0.0,0.0,0.0003034917206881704,2.0914279618107412e-05,0.3,0.006499621827981128,0.3,-0.0026717769303221204,0.0,0.0,0.00026129962723157407,0.0,0.0,-0.0011675784184801224,0.0,0.00017497558421268662,0.0,0.0,0.0
2023-11-09,0.0,0.16604016077874653,0.0,0.0,0.0003034917206881704,2.0914279618107412e-05,0.3,0.006499621827981128,0.3,-0.0026717769303221204,0.0,0.0,0.00026129962723157407,0.0,0.0,-0.0011675784184801224,0.0,0.00017497558421268662,0.0,0.0,0.0
2023-11-10,0.0,0.16604016077874653,0.0,0.0,0.0003034917206881704,2.0914279618107412e-05,0.3,0.006499621827981128,0.3,-0.0026717769303221204,0.0,0.0,0.00026129962723157407,0.0,0.0,-0.0011675784184801224,0.0,0.00017497558421268662,0.0,0.0,0.0
2023-11-13,0.0,0.16604016077874653,0.0,0.0,0.0003034917206881704,2.0914279618107412e-05,0.3,0.006499621827981128,0.3,-0.0026717769303221204,0.0,0.0,0.00026129962723157407,0.0,0.0,-0.0011675784184801224,0.0,0.00017497558421268662,0.0,0.0,0.0
2023-11-14,0.0,0.1642404516251129,0.0,0.0,0.0002731425486193534,1.882285165629667e-05,0.3,0.005849659645183015,0.3,0.007388132254628208,0.0,0.0,0.00023516966450841666,0.0,0.0,-0.0010508205766321102,0.0,0.00015747802579141795,0.0,0.0,0.0
2023-11-15,0.0,0.1642404516251129,0.0,0.0,0.0002731425486193534,1.882285165629667e-05,0.3,0.005849659645183016,0.3,0.007388132254628208,0.0,0.0,0.00023516966450841666,0.0,0.0,-0.0010508205766321102,0.0,0.00015747802579141795,0.0,0.0,0.0
2023-11-16,0.0,0.160425334790673,0.0,0.0,0.00024582829375741804,1.6940566490667005e-05,0.3,0.005264693680664714,0.3,0.014592197030910851,0.0,0.0,0.00021165269805757499,0.0,0.0,-0.0009457385189688992,0.0,0.00014173022321227615,0.0,0.0,0.0
2023-11-17,0.0,0.159943928989564,0.0,0.0,0.00022124546438167625,1.5246509841600305e-05,0.3,0.012510646043567067,0.3,0.018661913653819865,0.0,0.0,0.00019048742825181748,0.0,0.0,-0.0008511646670720093,0.0,0.00012755720089104855,0.0,0.0,0.0
2023-11-20,0.0,0.1602925329383067,0.0,0.0,0.00019912091794350862,1.3721858857440275e-05,0.3,0.017162571197891222,0.3,0.021884268562480984,0.0,0.0,0.00017143868542663574,0.0,0.0,-0.0007660482003648085,0.0,0.0001148014808019437,0.0,0.0,0.0
2023-11-21,0.0,0.1610886566689279,0.0,0.0,0.00017920882614915775,1.2349672971696248e-05,0.3,0.030079388647161726,0.3,0.021884268562480984,0.0,0.0,0.00015429481688397216,0.0,0.0,-0.0006894433803283276,0.0,0.00010332133272174933,0.0,0.0,0.0
2023-11-22,0.0,0.16198347436889013,0.0,0.0,0.00016128794353424198,1.1114705674526623e-05,0.3,0.038774505808767755,0.3,0.021884268562480984,0.0,0.0,0.00013886533519557494,0.0,0.0,-0.0006204990422954948,0.0,9.29891994495744e-05,0.0,0.0,0.0
2023-11-24,0.0,0.16000580581692048,0.0,0.0,0.00014515914918081777,1.000323510707396e-05,0.3,0.04245583481026031,0.3,0.019695841706232887,0.0,0.0,0.00012497880167601746,0.0,0.0,-0.0005584491380659454,0.0,8.369027950461695e-05,0.0,0.0,0.0
2023-11-27,0.0,0.1575197107435486,0.0,0.0,0.000130643234262736,9.002911596366564e-06,0.3,0.044376582560023345,0.3,0.017726257535609597,0.0,0.0,0.00011248092150841572,0.0,0.0,-0.0005026042242593509,0.0,7.532125155415527e-05,0.0,0.0,0.0
2023-11-28,0.0,0.15274162696562119,0.0,0.0,0.00011757891083646241,8.102620436729907e-06,0.3,0.03993892430402101,0.3,0.015953631782048637,0.0,0.0,0.00010123282935757415,0.0,0.0,-0.0004523438018334158,0.0,6.778912639873974e-05,0.0,0.0,0.0
2023-11-29,0.0,0.14721569411571972,0.0,0.0,0.00010582101975281617,7.292358393056916e-06,0.3,0.03989181416898003,0.3,0.018297607157476782,0.0,0.0,9.110954642181674e-05,0.0,0.0,-0.00040710942165007424,0.0,6.1010213758865765e-05,0.0,0.0,0.0
2023-11-30,0.0,0.1446664685282375,0.0,0.0,9.523891777753455e-05,6.563122553751225e-06,0.28802049500350385,0.035902632752082025,0.3,0.020447958524657056,0.0,0.0,8.199859177963507e-05,0.0,0.0,-0.0003663984794850668,0.0,5.490919238297919e-05,0.0,0.0,0.0
2023-12-01,0.0,0.14585690461895598,0.0,0.0,8.571502599978109e-05,5.906810298376103e-06,0.2592184455031535,0.03793342641419915,0.3,0.018403162672191352,0.0,0.0,7.379873260167156e-05,0.0,0.0,-0.0003297586315365601,0.0,4.941827314468127e-05,0.0,0.0,0.0
2023-12-04,0.0,0.14820441249739344,0.0,0.0,7.714352339980298e-05,5.316129268538492e-06,0.22578495726148295,0.03414008377277924,0.3,0.016562846404972218,-0.003982255637316209,0.0,6.641885934150441e-05,0.0,0.0,-0.0002967827683829041,0.0,4.4476445830213146e-05,0.0,0.0,0.0
2023-12-05,0.0,0.14820441249739347,0.0,0.0,7.714352339980298e-05,5.316129268538493e-06,0.22578495726148295,0.03414008377277924,0.3,0.016562846404972218,-0.003982255637316209,0.0,6.641885934150441e-05,0.0,0.0,-0.0002967827683829041,0.0,4.447644583021315e-05,0.0,0.0,0.0
2023-12-06,0.0,0.1482044124973935,0.0,0.0,7.714352339980298e-05,5.316129268538494e-06,0.22578495726148295,0.03414008377277924,0.3,0.016562846404972218,-0.003982255637316209,0.0,6.641885934150441e-05,0.0,0.0,-0.0002967827683829041,0.0,4.447644583021315e-05,0.0,0.0,0.0
2023-12-07,0.0,0.1482044124973935,0.0,0.0,7.714352339980298e-05,5.316129268538494e-06,0.22578495726148295,0.03414008377277924,0.3,0.016562846404972218,-0.003982255637316209,0.0,6.641885934150441e-05,0.0,0.0,-0.0002967827683829041,0.0,4.447644583021315e-05,0.0,0.0,0.0
2023-12-08,0.0,0.1482044124973935,0.0,0.0,7.714352339980298e-05,5.316129268538494e-06,0.22578495726148295,0.03414008377277924,0.3,0.016562846404972218,-0.003982255637316209,0.0,6.641885934150441e-05,0.0,0.0,-0.0002967827683829041,0.0,4.447644583021315e-05,0.0,0.0,0.0
2023-12-11,0.0,0.1482044124973935,0.0,0.0,7.714352339980298e-05,5.316129268538494e-06,0.22578495726148295,0.03414008377277924,0.3,0.016562846404972218,-0.003982255637316209,0.0,6.641885934150441e-05,0.0,0.0,-0.0002967827683829041,0.0,4.447644583021315e-05,0.0,0.0,0.0
2023-12-12,0.0,0.1482044124973935,0.0,0.0,7.714352339980298e-05,5.316129268538494e-06,0.22578495726148295,0.03414008377277924,0.3,0.016562846404972218,-0.003982255637316209,0.0,6.641885934150441e-05,0.0,0.0,-0.0002967827683829041,0.0,4.447644583021315e-05,0.0,0.0,0.0
2023-12-13,0.0,0.1482044124973935,0.0,0.0,7.714352339980298e-05,5.316129268538494e-06,0.22578495726148295,0.03414008377277924,0.3,0.016562846404972218,-0.003982255637316209,0.0,6.641885934150441e-05,0.0,0.0,-0.0002967827683829041,0.0,4.447644583021315e-05,0.0,0.0,0.0
2023-12-14,0.0,0.1482044124973935,0.0,0.0,7.714352339980298e-05,5.316129268538494e-06,0.22578495726148295,0.03414008377277924,0.3,0.016562846404972218,-0.003982255637316209,0.0,6.641885934150441e-05,0.0,0.0,-0.0002967827683829041,0.0,4.447644583021315e-05,0.0,0.0,0.0
2023-12-15,0.0,0.1482044124973935,0.0,0.0,7.714352339980298e-05,5.316129268538494e-06,0.22578495726148295,0.03414008377277924,0.3,0.016562846404972218,-0.003982255637316209,0.0,6.641885934150441e-05,0.0,0.0,-0.0002967827683829041,0.0,4.447644583021315e-05,0.0,0.0,0.0
2023-12-18,0.0,0.1482044124973935,0.0,0.0,7.714352339980298e-05,5.316129268538494e-06,0.22578495726148295,0.03414008377277924,0.3,0.016562846404972218,-0.003982255637316209,0.0,6.641885934150441e-05,0.0,0.0,-0.0002967827683829041,0.0,4.447644583021315e-05,0.0,0.0,0.0
2023-12-19,0.0,0.1482044124973935,0.0,0.0,7.714352339980298e-05,5.316129268538494e-06,0.22578495726148295,0.03414008377277924,0.3,0.016562846404972218,-0.003982255637316209,0.0,6.641885934150441e-05,0.0,0.0,-0.0002967827683829041,0.0,4.447644583021315e-05,0.0,0.0,0.0
2023-12-20,0.0,0.1482044124973935,0.0,0.0,7.714352339980298e-05,5.316129268538494e-06,0.22578495726148295,0.03414008377277924,0.3,0.016562846404972218,-0.003982255637316209,0.0,6.641885934150441e-05,0.0,0.0,-0.0002967827683829041,0.0,4.447644583021315e-05,0.0,0.0,0.0
2023-12-21,0.0,0.1482044124973935,0.0,0.0,7.714352339980298e-05,5.316129268538494e-06,0.22578495726148295,0.03414008377277924,0.3,0.016562846404972218,-0.003982255637316209,0.0,6.641885934150441e-05,0.0,0.0,-0.0002967827683829041,0.0,4.447644583021315e-05,0.0,0.0,0.0
2023-12-22,0.0,0.1482044124973935,0.0,0.0,7.714352339980298e-05,5.316129268538494e-06,0.22578495726148295,0.03414008377277924,0.3,0.016562846404972218,-0.003982255637316209,0.0,6.641885934150441e-05,0.0,0.0,-0.0002967827683829041,0.0,4.447644583021315e-05,0.0,0.0,0.0
2023-12-26,0.0,0.1482044124973935,0.0,0.0,7.714352339980298e-05,5.316129268538494e-06,0.22578495726148295,0.03414008377277924,0.3,0.016562846404972218,-0.003982255637316209,0.0,6.641885934150441e-05,0.0,0.0,-0.0002967827683829041,0.0,4.447644583021315e-05,0.0,0.0,0.0
2023-12-27,0.0,0.1482044124973935,0.0,0.0,7.714352339980298e-05,5.316129268538494e-06,0.22578495726148295,0.03414008377277924,0.3,0.016562846404972218,-0.003982255637316209,0.0,6.641885934150441e-05,0.0,0.0,-0.0002967827683829041,0.0,4.447644583021315e-05,0.0,0.0,0.0
2023-12-28,0.0,0.1482044124973935,0.0,0.0,7.714352339980298e-05,5.316129268538494e-06,0.22578495726148295,0.03414008377277924,0.3,0.016562846404972218,-0.003982255637316209,0.0,6.641885934150441e-05,0.0,0.0,-0.0002967827683829041,0.0,4.447644583021315e-05,0.0,0.0,0.0
2023-12-29,0.0,0.1482044124973935,0.0,0.0,7.714352339980298e-05,5.316129268538494e-06,0.22578495726148295,0.03414008377277924,0.3,0.016562846404972218,-0.003982255637316209,0.0,6.641885934150441e-05,0.0,0.0,-0.0002967827683829041,0.0,4.447644583021315e-05,0.0,0.0,0.0
2024-01-02,0.0,0.1482044124973935,0.0,0.0,7.714352339980298e-05,5.316129268538494e-06,0.22578495726148295,0.03414008377277924,0.3,0.016562846404972218,-0.003982255637316209,0.0,6.641885934150441e-05,0.0,0.0,-0.0002967827683829041,0.0,4.447644583021315e-05,0.0,0.0,0.0
2024-01-03,0.0,0.1482044124973935,0.0,0.0,7.714352339980298e-05,5.316129268538494e-06,0.22578495726148295,0.03414008377277924,0.3,0.016562846404972218,-0.003982255637316209,0.0,6.641885934150441e-05,0.0,0.0,-0.0002967827683829041,0.0,4.447644583021315e-05,0.0,0.0,0.0
2024-01-04,0.0,0.1482044124973935,0.0,0.0,7.714352339980298e-05,5.316129268538494e-06,0.22578495726148295,0.03414008377277924,0.3,0.016562846404972218,-0.003982255637316209,0.0,6.641885934150441e-05,0.0,0.0,-0.0002967827683829041,0.0,4.447644583021315e-05,0.0,0.0,0.0
2024-01-05,0.0,0.1482044124973935,0.0,0.0,7.714352339980298e-05,5.316129268538494e-06,0.22578495726148295,0.03414008377277924,0.3,0.016562846404972218,-0.003982255637316209,0.0,6.641885934150441e-05,0.0,0.0,-0.0002967827683829041,0.0,4.447644583021315e-05,0.0,0.0,0.0
2024-01-08,0.0,0.1482044124973935,0.0,0.0,7.714352339980298e-05,5.316129268538494e-06,0.22578495726148295,0.03414008377277924,0.3,0.016562846404972218,-0.003982255637316209,0.0,6.641885934150441e-05,0.0,0.0,-0.0002967827683829041,0.0,4.447644583021315e-05,0.0,0.0,0.0
2024-01-09,0.0,0.1482044124973935,0.0,0.0,7.714352339980298e-05,5.316129268538494e-06,0.22578495726148295,0.03414008377277924,0.3,0.016562846404972218,-0.003982255637316209,0.0,6.641885934150441e-05,0.0,0.0,-0.0002967827683829041,0.0,4.447644583021315e-05,0.0,0.0,0.0
2024-01-10,0.0,0.1482044124973935,0.0,0.0,7.714352339980298e-05,5.316129268538494e-06,0.22578495726148295,0.03414008377277924,0.3,0.016562846404972218,-0.003982255637316209,0.0,6.641885934150441e-05,0.0,0.0,-0.0002967827683829041,0.0,4.447644583021315e-05,0.0,0.0,0.0
2024-01-11,0.0,0.1482044124973935,0.0,0.0,7.714352339980298e-05,5.316129268538494e-06,0.22578495726148295,0.03414008377277924,0.3,0.016562846404972218,-0.003982255637316209,0.0,6.641885934150441e-05,0.0,0.0,-0.0002967827683829041,0.0,4.447644583021315e-05,0.0,0.0,0.0
2024-01-12,0.0,0.13338397124765414,0.0,0.0,6.942917105982268e-05,4.7845163416846444e-06,0.20320646153533467,0.030726075395501314,0.3,0.014906561764474996,0.0014938882788062928,0.0,5.977697340735397e-05,0.0,0.0,-0.0002671044915446137,0.0,4.0028801247191835e-05,0.0,0.0,0.0
2024-01-16,0.0,0.12004557412288873,0.0,0.0,6.248625395384042e-05,4.30606470751618e-06,0.19077767492613507,0.023008725506297928,0.3,0.013415905588027497,0.0055372956039182325,0.0,5.379927606661857e-05,0.0,0.0,-0.00024039404239015234,0.0,3.602592112247265e-05,0.0,0.0,0.0
2024-01-17,0.0,0.11258983850183957,0.0,0.0,5.623762855845638e-05,3.8754582367645625e-06,0.1821409672045978,0.014212607857690534,0.3,0.012074315029224748,0.004983566043526409,0.0,4.8419348459956716e-05,0.0,0.0,-0.0002163546381511371,0.0,0.004303046911458255,0.0,0.0,0.0
2024-01-18,0.0,0.10636605324174357,0.0,0.0,5.0613865702610744e-05,3.4879124130881064e-06,0.1850031785617507,0.007186684876465126,0.3,0.010866883526302273,0.00935610247577056,0.0,4.357741361396105e-05,0.0,0.0,-0.00019471917433602342,0.0,0.0038727422203124295,0.0,0.0,0.0
2024-01-19,0.0,0.10206273546985371,0.0,0.0,4.555247913234967e-05,3.1391211717792957e-06,0.16120386210546744,0.006468016388818614,0.3,0.017045359375794787,0.013526488832428796,0.0,3.921967225256494e-05,0.0,0.0,-0.0001752472569024211,0.0,0.003485467998281187,0.0,0.0,0.0
2024-01-22,0.0,0.10120133567416527,0.0,0.0,4.0997231219114704e-05,2.8252090546013664e-06,0.1450834758949207,0.005821214749936752,0.3,0.023860751369797595,0.013526488832428796,0.0,3.529770502730845e-05,0.0,0.0,-0.00015772253121217899,0.0,0.003136921198453068,0.0,0.0,0.0
2024-01-23,0.0,0.09945777390128957,0.004956423180907977,0.0,3.689750809720324e-05,2.54268814914123e-06,0.13750904307383482,0.005239093274943077,0.3,0.03075029812918501,0.013526488832428796,0.0,3.1767934524577605e-05,0.0,0.0,-0.0001419502780909611,0.0,0.0028232290786077614,0.0,0.0,0.0
2024-01-24,0.0,0.09790296180354847,0.004460780862817179,0.0,3.3207757287482914e-05,2.288419334227107e-06,0.12375813876645135,0.00471518394744877,0.3,0.03823732674470612,0.013526488832428796,0.0,2.8591141072119845e-05,0.0,0.0,-0.000127755250281865,0.0,0.0025409061707469855,0.0,0.0,0.0
2024-01-25,0.0,0.09490471185895433,0.004014702776535461,0.0,2.9886981558734623e-05,2.059577400804396e-06,0.09329433493684544,0.009690401571353929,0.3,0.042941325651059535,0.013526488832428796,0.0,2.573202696490786e-05,0.0,0.0,-0.0001149797252536785,0.0,0.002286815553672287,0.0,0.0,0.0
2024-01-26,0.0,0.10529060775585641,0.003613232498881915,0.0,2.689828340286116e-05,1.8536196607239566e-06,0.06515075868984144,0.01325678274330562,0.3,0.03864719308595358,0.012173839949185916,0.0,2.3158824268417075e-05,0.0,0.0,-0.00010348175272831065,0.0,0.0020581339983050586,0.0,0.0,0.0
2024-01-29,0.0,0.12868722449948428,0.0032519092489937235,0.0,2.4208455062575048e-05,1.668257694651561e-06,0.04419844546430604,0.01325678274330562,0.3,0.03478247377735822,0.010956455954267325,0.0,2.0842941841575367e-05,0.0,0.0,-9.313357745547958e-05,0.0,0.0018523205984745529,0.0,0.0,0.0
2024-01-30,0.0,0.15440481379085705,0.002926718324094351,0.0,2.1787609556317544e-05,1.501431925186405e-06,0.028912913531524496,0.01325678274330562,0.3,0.027144618620266757,0.009860810358840594,0.0,1.875864765741783e-05,0.0,0.0,-8.382021970993162e-05,0.0,0.0016670885386270975,0.0,0.0,0.0
2024-01-31,0.0,0.18656085573725426,0.002634046491684916,0.0,1.960884860068579e-05,1.3512887326677646e-06,0.020354563967033446,0.01325678274330562,0.3,0.024430156758240083,0.008874729322956534,0.0,1.6882782891676047e-05,0.0,0.0,-7.543819773893847e-05,0.0,0.0015003796847643878,0.0,0.0,0.0
2024-02-01,0.0,0.21954097718006632,0.0023706418425164244,0.0,1.7647963740617213e-05,1.2161598594009882e-06,0.0183191075703301,0.01325678274330562,0.3,0.021987141082416076,0.007987256390660882,0.0,1.5194504602508443e-05,0.0,0.0,-6.789437796504462e-05,0.0,0.001350341716287949,0.0,0.0,0.0
2024-02-02,0.0,0.24956126705259501,0.002133577658264782,0.0,1.5883167366555494e-05,1.0945438734608893e-06,0.016487196813297092,0.011931104468975058,0.3,0.019788426974174468,0.011639331141258239,0.0,1.36750541422576e-05,0.0,0.0,-6.110494016854016e-05,0.0,0.001215307544659154,0.0,0.0,0.0
2024-02-05,0.0,0.276722795708752,0.0019202198924383037,0.0,1.4294850629899945e-05,9.850894861148004e-07,0.021243498547690216,0.010737994022077552,0.3,0.017809584276757023,0.011639331141258239,0.0,1.230754872803184e-05,0.0,0.0,-5.499444615168615e-05,0.0,0.0010937767901932386,0.0,0.0,0.0
2024-02-06,0.0,0.2985146704993053,0.0017281979031944733,0.0,1.2865365566909951e-05,8.865805375033203e-07,0.026100706072838473,0.009664194619869797,0.3,0.01602862584908132,0.011639331141258239,0.0,1.1076793855228656e-05,0.0,0.0,-4.9495001536517536e-05,0.0,0.0009843991111739149,0.0,0.0,0.0
2024-02-07,0.0,0.3,0.001555378112875026,0.0,1.1578829010218955e-05,7.979224837529883e-07,0.05751833141437966,0.008697775157882818,0.3,0.014425763264173188,0.011639331141258239,0.0,9.969114469705791e-06,0.0,0.0,-4.454550138286578e-05,0.0,0.0008859592000565234,0.0,0.0,0.0
2024-02-08,0.0,0.3,0.0013998403015875235,0.0,1.042094610919706e-05,7.181302353776895e-07,0.09157358621727565,0.007827997642094535,0.3,0.01298318693775587,0.011639331141258239,0.0,8.972203022735211e-06,0.0,0.0,-4.0090951244579204e-05,0.0,0.0007973632800508711,0.0,0.0,0.0
2024-02-09,0.0,0.3,0.0012598562714287711,0.0,9.378851498277353e-06,6.463172118399205e-07,0.12071206543780555,0.007045197877885082,0.3,0.011684868243980283,0.010475398027132415,0.0,8.07498272046169e-06,0.0,0.0,-3.6081856120121283e-05,0.0,0.000717626952045784,0.0,0.0,0.0
2024-02-12,0.0,0.3,0.001133870644285894,0.0,8.440966348449618e-06,5.816854906559285e-07,0.1472538378348233,0.006340678090096574,0.3,0.010516381419582254,0.009427858224419173,0.0,7.267484448415521e-06,0.0,0.0,-3.247367050810916e-05,0.0,0.0006458642568412055,0.0,0.0,0.0
2024-02-13,0.0,0.3,0.0010204835798573047,0.0,7.596869713604657e-06,5.235169415903357e-07,0.1708047703756064,0.005706610281086917,0.3,0.009464743277624029,0.008485072401977257,0.0,6.540736003573969e-06,0.0,0.0,-2.922630345729824e-05,0.0,0.000581277831157085,0.0,0.0,0.0
2024-02-14,0.0,0.3,0.0009184352218715743,0.0,6.837182742244191e-06,4.711652474313021e-07,0.190262171942586,0.009898220272688763,0.3,0.008518268949861626,0.007636565161779531,0.0,5.886662403216573e-06,0.0,0.0,-2.6303673111568418e-05,0.0,0.0005231500480413765,0.0,0.0,0.0
2024-02-15,0.0,0.2979791013526853,0.0008265916996844169,0.0,6.153464468019772e-06,4.240487226881719e-07,0.20095363628874105,0.013761038353782378,0.3,0.011656779279394406,0.006872908645601578,0.0,5.297996162894916e-06,0.0,0.0,-2.3673305800411576e-05,0.0,0.0004708350432372389,0.0,0.0,0.0
2024-02-16,0.0,0.3,0.0007439325297159752,0.0,5.5381180212177955e-06,3.816438504193547e-07,0.2164469438913788,0.013761038353782378,0.3,0.015513661170379894,0.00618561778104142,0.0,4.768196546605425e-06,0.0,0.0,-2.1305975220370418e-05,0.0,0.000423751538913515,0.0,0.0,0.0
2024-02-20,0.0,0.3,0.0006695392767443777,0.0,4.984306219096016e-06,3.434794653774192e-07,0.23280931970002594,0.013761038353782378,0.3,0.018333693511089787,0.005567056002937278,0.0,4.2913768919448824e-06,0.0,0.0,-1.9175377698333376e-05,0.0,0.0003813763850221635,0.0,0.0,0.0
2024-02-21,0.0,0.3,0.0006025853490699399,0.0,4.485875597186414e-06,3.091315188396773e-07,0.24723410708773952,0.013761038353782378,0.3,0.01833369351108979,0.005010350402643551,0.0,3.862239202750395e-06,0.0,0.0,-1.725783992850004e-05,0.0,0.00034323874651994715,0.0,0.0,0.0
2024-02-22,0.0,0.2955273274198266,0.0005423268141629459,0.0,4.037288037467773e-06,2.7821836695570957e-07,0.24909117427952684,0.013761038353782378,0.3,0.01980517222903137,0.004509315362379196,0.0,3.4760152824753553e-06,0.0,0.0,-1.5532055935650036e-05,0.0,0.00030891487186795243,0.0,0.0,0.0
2024-02-23,0.0,0.2955273274198266,0.0005423268141629459,0.0,4.037288037467773e-06,2.7821836695570957e-07,0.24909117427952684,0.013761038353782378,0.3,0.01980517222903137,0.004509315362379196,0.0,3.4760152824753553e-06,0.0,0.0,-1.5532055935650036e-05,0.0,0.00030891487186795243,0.0,0.0,0.0
2024-02-26,0.0,0.2945932827287937,0.00048809413274665135,0.0,3.6335592337209958e-06,2.503965302601386e-07,0.26094677839836244,0.012384934518404141,0.3,0.02573961306336711,0.0040583838261412765,0.0,3.1284137542278198e-06,0.0,0.0,-1.3978850342085033e-05,0.0,0.00027802338468115717,0.0,0.0,0.0
2024-02-27,0.0,0.2928914410191855,0.00043928471947198624,0.0,3.2702033103488962e-06,2.2535687723412475e-07,0.26949873118849654,0.011146441066563727,0.3,0.03087611209634189,0.007735912482630963,0.0,2.815572378805038e-06,0.0,0.0,-1.258096530787653e-05,0.0,0.00025022104621304144,0.0,0.0,0.0
2024-02-28,0.0,0.2898457694453614,0.00039535624752478764,0.0,2.9431829793140068e-06,2.0282118951071228e-07,0.27645940012229747,0.014530021849353548,0.3,0.03611565883401339,0.011521360605346236,0.0,2.5340151409245344e-06,0.0,0.0,-1.1322868777088877e-05,0.0,0.0002251989415917373,0.0,0.0,0.0
2024-02-29,0.0,0.28788469618671964,0.0003558206227723089,0.0,2.6488646813826063e-06,1.8253907055964105e-07,0.2848423421839487,0.018147905151102737,0.3,0.04003645254561416,0.014848880043072138,0.0,2.280613626832081e-06,0.0,0.0,-1.019058189937999e-05,0.0,0.00020267904743256356,0.0,0.0,0.0
2024-03-01,0.0,0.2840334514903751,0.000320238560495078,0.0,2.3839782132443457e-06,1.6428516350367695e-07,0.29460048280504986,0.021185850181902208,0.3,0.04367441163487121,0.018043112060943986,0.0,2.052552264148873e-06,0.0,0.0,-9.17152370944199e-06,0.0,0.0001824111426893072,0.0,0.0,0.0
2024-03-04,0.0,0.28231323924062107,0.0002882147044455702,0.0,2.145580391919911e-06,1.4785664715330925e-07,0.3,0.01906726516371199,0.3,0.04392776052246413,0.021509781885126592,0.0,1.8472970377339856e-06,0.0,0.0,-8.254371338497792e-06,0.0,0.00016417002842037648,0.0,0.0,0.0
2024-03-05,0.0,0.28090627138884744,0.0002593932340010132,0.0,1.93102235272792e-06,1.3307098243797832e-07,0.3,0.01716053864734079,0.3,0.03953498447021772,0.021509781885126592,0.0,1.6625673339605872e-06,0.0,0.0,-7.428934204648013e-06,0.0,0.00014775302557833882,0.0,0.0,0.0
2024-03-06,0.0,0.27521969655510164,0.00023345391060091187,0.0,1.7379201174551283e-06,1.197638841941805e-07,0.3,0.015444484782606713,0.3,0.041709973190851,0.02357907890524732,0.0,1.4963106005645285e-06,0.0,0.0,-6.686040784183212e-06,0.0,0.00013297772302050496,0.0,0.0,0.0
2024-03-07,0.0,0.2718395185312569,0.00021010851954082069,0.0,1.5641281057096156e-06,1.0778749577476245e-07,0.3,0.013900036304346042,0.3,0.04154292958584198,0.025461027584191658,0.0,1.3466795405080756e-06,0.0,0.0,-6.017436705764891e-06,0.0,0.00011967995071845446,0.0,0.0,0.0
2024-03-08,0.0,0.274198962718776,0.00018909766758673863,0.0,1.407715295138654e-06,9.70087461972862e-08,0.3,0.012510032673911438,0.3,0.041762810230127956,0.022914924825772492,0.0,1.212011586457268e-06,0.0,0.0,-5.415693035188402e-06,0.0,0.00010771195564660902,0.0,0.0,0.0
2024-03-11,0.0,0.2786608437672243,0.00017018790082806476,0.0,1.2669437656247886e-06,8.730787157755758e-08,0.3,0.011259029406520295,0.3,0.043777721503558104,0.020623432343195244,0.0,1.0908104278115412e-06,0.0,0.0,-4.874123731669562e-06,0.0,9.694076008194812e-05,0.0,0.0,0.0
2024-03-12,0.0,0.2823732865337954,0.0001531691107452583,0.0,-0.004019598029127816,7.857708441980183e-08,0.3,0.010133126465868265,0.3,0.04420556898962627,0.01856108910887572,0.0,9.817293850303871e-07,0.0,0.0,-4.386711358502606e-06,0.0,8.724668407375332e-05,0.0,0.0,0.0
2024-03-13,0.0,0.2823732865337954,0.0001531691107452583,0.0,-0.004019598029127816,7.857708441980183e-08,0.3,0.010133126465868265,0.3,0.04420556898962627,0.01856108910887572,0.0,9.817293850303871e-07,0.0,0.0,-4.386711358502606e-06,0.0,8.724668407375332e-05,0.0,0.0,0.0
2024-03-14,0.0,0.28668609800904776,0.00013785219967073247,0.0,-0.0036176382262150344,7.071937597782165e-08,0.3,0.0162670149265509,0.3,0.04375491864850609,0.016704980197988148,0.0,8.835564465273484e-07,0.0,0.0,-3.9480402226523455e-06,0.0,7.852201566637799e-05,0.0,0.0,0.0
2024-03-15,0.0,0.2909346688139132,0.00012406697970365922,0.0,-0.003255874403593531,6.364743838003948e-08,0.3,0.02220855989647955,0.3,0.03937942678365548,0.015034482178189333,0.0,7.952008018746136e-07,0.0,0.0,-3.553236200387111e-06,0.0,7.066981409974019e-05,0.0,0.0,0.0
2024-03-18,0.0,0.2919642870015232,0.00011166028173329331,0.0,-0.002930286963234178,5.728269454203553e-08,0.3,0.027337178115304873,0.3,0.03544148410528994,0.0135310339603704,0.0,7.156807216871522e-07,0.0,0.0,-3.1979125803484e-06,0.0,6.360283268976617e-05,0.0,0.0,0.0
2024-03-19,0.0,0.29461174570264387,0.00010049425355996398,0.0,-0.0026372582669107604,5.155442508783198e-08,0.3,0.031552470673371566,0.3,0.03189733569476095,0.012177930564333361,0.0,6.44112649518437e-07,0.0,0.0,-2.8781213223135602e-06,0.0,5.7242549420789556e-05,0.0,0.0,0.0
2024-03-20,0.0,0.2969128143733154,9.044482820396758e-05,0.0,-0.0023735324402196843,4.639898257904879e-08,0.3,0.03502709095048028,0.3,0.028707602125284854,0.010960137507900026,0.0,5.797013845665933e-07,0.0,0.0,-2.5903091900822042e-06,0.0,5.15182944787106e-05,0.0,0.0,0.0
2024-03-21,0.0,0.2977795395631458,8.140034538357082e-05,0.0,-0.002136179196197716,4.175908432114391e-08,0.3,0.03635470948244554,0.3,0.02583684191275637,0.009864123757110023,0.0,5.21731246109934e-07,0.0,0.0,-2.3312782710739838e-06,0.0,4.636646503083954e-05,0.0,0.0,0.0
2024-03-22,0.0,0.3,7.326031084521375e-05,0.0,-0.0019225612765779443,3.758317588902952e-08,0.3,0.03678942688928728,0.3,0.023253157721480733,0.008877711381399022,0.0,4.6955812149894067e-07,0.0,0.0,-2.0981504439665853e-06,0.0,4.172981852775559e-05,0.0,0.0,0.0
2024-03-25,0.0,0.3,6.593427976069238e-05,0.0,-0.00173030514892015,3.382485830012657e-08,0.3,0.03311048420035856,0.3,0.02092784194933266,0.00798994024325912,0.0,4.226023093490466e-07,0.0,0.0,-1.8883353995699267e-06,0.0,3.7556836674980035e-05,0.0,0.0,0.0
2024-03-26,0.0,0.3,5.934085178462314e-05,0.0,-0.001557274634028135,3.0442372470113915e-08,0.3,0.029799435780322705,0.3,0.018835057754399396,0.0071909462189332085,0.0,3.8034207841414193e-07,0.0,0.0,-1.699501859612934e-06,0.0,3.3801153007482034e-05,0.0,0.0,0.0
2024-03-27,0.0,0.3,5.3406766606160825e-05,0.0,-0.0014015471706253215,2.7398135223102524e-08,0.3,0.026819492202290435,0.3,0.016951551978959457,0.006471851597039888,0.0,3.4230787057272773e-07,0.0,0.0,-1.5295516736516407e-06,0.0,3.0421037706733832e-05,0.0,0.0,0.0
2024-03-28,0.0,0.3,4.806608994554474e-05,0.0,-0.0012613924535627894,2.4658321700792273e-08,0.3,0.024137542982061392,0.3,0.015256396781063513,0.009740380265774111,0.0,3.0807708351545496e-07,0.0,0.0,-1.3765965062864766e-06,0.0,2.737893393606045e-05,0.0,0.0,0.0
2024-04-01,0.0,0.3,4.325948095099027e-05,0.0,-0.0011352532082065105,2.2192489530713047e-08,0.3,0.021723788683855254,0.3,0.013730757102957162,0.0087663422391967,0.0,2.7726937516390945e-07,0.0,0.0,-1.238936855657829e-06,0.0,2.4641040542454407e-05,0.0,0.0,0.0
2024-04-02,0.0,0.3,3.893353285589124e-05,0.0,-0.0010217278873858595,1.9973240577641742e-08,0.3,0.01955140981546973,0.3,0.012357681392661446,0.00788970801527703,0.0,2.495424376475185e-07,0.0,0.0,-1.115043170092046e-06,0.0,2.2176936488208967e-05,0.0,0.0,0.0
2024-04-03,0.0,0.3,3.893353285589124e-05,0.0,-0.0010217278873858595,1.9973240577641742e-08,0.3,0.01955140981546973,0.3,0.012357681392661447,0.00788970801527703,0.0,2.495424376475185e-07,0.0,0.0,-1.1150431700920462e-06,0.0,2.2176936488208967e-05,0.0,0.0,0.0
2024-04-04,0.0,0.3,3.893353285589124e-05,0.0,-0.0010217278873858595,1.9973240577641742e-08,0.3,0.01955140981546973,0.3,0.012357681392661449,0.00788970801527703,0.0,2.495424376475185e-07,0.0,0.0,-1.1150431700920465e-06,0.0,2.2176936488208967e-05,0.0,0.0,0.0
2024-04-05,0.0,0.3,3.893353285589124e-05,0.0,-0.0010217278873858595,1.9973240577641742e-08,0.3,0.01955140981546973,0.3,0.012357681392661449,0.00788970801527703,0.0,2.495424376475185e-07,0.0,0.0,-1.1150431700920465e-06,0.0,2.2176936488208967e-05,0.0,0.0,0.0
2024-04-08,0.0,0.3,3.893353285589124e-05,0.0,-0.0010217278873858595,1.9973240577641742e-08,0.3,0.01955140981546973,0.3,0.012357681392661449,0.00788970801527703,0.0,2.495424376475185e-07,0.0,0.0,-1.1150431700920465e-06,0.0,2.2176936488208967e-05,0.0,0.0,0.0
2024-04-09,0.0,0.3,3.893353285589124e-05,0.0,-0.0010217278873858595,1.9973240577641742e-08,0.3,0.01955140981546973,0.3,0.012357681392661449,0.00788970801527703,0.0,2.495424376475185e-07,0.0,0.0,-1.1150431700920465e-06,0.0,2.2176936488208967e-05,0.0,0.0,0.0
2024-04-10,0.0,0.3,3.893353285589124e-05,0.0,-0.0010217278873858595,1.9973240577641742e-08,0.3,0.01955140981546973,0.3,0.012357681392661449,0.00788970801527703,0.0,2.495424376475185e-07,0.0,0.0,-1.1150431700920465e-06,0.0,2.2176936488208967e-05,0.0,0.0,0.0
2024-04-11,0.0,0.3,3.893353285589124e-05,0.0,-0.0010217278873858595,1.9973240577641742e-08,0.3,0.01955140981546973,0.3,0.012357681392661449,0.00788970801527703,0.0,2.495424376475185e-07,0.0,0.0,-1.1150431700920465e-06,0.0,2.2176936488208967e-05,0.0,0.0,0.0
2024-04-12,0.0,0.3,3.893353285589124e-05,0.0,-0.0010217278873858595,1.9973240577641742e-08,0.3,0.01955140981546973,0.3,0.012357681392661449,0.00788970801527703,0.0,2.495424376475185e-07,0.0,0.0,-1.1150431700920465e-06,0.0,2.2176936488208967e-05,0.0,0.0,0.0
2024-04-15,0.0,0.3,3.893353285589124e-05,0.0,-0.0010217278873858595,1.9973240577641742e-08,0.3,0.01955140981546973,0.3,0.012357681392661449,0.00788970801527703,0.0,2.495424376475185e-07,0.0,0.0,-1.1150431700920465e-06,0.0,2.2176936488208967e-05,0.0,0.0,0.0
2024-04-16,0.0,0.3,3.893353285589124e-05,0.0,-0.0010217278873858595,1.9973240577641742e-08,0.3,0.01955140981546973,0.3,0.012357681392661449,0.00788970801527703,0.0,2.495424376475185e-07,0.0,0.0,-1.1150431700920465e-06,0.0,2.2176936488208967e-05,0.0,0.0,0.0
2024-04-17,0.0,0.2710220016727346,3.5172813355982745e-05,0.0,-0.0009230357906805668,1.804395880414517e-08,0.2710220016727346,0.017662874079041855,0.2710220016727346,0.01116401182357671,0.007127614863045995,0.0,2.2543830317841346e-07,0.0,0.0,-1.0073374396995262e-06,0.0,2.0034792393345e-05,0.0,0.0,0.0
2024-04-18,0.0,0.2710220016727346,3.517281335598275e-05,0.0,-0.0009230357906805668,1.804395880414517e-08,0.2710220016727346,0.017662874079041855,0.2710220016727346,0.011164011823576712,0.007127614863045995,0.0,2.2543830317841346e-07,0.0,0.0,-1.0073374396995262e-06,0.0,2.0034792393345e-05,0.0,0.0,0.0
2024-04-19,0.0,0.2710220016727346,3.517281335598276e-05,0.0,-0.0009230357906805668,1.804395880414517e-08,0.2710220016727346,0.017662874079041855,0.2710220016727346,0.011164011823576713,0.007127614863045995,0.0,2.2543830317841346e-07,0.0,0.0,-1.0073374396995262e-06,0.0,2.0034792393345e-05,0.0,0.0,0.0
2024-04-22,0.0,0.2710220016727346,3.517281335598276e-05,0.0,-0.0009230357906805668,1.804395880414517e-08,0.2710220016727346,0.017662874079041855,0.2710220016727346,0.011164011823576713,0.007127614863045995,0.0,2.2543830317841346e-07,0.0,0.0,-1.0073374396995262e-06,0.0,2.0034792393345e-05,0.0,0.0,0.0
2024-04-23,0.0,0.2710220016727346,3.517281335598276e-05,0.0,-0.0009230357906805668,1.804395880414517e-08,0.2710220016727346,0.017662874079041855,0.2710220016727346,0.011164011823576713,0.007127614863045995,0.0,2.2543830317841346e-07,0.0,0.0,-1.0073374396995262e-06,0.0,2.0034792393345e-05,0.0,0.0,0.0
2024-04-24,0.0,0.2710220016727346,3.517281335598276e-05,0.0,-0.0009230357906805668,1.804395880414517e-08,0.2710220016727346,0.017662874079041855,0.2710220016727346,0.011164011823576713,0.007127614863045995,0.0,2.2543830317841346e-07,0.0,0.0,-1.0073374396995262e-06,0.0,2.0034792393345e-05,0.0,0.0,0.0
2024-04-25,0.0,0.2710220016727346,3.517281335598276e-05,0.0,-0.0009230357906805668,1.804395880414517e-08,0.2710220016727346,0.017662874079041855,0.2710220016727346,0.011164011823576713,0.007127614863045995,0.0,2.2543830317841346e-07,0.0,0.0,-1.0073374396995262e-06,0.0,2.0034792393345e-05,0.0,0.0,0.0
2024-04-26,0.0,0.2710220016727346,3.517281335598276e-05,0.0,-0.0009230357906805668,1.804395880414517e-08,0.2710220016727346,0.017662874079041855,0.2710220016727346,0.011164011823576713,0.007127614863045995,0.0,2.2543830317841346e-07,0.0,0.0,-1.0073374396995262e-06,0.0,2.0034792393345e-05,0.0,0.0,0.0
2024-04-29,0.0,0.2710220016727346,3.517281335598276e-05,0.0,-0.0009230357906805668,1.804395880414517e-08,0.2710220016727346,0.017662874079041855,0.2710220016727346,0.011164011823576713,0.007127614863045995,0.0,2.2543830317841346e-07,0.0,0.0,-1.0073374396995262e-06,0.0,2.0034792393345e-05,0.0,0.0,0.0
2024-04-30,0.0,0.2710220016727346,3.517281335598276e-05,0.0,-0.0009230357906805668,1.804395880414517e-08,0.2710220016727346,0.017662874079041855,0.2710220016727346,0.011164011823576713,0.007127614863045995,0.0,2.2543830317841346e-07,0.0,0.0,-1.0073374396995262e-06,0.0,2.0034792393345e-05,0.0,0.0,0.0
2024-05-01,0.0,0.2710220016727346,3.517281335598276e-05,0.0,-0.0009230357906805668,1.804395880414517e-08,0.2710220016727346,0.017662874079041855,0.2710220016727346,0.011164011823576713,0.007127614863045995,0.0,2.2543830317841346e-07,0.0,0.0,-1.0073374396995262e-06,0.0,2.0034792393345e-05,0.0,0.0,0.0
2024-05-02,0.0,0.2710220016727346,3.517281335598276e-05,0.0,-0.0009230357906805668,1.804395880414517e-08,0.2710220016727346,0.017662874079041855,0.2710220016727346,0.011164011823576713,0.007127614863045995,0.0,2.2543830317841346e-07,0.0,0.0,-1.0073374396995262e-06,0.0,2.0034792393345e-05,0.0,0.0,0.0
2024-05-03,0.0,0.2710220016727346,3.517281335598276e-05,0.0,-0.0009230357906805668,1.804395880414517e-08,0.2710220016727346,0.017662874079041855,0.2710220016727346,0.011164011823576713,0.007127614863045995,0.0,2.2543830317841346e-07,0.0,0.0,-1.0073374396995262e-06,0.0,2.0034792393345e-05,0.0,0.0,0.0
2024-05-06,0.0,0.2710220016727346,3.517281335598276e-05,0.0,-0.0009230357906805668,1.804395880414517e-08,0.2710220016727346,0.017662874079041855,0.2710220016727346,0.011164011823576713,0.007127614863045995,0.0,2.2543830317841346e-07,0.0,0.0,-1.0073374396995262e-06,0.0,2.0034792393345e-05,0.0,0.0,0.0
2024-05-07,0.0,0.2710220016727346,3.517281335598276e-05,0.0,-0.0009230357906805668,1.804395880414517e-08,0.2710220016727346,0.017662874079041855,0.2710220016727346,0.011164011823576713,0.007127614863045995,0.0,2.2543830317841346e-07,0.0,0.0,-1.0073374396995262e-06,0.0,2.0034792393345e-05,0.0,0.0,0.0
2024-05-08,0.0,0.2710220016727346,3.517281335598276e-05,0.0,-0.0009230357906805668,1.804395880414517e-08,0.2710220016727346,0.017662874079041855,0.2710220016727346,0.011164011823576713,0.007127614863045995,0.0,2.2543830317841346e-07,0.0,0.0,-1.0073374396995262e-06,0.0,2.0034792393345e-05,0.0,0.0,0.0
2024-05-09,0.0,0.2710220016727346,3.517281335598276e-05,0.0,-0.0009230357906805668,1.804395880414517e-08,0.2710220016727346,0.017662874079041855,0.2710220016727346,0.011164011823576713,0.007127614863045995,0.0,2.2543830317841346e-07,0.0,0.0,-1.0073374396995262e-06,0.0,2.0034792393345e-05,0.0,0.0,0.0
2024-05-10,0.0,0.2710220016727346,3.517281335598276e-05,0.0,-0.0009230357906805668,1.804395880414517e-08,0.2710220016727346,0.017662874079041855,0.2710220016727346,0.011164011823576713,0.007127614863045995,0.0,2.2543830317841346e-07,0.0,0.0,-1.0073374396995262e-06,0.0,2.0034792393345e-05,0.0,0.0,0.0
2024-05-13,0.0,0.2710220016727346,3.517281335598276e-05,0.0,-0.0009230357906805668,1.804395880414517e-08,0.2710220016727346,0.017662874079041855,0.2710220016727346,0.011164011823576713,0.007127614863045995,0.0,2.2543830317841346e-07,0.0,0.0,-1.0073374396995262e-06,0.0,2.0034792393345e-05,0.0,0.0,0.0
2024-05-14,0.0,0.2710220016727346,3.517281335598276e-05,0.0,-0.0009230357906805668,1.804395880414517e-08,0.2710220016727346,0.017662874079041855,0.2710220016727346,0.011164011823576713,0.007127614863045995,0.0,2.2543830317841346e-07,0.0,0.0,-1.0073374396995262e-06,0.0,2.0034792393345e-05,0.0,0.0,0.0
2024-05-15,0.0,0.2710220016727346,3.517281335598276e-05,0.0,-0.0009230357906805668,1.804395880414517e-08,0.2710220016727346,0.017662874079041855,0.2710220016727346,0.011164011823576713,0.007127614863045995,0.0,2.2543830317841346e-07,0.0,0.0,-1.0073374396995262e-06,0.0,2.0034792393345e-05,0.0,0.0,0.0
2024-05-16,0.0,0.2710220016727346,3.517281335598276e-05,0.0,-0.0009230357906805668,1.804395880414517e-08,0.2710220016727346,0.017662874079041855,0.2710220016727346,0.011164011823576713,0.007127614863045995,0.0,2.2543830317841346e-07,0.0,0.0,-1.0073374396995262e-06,0.0,2.0034792393345e-05,0.0,0.0,0.0
2024-05-17,0.0,0.27507057791418077,3.165553202038448e-05,0.0,-0.0008307322116125101,1.6239562923730654e-08,0.2799113353243561,0.01589658667113767,0.2799113353243561,0.014503926834831829,0.006414853376741396,0.0,2.0289447286057212e-07,0.0,0.0,-9.066036957295736e-07,0.004301419145295836,1.80313131540105e-05,0.0,0.0,0.0
2024-05-20,0.0,0.27507057791418077,3.165553202038448e-05,0.0,-0.0008307322116125101,1.6239562923730654e-08,0.2799113353243561,0.01589658667113767,0.2799113353243561,0.014503926834831829,0.006414853376741396,0.0,2.0289447286057214e-07,0.0,0.0,-9.066036957295736e-07,0.004301419145295836,1.80313131540105e-05,0.0,0.0,0.0
2024-05-21,0.0,0.27507057791418077,3.165553202038448e-05,0.0,-0.0008307322116125101,1.6239562923730654e-08,0.2799113353243561,0.01589658667113767,0.2799113353243561,0.014503926834831829,0.006414853376741396,0.0,2.0289447286057217e-07,0.0,0.0,-9.066036957295736e-07,0.004301419145295836,1.80313131540105e-05,0.0,0.0,0.0
2024-05-22,0.0,0.27232688993009246,2.8489978818346035e-05,0.0,-0.0007476589904512591,1.4615606631357588e-08,0.28995798156243935,0.014306928004023904,0.28995798156243935,0.017051987901234446,0.0057733680390672565,0.0,1.8260502557451494e-07,0.0,0.0,-8.159433261566162e-07,-0.00016127961559755585,1.6228181838609448e-05,0.0,0.0,0.0
2024-05-23,0.0,0.27232688993009246,2.848997881834604e-05,0.0,-0.0007476589904512592,1.4615606631357588e-08,0.28995798156243935,0.014306928004023904,0.28995798156243935,0.017051987901234446,0.0057733680390672565,0.0,1.8260502557451494e-07,0.0,0.0,-8.159433261566162e-07,-0.00016127961559755588,1.6228181838609448e-05,0.0,0.0,0.0
2024-05-24,0.0,0.27232688993009246,2.848997881834604e-05,0.0,-0.0007476589904512593,1.4615606631357588e-08,0.28995798156243935,0.014306928004023904,0.28995798156243935,0.017051987901234446,0.0057733680390672565,0.0,1.8260502557451494e-07,0.0,0.0,-8.159433261566162e-07,-0.00016127961559755588,1.6228181838609448e-05,0.0,0.0,0.0
2024-05-28,0.0,0.269915856088387,0.0055608129191706155,0.0,-0.0006728930914061334,1.315404596822183e-08,0.2969798010810696,0.012876235203621514,0.3,0.015346789111111002,-0.001708625920543788,0.0,1.6434452301706345e-07,0.0,0.0,-7.343489935409546e-07,-0.00014515165403780028,1.4605363654748504e-05,0.0,0.0,0.0
2024-05-29,0.0,0.27528971982441686,0.005004731627253554,0.0,-0.0006056037822655201,1.1838641371399647e-08,0.3,0.011588611683259363,0.3,0.013812110199999903,-0.007144649861347316,0.0,1.4791007071535712e-07,0.0,0.0,-6.609140941868592e-07,-0.00013063648863402026,1.3144827289273654e-05,0.0,0.0,0.0
2024-05-30,0.0,0.2872000677935104,0.004504258464528199,0.0,-0.0005450434040389681,1.0654777234259682e-08,0.2995869978485881,0.010429750514933427,0.3,0.012430899179999913,-0.01088240248511573,0.0,1.331190636438214e-07,0.0,0.0,-5.948226847681733e-07,-0.00011757283977061824,1.1830344560346289e-05,0.0,0.0,0.0
2024-05-31,0.0,0.2877997613092558,-0.0024734834364252773,0.0,-0.00495334935788526,9.589299510833714e-09,0.3,0.009386775463440085,0.3,0.011187809261999922,-0.01088240248511573,0.0,1.1980715727943926e-07,0.0,0.0,-5.35340416291356e-07,-0.00010581555579355642,1.064731010431166e-05,0.0,0.0,0.0
2024-06-03,0.0,0.28737897324662215,-0.011886114244790007,0.0,-0.008973698905750695,8.630369559750343e-09,0.3,0.008448097917096076,0.3,0.01006902833579993,-0.01088240248511573,0.0,1.0782644155149534e-07,0.0,0.0,-4.818063746622204e-07,-9.523400021420077e-05,9.582579093880495e-06,0.0,0.0,0.0
2024-06-04,0.0,0.2844545162622775,-0.019548801320264,0.0,-0.008076329015175627,7.76733260377531e-09,0.3,0.007603288125386468,0.3,0.009062125502219938,-0.01088240248511573,0.0,9.704379739634581e-08,0.0,0.0,-4.336257371959984e-07,-8.571060019278069e-05,8.624321184492445e-06,0.0,0.0,0.0
2024-06-05,0.0,0.2793575569794613,-0.028301354462188393,0.0,-0.007268696113658064,6.9905993433977786e-09,0.3,0.0018507533104728836,0.3,0.008155912951997945,-0.01088240248511573,0.0,8.733941765671124e-08,0.0,0.0,-3.902631634763986e-07,-7.713954017350263e-05,7.7618890660432e-06,0.0,0.0,0.0
2024-06-06,0.0,0.2723297082301155,-0.036189395064973595,0.0,-0.006541826502292258,6.2915394090580005e-09,0.3,-0.004328548885419761,0.3,0.007340321656798151,-0.009794162236604157,0.0,7.860547589104012e-08,0.0,0.0,-3.512368471287587e-07,-6.942558615615236e-05,6.985700159438881e-06,0.0,0.0,0.0
2024-06-07,0.0,0.2698080903475896,-0.04278528317076797,0.0,-0.005887643852063032,5.662385468152201e-09,0.3,-0.0038956939968777847,0.3,0.006606289491118336,-0.008814746012943742,0.0,7.074492830193611e-08,0.0,0.0,-3.161131624158828e-07,-6.248302754053713e-05,0.003906291872388801,0.0,0.0,0.0
2024-06-10,0.0,0.27382121224635725,-0.05003402092536263,0.0,-0.005298879466856729,5.096146921336981e-09,0.3,-0.0035061245971900064,0.3,0.005945660542006502,-0.007933271411649368,0.0,6.36704354717425e-08,0.0,0.0,-2.8450184617429456e-07,-5.623472478648342e-05,0.003515662685149921,0.0,0.0,0.0
2024-06-11,0.0,0.2767403963991235,-0.05669759444426118,0.0,-0.004768991520171056,4.586532229203283e-09,0.3,-0.003155512137471006,0.3,0.005351094487805852,-0.007139944270484431,0.0,5.730339192456825e-08,0.0,0.0,-2.560516615568651e-07,-5.061125230783508e-05,0.0031640964166349287,0.0,0.0,0.0
2024-06-12,0.0,0.28307286674275395,-0.060545446983690354,0.0,-0.00429209236815395,4.127879006282955e-09,0.3,-0.0028399609237239054,0.3,0.004815985039025267,-0.006425949843435988,0.0,5.1573052732111426e-08,0.0,0.0,-2.304464954011786e-07,-4.5550127077051575e-05,0.002847686774971436,0.0,0.0,0.0
2024-06-13,0.0,0.2894837096813502,-0.06535819828820742,0.0,-0.003862883131338555,3.7150911056546594e-09,0.3,-0.002555964831351515,0.3,0.00433438653512274,-0.005783354859092389,0.0,4.641574745890028e-08,0.0,0.0,-2.0740184586106073e-07,-4.099511436934642e-05,0.0025629180974742925,0.0,0.0,0.0
2024-06-14,0.0,0.29536365347300353,-0.07091649263219,0.0,-0.0034765948182046997,3.3435819950891937e-09,0.3,-0.0023003683482163634,0.3,0.0039009478816104666,-0.00520501937318315,0.0,4.1774172713010255e-08,0.0,0.0,-1.8666166127495465e-07,-3.689560293241178e-05,0.002306626287726863,0.0,0.0,0.0
2024-06-17,0.0,0.29528642225730495,-0.0769019883614658,0.0,-0.0031289353363842297,3.0092237955802744e-09,0.3,-0.0020703315133947272,0.3,0.00351085309344942,-0.0046845174358648356,0.0,3.759675544170923e-08,0.0,0.0,-1.6799549514745918e-07,-3.32060426391706e-05,0.002075963658954177,0.0,0.0,0.0
2024-06-18,0.0,0.2933741854160444,-0.08142732057590057,0.0,-0.002816041802745807,2.708301416022247e-09,0.3,-0.0018632983620552545,0.3,0.003159767784104478,-0.0042160656922783524,0.0,3.383707989753831e-08,0.0,0.0,-1.5119594563271327e-07,-2.9885438375253543e-05,0.0018683672930587592,0.0,0.0,0.0
2024-06-20,0.0,0.29249807679782386,-0.08056785466324082,0.0,-0.002534437622471226,2.437471274420022e-09,0.3,-0.001676968525849729,0.3,0.0028437910056940303,-0.0037944591230505173,0.0,3.045337190778448e-08,0.0,0.0,-1.3607635106944194e-07,-2.689689453772819e-05,0.0016815305637528834,0.0,0.0,0.0
2024-06-21,0.0,0.2904468627019884,-0.07793175461515654,0.0,-0.0022809938602241036,2.19372414697802e-09,0.3,-0.0015092716732647562,0.3,0.0025594119051246273,-0.0034150132107454655,0.0,2.740803471700603e-08,0.0,0.0,-1.2246871596249776e-07,-2.4207205083955373e-05,0.0015133775073775952,0.0,0.0,0.0
2024-06-24,0.0,0.2869515138359538,-0.07013857915364088,0.0,-0.002052894474201693,1.974351732280218e-09,0.3,-0.0013583445059382807,0.3,0.0023034707146121648,-0.003073511889670919,0.0,2.4667231245305426e-08,0.0,0.0,-1.1022184436624799e-07,0.006522039782499682,0.0013620397566398356,0.0,0.0,0.0
2024-06-25,0.0,0.2867872631202357,-0.0631247212382768,0.0,-0.0018476050267815238,1.7769165590521963e-09,0.3,-0.0012225100553444525,0.3,0.0020731236431509484,-0.002766160700703827,0.0,2.2200508120774884e-08,0.0,0.0,-9.91996599296232e-08,0.011120064982449931,0.0012258357809758521,0.0,0.0,0.0
2024-06-26,0.0,0.286990963023225,-0.05681224911444912,0.0,-0.0016628445241033715,1.5992249031469767e-09,0.3,-0.0011002590498100074,0.3,0.0018658112788358535,-0.0024895446306334446,0.0,1.9980457308697397e-08,0.0,0.0,-8.927969393666088e-08,0.015249186858443863,0.001103252202878267,0.0,0.0,0.0
2024-06-27,0.0,0.2921036163262246,-0.05113102420300421,0.0,-0.0014965600716930344,1.439302412832279e-09,0.3,0.00344704055443054,0.3,0.0016792301509522681,-0.0022405901675701004,0.0,1.7982411577827656e-08,0.0,0.0,-8.03517245429948e-08,0.018569415854028094,0.0009929269825904403,0.0,0.0,0.0
2024-06-28,0.0,0.2960720829082827,-0.04601792178270379,0.0,-0.001346904064523731,1.2953721715490512e-09,0.3,0.007830650587361949,0.3,0.0015113071358570413,-0.0020165311508130905,0.0,1.6184170420044892e-08,0.0,0.0,-7.231655208869532e-08,0.021016586791990647,0.0008936342843313963,0.0,0.0,0.0
2024-07-01,0.0,0.2994531362504882,-0.04141612960443341,0.0,-0.001212213658071358,1.1658349543941462e-09,0.3,0.011597924716642432,0.3,0.001360176422271337,-0.0018148780357317815,0.0,1.4565753378040403e-08,0.0,0.0,-6.50848968798258e-08,0.021016586791990647,0.0008042708558982567,0.0,0.0,0.0
2024-07-02,0.0,0.3,-0.03727451664399007,0.0,-0.0010909922922642222,1.0492514589547315e-09,0.2974657722904209,0.011597924716642434,0.3,0.0012241587800442034,-0.0016333902321586033,0.0,1.3109178040236364e-08,0.0,0.0,-5.857640719184322e-08,0.018914928112791583,0.000723843770308431,0.0,0.0,0.0
2024-07-03,0.0,0.3,-0.03354706497959106,0.0,-0.0009818930630378,9.443263130592583e-10,0.29244103443376573,0.011597924716642434,0.3,0.001101742902039783,-0.001470051208942743,0.0,1.1798260236212727e-08,0.0,0.0,-5.27187664726589e-08,0.017023435301512426,0.000651459393277588,0.0,0.0,0.0
2024-07-05,0.0,0.3,-0.03354706497959106,0.0,-0.0009818930630378,9.443263130592583e-10,0.29244103443376573,0.011597924716642434,0.3,0.001101742902039783,-0.001470051208942743,0.0,1.1798260236212727e-08,0.0,0.0,-5.27187664726589e-08,0.017023435301512426,0.000651459393277588,0.0,0.0,0.0
2024-07-08,0.0,0.3,-0.030192358481631956,0.0,-0.00088370375673402,8.498936817533325e-10,0.28230293095878417,0.011597924716642434,0.3,0.0009915686118358049,-0.0013230460880484687,0.0,1.0618434212591455e-08,0.0,0.0,-4.744688982539301e-08,0.015321091771361183,0.0005863134539498292,0.0,0.0,0.0
2024-07-09,0.0,0.3,-0.030192358481631956,0.0,-0.0008837037567340201,8.498936817533325e-10,0.28230293095878417,0.011597924716642434,0.3,0.0009915686118358049,-0.0013230460880484687,0.0,1.0618434212591455e-08,0.0,0.0,-4.744688982539301e-08,0.015321091771361183,0.0005863134539498293,0.0,0.0,0.0
2024-07-10,0.0,0.3,-0.030192358481631956,0.0,-0.0008837037567340202,8.498936817533325e-10,0.28230293095878417,0.011597924716642434,0.3,0.0009915686118358049,-0.0013230460880484687,0.0,1.0618434212591455e-08,0.0,0.0,-4.744688982539301e-08,0.015321091771361183,0.0005863134539498294,0.0,0.0,0.0
2024-07-11,0.0,0.3,-0.030192358481631956,0.0,-0.0008837037567340202,8.498936817533325e-10,0.28230293095878417,0.011597924716642434,0.3,0.0009915686118358049,-0.0013230460880484687,0.0,1.0618434212591455e-08,0.0,0.0,-4.744688982539301e-08,0.015321091771361183,0.0005863134539498294,0.0,0.0,0.0
2024-07-12,0.0,0.3,-0.030192358481631956,0.0,-0.0008837037567340202,8.498936817533325e-10,0.28230293095878417,0.011597924716642434,0.3,0.0009915686118358049,-0.0013230460880484687,0.0,1.0618434212591455e-08,0.0,0.0,-4.744688982539301e-08,0.015321091771361183,0.0005863134539498294,0.0,0.0,0.0
2024-07-15,0.0,0.3,-0.030192358481631956,0.0,-0.0008837037567340202,8.498936817533325e-10,0.28230293095878417,0.011597924716642434,0.3,0.0009915686118358049,-0.0013230460880484687,0.0,1.0618434212591455e-08,0.0,0.0,-4.744688982539301e-08,0.015321091771361183,0.0005863134539498294,0.0,0.0,0.0
2024-07-16,0.0,0.3,-0.030192358481631956,0.0,-0.0008837037567340202,8.498936817533325e-10,0.28230293095878417,0.011597924716642434,0.3,0.0009915686118358049,-0.0013230460880484687,0.0,1.0618434212591455e-08,0.0,0.0,-4.744688982539301e-08,0.015321091771361183,0.0005863134539498294,0.0,0.0,0.0
2024-07-17,0.0,0.3,-0.030192358481631956,0.0,-0.0008837037567340202,8.498936817533325e-10,0.28230293095878417,0.011597924716642434,0.3,0.0009915686118358049,-0.0013230460880484687,0.0,1.0618434212591455e-08,0.0,0.0,-4.744688982539301e-08,0.015321091771361183,0.0005863134539498294,0.0,0.0,0.0
2024-07-18,0.0,0.3,-0.030192358481631956,0.0,-0.0008837037567340202,8.498936817533325e-10,0.28230293095878417,0.011597924716642434,0.3,0.0009915686118358049,-0.0013230460880484687,0.0,1.0618434212591455e-08,0.0,0.0,-4.744688982539301e-08,0.015321091771361183,0.0005863134539498294,0.0,0.0,0.0
2024-07-19,0.0,0.3,-0.030192358481631956,0.0,-0.0008837037567340202,8.498936817533325e-10,0.28230293095878417,0.011597924716642434,0.3,0.0009915686118358049,-0.0013230460880484687,0.0,1.0618434212591455e-08,0.0,0.0,-4.744688982539301e-08,0.015321091771361183,0.0005863134539498294,0.0,0.0,0.0
2024-07-22,0.0,0.3,-0.030192358481631956,0.0,-0.0008837037567340202,8.498936817533325e-10,0.28230293095878417,0.011597924716642434,0.3,0.0009915686118358049,-0.0013230460880484687,0.0,1.0618434212591455e-08,0.0,0.0,-4.744688982539301e-08,0.015321091771361183,0.0005863134539498294,0.0,0.0,0.0
2024-07-23,0.0,0.3,-0.030192358481631956,0.0,-0.0008837037567340202,8.498936817533325e-10,0.28230293095878417,0.011597924716642434,0.3,0.0009915686118358049,-0.0013230460880484687,0.0,1.0618434212591455e-08,0.0,0.0,-4.744688982539301e-08,0.015321091771361183,0.0005863134539498294,0.0,0.0,0.0
2024-07-24,0.0,0.3,-0.030192358481631956,0.0,-0.0008837037567340202,8.498936817533325e-10,0.28230293095878417,0.011597924716642434,0.3,0.0009915686118358049,-0.0013230460880484687,0.0,1.0618434212591455e-08,0.0,0.0,-4.744688982539301e-08,0.015321091771361183,0.0005863134539498294,0.0,0.0,0.0
2024-07-25,0.0,0.3,-0.030192358481631956,0.0,-0.0008837037567340202,8.498936817533325e-10,0.28230293095878417,0.011597924716642434,0.3,0.0009915686118358049,-0.0013230460880484687,0.0,1.0618434212591455e-08,0.0,0.0,-4.744688982539301e-08,0.015321091771361183,0.0005863134539498294,0.0,0.0,0.0
2024-07-26,0.0,0.3,-0.030192358481631956,0.0,-0.0008837037567340202,8.498936817533325e-10,0.28230293095878417,0.011597924716642434,0.3,0.0009915686118358049,-0.0013230460880484687,0.0,1.0618434212591455e-08,0.0,0.0,-4.744688982539301e-08,0.015321091771361183,0.0005863134539498294,0.0,0.0,0.0
2024-07-29,0.0,0.3,-0.030192358481631956,0.0,-0.0008837037567340202,8.498936817533325e-10,0.28230293095878417,0.011597924716642434,0.3,0.0009915686118358049,-0.0013230460880484687,0.0,1.0618434212591455e-08,0.0,0.0,-4.744688982539301e-08,0.015321091771361183,0.0005863134539498294,0.0,0.0,0.0
2024-07-30,0.0,0.3,-0.030192358481631956,0.0,-0.0008837037567340202,8.498936817533325e-10,0.28230293095878417,0.011597924716642434,0.3,0.0009915686118358049,-0.0013230460880484687,0.0,1.0618434212591455e-08,0.0,0.0,-4.744688982539301e-08,0.015321091771361183,0.0005863134539498294,0.0,0.0,0.0
2024-07-31,0.0,0.3,-0.030192358481631956,0.0,-0.0008837037567340202,8.498936817533325e-10,0.28230293095878417,0.011597924716642434,0.3,0.0009915686118358049,-0.0013230460880484687,0.0,1.0618434212591455e-08,0.0,0.0,-4.744688982539301e-08,0.015321091771361183,0.0005863134539498294,0.0,0.0,0.0
2024-08-01,0.0,0.3,-0.030192358481631956,0.0,-0.0008837037567340202,8.498936817533325e-10,0.28230293095878417,0.011597924716642434,0.3,0.0009915686118358049,-0.0013230460880484687,0.0,1.0618434212591455e-08,0.0,0.0,-4.744688982539301e-08,0.015321091771361183,0.0005863134539498294,0.0,0.0,0.0
2024-08-02,0.0,0.3,-0.030192358481631956,0.0,-0.0008837037567340202,8.498936817533325e-10,0.28230293095878417,0.011597924716642434,0.3,0.0009915686118358049,-0.0013230460880484687,0.0,1.0618434212591455e-08,0.0,0.0,-4.744688982539301e-08,0.015321091771361183,0.0005863134539498294,0.0,0.0,0.0
2024-08-05,0.0,0.3,-0.030192358481631956,0.0,-0.0008837037567340202,8.498936817533325e-10,0.28230293095878417,0.011597924716642434,0.3,0.0009915686118358049,-0.0013230460880484687,0.0,1.0618434212591455e-08,0.0,0.0,-4.744688982539301e-08,0.015321091771361183,0.0005863134539498294,0.0,0.0,0.0
2024-08-06,0.0,0.2479362548774548,-0.019628148989195796,0.0,-0.0005744986437558299,5.525186056789585e-10,0.20667015303583963,0.007539848019565162,0.25954997220114046,0.0006446219316706801,-0.0008601165010539558,0.0,0.09625489929603709,0.0,0.0,-3.084537510156225e-08,0.00996029085135466,0.00038116425503819057,0.0,0.0,0.0
2024-08-07,0.0,0.0,0.0,0.0,0.3,0.0,0.0,0.0,0.0,0.0,0.0,0.0,0.5,0.0,0.0,0.0,0.0,0.0,0.0,0.0,0.0
2024-08-08,0.0,0.0,0.0,0.0,0.3,0.0,0.0,0.0,0.0,0.0,0.0,0.0,0.5,0.0,0.0,0.0,0.0,0.0,0.0,0.0,0.0
2024-08-09,0.0,0.0,0.0,0.0,0.3,0.0,0.0,0.0,0.0,0.0,0.0,0.0,0.5,0.0,0.0,0.0,0.0,0.0,0.0,0.0,0.0
2024-08-12,0.0,0.0,0.0,0.0,0.3,0.0,0.0,0.0,0.0,0.0,0.0,0.0,0.5,0.0,0.0,0.0,0.0,0.0,0.0,0.0,0.0
2024-08-13,0.0,0.0,0.0,0.0,0.3,0.0,0.0,0.0,0.0,0.0,0.0,0.0,0.5,0.0,0.0,0.0,0.0,0.0,0.0,0.0,0.0
2024-08-14,0.0,0.0,0.0,0.0,0.3,0.0,0.0,0.0,0.0,0.0,0.0,0.0,0.5,0.0,0.0,0.0,0.0,0.0,0.0,0.0,0.0
2024-08-15,0.0,0.0,0.0,0.0,0.3,0.0,0.0,0.0,0.0,0.0,0.0,0.0,0.3,0.0,0.0,0.0,0.0,0.0,0.0,0.0,0.0
2024-08-16,0.0,0.0,0.0,0.0,0.3,0.0,0.0,0.0,0.0,0.0,0.0,0.0,0.3,0.0,0.0,0.0,0.0,0.0,0.0,0.0,0.0
2024-08-19,0.0,0.0,0.0,0.0,0.3,0.0,0.0,0.0,0.0,0.0,0.0,0.0,0.3,0.0,0.0,0.0,0.0,0.0,0.0,0.0,0.0
2024-08-20,0.0,0.0,0.0,0.0,0.3,0.0,0.0,0.0,0.0,0.0,0.0,0.0,0.3,0.0,0.0,0.0,0.0,0.0,0.0,0.0,0.0
2024-08-21,0.0,0.0,0.0,0.0,0.3,0.0,0.0,0.0,0.0,0.0,0.0,0.0,0.3,0.0,0.0,0.0,0.0,0.0,0.0,0.0,0.0
2024-08-22,0.0,0.0,0.0,0.0,0.3,0.0,0.0,0.0,0.0,0.0,0.0,0.0,0.3,0.0,0.0,0.0,0.0,0.0,0.0,0.0,0.0
2024-08-23,0.0,0.01807610347987509,0.0,0.0,0.28031893803369134,0.005916597043054685,0.0,0.006442991829361523,0.026605826551130498,0.008047179711504841,0.006364968785417365,0.0,0.27,0.0,0.0,0.0,0.006360320403084593,0.0034581667765981824,0.0,0.0,0.003660211838550271
2024-08-26,0.0,0.01807610347987509,0.0,0.0,0.28031893803369134,0.005916597043054685,0.0,0.006442991829361523,0.026605826551130498,0.008047179711504841,0.006364968785417365,0.0,0.27,0.0,0.0,0.0,0.0063603204030845935,0.0034581667765981824,0.0,0.0,0.003660211838550271
2024-08-27,0.0,0.034173040115445516,0.0,0.0,0.2628227205891308,0.008921547385905946,0.0,0.009943247739043983,0.056707628978045696,0.014544552320240801,0.011060135224873275,0.0,0.24300000000000002,0.0038036969639780698,0.0,0.0,0.005724288362776134,0.007816585338767872,0.0,0.0,0.003294190654695244
2024-08-28,0.0,0.0539829997420969,0.0,0.0,0.2458821515373895,0.008029392647315352,0.016420820079377573,0.008948922965139584,0.07239860574072496,0.017118966353358543,0.016234625547833843,0.0,0.21870000000000003,0.007284148181393144,0.0,0.0,0.005151859526498521,0.01189161197485928,-0.005596821273868173,0.0,0.0029647715892257196
2024-08-29,0.0,0.06928038821294456,0.0,0.0,0.22831070530161754,0.007226453382583817,0.03157888426581969,0.008054030668625626,0.09774862813152918,0.017118966353358543,0.016234625547833843,0.0,0.19683000000000003,0.00998897782397641,0.0,0.0,0.004636673573848669,0.015113257616170685,-0.010119577490414283,0.0,-0.0009024781564403437
2024-08-30,0.0,0.06928038821294456,0.0,0.0,0.22831070530161754,0.007226453382583817,0.03157888426581969,0.008054030668625626,0.09774862813152918,0.017118966353358543,0.016234625547833843,0.0,0.19683000000000003,0.009988977823976411,0.0,0.0,0.004636673573848669,0.015113257616170685,-0.010119577490414283,0.0,-0.0009024781564403438
2024-09-03,0.0,0.06928038821294456,0.0,0.0,0.22831070530161754,0.007226453382583817,0.03157888426581969,0.008054030668625626,0.09774862813152918,0.017118966353358543,0.016234625547833843,0.0,0.19683000000000003,0.009988977823976413,0.0,0.0,0.004636673573848669,0.015113257616170685,-0.010119577490414283,0.0,-0.0009024781564403438
2024-09-04,0.0,0.06928038821294456,0.0,0.0,0.22831070530161754,0.007226453382583817,0.03157888426581969,0.008054030668625626,0.09774862813152918,0.017118966353358543,0.016234625547833843,0.0,0.19683000000000003,0.009988977823976413,0.0,0.0,0.004636673573848669,0.015113257616170685,-0.010119577490414283,0.0,-0.0009024781564403438
2024-09-05,0.0,0.06928038821294456,0.0,0.0,0.22831070530161754,0.007226453382583817,0.03157888426581969,0.008054030668625626,0.09774862813152918,0.017118966353358543,0.016234625547833843,0.0,0.19683000000000003,0.009988977823976413,0.0,0.0,0.004636673573848669,0.015113257616170685,-0.010119577490414283,0.0,-0.0009024781564403438
2024-09-06,0.0,0.06928038821294456,0.0,0.0,0.22831070530161754,0.007226453382583817,0.03157888426581969,0.008054030668625626,0.09774862813152918,0.017118966353358543,0.016234625547833843,0.0,0.19683000000000003,0.009988977823976413,0.0,0.0,0.004636673573848669,0.015113257616170685,-0.010119577490414283,0.0,-0.0009024781564403438
2024-09-09,0.0,0.06928038821294456,0.0,0.0,0.22831070530161754,0.007226453382583817,0.03157888426581969,0.008054030668625626,0.09774862813152918,0.017118966353358543,0.016234625547833843,0.0,0.19683000000000003,0.009988977823976413,0.0,0.0,0.004636673573848669,0.015113257616170685,-0.010119577490414283,0.0,-0.0009024781564403438
2024-09-10,0.0,0.06928038821294455,0.0,0.0,0.2283107053016175,0.007226453382583817,0.03157888426581969,0.008054030668625626,0.09774862813152918,0.017118966353358543,0.016234625547833843,0.0,0.19683,0.009988977823976411,0.0,0.0,0.004636673573848669,0.015113257616170685,-0.010119577490414283,0.0,-0.0009024781564403438
2024-09-11,0.0,0.06928038821294455,0.0,0.0,0.2283107053016175,0.007226453382583817,0.03157888426581969,0.008054030668625626,0.09774862813152918,0.017118966353358543,0.016234625547833843,0.0,0.19683,0.009988977823976413,0.0,0.0,0.004636673573848669,0.015113257616170685,-0.010119577490414283,0.0,-0.0009024781564403438
2024-09-12,0.0,0.06928038821294455,0.0,0.0,0.2283107053016175,0.007226453382583817,0.03157888426581969,0.008054030668625626,0.09774862813152918,0.017118966353358543,0.016234625547833843,0.0,0.19683,0.009988977823976413,0.0,0.0,0.004636673573848669,0.015113257616170685,-0.010119577490414283,0.0,-0.0009024781564403438
2024-09-13,0.0,0.06928038821294455,0.0,0.0,0.2283107053016175,0.007226453382583817,0.03157888426581969,0.008054030668625626,0.09774862813152918,0.017118966353358543,0.016234625547833843,0.0,0.19683,0.009988977823976413,0.0,0.0,0.004636673573848669,0.015113257616170685,-0.010119577490414283,0.0,-0.0009024781564403438
2024-09-16,0.0,0.06928038821294455,0.0,0.0,0.2283107053016175,0.007226453382583817,0.03157888426581969,0.008054030668625626,0.09774862813152918,0.017118966353358543,0.016234625547833843,0.0,0.19683,0.009988977823976413,0.0,0.0,0.004636673573848669,0.015113257616170685,-0.010119577490414283,0.0,-0.0009024781564403438
2024-09-17,0.0,0.06928038821294455,0.0,0.0,0.2283107053016175,0.007226453382583817,0.03157888426581969,0.008054030668625626,0.09774862813152918,0.017118966353358543,0.016234625547833843,0.0,0.19683,0.009988977823976413,0.0,0.0,0.004636673573848669,0.015113257616170685,-0.010119577490414283,0.0,-0.0009024781564403438
2024-09-18,0.0,0.06928038821294455,0.0,0.0,0.2283107053016175,0.007226453382583817,0.03157888426581969,0.008054030668625626,0.09774862813152918,0.017118966353358543,0.016234625547833843,0.0,0.19683,0.009988977823976413,0.0,0.0,0.004636673573848669,0.015113257616170685,-0.010119577490414283,0.0,-0.0009024781564403438
2024-09-19,0.0,0.06928038821294455,0.0,0.0,0.2283107053016175,0.007226453382583817,0.03157888426581969,0.008054030668625626,0.09774862813152918,0.017118966353358543,0.016234625547833843,0.0,0.19683,0.009988977823976413,0.0,0.0,0.004636673573848669,0.015113257616170685,-0.010119577490414283,0.0,-0.0009024781564403438
2024-09-20,0.0,0.06928038821294455,0.0,0.0,0.2283107053016175,0.007226453382583817,0.03157888426581969,0.008054030668625626,0.09774862813152918,0.017118966353358543,0.016234625547833843,0.0,0.19683,0.009988977823976413,0.0,0.0,0.004636673573848669,0.015113257616170685,-0.010119577490414283,0.0,-0.0009024781564403438
2024-09-23,0.0,0.06928038821294455,0.0,0.0,0.2283107053016175,0.007226453382583817,0.03157888426581969,0.008054030668625626,0.09774862813152918,0.017118966353358543,0.016234625547833843,0.0,0.19683,0.009988977823976413,0.0,0.0,0.004636673573848669,0.015113257616170685,-0.010119577490414283,0.0,-0.0009024781564403438
2024-09-24,0.0,0.06928038821294455,0.0,0.0,0.2283107053016175,0.007226453382583817,0.03157888426581969,0.008054030668625626,0.09774862813152918,0.017118966353358543,0.016234625547833843,0.0,0.19683,0.009988977823976413,0.0,0.0,0.004636673573848669,0.015113257616170685,-0.010119577490414283,0.0,-0.0009024781564403438
2024-09-25,0.0,0.06928038821294455,0.0,0.0,0.2283107053016175,0.007226453382583817,0.03157888426581969,0.008054030668625626,0.09774862813152918,0.017118966353358543,0.016234625547833843,0.0,0.19683,0.009988977823976413,0.0,0.0,0.004636673573848669,0.015113257616170685,-0.010119577490414283,0.0,-0.0009024781564403438
2024-09-26,0.0,0.06928038821294455,0.0,0.0,0.2283107053016175,0.007226453382583817,0.03157888426581969,0.008054030668625626,0.09774862813152918,0.017118966353358543,0.016234625547833843,0.0,0.19683,0.009988977823976413,0.0,0.0,0.004636673573848669,0.015113257616170685,-0.010119577490414283,0.0,-0.0009024781564403438
2024-09-27,0.0,0.06928038821294455,0.0,0.0,0.2283107053016175,0.007226453382583817,0.03157888426581969,0.008054030668625626,0.09774862813152918,0.017118966353358543,0.016234625547833843,0.0,0.19683,0.009988977823976413,0.0,0.0,0.004636673573848669,0.015113257616170685,-0.010119577490414283,0.0,-0.0009024781564403438
2024-09-30,0.0,0.06928038821294455,0.0,0.0,0.2283107053016175,0.007226453382583817,0.03157888426581969,0.008054030668625626,0.09774862813152918,0.017118966353358543,0.016234625547833843,0.0,0.19683,0.009988977823976413,0.0,0.0,0.004636673573848669,0.015113257616170685,-0.010119577490414283,0.0,-0.0009024781564403438
2024-10-01,0.0,0.06928038821294455,0.0,0.0,0.2283107053016175,0.007226453382583817,0.03157888426581969,0.008054030668625626,0.09774862813152918,0.017118966353358543,0.016234625547833843,0.0,0.19683,0.009988977823976413,0.0,0.0,0.004636673573848669,0.015113257616170685,-0.010119577490414283,0.0,-0.0009024781564403438
2024-10-02,0.0,0.06928038821294455,0.0,0.0,0.2283107053016175,0.007226453382583817,0.03157888426581969,0.008054030668625626,0.09774862813152918,0.017118966353358543,0.016234625547833843,0.0,0.19683,0.009988977823976413,0.0,0.0,0.004636673573848669,0.015113257616170685,-0.010119577490414283,0.0,-0.0009024781564403438
2024-10-03,0.0,0.06928038821294455,0.0,0.0,0.2283107053016175,0.007226453382583817,0.03157888426581969,0.008054030668625626,0.09774862813152918,0.017118966353358543,0.016234625547833843,0.0,0.19683,0.009988977823976413,0.0,0.0,0.004636673573848669,0.015113257616170685,-0.010119577490414283,0.0,-0.0009024781564403438
2024-10-04,0.0,0.06928038821294455,0.0,0.0,0.2283107053016175,0.007226453382583817,0.03157888426581969,0.008054030668625626,0.09774862813152918,0.017118966353358543,0.016234625547833843,0.0,0.19683,0.009988977823976413,0.0,0.0,0.004636673573848669,0.015113257616170685,-0.010119577490414283,0.0,-0.0009024781564403438
2024-10-07,0.0,0.06928038821294455,0.0,0.0,0.2283107053016175,0.007226453382583817,0.03157888426581969,0.008054030668625626,0.09774862813152918,0.017118966353358543,0.016234625547833843,0.0,0.19683,0.009988977823976413,0.0,0.0,0.004636673573848669,0.015113257616170685,-0.010119577490414283,0.0,-0.0009024781564403438
2024-10-08,0.0,0.06928038821294455,0.0,0.0,0.2283107053016175,0.007226453382583817,0.03157888426581969,0.008054030668625626,0.09774862813152918,0.017118966353358543,0.016234625547833843,0.0,0.19683,0.009988977823976413,0.0,0.0,0.004636673573848669,0.015113257616170685,-0.010119577490414283,0.0,-0.0009024781564403438
2024-10-09,0.0,0.06928038821294455,0.0,0.0,0.2283107053016175,0.007226453382583817,0.03157888426581969,0.008054030668625626,0.09774862813152918,0.017118966353358543,0.016234625547833843,0.0,0.19683,0.009988977823976413,0.0,0.0,0.004636673573848669,0.015113257616170685,-0.010119577490414283,0.0,-0.0009024781564403438
2024-10-10,0.0,0.06928038821294455,0.0,0.0,0.2283107053016175,0.007226453382583817,0.03157888426581969,0.008054030668625626,0.09774862813152918,0.017118966353358543,0.016234625547833843,0.0,0.19683,0.009988977823976413,0.0,0.0,0.004636673573848669,0.015113257616170685,-0.010119577490414283,0.0,-0.0009024781564403438
2024-10-11,0.0,0.06928038821294455,0.0,0.0,0.2283107053016175,0.007226453382583817,0.03157888426581969,0.008054030668625626,0.09774862813152918,0.017118966353358543,0.016234625547833843,0.0,0.19683,0.009988977823976413,0.0,0.0,0.004636673573848669,0.015113257616170685,-0.010119577490414283,0.0,-0.0009024781564403438
2024-10-14,0.0,0.06928038821294455,0.0,0.0,0.2283107053016175,0.007226453382583817,0.03157888426581969,0.008054030668625626,0.09774862813152918,0.017118966353358543,0.016234625547833843,0.0,0.19683,0.009988977823976413,0.0,0.0,0.004636673573848669,0.015113257616170685,-0.010119577490414283,0.0,-0.0009024781564403438
2024-10-15,0.0,0.06928038821294455,0.0,0.0,0.2283107053016175,0.007226453382583817,0.03157888426581969,0.008054030668625626,0.09774862813152918,0.017118966353358543,0.016234625547833843,0.0,0.19683,0.009988977823976413,0.0,0.0,0.004636673573848669,0.015113257616170685,-0.010119577490414283,0.0,-0.0009024781564403438
2024-10-16,0.0,0.06928038821294455,0.0,0.0,0.2283107053016175,0.007226453382583817,0.03157888426581969,0.008054030668625626,0.09774862813152918,0.017118966353358543,0.016234625547833843,0.0,0.19683,0.009988977823976413,0.0,0.0,0.004636673573848669,0.015113257616170685,-0.010119577490414283,0.0,-0.0009024781564403438
2024-10-17,0.0,0.06928038821294455,0.0,0.0,0.2283107053016175,0.007226453382583817,0.03157888426581969,0.008054030668625626,0.09774862813152918,0.017118966353358543,0.016234625547833843,0.0,0.19683,0.009988977823976413,0.0,0.0,0.004636673573848669,0.015113257616170685,-0.010119577490414283,0.0,-0.0009024781564403438
2024-10-18,0.0,0.06928038821294455,0.0,0.0,0.2283107053016175,0.007226453382583817,0.03157888426581969,0.008054030668625626,0.09774862813152918,0.017118966353358543,0.016234625547833843,0.0,0.19683,0.009988977823976413,0.0,0.0,0.004636673573848669,0.015113257616170685,-0.010119577490414283,0.0,-0.0009024781564403438
2024-10-21,0.0,0.06928038821294455,0.0,0.0,0.2283107053016175,0.007226453382583817,0.03157888426581969,0.008054030668625626,0.09774862813152918,0.017118966353358543,0.016234625547833843,0.0,0.19683,0.009988977823976413,0.0,0.0,0.004636673573848669,0.015113257616170685,-0.010119577490414283,0.0,-0.0009024781564403438
2024-10-22,0.0,0.06928038821294455,0.0,0.0,0.2283107053016175,0.007226453382583817,0.03157888426581969,0.008054030668625626,0.09774862813152918,0.017118966353358543,0.016234625547833843,0.0,0.19683,0.009988977823976413,0.0,0.0,0.004636673573848669,0.015113257616170685,-0.010119577490414283,0.0,-0.0009024781564403438
2024-10-23,0.0,0.06928038821294455,0.0,0.0,0.2283107053016175,0.007226453382583817,0.03157888426581969,0.008054030668625626,0.09774862813152918,0.017118966353358543,0.016234625547833843,0.0,0.19683,0.009988977823976413,0.0,0.0,0.004636673573848669,0.015113257616170685,-0.010119577490414283,0.0,-0.0009024781564403438
2024-10-24,0.0,0.06928038821294455,0.0,0.0,0.2283107053016175,0.007226453382583817,0.03157888426581969,0.008054030668625626,0.09774862813152918,0.017118966353358543,0.016234625547833843,0.0,0.19683,0.009988977823976413,0.0,0.0,0.004636673573848669,0.015113257616170685,-0.010119577490414283,0.0,-0.0009024781564403438
2024-10-25,0.0,0.06928038821294455,0.0,0.0,0.2283107053016175,0.007226453382583817,0.03157888426581969,0.008054030668625626,0.09774862813152918,0.017118966353358543,0.016234625547833843,0.0,0.19683,0.009988977823976413,0.0,0.0,0.004636673573848669,0.015113257616170685,-0.010119577490414283,0.0,-0.0009024781564403438
2024-10-28,0.0,0.06928038821294455,0.0,0.0,0.2283107053016175,0.007226453382583817,0.03157888426581969,0.008054030668625626,0.09774862813152918,0.017118966353358543,0.016234625547833843,0.0,0.19683,0.009988977823976413,0.0,0.0,0.004636673573848669,0.015113257616170685,-0.010119577490414283,0.0,-0.0009024781564403438
2024-10-29,0.0,0.06928038821294455,0.0,0.0,0.2283107053016175,0.007226453382583817,0.03157888426581969,0.008054030668625626,0.09774862813152918,0.017118966353358543,0.016234625547833843,0.0,0.19683,0.009988977823976413,0.0,0.0,0.004636673573848669,0.015113257616170685,-0.010119577490414283,0.0,-0.0009024781564403438
2024-10-30,0.0,0.06928038821294455,0.0,0.0,0.2283107053016175,0.007226453382583817,0.03157888426581969,0.008054030668625626,0.09774862813152918,0.017118966353358543,0.016234625547833843,0.0,0.19683,0.009988977823976413,0.0,0.0,0.004636673573848669,0.015113257616170685,-0.010119577490414283,0.0,-0.0009024781564403438
2024-10-31,0.0,0.06928038821294455,0.0,0.0,0.2283107053016175,0.007226453382583817,0.03157888426581969,0.008054030668625626,0.09774862813152918,0.017118966353358543,0.016234625547833843,0.0,0.19683,0.009988977823976413,0.0,0.0,0.004636673573848669,0.015113257616170685,-0.010119577490414283,0.0,-0.0009024781564403438
2024-11-01,0.0,0.06928038821294455,0.0,0.0,0.2283107053016175,0.007226453382583817,0.03157888426581969,0.008054030668625626,0.09774862813152918,0.017118966353358543,0.016234625547833843,0.0,0.19683,0.009988977823976413,0.0,0.0,0.004636673573848669,0.015113257616170685,-0.010119577490414283,0.0,-0.0009024781564403438
2024-11-04,0.0,0.06928038821294455,0.0,0.0,0.2283107053016175,0.007226453382583817,0.03157888426581969,0.008054030668625626,0.09774862813152918,0.017118966353358543,0.016234625547833843,0.0,0.19683,0.009988977823976413,0.0,0.0,0.004636673573848669,0.015113257616170685,-0.010119577490414283,0.0,-0.0009024781564403438
2024-11-05,0.0,0.06928038821294455,0.0,0.0,0.2283107053016175,0.007226453382583817,0.03157888426581969,0.008054030668625626,0.09774862813152918,0.017118966353358543,0.016234625547833843,0.0,0.19683,0.009988977823976413,0.0,0.0,0.004636673573848669,0.015113257616170685,-0.010119577490414283,0.0,-0.0009024781564403438
2024-11-06,0.0,0.06928038821294455,0.0,0.0,0.2283107053016175,0.007226453382583817,0.03157888426581969,0.008054030668625626,0.09774862813152918,0.017118966353358543,0.016234625547833843,0.0,0.19683,0.009988977823976413,0.0,0.0,0.004636673573848669,0.015113257616170685,-0.010119577490414283,0.0,-0.0009024781564403438
2024-11-07,0.0,0.06928038821294455,0.0,0.0,0.2283107053016175,0.007226453382583817,0.03157888426581969,0.008054030668625626,0.09774862813152918,0.017118966353358543,0.016234625547833843,0.0,0.19683,0.009988977823976413,0.0,0.0,0.004636673573848669,0.015113257616170685,-0.010119577490414283,0.0,-0.0009024781564403438
2024-11-08,0.0,0.06928038821294455,0.0,0.0,0.2283107053016175,0.007226453382583817,0.03157888426581969,0.008054030668625626,0.09774862813152918,0.017118966353358543,0.016234625547833843,0.0,0.19683,0.009988977823976413,0.0,0.0,0.004636673573848669,0.015113257616170685,-0.010119577490414283,0.0,-0.0009024781564403438
2024-11-11,0.0,0.06928038821294455,0.0,0.0,0.2283107053016175,0.007226453382583817,0.03157888426581969,0.008054030668625626,0.09774862813152918,0.017118966353358543,0.016234625547833843,0.0,0.19683,0.009988977823976413,0.0,0.0,0.004636673573848669,0.015113257616170685,-0.010119577490414283,0.0,-0.0009024781564403438
2024-11-12,0.0,0.06928038821294455,0.0,0.0,0.2283107053016175,0.007226453382583817,0.03157888426581969,0.008054030668625626,0.09774862813152918,0.017118966353358543,0.016234625547833843,0.0,0.19683,0.009988977823976413,0.0,0.0,0.004636673573848669,0.015113257616170685,-0.010119577490414283,0.0,-0.0009024781564403438
2024-11-13,0.0,0.06928038821294455,0.0,0.0,0.2283107053016175,0.007226453382583817,0.03157888426581969,0.008054030668625626,0.09774862813152918,0.017118966353358543,0.016234625547833843,0.0,0.19683,0.009988977823976413,0.0,0.0,0.004636673573848669,0.015113257616170685,-0.010119577490414283,0.0,-0.0009024781564403438
2024-11-14,0.0,0.06928038821294455,0.0,0.0,0.2283107053016175,0.007226453382583817,0.03157888426581969,0.008054030668625626,0.09774862813152918,0.017118966353358543,0.016234625547833843,0.0,0.19683,0.009988977823976413,0.0,0.0,0.004636673573848669,0.015113257616170685,-0.010119577490414283,0.0,-0.0009024781564403438
2024-11-15,0.0,0.06928038821294455,0.0,0.0,0.2283107053016175,0.007226453382583817,0.03157888426581969,0.008054030668625626,0.09774862813152918,0.017118966353358543,0.016234625547833843,0.0,0.19683,0.009988977823976413,0.0,0.0,0.004636673573848669,0.015113257616170685,-0.010119577490414283,0.0,-0.0009024781564403438
2024-11-18,0.0,0.06928038821294455,0.0,0.0,0.2283107053016175,0.007226453382583817,0.03157888426581969,0.008054030668625626,0.09774862813152918,0.017118966353358543,0.016234625547833843,0.0,0.19683,0.009988977823976413,0.0,0.0,0.004636673573848669,0.015113257616170685,-0.010119577490414283,0.0,-0.0009024781564403438
2024-11-19,0.0,0.06928038821294455,0.0,0.0,0.2283107053016175,0.007226453382583817,0.03157888426581969,0.008054030668625626,0.09774862813152918,0.017118966353358543,0.016234625547833843,0.0,0.19683,0.009988977823976413,0.0,0.0,0.004636673573848669,0.015113257616170685,-0.010119577490414283,0.0,-0.0009024781564403438
2024-11-20,0.0,0.06928038821294455,0.0,0.0,0.2283107053016175,0.007226453382583817,0.03157888426581969,0.008054030668625626,0.09774862813152918,0.017118966353358543,0.016234625547833843,0.0,0.19683,0.009988977823976413,0.0,0.0,0.004636673573848669,0.015113257616170685,-0.010119577490414283,0.0,-0.0009024781564403438
2024-11-21,0.0,0.06928038821294455,0.0,0.0,0.2283107053016175,0.007226453382583817,0.03157888426581969,0.008054030668625626,0.09774862813152918,0.017118966353358543,0.016234625547833843,0.0,0.19683,0.009988977823976413,0.0,0.0,0.004636673573848669,0.015113257616170685,-0.010119577490414283,0.0,-0.0009024781564403438
2024-11-22,0.0,0.06928038821294455,0.0,0.0,0.2283107053016175,0.007226453382583817,0.03157888426581969,0.008054030668625626,0.09774862813152918,0.017118966353358543,0.016234625547833843,0.0,0.19683,0.009988977823976413,0.0,0.0,0.004636673573848669,0.015113257616170685,-0.010119577490414283,0.0,-0.0009024781564403438
2024-11-25,0.0,0.06928038821294455,0.0,0.0,0.2283107053016175,0.007226453382583817,0.03157888426581969,0.008054030668625626,0.09774862813152918,0.017118966353358543,0.016234625547833843,0.0,0.19683,0.009988977823976413,0.0,0.0,0.004636673573848669,0.015113257616170685,-0.010119577490414283,0.0,-0.0009024781564403438
2024-11-26,0.0,0.06928038821294455,0.0,0.0,0.2283107053016175,0.007226453382583817,0.03157888426581969,0.008054030668625626,0.09774862813152918,0.017118966353358543,0.016234625547833843,0.0,0.19683,0.009988977823976413,0.0,0.0,0.004636673573848669,0.015113257616170685,-0.010119577490414283,0.0,-0.0009024781564403438
2024-11-27,0.0,0.06928038821294455,0.0,0.0,0.2283107053016175,0.007226453382583817,0.03157888426581969,0.008054030668625626,0.09774862813152918,0.017118966353358543,0.016234625547833843,0.0,0.19683,0.009988977823976413,0.0,0.0,0.004636673573848669,0.015113257616170685,-0.010119577490414283,0.0,-0.0009024781564403438
2024-11-29,0.0,0.06928038821294455,0.0,0.0,0.2283107053016175,0.007226453382583817,0.03157888426581969,0.008054030668625626,0.09774862813152918,0.017118966353358543,0.016234625547833843,0.0,0.19683,0.009988977823976413,0.0,0.0,0.004636673573848669,0.015113257616170685,-0.010119577490414283,0.0,-0.0009024781564403438
2024-12-02,0.0,0.06928038821294455,0.0,0.0,0.2283107053016175,0.007226453382583817,0.03157888426581969,0.008054030668625626,0.09774862813152918,0.017118966353358543,0.016234625547833843,0.0,0.19683,0.009988977823976413,0.0,0.0,0.004636673573848669,0.015113257616170685,-0.010119577490414283,0.0,-0.0009024781564403438
2024-12-03,0.0,0.06928038821294455,0.0,0.0,0.2283107053016175,0.007226453382583817,0.03157888426581969,0.008054030668625626,0.09774862813152918,0.017118966353358543,0.016234625547833843,0.0,0.19683,0.009988977823976413,0.0,0.0,0.004636673573848669,0.015113257616170685,-0.010119577490414283,0.0,-0.0009024781564403438
2024-12-04,0.0,0.06928038821294455,0.0,0.0,0.2283107053016175,0.007226453382583817,0.03157888426581969,0.008054030668625626,0.09774862813152918,0.017118966353358543,0.016234625547833843,0.0,0.19683,0.009988977823976413,0.0,0.0,0.004636673573848669,0.015113257616170685,-0.010119577490414283,0.0,-0.0009024781564403438
2024-12-05,0.0,0.06928038821294455,0.0,0.0,0.2283107053016175,0.007226453382583817,0.03157888426581969,0.008054030668625626,0.09774862813152918,0.017118966353358543,0.016234625547833843,0.0,0.19683,0.009988977823976413,0.0,0.0,0.004636673573848669,0.015113257616170685,-0.010119577490414283,0.0,-0.0009024781564403438
2024-12-06,0.0,0.06928038821294455,0.0,0.0,0.2283107053016175,0.007226453382583817,0.03157888426581969,0.008054030668625626,0.09774862813152918,0.017118966353358543,0.016234625547833843,0.0,0.19683,0.009988977823976413,0.0,0.0,0.004636673573848669,0.015113257616170685,-0.010119577490414283,0.0,-0.0009024781564403438
2024-12-09,0.0,0.06928038821294455,0.0,0.0,0.2283107053016175,0.007226453382583817,0.03157888426581969,0.008054030668625626,0.09774862813152918,0.017118966353358543,0.016234625547833843,0.0,0.19683,0.009988977823976413,0.0,0.0,0.004636673573848669,0.015113257616170685,-0.010119577490414283,0.0,-0.0009024781564403438
2024-12-10,0.0,0.06928038821294455,0.0,0.0,0.2283107053016175,0.007226453382583817,0.03157888426581969,0.008054030668625626,0.09774862813152918,0.017118966353358543,0.016234625547833843,0.0,0.19683,0.009988977823976413,0.0,0.0,0.004636673573848669,0.015113257616170685,-0.010119577490414283,0.0,-0.0009024781564403438
2024-12-11,0.0,0.06928038821294455,0.0,0.0,0.2283107053016175,0.007226453382583817,0.03157888426581969,0.008054030668625626,0.09774862813152918,0.017118966353358543,0.016234625547833843,0.0,0.19683,0.009988977823976413,0.0,0.0,0.004636673573848669,0.015113257616170685,-0.010119577490414283,0.0,-0.0009024781564403438
2024-12-12,0.0,0.06928038821294455,0.0,0.0,0.2283107053016175,0.007226453382583817,0.03157888426581969,0.008054030668625626,0.09774862813152918,0.017118966353358543,0.016234625547833843,0.0,0.19683,0.009988977823976413,0.0,0.0,0.004636673573848669,0.015113257616170685,-0.010119577490414283,0.0,-0.0009024781564403438
2024-12-13,0.0,0.06928038821294455,0.0,0.0,0.2283107053016175,0.007226453382583817,0.03157888426581969,0.008054030668625626,0.09774862813152918,0.017118966353358543,0.016234625547833843,0.0,0.19683,0.009988977823976413,0.0,0.0,0.004636673573848669,0.015113257616170685,-0.010119577490414283,0.0,-0.0009024781564403438
2024-12-16,0.0,0.06928038821294455,0.0,0.0,0.2283107053016175,0.007226453382583817,0.03157888426581969,0.008054030668625626,0.09774862813152918,0.017118966353358543,0.016234625547833843,0.0,0.19683,0.009988977823976413,0.0,0.0,0.004636673573848669,0.015113257616170685,-0.010119577490414283,0.0,-0.0009024781564403438
2024-12-17,0.0,0.06928038821294455,0.0,0.0,0.2283107053016175,0.007226453382583817,0.03157888426581969,0.008054030668625626,0.09774862813152918,0.017118966353358543,0.016234625547833843,0.0,0.19683,0.009988977823976413,0.0,0.0,0.004636673573848669,0.015113257616170685,-0.010119577490414283,0.0,-0.0009024781564403438
2024-12-18,0.0,0.06928038821294455,0.0,0.0,0.2283107053016175,0.007226453382583817,0.03157888426581969,0.008054030668625626,0.09774862813152918,0.017118966353358543,0.016234625547833843,0.0,0.19683,0.009988977823976413,0.0,0.0,0.004636673573848669,0.015113257616170685,-0.010119577490414283,0.0,-0.0009024781564403438
2024-12-19,0.0,0.06928038821294455,0.0,0.0,0.2283107053016175,0.007226453382583817,0.03157888426581969,0.008054030668625626,0.09774862813152918,0.017118966353358543,0.016234625547833843,0.0,0.19683,0.009988977823976413,0.0,0.0,0.004636673573848669,0.015113257616170685,-0.010119577490414283,0.0,-0.0009024781564403438
2024-12-20,0.0,0.06928038821294455,0.0,0.0,0.2283107053016175,0.007226453382583817,0.03157888426581969,0.008054030668625626,0.09774862813152918,0.017118966353358543,0.016234625547833843,0.0,0.19682999999999998,0.009988977823976411,0.0,0.0,0.004636673573848669,0.015113257616170685,-0.010119577490414283,0.0,-0.0009024781564403438
2024-12-23,0.0,0.06928038821294455,0.0,0.0,0.2283107053016175,0.007226453382583817,0.03157888426581969,0.008054030668625626,0.09774862813152918,0.017118966353358543,0.016234625547833843,0.0,0.19682999999999998,0.009988977823976411,0.0,0.0,0.004636673573848669,0.015113257616170685,-0.010119577490414283,0.0,-0.0009024781564403438
2024-12-24,0.0,0.06928038821294455,0.0,0.0,0.2283107053016175,0.007226453382583817,0.03157888426581969,0.008054030668625626,0.09774862813152918,0.017118966353358543,0.016234625547833843,0.0,0.19682999999999998,0.009988977823976413,0.0,0.0,0.004636673573848669,0.015113257616170685,-0.010119577490414283,0.0,-0.0009024781564403438
2024-12-26,0.0,0.06928038821294455,0.0,0.0,0.2283107053016175,0.007226453382583817,0.03157888426581969,0.008054030668625626,0.09774862813152918,0.017118966353358543,0.016234625547833843,0.0,0.19682999999999998,0.009988977823976413,0.0,0.0,0.004636673573848669,0.015113257616170685,-0.010119577490414283,0.0,-0.0009024781564403438
2024-12-27,0.0,0.06928038821294455,0.0,0.0,0.2283107053016175,0.007226453382583817,0.03157888426581969,0.008054030668625626,0.09774862813152918,0.017118966353358543,0.016234625547833843,0.0,0.19682999999999998,0.009988977823976413,0.0,0.0,0.004636673573848669,0.015113257616170685,-0.010119577490414283,0.0,-0.0009024781564403438
2024-12-30,0.0,0.06928038821294455,0.0,0.0,0.2283107053016175,0.007226453382583817,0.03157888426581969,0.008054030668625626,0.09774862813152918,0.017118966353358543,0.016234625547833843,0.0,0.19682999999999998,0.009988977823976413,0.0,0.0,0.004636673573848669,0.015113257616170685,-0.010119577490414283,0.0,-0.0009024781564403438
2024-12-31,0.0,0.06928038821294455,0.0,0.0,0.2283107053016175,0.007226453382583817,0.03157888426581969,0.008054030668625626,0.09774862813152918,0.017118966353358543,0.016234625547833843,0.0,0.19682999999999998,0.009988977823976413,0.0,0.0,0.004636673573848669,0.015113257616170685,-0.010119577490414283,0.0,-0.0009024781564403438
2025-01-02,0.0,0.06928038821294455,0.0,0.0,0.2283107053016175,0.007226453382583817,0.03157888426581969,0.008054030668625626,0.09774862813152918,0.017118966353358543,0.016234625547833843,0.0,0.19682999999999998,0.009988977823976413,0.0,0.0,0.004636673573848669,0.015113257616170685,-0.010119577490414283,0.0,-0.0009024781564403438
2025-01-03,0.0,0.06928038821294455,0.0,0.0,0.2283107053016175,0.007226453382583817,0.03157888426581969,0.008054030668625626,0.09774862813152918,0.017118966353358543,0.016234625547833843,0.0,0.19682999999999998,0.009988977823976413,0.0,0.0,0.004636673573848669,0.015113257616170685,-0.010119577490414283,0.0,-0.0009024781564403438
2025-01-06,0.0,0.06928038821294455,0.0,0.0,0.2283107053016175,0.007226453382583817,0.03157888426581969,0.008054030668625626,0.09774862813152918,0.017118966353358543,0.016234625547833843,0.0,0.19682999999999998,0.009988977823976413,0.0,0.0,0.004636673573848669,0.015113257616170685,-0.010119577490414283,0.0,-0.0009024781564403438
2025-01-07,0.0,0.06928038821294455,0.0,0.0,0.2283107053016175,0.007226453382583817,0.03157888426581969,0.008054030668625626,0.09774862813152918,0.017118966353358543,0.016234625547833843,0.0,0.19682999999999998,0.009988977823976413,0.0,0.0,0.004636673573848669,0.015113257616170685,-0.010119577490414283,0.0,-0.0009024781564403438
2025-01-08,0.0,0.06928038821294455,0.0,0.0,0.2283107053016175,0.007226453382583817,0.03157888426581969,0.008054030668625626,0.09774862813152918,0.017118966353358543,0.016234625547833843,0.0,0.19682999999999998,0.009988977823976413,0.0,0.0,0.004636673573848669,0.015113257616170685,-0.010119577490414283,0.0,-0.0009024781564403438
2025-01-10,0.0,0.06928038821294455,0.0,0.0,0.2283107053016175,0.007226453382583817,0.03157888426581969,0.008054030668625626,0.09774862813152918,0.017118966353358543,0.016234625547833843,0.0,0.19682999999999998,0.009988977823976413,0.0,0.0,0.004636673573848669,0.015113257616170685,-0.010119577490414283,0.0,-0.0009024781564403438
2025-01-13,0.0,0.06928038821294455,0.0,0.0,0.2283107053016175,0.007226453382583817,0.03157888426581969,0.008054030668625626,0.09774862813152918,0.017118966353358543,0.016234625547833843,0.0,0.19682999999999998,0.009988977823976413,0.0,0.0,0.004636673573848669,0.015113257616170685,-0.010119577490414283,0.0,-0.0009024781564403438
2025-01-14,0.0,0.06928038821294455,0.0,0.0,0.2283107053016175,0.007226453382583817,0.03157888426581969,0.008054030668625626,0.09774862813152918,0.017118966353358543,0.016234625547833843,0.0,0.19682999999999998,0.009988977823976413,0.0,0.0,0.004636673573848669,0.015113257616170685,-0.010119577490414283,0.0,-0.0009024781564403438
2025-01-15,0.0,0.06928038821294455,0.0,0.0,0.2283107053016175,0.007226453382583817,0.03157888426581969,0.008054030668625626,0.09774862813152918,0.017118966353358543,0.016234625547833843,0.0,0.19682999999999998,0.009988977823976413,0.0,0.0,0.004636673573848669,0.015113257616170685,-0.010119577490414283,0.0,-0.0009024781564403438
2025-01-16,0.0,0.06928038821294455,0.0,0.0,0.2283107053016175,0.007226453382583817,0.03157888426581969,0.008054030668625626,0.09774862813152918,0.017118966353358543,0.016234625547833843,0.0,0.19682999999999998,0.009988977823976413,0.0,0.0,0.004636673573848669,0.015113257616170685,-0.010119577490414283,0.0,-0.0009024781564403438
2025-01-17,0.0,0.06928038821294455,0.0,0.0,0.2283107053016175,0.007226453382583817,0.03157888426581969,0.008054030668625626,0.09774862813152918,0.017118966353358543,0.016234625547833843,0.0,0.19682999999999998,0.009988977823976413,0.0,0.0,0.004636673573848669,0.015113257616170685,-0.010119577490414283,0.0,-0.0009024781564403438
2025-01-21,0.0,0.06928038821294455,0.0,0.0,0.2283107053016175,0.007226453382583817,0.03157888426581969,0.008054030668625626,0.09774862813152918,0.017118966353358543,0.016234625547833843,0.0,0.19682999999999998,0.009988977823976413,0.0,0.0,0.004636673573848669,0.015113257616170685,-0.010119577490414283,0.0,-0.0009024781564403438
2025-01-22,0.0,0.06928038821294455,0.0,0.0,0.2283107053016175,0.007226453382583817,0.03157888426581969,0.008054030668625626,0.09774862813152918,0.017118966353358543,0.016234625547833843,0.0,0.19682999999999998,0.009988977823976413,0.0,0.0,0.004636673573848669,0.015113257616170685,-0.010119577490414283,0.0,-0.0009024781564403438
2025-01-23,0.0,0.06928038821294455,0.0,0.0,0.2283107053016175,0.007226453382583817,0.03157888426581969,0.008054030668625626,0.09774862813152918,0.017118966353358543,0.016234625547833843,0.0,0.19682999999999998,0.009988977823976413,0.0,0.0,0.004636673573848669,0.015113257616170685,-0.010119577490414283,0.0,-0.0009024781564403438
2025-01-24,0.0,0.06928038821294455,0.0,0.0,0.2283107053016175,0.007226453382583817,0.03157888426581969,0.008054030668625626,0.09774862813152918,0.017118966353358543,0.016234625547833843,0.0,0.19682999999999998,0.009988977823976413,0.0,0.0,0.004636673573848669,0.015113257616170685,-0.010119577490414283,0.0,-0.0009024781564403438
2025-01-27,0.0,0.06928038821294455,0.0,0.0,0.2283107053016175,0.007226453382583817,0.03157888426581969,0.008054030668625626,0.09774862813152918,0.017118966353358543,0.016234625547833843,0.0,0.19682999999999998,0.009988977823976413,0.0,0.0,0.004636673573848669,0.015113257616170685,-0.010119577490414283,0.0,-0.0009024781564403438
2025-01-28,0.0,0.06928038821294455,0.0,0.0,0.2283107053016175,0.007226453382583817,0.03157888426581969,0.008054030668625626,0.09774862813152918,0.017118966353358543,0.016234625547833843,0.0,0.19682999999999998,0.009988977823976413,0.0,0.0,0.004636673573848669,0.015113257616170685,-0.010119577490414283,0.0,-0.0009024781564403438
2025-01-29,0.0,0.06928038821294455,0.0,0.0,0.2283107053016175,0.007226453382583817,0.03157888426581969,0.008054030668625626,0.09774862813152918,0.017118966353358543,0.016234625547833843,0.0,0.19682999999999998,0.009988977823976413,0.0,0.0,0.004636673573848669,0.015113257616170685,-0.010119577490414283,0.0,-0.0009024781564403438
2025-01-30,0.0,0.06928038821294455,0.0,0.0,0.2283107053016175,0.007226453382583817,0.03157888426581969,0.008054030668625626,0.09774862813152918,0.017118966353358543,0.016234625547833843,0.0,0.19682999999999998,0.009988977823976413,0.0,0.0,0.004636673573848669,0.015113257616170685,-0.010119577490414283,0.0,-0.0009024781564403438
2025-01-31,0.0,0.06928038821294455,0.0,0.0,0.2283107053016175,0.007226453382583817,0.03157888426581969,0.008054030668625626,0.09774862813152918,0.017118966353358543,0.016234625547833843,0.0,0.19682999999999998,0.009988977823976413,0.0,0.0,0.004636673573848669,0.015113257616170685,-0.010119577490414283,0.0,-0.0009024781564403438
2025-02-03,0.0,0.06928038821294455,0.0,0.0,0.2283107053016175,0.007226453382583817,0.03157888426581969,0.008054030668625626,0.09774862813152918,0.017118966353358543,0.016234625547833843,0.0,0.19682999999999998,0.009988977823976413,0.0,0.0,0.004636673573848669,0.015113257616170685,-0.010119577490414283,0.0,-0.0009024781564403438
2025-02-04,0.0,0.06928038821294455,0.0,0.0,0.2283107053016175,0.007226453382583817,0.03157888426581969,0.008054030668625626,0.09774862813152918,0.017118966353358543,0.016234625547833843,0.0,0.19682999999999998,0.009988977823976413,0.0,0.0,0.004636673573848669,0.015113257616170685,-0.010119577490414283,0.0,-0.0009024781564403438
2025-02-05,0.0,0.06928038821294455,0.0,0.0,0.2283107053016175,0.007226453382583817,0.03157888426581969,0.008054030668625626,0.09774862813152918,0.017118966353358543,0.016234625547833843,0.0,0.19682999999999998,0.009988977823976413,0.0,0.0,0.004636673573848669,0.015113257616170685,-0.010119577490414283,0.0,-0.0009024781564403438
2025-02-06,0.0,0.06928038821294455,0.0,0.0,0.2283107053016175,0.007226453382583817,0.03157888426581969,0.008054030668625626,0.09774862813152918,0.017118966353358543,0.016234625547833843,0.0,0.19682999999999998,0.009988977823976413,0.0,0.0,0.004636673573848669,0.015113257616170685,-0.010119577490414283,0.0,-0.0009024781564403438
2025-02-07,0.0,0.06928038821294455,0.0,0.0,0.2283107053016175,0.007226453382583817,0.03157888426581969,0.008054030668625626,0.09774862813152918,0.017118966353358543,0.016234625547833843,0.0,0.19682999999999998,0.009988977823976413,0.0,0.0,0.004636673573848669,0.015113257616170685,-0.010119577490414283,0.0,-0.0009024781564403438
2025-02-10,0.0,0.06928038821294455,0.0,0.0,0.2283107053016175,0.007226453382583817,0.03157888426581969,0.008054030668625626,0.09774862813152918,0.017118966353358543,0.016234625547833843,0.0,0.19682999999999998,0.009988977823976413,0.0,0.0,0.004636673573848669,0.015113257616170685,-0.010119577490414283,0.0,-0.0009024781564403438
2025-02-11,0.0,0.06928038821294455,0.0,0.0,0.2283107053016175,0.007226453382583817,0.03157888426581969,0.008054030668625626,0.09774862813152918,0.017118966353358543,0.016234625547833843,0.0,0.19682999999999998,0.009988977823976413,0.0,0.0,0.004636673573848669,0.015113257616170685,-0.010119577490414283,0.0,-0.0009024781564403438
2025-02-12,0.0,0.06928038821294455,0.0,0.0,0.2283107053016175,0.007226453382583817,0.03157888426581969,0.008054030668625626,0.09774862813152918,0.017118966353358543,0.016234625547833843,0.0,0.19682999999999998,0.009988977823976413,0.0,0.0,0.004636673573848669,0.015113257616170685,-0.010119577490414283,0.0,-0.0009024781564403438
2025-02-13,0.0,0.06928038821294455,0.0,0.0,0.2283107053016175,0.007226453382583817,0.03157888426581969,0.008054030668625626,0.09774862813152918,0.017118966353358543,0.016234625547833843,0.0,0.19682999999999998,0.009988977823976413,0.0,0.0,0.004636673573848669,0.015113257616170685,-0.010119577490414283,0.0,-0.0009024781564403438
2025-02-14,0.0,0.06928038821294455,0.0,0.0,0.2283107053016175,0.007226453382583817,0.03157888426581969,0.008054030668625626,0.09774862813152918,0.017118966353358543,0.016234625547833843,0.0,0.19682999999999998,0.009988977823976413,0.0,0.0,0.004636673573848669,0.015113257616170685,-0.010119577490414283,0.0,-0.0009024781564403438
2025-02-18,0.0,0.06928038821294455,0.0,0.0,0.2283107053016175,0.007226453382583817,0.03157888426581969,0.008054030668625626,0.09774862813152918,0.017118966353358543,0.016234625547833843,0.0,0.19682999999999998,0.009988977823976413,0.0,0.0,0.004636673573848669,0.015113257616170685,-0.010119577490414283,0.0,-0.0009024781564403438
2025-02-19,0.0,0.06928038821294455,0.0,0.0,0.2283107053016175,0.007226453382583817,0.03157888426581969,0.008054030668625626,0.09774862813152918,0.017118966353358543,0.016234625547833843,0.0,0.19682999999999998,0.009988977823976413,0.0,0.0,0.004636673573848669,0.015113257616170685,-0.010119577490414283,0.0,-0.0009024781564403438
2025-02-20,0.0,0.06928038821294455,0.0,0.0,0.2283107053016175,0.007226453382583817,0.03157888426581969,0.008054030668625626,0.09774862813152918,0.017118966353358543,0.016234625547833843,0.0,0.19682999999999998,0.009988977823976413,0.0,0.0,0.004636673573848669,0.015113257616170685,-0.010119577490414283,0.0,-0.0009024781564403438
2025-02-21,0.0,0.06928038821294455,0.0,0.0,0.2283107053016175,0.007226453382583817,0.03157888426581969,0.008054030668625626,0.09774862813152918,0.017118966353358543,0.016234625547833843,0.0,0.19682999999999998,0.009988977823976413,0.0,0.0,0.004636673573848669,0.015113257616170685,-0.010119577490414283,0.0,-0.0009024781564403438
2025-02-24,0.0,0.06928038821294455,0.0,0.0,0.2283107053016175,0.007226453382583817,0.03157888426581969,0.008054030668625626,0.09774862813152918,0.017118966353358543,0.016234625547833843,0.0,0.19682999999999998,0.009988977823976413,0.0,0.0,0.004636673573848669,0.015113257616170685,-0.010119577490414283,0.0,-0.0009024781564403438
2025-02-25,0.0,0.06928038821294455,0.0,0.0,0.2283107053016175,0.007226453382583817,0.03157888426581969,0.008054030668625626,0.09774862813152918,0.017118966353358543,0.016234625547833843,0.0,0.19682999999999998,0.009988977823976413,0.0,0.0,0.004636673573848669,0.015113257616170685,-0.010119577490414283,0.0,-0.0009024781564403438
2025-02-26,0.0,0.06928038821294455,0.0,0.0,0.2283107053016175,0.007226453382583817,0.03157888426581969,0.008054030668625626,0.09774862813152918,0.017118966353358543,0.016234625547833843,0.0,0.19682999999999998,0.009988977823976413,0.0,0.0,0.004636673573848669,0.015113257616170685,-0.010119577490414283,0.0,-0.0009024781564403438
2025-02-27,0.0,0.06928038821294455,0.0,0.0,0.2283107053016175,0.007226453382583817,0.03157888426581969,0.008054030668625626,0.09774862813152918,0.017118966353358543,0.016234625547833843,0.0,0.19682999999999998,0.009988977823976413,0.0,0.0,0.004636673573848669,0.015113257616170685,-0.010119577490414283,0.0,-0.0009024781564403438
2025-02-28,0.0,0.06928038821294455,0.0,0.0,0.2283107053016175,0.007226453382583817,0.03157888426581969,0.008054030668625626,0.09774862813152918,0.017118966353358543,0.016234625547833843,0.0,0.19682999999999998,0.009988977823976413,0.0,0.0,0.004636673573848669,0.015113257616170685,-0.010119577490414283,0.0,-0.0009024781564403438
2025-03-03,0.0,0.06928038821294455,0.0,0.0,0.2283107053016175,0.007226453382583817,0.03157888426581969,0.008054030668625626,0.09774862813152918,0.017118966353358543,0.016234625547833843,0.0,0.19682999999999998,0.009988977823976411,0.0,0.0,0.004636673573848669,0.015113257616170685,-0.010119577490414283,0.0,-0.0009024781564403438
2025-03-04,0.0,0.06928038821294455,0.0,0.0,0.2283107053016175,0.007226453382583817,0.03157888426581969,0.008054030668625626,0.09774862813152918,0.017118966353358543,0.016234625547833843,0.0,0.19682999999999998,0.009988977823976413,0.0,0.0,0.004636673573848669,0.015113257616170685,-0.010119577490414283,0.0,-0.0009024781564403438
2025-03-05,0.0,0.06928038821294455,0.0,0.0,0.2283107053016175,0.007226453382583817,0.03157888426581969,0.008054030668625626,0.09774862813152918,0.017118966353358543,0.016234625547833843,0.0,0.19682999999999998,0.009988977823976411,0.0,0.0,0.004636673573848669,0.015113257616170685,-0.010119577490414283,0.0,-0.0009024781564403438
2025-03-06,0.0,0.06928038821294455,0.0,0.0,0.2283107053016175,0.007226453382583817,0.03157888426581969,0.008054030668625626,0.09774862813152918,0.017118966353358543,0.016234625547833843,0.0,0.19682999999999998,0.009988977823976411,0.0,0.0,0.004636673573848669,0.015113257616170685,-0.010119577490414283,0.0,-0.0009024781564403438
2025-03-07,0.0,0.06928038821294455,0.0,0.0,0.2283107053016175,0.007226453382583817,0.03157888426581969,0.008054030668625626,0.09774862813152918,0.017118966353358543,0.016234625547833843,0.0,0.19682999999999998,0.009988977823976411,0.0,0.0,0.004636673573848669,0.015113257616170685,-0.010119577490414283,0.0,-0.0009024781564403438
2025-03-10,0.0,0.06928038821294455,0.0,0.0,0.2283107053016175,0.007226453382583817,0.03157888426581969,0.008054030668625626,0.09774862813152918,0.017118966353358543,0.016234625547833843,0.0,0.19682999999999998,0.009988977823976411,0.0,0.0,0.004636673573848669,0.015113257616170685,-0.010119577490414283,0.0,-0.0009024781564403438
2025-03-11,0.0,0.06928038821294455,0.0,0.0,0.2283107053016175,0.007226453382583817,0.03157888426581969,0.008054030668625626,0.09774862813152918,0.017118966353358543,0.016234625547833843,0.0,0.19682999999999998,0.009988977823976411,0.0,0.0,0.004636673573848669,0.015113257616170685,-0.010119577490414283,0.0,-0.0009024781564403438
2025-03-12,0.0,0.06928038821294455,0.0,0.0,0.2283107053016175,0.007226453382583817,0.03157888426581969,0.008054030668625626,0.09774862813152918,0.017118966353358543,0.016234625547833843,0.0,0.19682999999999998,0.009988977823976411,0.0,0.0,0.004636673573848669,0.015113257616170685,-0.010119577490414283,0.0,-0.0009024781564403438
2025-03-13,0.0,0.06928038821294455,0.0,0.0,0.2283107053016175,0.007226453382583817,0.03157888426581969,0.008054030668625626,0.09774862813152918,0.017118966353358543,0.016234625547833843,0.0,0.19682999999999998,0.009988977823976411,0.0,0.0,0.004636673573848669,0.015113257616170685,-0.010119577490414283,0.0,-0.0009024781564403438
2025-03-14,0.0,0.06928038821294455,0.0,0.0,0.2283107053016175,0.007226453382583817,0.03157888426581969,0.008054030668625626,0.09774862813152918,0.017118966353358543,0.016234625547833843,0.0,0.19682999999999998,0.009988977823976411,0.0,0.0,0.004636673573848669,0.015113257616170685,-0.010119577490414283,0.0,-0.0009024781564403438
2025-03-17,0.0,0.06928038821294455,0.0,0.0,0.2283107053016175,0.007226453382583817,0.03157888426581969,0.008054030668625626,0.09774862813152918,0.017118966353358543,0.016234625547833843,0.0,0.19682999999999998,0.009988977823976411,0.0,0.0,0.004636673573848669,0.015113257616170685,-0.010119577490414283,0.0,-0.0009024781564403438
2025-03-18,0.0,0.06928038821294455,0.0,0.0,0.2283107053016175,0.007226453382583817,0.03157888426581969,0.008054030668625626,0.09774862813152918,0.017118966353358543,0.016234625547833843,0.0,0.19682999999999998,0.009988977823976411,0.0,0.0,0.004636673573848669,0.015113257616170685,-0.010119577490414283,0.0,-0.0009024781564403438
2025-03-19,0.0,0.06928038821294455,0.0,0.0,0.2283107053016175,0.007226453382583817,0.03157888426581969,0.008054030668625626,0.09774862813152918,0.017118966353358543,0.016234625547833843,0.0,0.19682999999999998,0.009988977823976411,0.0,0.0,0.004636673573848669,0.015113257616170685,-0.010119577490414283,0.0,-0.0009024781564403438
2025-03-20,0.0,0.06928038821294455,0.0,0.0,0.2283107053016175,0.007226453382583817,0.03157888426581969,0.008054030668625626,0.09774862813152918,0.017118966353358543,0.016234625547833843,0.0,0.19682999999999998,0.009988977823976411,0.0,0.0,0.004636673573848669,0.015113257616170685,-0.010119577490414283,0.0,-0.0009024781564403438
2025-03-21,0.0,0.06928038821294455,0.0,0.0,0.2283107053016175,0.007226453382583817,0.03157888426581969,0.008054030668625626,0.09774862813152918,0.017118966353358543,0.016234625547833843,0.0,0.19682999999999998,0.009988977823976413,0.0,0.0,0.004636673573848669,0.015113257616170685,-0.010119577490414283,0.0,-0.0009024781564403438
2025-03-24,0.0,0.06928038821294455,0.0,0.0,0.2283107053016175,0.007226453382583817,0.03157888426581969,0.008054030668625626,0.09774862813152918,0.017118966353358543,0.016234625547833843,0.0,0.19682999999999998,0.009988977823976413,0.0,0.0,0.004636673573848669,0.015113257616170685,-0.010119577490414283,0.0,-0.0009024781564403438
2025-03-25,0.0,0.06928038821294455,0.0,0.0,0.2283107053016175,0.007226453382583817,0.03157888426581969,0.008054030668625626,0.09774862813152918,0.017118966353358543,0.016234625547833843,0.0,0.19682999999999998,0.009988977823976413,0.0,0.0,0.004636673573848669,0.015113257616170685,-0.010119577490414283,0.0,-0.0009024781564403438
2025-03-26,0.0,0.06928038821294455,0.0,0.0,0.2283107053016175,0.007226453382583817,0.03157888426581969,0.008054030668625626,0.09774862813152918,0.017118966353358543,0.016234625547833843,0.0,0.19682999999999998,0.009988977823976413,0.0,0.0,0.004636673573848669,0.015113257616170685,-0.010119577490414283,0.0,-0.0009024781564403438
2025-03-27,0.0,0.06928038821294455,0.0,0.0,0.2283107053016175,0.007226453382583817,0.03157888426581969,0.008054030668625626,0.09774862813152918,0.017118966353358543,0.016234625547833843,0.0,0.19682999999999998,0.009988977823976413,0.0,0.0,0.004636673573848669,0.015113257616170685,-0.010119577490414283,0.0,-0.0009024781564403438
2025-03-28,0.0,0.06928038821294455,0.0,0.0,0.2283107053016175,0.007226453382583817,0.03157888426581969,0.008054030668625626,0.09774862813152918,0.017118966353358543,0.016234625547833843,0.0,0.19682999999999998,0.009988977823976413,0.0,0.0,0.004636673573848669,0.015113257616170685,-0.010119577490414283,0.0,-0.0009024781564403438
2025-03-31,0.0,0.06928038821294455,0.0,0.0,0.2283107053016175,0.007226453382583817,0.03157888426581969,0.008054030668625626,0.09774862813152918,0.017118966353358543,0.016234625547833843,0.0,0.19682999999999998,0.009988977823976413,0.0,0.0,0.004636673573848669,0.015113257616170685,-0.010119577490414283,0.0,-0.0009024781564403438
2025-04-01,0.0,0.06928038821294455,0.0,0.0,0.2283107053016175,0.007226453382583817,0.03157888426581969,0.008054030668625626,0.09774862813152918,0.017118966353358543,0.016234625547833843,0.0,0.19682999999999998,0.009988977823976411,0.0,0.0,0.004636673573848669,0.015113257616170685,-0.010119577490414283,0.0,-0.0009024781564403438
2025-04-02,0.0,0.06928038821294455,0.0,0.0,0.2283107053016175,0.007226453382583817,0.03157888426581969,0.008054030668625626,0.09774862813152918,0.017118966353358543,0.016234625547833843,0.0,0.19682999999999998,0.009988977823976411,0.0,0.0,0.004636673573848669,0.015113257616170685,-0.010119577490414283,0.0,-0.0009024781564403438
2025-04-03,0.0,0.06928038821294455,0.0,0.0,0.2283107053016175,0.007226453382583817,0.03157888426581969,0.008054030668625626,0.09774862813152918,0.017118966353358543,0.016234625547833843,0.0,0.19682999999999998,0.009988977823976411,0.0,0.0,0.004636673573848669,0.015113257616170685,-0.010119577490414283,0.0,-0.0009024781564403438
2025-04-04,0.0,0.06928038821294455,0.0,0.0,0.2283107053016175,0.007226453382583817,0.03157888426581969,0.008054030668625626,0.09774862813152918,0.017118966353358543,0.016234625547833843,0.0,0.19682999999999998,0.009988977823976411,0.0,0.0,0.004636673573848669,0.015113257616170685,-0.010119577490414283,0.0,-0.0009024781564403438
2025-04-07,0.0,0.0,0.0,0.0,0.3,0.0,0.0,0.0,0.0,0.0,0.0,0.0,0.5,0.0,0.0,0.0,0.0,0.0,0.0,0.0,0.0
2025-04-08,0.0,0.0,0.0,0.0,0.3,0.0,0.0,0.0,0.0,0.0,0.0,0.0,0.5,0.0,0.0,0.0,0.0,0.0,0.0,0.0,0.0
2025-04-09,0.0,0.0,0.0,0.0,0.3,0.0,0.0,0.0,0.0,0.0,0.0,0.0,0.5,0.0,0.0,0.0,0.0,0.0,0.0,0.0,0.0
2025-04-10,0.0,0.0,0.0,0.0,0.3,0.0,0.0,0.0,0.0,0.0,0.0,0.0,0.5,0.0,0.0,0.0,0.0,0.0,0.0,0.0,0.0
2025-04-11,0.0,0.0,0.0,0.0,0.3,0.0,0.0,0.0,0.0,0.0,0.0,0.0,0.5,0.0,0.0,0.0,0.0,0.0,0.0,0.0,0.0
2025-04-14,0.0,0.0,0.0,0.0,0.3,0.0,0.0,0.0,0.0,0.0,0.0,0.0,0.5,0.0,0.0,0.0,0.0,0.0,0.0,0.0,0.0
2025-04-15,0.0,0.0,0.0,0.0,0.3,0.0,0.0,0.0,0.0,0.0,0.0,0.0,0.5,0.0,0.0,0.0,0.0,0.0,0.0,0.0,0.0
2025-04-16,0.0,0.0,0.0,0.0,0.3,0.0,0.0,0.0,0.0,0.0,0.0,0.0,0.5,0.0,0.0,0.0,0.0,0.0,0.0,0.0,0.0
2025-04-17,0.0,0.0,0.0,0.0,0.3,0.0,0.0,0.0,0.0,0.0,0.0,0.0,0.5,0.0,0.0,0.0,0.0,0.0,0.0,0.0,0.0
2025-04-21,0.0,0.0,0.0,0.0,0.3,0.0,0.0,0.0,0.0,0.0,0.0,0.0,0.5,0.0,0.0,0.0,0.0,0.0,0.0,0.0,0.0
2025-04-22,0.0,0.0,0.0,0.0,0.3,0.0,0.0,0.0,0.0,0.0,0.0,0.0,0.5,0.0,0.0,0.0,0.0,0.0,0.0,0.0,0.0
2025-04-23,0.0,0.0,0.0,0.0,0.3,0.0,0.0,0.0,0.0,0.0,0.0,0.0,0.5,0.0,0.0,0.0,0.0,0.0,0.0,0.0,0.0
2025-04-24,0.0,0.0,0.0,0.0,0.3,0.0,0.0,0.0,0.0,0.0,0.0,0.0,0.5,0.0,0.0,0.0,0.0,0.0,0.0,0.0,0.0
2025-04-25,0.0,0.0,0.0,0.0,0.3,0.0,0.0,0.0,0.0,0.0,0.0,0.0,0.5,0.0,0.0,0.0,0.0,0.0,0.0,0.0,0.0
2025-04-28,0.0,0.0,0.0,0.0,0.3,0.0,0.0,0.0,0.0,0.0,0.0,0.0,0.5,0.0,0.0,0.0,0.0,0.0,0.0,0.0,0.0
2025-04-29,0.0,0.0,0.0,0.0,0.3,0.0,0.0,0.0,0.0,0.0,0.0,0.0,0.5,0.0,0.0,0.0,0.0,0.0,0.0,0.0,0.0
2025-04-30,0.0,0.0,0.0,0.0,0.3,0.0,0.0,0.0,0.0,0.0,0.0,0.0,0.5,0.0,0.0,0.0,0.0,0.0,0.0,0.0,0.0
2025-05-01,0.0,0.0,0.0,0.0,0.3,0.0,0.0,0.0,0.0,0.0,0.0,0.0,0.5,0.0,0.0,0.0,0.0,0.0,0.0,0.0,0.0
2025-05-02,0.0,0.0,0.0,0.0,0.3,0.0,0.0,0.0,0.0,0.0,0.0,0.0,0.5,0.0,0.0,0.0,0.0,0.0,0.0,0.0,0.0
2025-05-05,0.0,0.0,0.0,0.0,0.3,0.0,0.0,0.0,0.0,0.0,0.0,0.0,0.5,0.0,0.0,0.0,0.0,0.0,0.0,0.0,0.0
2025-05-06,0.0,0.0,0.0,0.0,0.3,0.0,0.0,0.0,0.0,0.0,0.0,0.0,0.5,0.0,0.0,0.0,0.0,0.0,0.0,0.0,0.0
2025-05-07,0.0,0.0,0.0,0.0,0.3,0.0,0.0,0.0,0.0,0.0,0.0,0.0,0.5,0.0,0.0,0.0,0.0,0.0,0.0,0.0,0.0
2025-05-08,0.0,0.0,0.0,0.0,0.3,0.0,0.0,0.0,0.0,0.0,0.0,0.0,0.5,0.0,0.0,0.0,0.0,0.0,0.0,0.0,0.0
2025-05-09,0.0,0.0,0.0,0.0,0.21,0.032473192119726074,0.0,0.026651747852793593,0.0,0.0,0.029472294870300373,0.0,0.44807692307692304,0.0,0.0,0.0,0.036178360923679084,0.03214748115657778,0.0,0.0,0.0
2025-05-12,0.0,0.0,0.0,0.0,0.21,0.032473192119726074,0.0,0.026651747852793593,0.0,0.0,0.02947229487030037,0.0,0.44807692307692304,0.0,0.0,0.0,0.036178360923679084,0.03214748115657778,0.0,0.0,0.0
2025-05-13,0.0,0.0,0.0,0.0,0.21,0.032473192119726074,0.0,0.026651747852793593,0.0,0.0,0.02947229487030037,0.0,0.44807692307692304,0.0,0.0,0.0,0.036178360923679084,0.03214748115657778,0.0,0.0,0.0
2025-05-14,0.0,0.0,0.0,0.004056184914592104,0.2005119860378714,0.03297537563603541,0.011949037082795648,0.03472018928391836,0.005445705019677471,0.005137323406318475,0.043322820730576986,0.0,0.3,0.0,0.004080731135596451,0.0,0.04671936643329837,0.040971647509723555,0.0033301649834343466,0.0,0.0
2025-05-15,0.0,0.0,0.0034569413462376243,0.003650566423132894,0.18843281133367604,0.033531821484103254,0.02409768733220808,0.042431892269524485,0.010490638587335312,0.010634287386681398,0.059770566061445034,0.0,0.27,0.0,0.0036726580220368065,0.0,0.055922146695332936,0.05056367843645211,0.002997148485090912,0.0,0.0
2025-05-16,0.0,0.0,0.003111247211613862,0.0032855097808196045,0.175709709374309,0.03353967677923554,0.0368028683064046,0.0506532606098741,0.015393159618586599,0.016478602851683507,0.07687190829749152,0.0,0.24300000000000002,0.0,0.003305392219833126,0.0,0.0631455492015769,0.05827132518707333,0.002697433636581821,0.0,0.0
2025-05-19,0.0,0.0,0.007271522795695227,0.002956958802737644,0.16266820538891502,0.030185709101311988,0.04453762042844137,0.05859132701461734,0.01831980106129074,0.021864205117063308,0.09321827699089012,0.0,0.21870000000000003,0.0,0.0029748529978498132,0.0,0.0690356676332784,0.06667772646964835,0.002427690272923639,0.0036969087241091195,0.0
2025-05-20,0.0,0.0,0.009872529541920238,0.0026612629224638798,0.14640138485002352,0.02716713819118079,0.04888732461943386,0.06514481617682552,0.0218491698035392,0.02921045040823031,0.10769311876548289,0.0,0.19683000000000003,0.0,0.002677367698064832,0.0,0.07517537845562003,0.07546539423159736,0.002184921245631275,0.007392530453931449,0.0
2025-05-21,0.0,0.0,0.013373730466602604,0.002395136630217492,0.1365694379335575,0.024450424372062712,0.050409735140078855,0.07102860773364975,0.026700276946060215,0.03613139048774524,0.119275695686079,0.0,0.17714700000000003,0.0,0.002409630928258349,0.0,0.08012309798033854,0.08210206371658015,0.0019664291210681477,0.010335132129506378,0.0
2025-05-22,0.0,0.0,0.017141263509187384,0.0021556229671957426,0.12920230521419462,0.022005381934856443,0.050966764085389735,0.07700295983511449,0.030573902722044712,0.044606494666980606,0.12930700752022656,0.0,0.15943230000000003,0.0,0.002168667835432514,0.0,0.08529769246500597,0.08804435316572702,0.001769786208961333,0.010335132129506378,0.0
2025-05-23,0.0,0.0,0.017141069225052596,0.0021555985347294377,0.12920084079717148,0.02200513251936921,0.05096618641305782,0.07700208706086306,0.030573556188416413,0.04460598908381764,0.1293055419164766,0.0,0.15943049294730255,0.0,0.0021686432551118262,0.0,0.08529672567580918,0.088043355245068,0.0017697661496826114,0.010335014988071465,0.0
2025-05-27,0.0,0.0,0.017141069225052596,0.0021555985347294377,0.12920084079717148,0.02200513251936921,0.050966186413057814,0.07700208706086306,0.030573556188416413,0.04460598908381764,0.1293055419164766,0.0,0.15943049294730255,0.0,0.0021686432551118262,0.0,0.08529672567580918,0.088043355245068,0.0017697661496826112,0.010335014988071465,0.0
2025-05-28,0.0,0.0,0.017141069225052596,0.0021555985347294377,0.12920084079717148,0.02200513251936921,0.050966186413057814,0.07700208706086306,0.030573556188416413,0.04460598908381764,0.1293055419164766,0.0,0.15943049294730255,0.0,0.0021686432551118262,0.0,0.08529672567580918,0.088043355245068,0.0017697661496826112,0.010335014988071465,0.0
2025-05-29,0.0,0.0,0.017141069225052596,0.0021555985347294377,0.12920084079717148,0.02200513251936921,0.050966186413057814,0.07700208706086306,0.030573556188416413,0.04460598908381764,0.1293055419164766,0.0,0.15943049294730255,0.0,0.0021686432551118262,0.0,0.08529672567580918,0.088043355245068,0.0017697661496826112,0.010335014988071465,0.0
2025-05-30,0.0,0.0,0.017141069225052596,0.0021555985347294377,0.12920084079717148,0.02200513251936921,0.050966186413057814,0.07700208706086306,0.030573556188416413,0.04460598908381764,0.1293055419164766,0.0,0.15943049294730255,0.0,0.0021686432551118262,0.0,0.08529672567580918,0.088043355245068,0.0017697661496826112,0.010335014988071465,0.0
2025-06-02,0.0,0.0,0.015426962302547337,0.001940038681256494,0.1301925074247451,0.01980461926743229,0.05687506342054777,0.07429889798874889,0.03571114092206777,0.04647197668497846,0.1283267044641908,0.0,0.1434874436525723,0.0059893503294965135,0.007495264121597368,0.0,0.0936349935749805,0.08962375030834786,0.0015927895347143501,0.014895318079358726,0.0
2025-06-03,0.0,0.0,0.015426962302547337,0.001940038681256494,0.1301925074247451,0.01980461926743229,0.05687506342054777,0.07429889798874889,0.03571114092206777,0.04647197668497846,0.1283267044641908,0.0,0.1434874436525723,0.005989350329496514,0.007495264121597369,0.0,0.09363499357498051,0.08962375030834786,0.0015927895347143501,0.014895318079358727,0.0
2025-06-04,0.0,0.0,0.015426962302547337,0.001940038681256494,0.1301925074247451,0.01980461926743229,0.05687506342054777,0.07429889798874889,0.03571114092206777,0.04647197668497846,0.1283267044641908,0.0,0.1434874436525723,0.005989350329496515,0.00749526412159737,0.0,0.09363499357498052,0.08962375030834786,0.0015927895347143501,0.014895318079358727,0.0
2025-06-05,0.0,0.0,0.013884266072292603,0.0017460348131308446,0.12559209426619522,0.021957565561108568,0.06599550431331584,0.07282350852403188,0.0402801398873052,0.049253357347001044,0.12833680659301228,0.0,0.12913869928731506,0.010025526953114514,0.01076387189736463,0.0,0.10013789237440543,0.09328967840192874,0.0014335105812429152,0.01734622055438173,0.0
2025-06-06,0.0,0.0,0.012495839465063344,0.0015714313318177602,0.11822762491978235,0.023601254253255176,0.0779162240616055,0.07069192562518312,0.04470710904373872,0.05311344820856967,0.12975836237746216,0.0,0.11622482935858355,0.010025526953114514,0.014656035481402123,0.0,0.10569032026866847,0.09776942229915457,0.0012901595231186236,0.015611598498943557,0.0
2025-06-09,0.0,0.0,0.01124625551855701,0.0014142881986359843,0.11536986734571456,0.02552141370748321,0.0860149933734349,0.06791176227895701,0.046285116662635774,0.05614721617944065,0.13065237643061406,0.0,0.1046023464227252,0.010025526953114514,0.017301541937403995,0.0,0.11287777941184451,0.10309494137396087,0.0011611435708067613,0.014050438649049202,0.0
2025-06-10,0.0,0.0,0.01012162996670131,0.001272859378772386,0.11158632409382935,0.02924070762722823,0.09580837960449654,0.06112058605106131,0.04885501832724965,0.05871144982067962,0.13211300053997,0.0,0.09414211178045269,0.010025526953114514,0.019426485518813662,0.0,0.11875000733860189,0.10850247151964733,0.0010450292137260853,0.012645394784144282,0.0
2025-06-11,0.0,0.0,0.01012162996670131,0.001272859378772386,0.11158632409382935,0.02924070762722823,0.09580837960449655,0.06112058605106131,0.04885501832724965,0.05871144982067962,0.13211300053997,0.0,0.09414211178045269,0.010025526953114514,0.019426485518813662,0.0,0.11875000733860189,0.10850247151964734,0.0010450292137260853,0.012645394784144282,0.0
2025-06-12,0.0,0.0,0.009419418083160193,0.001184551765789965,0.10384476042501894,0.02721206476569879,0.08916144794206372,0.056880201647042196,0.045465586530900895,0.05463820490858118,0.12294735041695175,0.0,0.08761078136713242,0.009329982442161289,0.01807872739767814,0.0,0.11051144629674456,0.10097485737594344,0.0009725278542671555,0.011768090780865359,0.0
2025-06-13,0.0,0.0,0.009419418083160191,0.0011845517657899647,0.10384476042501893,0.027212064765698783,0.08916144794206371,0.05688020164704219,0.04546558653090089,0.05463820490858117,0.12294735041695172,0.0,0.0876107813671324,0.009329982442161287,0.018078727397678133,0.0,0.11051144629674453,0.10097485737594343,0.0009725278542671553,0.011768090780865357,0.0
2025-06-16,0.0,0.0,0.009419418083160191,0.0011845517657899647,0.10384476042501892,0.027212064765698783,0.08916144794206371,0.05688020164704219,0.04546558653090088,0.05463820490858117,0.12294735041695172,0.0,0.0876107813671324,0.009329982442161287,0.018078727397678133,0.0,0.11051144629674453,0.10097485737594342,0.0009725278542671553,0.011768090780865357,0.0
2025-06-17,0.0,0.0,0.009419418083160191,0.0011845517657899647,0.1038447604250189,0.027212064765698783,0.08916144794206371,0.05688020164704219,0.04546558653090088,0.05463820490858117,0.12294735041695172,0.0,0.0876107813671324,0.009329982442161287,0.018078727397678133,0.0,0.11051144629674453,0.1009748573759434,0.0009725278542671553,0.011768090780865357,0.0
2025-06-18,0.0,0.0,0.009419418083160191,0.0011845517657899647,0.1038447604250189,0.027212064765698783,0.08916144794206371,0.05688020164704219,0.04546558653090088,0.05463820490858117,0.12294735041695172,0.0,0.0876107813671324,0.009329982442161287,0.018078727397678133,0.0,0.11051144629674453,0.1009748573759434,0.0009725278542671553,0.011768090780865357,0.0
2025-06-20,0.0,0.0,0.009419418083160191,0.0011845517657899647,0.1038447604250189,0.027212064765698783,0.08916144794206371,0.05688020164704219,0.04546558653090088,0.05463820490858117,0.12294735041695172,0.0,0.0876107813671324,0.009329982442161287,0.018078727397678133,0.0,0.11051144629674453,0.1009748573759434,0.0009725278542671553,0.011768090780865357,0.0
2025-06-23,0.0,0.0,0.009419418083160191,0.0011845517657899647,0.1038447604250189,0.027212064765698783,0.08916144794206371,0.05688020164704219,0.04546558653090088,0.05463820490858117,0.12294735041695172,0.0,0.0876107813671324,0.009329982442161287,0.018078727397678133,0.0,0.11051144629674453,0.1009748573759434,0.0009725278542671553,0.011768090780865357,0.0
2025-06-24,0.0,0.0,0.009419418083160191,0.0011845517657899647,0.1038447604250189,0.027212064765698783,0.08916144794206371,0.05688020164704219,0.04546558653090088,0.05463820490858117,0.12294735041695172,0.0,0.0876107813671324,0.009329982442161287,0.018078727397678133,0.0,0.11051144629674453,0.1009748573759434,0.0009725278542671553,0.011768090780865357,0.0
2025-06-25,0.0,0.0,0.009419418083160193,0.0011845517657899647,0.1038447604250189,0.027212064765698783,0.08916144794206371,0.05688020164704219,0.04546558653090088,0.05463820490858117,0.12294735041695172,0.0,0.0876107813671324,0.009329982442161287,0.018078727397678136,0.0,0.11051144629674453,0.1009748573759434,0.0009725278542671553,0.011768090780865359,0.0
2025-06-26,0.0,0.0,0.009419418083160195,0.0011845517657899647,0.1038447604250189,0.027212064765698783,0.08916144794206371,0.05688020164704219,0.04546558653090088,0.05463820490858117,0.12294735041695172,0.0,0.0876107813671324,0.009329982442161287,0.01807872739767814,0.0,0.11051144629674453,0.1009748573759434,0.0009725278542671553,0.011768090780865359,0.0
2025-06-27,0.0,0.0,0.009419418083160193,0.0011845517657899647,0.1038447604250189,0.027212064765698783,0.08916144794206371,0.05688020164704219,0.04546558653090088,0.05463820490858117,0.12294735041695172,0.0,0.0876107813671324,0.009329982442161287,0.018078727397678136,0.0,0.11051144629674453,0.1009748573759434,0.0009725278542671553,0.011768090780865359,0.0
2025-06-30,0.0,0.0,0.009419418083160193,0.0011845517657899647,0.1038447604250189,0.027212064765698783,0.08916144794206371,0.05688020164704219,0.04546558653090088,0.05463820490858117,0.12294735041695172,0.0,0.0876107813671324,0.009329982442161287,0.018078727397678136,0.0,0.11051144629674453,0.1009748573759434,0.0009725278542671553,0.011768090780865359,0.0
2025-07-01,0.0,0.0,0.009419418083160195,0.0011845517657899647,0.1038447604250189,0.027212064765698783,0.08916144794206371,0.05688020164704219,0.04546558653090088,0.05463820490858117,0.12294735041695172,0.0,0.0876107813671324,0.009329982442161287,0.01807872739767814,0.0,0.11051144629674453,0.1009748573759434,0.0009725278542671553,0.011768090780865359,0.0
2025-07-02,0.0,0.0,0.009419418083160195,0.0011845517657899647,0.1038447604250189,0.027212064765698783,0.08916144794206371,0.05688020164704219,0.04546558653090088,0.05463820490858117,0.12294735041695172,0.0,0.0876107813671324,0.009329982442161287,0.01807872739767814,0.0,0.11051144629674453,0.1009748573759434,0.0009725278542671553,0.011768090780865359,0.0
2025-07-03,0.0,0.0,0.009419418083160195,0.0011845517657899647,0.1038447604250189,0.027212064765698783,0.08916144794206371,0.05688020164704219,0.04546558653090088,0.05463820490858117,0.12294735041695172,0.0,0.0876107813671324,0.009329982442161287,0.01807872739767814,0.0,0.11051144629674453,0.1009748573759434,0.0009725278542671553,0.011768090780865359,0.0
2025-07-07,0.0,0.0,0.009419418083160195,0.0011845517657899647,0.1038447604250189,0.027212064765698783,0.08916144794206371,0.05688020164704219,0.04546558653090088,0.05463820490858117,0.12294735041695172,0.0,0.0876107813671324,0.009329982442161287,0.01807872739767814,0.0,0.11051144629674453,0.1009748573759434,0.0009725278542671553,0.011768090780865359,0.0
2025-07-08,0.0,0.0,0.009419418083160195,0.0011845517657899647,0.1038447604250189,0.027212064765698783,0.08916144794206371,0.05688020164704219,0.04546558653090088,0.05463820490858117,0.12294735041695172,0.0,0.0876107813671324,0.009329982442161287,0.01807872739767814,0.0,0.11051144629674453,0.1009748573759434,0.0009725278542671553,0.011768090780865359,0.0
2025-07-09,0.0,0.0,0.009419418083160195,0.0011845517657899647,0.1038447604250189,0.027212064765698783,0.08916144794206371,0.05688020164704219,0.04546558653090088,0.05463820490858117,0.12294735041695172,0.0,0.0876107813671324,0.009329982442161287,0.01807872739767814,0.0,0.11051144629674453,0.1009748573759434,0.0009725278542671553,0.011768090780865359,0.0
2025-07-10,0.0,0.0,0.009419418083160195,0.0011845517657899647,0.1038447604250189,0.027212064765698783,0.08916144794206371,0.05688020164704219,0.04546558653090088,0.05463820490858117,0.12294735041695172,0.0,0.0876107813671324,0.009329982442161287,0.01807872739767814,0.0,0.11051144629674453,0.1009748573759434,0.0009725278542671553,0.011768090780865359,0.0
2025-07-11,0.0,0.0,0.008477476274844175,0.0010660965892109683,0.10272622077368986,0.024490858289128906,0.10822877644320056,0.05589487535025765,0.0823603251311149,0.0532279212168872,0.11422836268863307,0.0,0.07884970323041916,0.008396984197945158,0.016270854657910325,0.005188752236716426,0.09946030166707008,0.09087737163834907,0.0008752750688404398,0.010591281702778822,0.0
2025-07-14,0.0,0.0,0.0076297286473597575,0.0009594869302898715,0.09245359869632087,0.022041772460216016,0.12697058599050645,0.054299470838552744,0.1203337093336814,0.05161730053449437,0.1063442872623734,0.0,0.07096473290737725,0.007557285778150642,0.014643769192119292,0.010021441845787356,0.08951427150036308,0.08178963447451416,0.0007877475619563958,0.00953215353250094,0.0
2025-07-15,0.0,0.0,0.007629728647359758,0.0009594869302898715,0.09245359869632087,0.022041772460216016,0.12697058599050645,0.054299470838552744,0.1203337093336814,0.05161730053449437,0.1063442872623734,0.0,0.07096473290737726,0.007557285778150643,0.014643769192119292,0.010021441845787356,0.08951427150036309,0.08178963447451416,0.0007877475619563959,0.00953215353250094,0.0
2025-07-16,0.0,0.0,0.007629728647359759,0.0009594869302898715,0.09245359869632087,0.022041772460216016,0.12697058599050645,0.054299470838552744,0.1203337093336814,0.05161730053449437,0.1063442872623734,0.0,0.07096473290737727,0.007557285778150644,0.014643769192119292,0.010021441845787356,0.0895142715003631,0.08178963447451416,0.0007877475619563959,0.00953215353250094,0.0
2025-07-17,0.0,0.0,0.006866755782623783,0.0008635382372608843,0.08843761109801213,0.019837595214194415,0.14303288496741215,0.052540859978718844,0.16277414194173168,0.046455570481044935,0.09570985853613606,0.0,0.06386825961663954,0.0068015572003355795,0.013179392272907363,0.010021441845787356,0.08056284435032679,0.07361067102706274,0.0007089728057607563,0.008578938179250846,0.0
2025-07-18,0.0,0.0,0.006180080204361405,0.0007771844135347959,0.08576243582955506,0.017853835692774975,0.15931670653168162,0.05199452632285048,0.20134425712558046,0.04181001343294044,0.08613887268252246,0.0,0.057481433654975586,0.0061214014803020215,0.011861453045616628,0.010021441845787356,0.07250655991529412,0.06624960392435647,0.0006380755251846807,0.007721044361325762,0.0
2025-07-21,0.0,0.0,0.005562072183925264,0.0006994659721813164,0.08081343158176033,0.016068452123497477,0.17151478275747478,0.053580602345581006,0.23930228640648127,0.0376290120896464,0.07752498541427022,0.0,0.051733290289478026,0.005509261332271819,0.010675307741054966,0.00901929766120862,0.06525590392376471,0.059624643531920825,0.0005742679726662126,0.006948939925193185,0.0
2025-07-22,0.0,0.0,0.005005864965532738,0.0006295193749631848,0.07273208842358429,0.014461606911147729,0.1872539548180799,0.05627437107300075,0.2690705284358713,0.03386611088068176,0.0697724868728432,0.0,0.046559961260530226,0.004958335199044637,0.00567547058248597,0.008117367895087758,0.05873031353138824,0.053662179178728744,0.0005168411753995913,0.006254045932673867,0.0
2025-07-23,0.0,0.0,0.0050058649655327385,0.0006295193749631849,0.0727320884235843,0.014461606911147729,0.1872539548180799,0.056274371073000755,0.2690705284358713,0.03386611088068176,0.0697724868728432,0.0,0.046559961260530226,0.004958335199044637,0.00567547058248597,0.008117367895087758,0.05873031353138824,0.053662179178728744,0.0005168411753995913,0.006254045932673868,0.0
2025-07-24,0.0,0.0,0.0050058649655327385,0.000629519374963185,0.07273208842358432,0.014461606911147729,0.1872539548180799,0.056274371073000755,0.2690705284358713,0.03386611088068176,0.0697724868728432,0.0,0.046559961260530226,0.004958335199044637,0.00567547058248597,0.008117367895087758,0.05873031353138824,0.053662179178728744,0.0005168411753995913,0.006254045932673868,0.0
2025-07-25,0.0,0.0,0.0050058649655327385,0.000629519374963185,0.07273208842358432,0.014461606911147729,0.1872539548180799,0.056274371073000755,0.2690705284358713,0.03386611088068176,0.0697724868728432,0.0,0.046559961260530226,0.004958335199044637,0.00567547058248597,0.008117367895087758,0.05873031353138824,0.053662179178728744,0.0005168411753995913,0.006254045932673868,0.0
2025-07-28,0.0,0.0,0.0050058649655327385,0.000629519374963185,0.07273208842358432,0.014461606911147729,0.1872539548180799,0.056274371073000755,0.2690705284358713,0.03386611088068176,0.0697724868728432,0.0,0.046559961260530226,0.004958335199044637,0.00567547058248597,0.008117367895087758,0.05873031353138824,0.053662179178728744,0.0005168411753995913,0.006254045932673868,0.0
2025-07-29,0.0,0.0,0.0050058649655327385,0.000629519374963185,0.07273208842358432,0.014461606911147729,0.1872539548180799,0.056274371073000755,0.2690705284358713,0.03386611088068176,0.0697724868728432,0.0,0.046559961260530226,0.004958335199044637,0.00567547058248597,0.008117367895087758,0.05873031353138824,0.053662179178728744,0.0005168411753995913,0.006254045932673868,0.0
2025-07-30,0.0,0.0,0.0050058649655327385,0.000629519374963185,0.07273208842358432,0.014461606911147729,0.1872539548180799,0.056274371073000755,0.2690705284358713,0.03386611088068176,0.0697724868728432,0.0,0.046559961260530226,0.004958335199044637,0.00567547058248597,0.008117367895087758,0.05873031353138824,0.053662179178728744,0.0005168411753995913,0.006254045932673868,0.0
2025-07-31,0.0,0.0,0.0050058649655327385,0.000629519374963185,0.07273208842358432,0.014461606911147729,0.1872539548180799,0.056274371073000755,0.2690705284358713,0.03386611088068176,0.0697724868728432,0.0,0.046559961260530226,0.004958335199044637,0.00567547058248597,0.008117367895087758,0.05873031353138824,0.053662179178728744,0.0005168411753995913,0.006254045932673868,0.0
2025-08-01,0.0,0.0,0.004505278468979464,0.0005665674374668665,0.06545887958122588,0.013015446220032955,0.19400229017446946,0.05453707366222264,0.29073131311293926,0.034867780720264044,0.06735368774364534,0.0,0.0419039651344772,0.004462501679140174,0.0015276522345187933,0.007305631105578982,0.052857282178249414,0.0527479600557699,0.0004651570578596322,0.0056286413394064806,0.0
2025-08-04,0.0,0.0,0.0040547506220815184,0.0005099106937201799,0.058912991623103296,0.01171390159802966,0.20703235205888004,0.0558124515781853,0.3,0.03138100264823764,0.06556291225480615,0.0,0.03771356862102948,0.004016251511226156,-0.0019484389657922492,0.006575067995021084,0.05090424588782383,0.052044421208767844,0.00041864135207366897,0.005065777205465832,0.0
2025-08-05,0.0,0.0,0.0040547506220815184,0.0005099106937201799,0.058912991623103296,0.01171390159802966,0.20703235205888007,0.0558124515781853,0.3,0.03138100264823764,0.06556291225480615,0.0,0.03771356862102948,0.004016251511226156,-0.0019484389657922494,0.006575067995021084,0.05090424588782383,0.052044421208767844,0.00041864135207366897,0.005065777205465833,0.0
2025-08-06,0.0,0.0,0.003649275559873367,0.0004589196243481619,0.06086519808682073,0.010542511438226694,0.2162724952828802,0.05590546502870444,0.3,0.03222180985148836,0.06471205259607998,0.0,0.03394221175892653,0.003614626360103541,-0.0017535950692130246,0.005917561195518976,0.050706591234963405,0.05180971626033058,0.00037677721686630206,0.00455919948491925,0.0
2025-08-07,0.0,0.0,0.0032843480038860303,0.0004130276619133457,0.06388616544866015,0.009488260294404024,0.2230003807444651,0.05512675385472309,0.3,0.033573828449593716,0.06319842250192774,0.0,0.03054799058303388,0.0032531637240931868,-0.0015782355622917222,0.005325805075967078,0.04968736358487125,0.050905091244809415,0.0003390994951796719,0.004103279536427325,0.0
2025-08-08,0.0,0.0,0.0032843480038860303,0.0004130276619133457,0.06388616544866015,0.009488260294404026,0.2230003807444651,0.05512675385472309,0.3,0.033573828449593716,0.06319842250192774,0.0,0.03054799058303388,0.0032531637240931868,-0.0015782355622917222,0.005325805075967078,0.04968736358487125,0.050905091244809415,0.0003390994951796719,0.004103279536427325,0.0
2025-08-11,0.0,0.0,0.0032843480038860303,0.0004130276619133457,0.06388616544866015,0.009488260294404026,0.2230003807444651,0.05512675385472309,0.3,0.033573828449593716,0.06319842250192774,0.0,0.03054799058303388,0.0032531637240931868,-0.0015782355622917222,0.005325805075967078,0.04968736358487125,0.050905091244809415,0.0003390994951796719,0.004103279536427325,0.0
2025-08-12,0.0,0.0,0.0032843480038860303,0.0004130276619133457,0.06388616544866015,0.009488260294404026,0.2230003807444651,0.05512675385472309,0.3,0.033573828449593716,0.06319842250192774,0.0,0.03054799058303388,0.0032531637240931868,-0.0015782355622917222,0.005325805075967078,0.04968736358487125,0.050905091244809415,0.0003390994951796719,0.004103279536427325,0.0
2025-08-13,0.0,0.0,0.0032843480038860303,0.0004130276619133457,0.06388616544866015,0.009488260294404026,0.2230003807444651,0.05512675385472309,0.3,0.033573828449593716,0.06319842250192774,0.0,0.03054799058303388,0.0032531637240931868,-0.0015782355622917222,0.005325805075967078,0.04968736358487125,0.050905091244809415,0.0003390994951796719,0.004103279536427325,0.0
2025-08-14,0.0,0.0,0.0032843480038860303,0.0004130276619133457,0.06388616544866015,0.009488260294404026,0.2230003807444651,0.05512675385472309,0.3,0.033573828449593716,0.06319842250192774,0.0,0.03054799058303388,0.0032531637240931868,-0.0015782355622917222,0.005325805075967078,0.04968736358487125,0.050905091244809415,0.0003390994951796719,0.004103279536427325,0.0
2025-08-15,0.0,0.0,0.0032843480038860303,0.0004130276619133457,0.06388616544866015,0.009488260294404026,0.2230003807444651,0.05512675385472309,0.3,0.033573828449593716,0.06319842250192774,0.0,0.03054799058303388,0.0032531637240931868,-0.0015782355622917222,0.005325805075967078,0.04968736358487125,0.050905091244809415,0.0003390994951796719,0.004103279536427325,0.0
2025-08-18,0.0,0.0,0.0032843480038860303,0.0004130276619133457,0.06388616544866015,0.009488260294404026,0.2230003807444651,0.05512675385472309,0.3,0.033573828449593716,0.06319842250192774,0.0,0.03054799058303388,0.0032531637240931868,-0.0015782355622917222,0.005325805075967078,0.04968736358487125,0.050905091244809415,0.0003390994951796719,0.004103279536427325,0.0
2025-08-19,0.0,0.0,0.0032843480038860303,0.0004130276619133457,0.06388616544866015,0.009488260294404026,0.2230003807444651,0.05512675385472309,0.3,0.033573828449593716,0.06319842250192774,0.0,0.03054799058303388,0.0032531637240931868,-0.0015782355622917222,0.005325805075967078,0.04968736358487125,0.050905091244809415,0.0003390994951796719,0.004103279536427325,0.0
2025-08-20,0.0,0.0,0.0032843480038860303,0.0004130276619133457,0.06388616544866015,0.009488260294404026,0.2230003807444651,0.05512675385472309,0.3,0.033573828449593716,0.06319842250192774,0.0,0.03054799058303388,0.0032531637240931868,-0.0015782355622917222,0.005325805075967078,0.04968736358487125,0.050905091244809415,0.0003390994951796719,0.004103279536427325,0.0
2025-08-21,0.0,0.0,0.0032843480038860303,0.0004130276619133457,0.06388616544866015,0.009488260294404026,0.2230003807444651,0.05512675385472309,0.3,0.033573828449593716,0.06319842250192774,0.0,0.03054799058303388,0.0032531637240931868,-0.0015782355622917222,0.005325805075967078,0.04968736358487125,0.050905091244809415,0.0003390994951796719,0.004103279536427325,0.0
2025-08-22,0.0,0.0,0.0032843480038860303,0.0004130276619133457,0.06388616544866015,0.009488260294404026,0.2230003807444651,0.05512675385472309,0.3,0.033573828449593716,0.06319842250192774,0.0,0.03054799058303388,0.0032531637240931868,-0.0015782355622917222,0.005325805075967078,0.04968736358487125,0.050905091244809415,0.0003390994951796719,0.004103279536427325,0.0
2025-08-25,0.0,0.0,0.0032843480038860303,0.0004130276619133457,0.06388616544866015,0.009488260294404026,0.2230003807444651,0.05512675385472309,0.3,0.033573828449593716,0.06319842250192774,0.0,0.03054799058303388,0.0032531637240931868,-0.0015782355622917222,0.005325805075967078,0.04968736358487125,0.050905091244809415,0.0003390994951796719,0.004103279536427325,0.0
2025-08-26,0.0,0.0,0.0032843480038860303,0.0004130276619133457,0.06388616544866015,0.009488260294404026,0.2230003807444651,0.05512675385472309,0.3,0.033573828449593716,0.06319842250192774,0.0,0.03054799058303388,0.0032531637240931868,-0.0015782355622917222,0.005325805075967078,0.04968736358487125,0.050905091244809415,0.0003390994951796719,0.004103279536427325,0.0
2025-08-27,0.0,0.0,0.0032843480038860303,0.0004130276619133457,0.06388616544866015,0.009488260294404026,0.2230003807444651,0.05512675385472309,0.3,0.033573828449593716,0.06319842250192774,0.0,0.03054799058303388,0.0032531637240931868,-0.0015782355622917222,0.005325805075967078,0.04968736358487125,0.050905091244809415,0.0003390994951796719,0.004103279536427325,0.0
2025-08-28,0.0,0.0,0.0032843480038860303,0.0004130276619133457,0.06388616544866015,0.009488260294404026,0.2230003807444651,0.05512675385472309,0.3,0.033573828449593716,0.06319842250192774,0.0,0.03054799058303388,0.0032531637240931868,-0.0015782355622917222,0.005325805075967078,0.04968736358487125,0.050905091244809415,0.0003390994951796719,0.004103279536427325,0.0
2025-08-29,0.0,0.0,0.0032843480038860303,0.0004130276619133457,0.06388616544866015,0.009488260294404026,0.2230003807444651,0.05512675385472309,0.3,0.033573828449593716,0.06319842250192774,0.0,0.03054799058303388,0.0032531637240931868,-0.0015782355622917222,0.005325805075967078,0.04968736358487125,0.050905091244809415,0.0003390994951796719,0.004103279536427325,0.0
2025-09-02,0.0,0.0,0.0032843480038860303,0.0004130276619133457,0.06388616544866015,0.009488260294404026,0.2230003807444651,0.05512675385472309,0.3,0.033573828449593716,0.06319842250192774,0.0,0.03054799058303388,0.0032531637240931868,-0.0015782355622917222,0.005325805075967078,0.04968736358487125,0.050905091244809415,0.0003390994951796719,0.004103279536427325,0.0
2025-09-03,0.0,0.0,0.0032843480038860303,0.0004130276619133457,0.06388616544866015,0.009488260294404026,0.2230003807444651,0.05512675385472309,0.3,0.033573828449593716,0.06319842250192774,0.0,0.03054799058303388,0.0032531637240931868,-0.0015782355622917222,0.005325805075967078,0.04968736358487125,0.050905091244809415,0.0003390994951796719,0.004103279536427325,0.0
2025-09-04,0.0,0.0,0.0032843480038860303,0.0004130276619133457,0.06388616544866015,0.009488260294404026,0.2230003807444651,0.05512675385472309,0.3,0.033573828449593716,0.06319842250192774,0.0,0.03054799058303388,0.0032531637240931868,-0.0015782355622917222,0.005325805075967078,0.04968736358487125,0.050905091244809415,0.0003390994951796719,0.004103279536427325,0.0
2025-09-05,0.0,0.0,0.0032843480038860303,0.0004130276619133457,0.06388616544866015,0.009488260294404026,0.2230003807444651,0.05512675385472309,0.3,0.033573828449593716,0.06319842250192774,0.0,0.03054799058303388,0.0032531637240931868,-0.0015782355622917222,0.005325805075967078,0.04968736358487125,0.050905091244809415,0.0003390994951796719,0.004103279536427325,0.0
2025-09-08,0.0,0.0,0.0032843480038860303,0.0004130276619133457,0.06388616544866015,0.009488260294404026,0.2230003807444651,0.05512675385472309,0.3,0.033573828449593716,0.06319842250192774,0.0,0.03054799058303388,0.0032531637240931868,-0.0015782355622917222,0.005325805075967078,0.04968736358487125,0.050905091244809415,0.0003390994951796719,0.004103279536427325,0.0
2025-09-09,0.0,0.0,0.0032843480038860303,0.0004130276619133457,0.06388616544866015,0.009488260294404026,0.2230003807444651,0.05512675385472309,0.3,0.033573828449593716,0.06319842250192774,0.0,0.03054799058303388,0.0032531637240931868,-0.0015782355622917222,0.005325805075967078,0.04968736358487125,0.050905091244809415,0.0003390994951796719,0.004103279536427325,0.0
2025-09-10,0.0,0.0,0.0032843480038860303,0.0004130276619133457,0.06388616544866015,0.009488260294404026,0.2230003807444651,0.05512675385472309,0.3,0.033573828449593716,0.06319842250192774,0.0,0.03054799058303388,0.0032531637240931868,-0.0015782355622917222,0.005325805075967078,0.04968736358487125,0.050905091244809415,0.0003390994951796719,0.004103279536427325,0.0
2025-09-11,0.0,0.0,0.0032843480038860303,0.0004130276619133457,0.06388616544866015,0.009488260294404026,0.2230003807444651,0.05512675385472309,0.3,0.033573828449593716,0.06319842250192774,0.0,0.03054799058303388,0.0032531637240931868,-0.0015782355622917222,0.005325805075967078,0.04968736358487125,0.050905091244809415,0.0003390994951796719,0.004103279536427325,0.0
2025-09-12,0.0,0.0,0.0032843480038860303,0.0004130276619133457,0.06388616544866015,0.009488260294404026,0.2230003807444651,0.05512675385472309,0.3,0.033573828449593716,0.06319842250192774,0.0,0.03054799058303388,0.0032531637240931868,-0.0015782355622917222,0.005325805075967078,0.04968736358487125,0.050905091244809415,0.0003390994951796719,0.004103279536427325,0.0
2025-09-15,0.0,0.0,0.0032843480038860303,0.0004130276619133457,0.06388616544866015,0.009488260294404026,0.2230003807444651,0.05512675385472309,0.3,0.033573828449593716,0.06319842250192774,0.0,0.03054799058303388,0.0032531637240931868,-0.0015782355622917222,0.005325805075967078,0.04968736358487125,0.050905091244809415,0.0003390994951796719,0.004103279536427325,0.0
2025-09-16,0.0,0.0,0.0032843480038860303,0.0004130276619133457,0.06388616544866015,0.009488260294404026,0.2230003807444651,0.05512675385472309,0.3,0.033573828449593716,0.06319842250192774,0.0,0.03054799058303388,0.0032531637240931868,-0.0015782355622917222,0.005325805075967078,0.04968736358487125,0.050905091244809415,0.0003390994951796719,0.004103279536427325,0.0
2025-09-17,0.0,0.0,0.0032843480038860303,0.0004130276619133457,0.06388616544866015,0.009488260294404026,0.2230003807444651,0.05512675385472309,0.3,0.033573828449593716,0.06319842250192774,0.0,0.03054799058303388,0.0032531637240931868,-0.0015782355622917222,0.005325805075967078,0.04968736358487125,0.050905091244809415,0.0003390994951796719,0.004103279536427325,0.0
2025-09-18,0.0,0.0,0.0032843480038860303,0.0004130276619133457,0.06388616544866015,0.009488260294404026,0.2230003807444651,0.05512675385472309,0.3,0.033573828449593716,0.06319842250192774,0.0,0.03054799058303388,0.0032531637240931868,-0.0015782355622917222,0.005325805075967078,0.04968736358487125,0.050905091244809415,0.0003390994951796719,0.004103279536427325,0.0
2025-09-19,0.0,0.0,0.0032843480038860303,0.0004130276619133457,0.06388616544866015,0.009488260294404026,0.2230003807444651,0.05512675385472309,0.3,0.033573828449593716,0.06319842250192774,0.0,0.03054799058303388,0.0032531637240931868,-0.0015782355622917222,0.005325805075967078,0.04968736358487125,0.050905091244809415,0.0003390994951796719,0.004103279536427325,0.0
2025-09-22,0.0,0.022639374855861455,0.0029559132034974274,0.006370054642725846,0.05749754890379413,0.008539434264963622,0.24754690295956908,0.04961407846925078,0.27,0.030216445604634344,0.061884018964078406,0.0,0.027493191524730492,0.002927847351683868,0.004665643547466582,0.00479322456837037,0.048928905473214976,0.051035025570450136,0.0003051895456617047,0.0036929515827845926,0.0
2025-09-23,0.0,0.0530746948901093,0.0026603218831476845,0.011539026601258886,0.05174779401341472,0.01117555245364086,0.2621734512866212,0.0446526706223257,0.24300000000000002,0.02719480104417091,0.059842277194376056,0.0,0.024743872372257444,0.0026350626165154815,0.010558560939884144,0.0043139021115333335,0.04762876475353714,0.050249377002133735,0.00027467059109553425,0.0033236564245061333,0.0
2025-09-24,0.0,0.09414449376526343,0.002394289694832916,0.015521658483258358,0.04657301461207325,0.01117555245364086,0.2686051975369833,0.040187403560093135,0.21870000000000003,0.02447532093975382,0.053858049474938455,0.0,0.0222694851350317,0.0023715563548639333,0.010558560939884146,0.00388251190038,0.04641586796089316,0.0491629089555691,0.00024720353198598086,0.00299129078205552,0.0
2025-09-25,0.0,0.12889254410761253,0.0021548607253496243,0.018567326199203888,0.041915713150865924,0.01117555245364086,0.27317635208361024,0.03616866320408382,0.20215245880795457,0.02202778884577844,0.04847224452744461,0.0,0.02004253662152853,0.00213440071937754,0.010558560939884146,0.003494260710342,0.04521744126890201,0.04424661806001219,0.00022248317878738278,0.002692161703849968,0.0
2025-09-26,0.0,0.15873491254113642,0.001939374652814662,0.020639462034139786,0.04278681827500872,0.01117555245364086,0.2743718954156447,0.03255179688367544,0.1918332808595919,0.019825009961200596,0.043625020074700156,0.0,0.01803828295937568,0.001920960647439786,0.010558560939884146,0.0031448346393078,0.044235386876481646,0.043176605663093184,0.0002002348609086445,0.0024229455334649715,0.0
2025-09-29,0.0,0.18389567232321846,0.0017454371875331959,0.020639462034139786,0.04424319851118825,0.01117555245364086,0.27899574835242086,0.029296617195307895,0.1773215895780052,0.017842508965080536,0.04324898101912122,0.0,0.016234454663438112,0.0017288645826958075,0.010558560939884146,0.00283035117537702,0.044036467008896324,0.038858945096783865,0.00018021137481778006,0.0021806509801184744,0.0
2025-09-30,0.0,0.2070225846518725,0.0015708934687798763,0.01857551583072581,0.04629418500891198,0.010057997208276773,0.2849341475397493,0.026366955475777106,0.1595894306202047,0.016058258068572483,0.04291160997451662,0.0,0.014611009197094302,0.0015559781244262269,0.009502704845895731,0.002547316057839318,0.04447880111597518,0.03497305058710548,0.00016219023733600205,0.001962585882106627,0.0
2025-10-01,0.0,0.22506603122452606,0.0014138041219018888,0.01671796424765323,0.04665304317305824,0.009052197487449096,0.29340635652047886,0.023730259928199396,0.14363048755818422,0.014452432261715236,0.04324260416267239,0.0,0.013149908277384872,0.0014003803119836042,0.008552434361306158,0.002292584452055386,0.0451806910792549,0.03147574552839493,0.00014597121360240185,-0.0023769993722803752,0.0
2025-10-02,0.0,0.2250660312245261,0.0014138041219018888,0.01671796424765323,0.04665304317305824,0.009052197487449098,0.29340635652047886,0.023730259928199396,0.14363048755818422,0.014452432261715236,0.04324260416267239,0.0,0.013149908277384872,0.0014003803119836042,0.008552434361306158,0.002292584452055386,0.0451806910792549,0.03147574552839493,0.00014597121360240188,-0.0023769993722803752,0.0
2025-10-03,0.0,0.24390918427595154,0.0012724237097117,0.019135219317533148,0.04198773885575242,0.008146977738704188,0.2935700403229301,0.021357233935379458,0.1292674388023658,0.013007189035543713,0.04498497810619198,0.0,0.011834917449646385,0.0012603422807852438,0.012410718094570148,0.0020633260068498474,0.04570458638860074,0.03170925534881691,0.0001313740922421617,-0.008656778673935432,0.0
2025-10-06,0.0,0.26446763079943547,0.00114518133874053,0.022138835257621805,0.037788964970177176,0.007332279964833769,0.2915996455583094,0.019221510541841513,0.11634069492212921,0.015185129999346177,0.044933155404262314,0.0,0.010651425704681746,0.0011343080527067195,0.01615045727924032,0.0018569934061648627,0.045609865892847865,0.028538329813935222,0.00011823668301794554,-0.01273822289439571,0.0
2025-10-07,0.0,0.2872795408312617,0.001030663204866477,0.025599701685147337,0.03401006847315946,0.006599051968350392,0.28415646704516306,0.017299359487657363,0.1047066254299163,0.019165467993695527,0.045637576711777136,0.0,0.009586283134213572,0.0010208772474360477,0.018974492779263063,0.0016712940655483764,0.04462088084042305,0.0256844968325417,0.00010641301471615099,-0.014996785957776152,0.0
2025-10-08,0.0,0.3,0.0009275968843798294,0.026361862850660413,0.030609061625843516,0.009311254112608327,0.2769422535197185,0.015569423538891626,0.09423596288692467,0.021760175465436897,0.044754255234793455,0.0,0.008627654820792216,0.000918789522692443,0.020818830795613474,0.0015041646589935389,0.04015879275638075,0.02311604714928753,9.577171324453589e-05,-0.01716390652057646,0.0
2025-10-09,0.0,0.3,0.0009275968843798294,0.026361862850660413,0.030609061625843516,0.009311254112608327,0.2769422535197185,0.015569423538891626,0.09423596288692467,0.0217601754654369,0.04475425523479346,0.0,0.008627654820792216,0.0009187895226924431,0.020818830795613474,0.0015041646589935389,0.04015879275638075,0.02311604714928753,9.577171324453589e-05,-0.01716390652057646,0.0
2025-10-10,0.0,0.3,0.0009275968843798294,0.026361862850660413,0.030609061625843516,0.009311254112608327,0.2769422535197185,0.015569423538891626,0.09423596288692467,0.0217601754654369,0.04475425523479346,0.0,0.008627654820792216,0.0009187895226924432,0.020818830795613474,0.0015041646589935389,0.04015879275638075,0.02311604714928753,9.577171324453589e-05,-0.01716390652057646,0.0
2025-10-13,0.0,0.3,0.0009275968843798294,0.026361862850660413,0.030609061625843516,0.009311254112608327,0.2769422535197185,0.015569423538891626,0.09423596288692467,0.0217601754654369,0.04475425523479346,0.0,0.008627654820792216,0.0009187895226924432,0.020818830795613474,0.0015041646589935389,0.04015879275638075,0.02311604714928753,9.577171324453589e-05,-0.01716390652057646,0.0
2025-10-14,0.0,0.3,0.0009275968843798294,0.026361862850660413,0.030609061625843516,0.009311254112608327,0.2769422535197185,0.015569423538891626,0.09423596288692467,0.0217601754654369,0.04475425523479346,0.0,0.008627654820792216,0.0009187895226924432,0.020818830795613474,0.0015041646589935389,0.04015879275638075,0.02311604714928753,9.577171324453589e-05,-0.01716390652057646,0.0
2025-10-15,0.0,0.3,0.0009275968843798294,0.026361862850660413,0.030609061625843516,0.009311254112608327,0.2769422535197185,0.015569423538891626,0.09423596288692467,0.0217601754654369,0.04475425523479346,0.0,0.008627654820792216,0.0009187895226924432,0.020818830795613474,0.0015041646589935389,0.04015879275638075,0.02311604714928753,9.577171324453589e-05,-0.01716390652057646,0.0
2025-10-16,0.0,0.3,0.0009275968843798294,0.026361862850660413,0.030609061625843516,0.009311254112608327,0.2769422535197185,0.015569423538891626,0.09423596288692467,0.0217601754654369,0.04475425523479346,0.0,0.008627654820792216,0.0009187895226924432,0.020818830795613474,0.0015041646589935389,0.04015879275638075,0.02311604714928753,9.577171324453589e-05,-0.01716390652057646,0.0
2025-10-17,0.0,0.3,0.0009275968843798294,0.026361862850660413,0.030609061625843516,0.009311254112608327,0.2769422535197185,0.015569423538891626,0.09423596288692467,0.0217601754654369,0.04475425523479346,0.0,0.008627654820792216,0.0009187895226924432,0.020818830795613474,0.0015041646589935389,0.04015879275638075,0.02311604714928753,9.577171324453589e-05,-0.01716390652057646,0.0
2025-10-20,0.0,0.27334828375982123,0.0008451900545539457,0.024019899889799377,0.02788978154307643,0.008484051104443545,0.2523389656673079,0.014186250678285963,0.08586412907865022,0.019827022059299152,0.040778329531265964,0.0,0.007861182127119,0.0008371651305482823,0.018969305559556858,0.0013705360934268688,0.0365911235927434,0.021062439385229517,8.726344482710543e-05,-0.01563908130004527,0.0
2025-10-21,0.0,0.27334828375982123,0.0008451900545539458,0.024019899889799377,0.02788978154307643,0.008484051104443545,0.2523389656673079,0.014186250678285963,0.08586412907865022,0.019827022059299152,0.040778329531265964,0.0,0.007861182127119,0.0008371651305482824,0.018969305559556858,0.0013705360934268688,0.0365911235927434,0.021062439385229517,8.726344482710543e-05,-0.01563908130004527,0.0
2025-10-22,0.0,0.27334828375982123,0.0008451900545539459,0.024019899889799377,0.02788978154307643,0.008484051104443545,0.2523389656673079,0.014186250678285963,0.08586412907865022,0.019827022059299152,0.040778329531265964,0.0,0.007861182127119,0.0008371651305482825,0.018969305559556858,0.0013705360934268688,0.0365911235927434,0.021062439385229517,8.726344482710543e-05,-0.01563908130004527,0.0
2025-10-23,0.0,0.27334828375982123,0.0008451900545539459,0.024019899889799377,0.02788978154307643,0.008484051104443545,0.2523389656673079,0.014186250678285963,0.08586412907865022,0.019827022059299152,0.040778329531265964,0.0,0.007861182127119,0.0008371651305482825,0.018969305559556858,0.0013705360934268688,0.0365911235927434,0.021062439385229517,8.726344482710543e-05,-0.01563908130004527,0.0
2025-10-24,0.0,0.27334828375982123,0.0008451900545539459,0.024019899889799377,0.02788978154307643,0.008484051104443545,0.2523389656673079,0.014186250678285963,0.08586412907865022,0.019827022059299152,0.040778329531265964,0.0,0.007861182127119,0.0008371651305482825,0.018969305559556858,0.0013705360934268688,0.0365911235927434,0.021062439385229517,8.726344482710543e-05,-0.01563908130004527,0.0
2025-10-27,0.0,0.27334828375982123,0.0008451900545539459,0.024019899889799377,0.02788978154307643,0.008484051104443545,0.2523389656673079,0.014186250678285963,0.08586412907865022,0.019827022059299152,0.040778329531265964,0.0,0.007861182127119,0.0008371651305482825,0.018969305559556858,0.0013705360934268688,0.0365911235927434,0.021062439385229517,8.726344482710543e-05,-0.01563908130004527,0.0
2025-10-28,0.0,0.27334828375982123,0.0008451900545539459,0.024019899889799377,0.02788978154307643,0.008484051104443545,0.2523389656673079,0.014186250678285963,0.08586412907865022,0.019827022059299152,0.040778329531265964,0.0,0.007861182127119,0.0008371651305482825,0.018969305559556858,0.0013705360934268688,0.0365911235927434,0.021062439385229517,8.726344482710543e-05,-0.01563908130004527,0.0
2025-10-29,0.0,0.27334828375982123,0.0008451900545539459,0.024019899889799377,0.02788978154307643,0.008484051104443545,0.2523389656673079,0.014186250678285963,0.08586412907865022,0.019827022059299152,0.040778329531265964,0.0,0.007861182127119,0.0008371651305482825,0.018969305559556858,0.0013705360934268688,0.0365911235927434,0.021062439385229517,8.726344482710543e-05,-0.01563908130004527,0.0
2025-10-30,0.0,0.27334828375982123,0.0008451900545539459,0.024019899889799377,0.02788978154307643,0.008484051104443545,0.2523389656673079,0.014186250678285963,0.08586412907865022,0.019827022059299152,0.040778329531265964,0.0,0.007861182127119,0.0008371651305482825,0.018969305559556858,0.0013705360934268688,0.0365911235927434,0.021062439385229517,8.726344482710543e-05,-0.01563908130004527,0.0
2025-10-31,0.0,0.27334828375982123,0.0008451900545539459,0.024019899889799377,0.02788978154307643,0.008484051104443545,0.2523389656673079,0.014186250678285963,0.08586412907865022,0.019827022059299152,0.040778329531265964,0.0,0.007861182127119,0.0008371651305482825,0.018969305559556858,0.0013705360934268688,0.0365911235927434,0.021062439385229517,8.726344482710543e-05,-0.01563908130004527,0.0
2025-11-03,0.0,0.27334828375982123,0.0008451900545539459,0.024019899889799377,0.02788978154307643,0.008484051104443545,0.2523389656673079,0.014186250678285963,0.08586412907865022,0.019827022059299152,0.040778329531265964,0.0,0.007861182127119,0.0008371651305482825,0.018969305559556858,0.0013705360934268688,0.0365911235927434,0.021062439385229517,8.726344482710543e-05,-0.01563908130004527,0.0
2025-11-04,0.0,0.26760007070797176,0.0007606710490985513,0.025239869185901747,0.03044876878171389,0.013956457150333643,0.23154199808522863,0.012767625610457366,0.10672916896261096,0.02356060790219445,0.04231701751123098,0.0,0.007075063914407101,0.0007534486174934543,0.027160693931963666,0.001233482484084182,0.03293201123346906,0.018956195446706566,7.853710034439489e-05,-0.010270496471206661,0.0
2025-11-05,0.0,0.26312002657887484,0.0006846039441886962,0.027439957244379604,0.03738346816644966,0.018160212669343496,0.21571865773169066,0.01149086304941163,0.12343653191533527,0.02636996958596763,0.04193802107478069,0.0,0.006367557522966391,0.0006781037557441089,0.03142641726964085,0.0011101342356757639,0.029638810110122156,0.01706057590203591,7.06833903099554e-05,-0.005799938135977411,0.0
2025-11-06,0.0,0.26312002657887484,0.0006846039441886962,0.027439957244379604,0.03738346816644966,0.018160212669343496,0.2157186577316907,0.01149086304941163,0.12343653191533527,0.02636996958596763,0.041938021074780694,0.0,0.006367557522966391,0.000678103755744109,0.03142641726964085,0.001110134235675764,0.02963881011012216,0.01706057590203591,7.068339030995542e-05,-0.005799938135977411,0.0
2025-11-07,0.0,0.26312002657887484,0.0006846039441886962,0.027439957244379604,0.03738346816644966,0.018160212669343496,0.21571865773169072,0.01149086304941163,0.12343653191533527,0.02636996958596763,0.041938021074780694,0.0,0.006367557522966391,0.0006781037557441091,0.03142641726964085,0.0011101342356757643,0.02963881011012216,0.01706057590203591,7.068339030995542e-05,-0.005799938135977411,0.0
2025-11-10,0.0,0.26312002657887484,0.0006846039441886962,0.027439957244379604,0.03738346816644966,0.018160212669343496,0.21571865773169072,0.01149086304941163,0.12343653191533527,0.02636996958596763,0.041938021074780694,0.0,0.006367557522966391,0.0006781037557441091,0.03142641726964085,0.0011101342356757643,0.02963881011012216,0.01706057590203591,7.068339030995542e-05,-0.005799938135977411,0.0
2025-11-11,0.0,0.26312002657887484,0.0006846039441886962,0.027439957244379604,0.03738346816644966,0.018160212669343496,0.21571865773169072,0.01149086304941163,0.12343653191533527,0.02636996958596763,0.041938021074780694,0.0,0.006367557522966391,0.0006781037557441091,0.03142641726964085,0.0011101342356757643,0.02963881011012216,0.01706057590203591,7.068339030995542e-05,-0.005799938135977411,0.0
2025-11-12,0.0,0.26312002657887484,0.0006846039441886962,0.027439957244379604,0.03738346816644966,0.018160212669343496,0.21571865773169072,0.01149086304941163,0.12343653191533527,0.02636996958596763,0.041938021074780694,0.0,0.006367557522966391,0.0006781037557441091,0.03142641726964085,0.0011101342356757643,0.02963881011012216,0.01706057590203591,7.068339030995542e-05,-0.005799938135977411,0.0
2025-11-13,0.0,0.26312002657887484,0.0006846039441886962,0.027439957244379604,0.03738346816644966,0.018160212669343496,0.21571865773169072,0.01149086304941163,0.12343653191533527,0.02636996958596763,0.041938021074780694,0.0,0.006367557522966391,0.0006781037557441091,0.03142641726964085,0.0011101342356757643,0.02963881011012216,0.01706057590203591,7.068339030995542e-05,-0.005799938135977411,0.0
2025-11-14,0.0,0.26312002657887484,0.0006846039441886962,0.027439957244379604,0.03738346816644966,0.018160212669343496,0.21571865773169072,0.01149086304941163,0.12343653191533527,0.02636996958596763,0.041938021074780694,0.0,0.006367557522966391,0.0006781037557441091,0.03142641726964085,0.0011101342356757643,0.02963881011012216,0.01706057590203591,7.068339030995542e-05,-0.005799938135977411,0.0
2025-11-17,0.0,0.26312002657887484,0.0006846039441886962,0.027439957244379604,0.03738346816644966,0.018160212669343496,0.21571865773169072,0.01149086304941163,0.12343653191533527,0.02636996958596763,0.041938021074780694,0.0,0.006367557522966391,0.0006781037557441091,0.03142641726964085,0.0011101342356757643,0.02963881011012216,0.01706057590203591,7.068339030995542e-05,-0.005799938135977411,0.0
2025-11-18,0.0,0.26312002657887484,0.0006846039441886962,0.027439957244379604,0.03738346816644966,0.018160212669343496,0.21571865773169072,0.01149086304941163,0.12343653191533527,0.02636996958596763,0.041938021074780694,0.0,0.006367557522966391,0.0006781037557441091,0.03142641726964085,0.0011101342356757643,0.02963881011012216,0.01706057590203591,7.068339030995542e-05,-0.005799938135977411,0.0
2025-11-19,0.0,0.26069873880288735,0.000678304069629509,0.027187448783076603,0.03703945735255478,0.01799309843817936,0.21373356767294677,0.01138512162562553,0.12230064207174215,0.026127307384075045,0.04155209827332098,0.0,0.006308961872176449,0.0006718636973343314,0.031137224535178833,0.0010999185387199067,0.02936606732597327,0.016903580767838006,7.003294636181472e-05,-0.005746565842379241,0.0
2025-11-20,0.0,0.2606987388028873,0.000678304069629509,0.027187448783076603,0.03703945735255478,0.01799309843817936,0.21373356767294677,0.01138512162562553,0.12230064207174215,0.026127307384075045,0.04155209827332098,0.0,0.006308961872176449,0.0006718636973343314,0.031137224535178833,0.0010999185387199064,0.02936606732597327,0.016903580767838006,7.003294636181472e-05,-0.0057465658423792405,0.0
2025-11-21,0.0,0.2606987388028873,0.000678304069629509,0.027187448783076603,0.03703945735255478,0.01799309843817936,0.21373356767294677,0.01138512162562553,0.12230064207174215,0.026127307384075045,0.04155209827332098,0.0,0.006308961872176449,0.0006718636973343314,0.031137224535178833,0.0010999185387199064,0.02936606732597327,0.016903580767838006,7.003294636181472e-05,-0.0057465658423792405,0.0
2025-11-24,0.0,0.2606987388028873,0.000678304069629509,0.027187448783076603,0.03703945735255478,0.01799309843817936,0.21373356767294677,0.01138512162562553,0.12230064207174215,0.026127307384075045,0.04155209827332098,0.0,0.006308961872176449,0.0006718636973343314,0.031137224535178833,0.0010999185387199064,0.02936606732597327,0.016903580767838006,7.003294636181472e-05,-0.0057465658423792405,0.0
2025-11-25,0.0,0.2606987388028873,0.000678304069629509,0.027187448783076603,0.03703945735255478,0.01799309843817936,0.21373356767294677,0.01138512162562553,0.12230064207174215,0.026127307384075045,0.04155209827332098,0.0,0.006308961872176449,0.0006718636973343314,0.031137224535178833,0.0010999185387199064,0.02936606732597327,0.016903580767838006,7.003294636181472e-05,-0.0057465658423792405,0.0
2025-11-26,0.0,0.2606987388028873,0.000678304069629509,0.027187448783076603,0.03703945735255478,0.01799309843817936,0.21373356767294677,0.01138512162562553,0.12230064207174215,0.026127307384075045,0.04155209827332098,0.0,0.006308961872176449,0.0006718636973343314,0.031137224535178833,0.0010999185387199064,0.02936606732597327,0.016903580767838006,7.003294636181472e-05,-0.0057465658423792405,0.0
2025-11-28,0.0,0.2606987388028873,0.000678304069629509,0.027187448783076603,0.03703945735255479,0.01799309843817936,0.21373356767294677,0.01138512162562553,0.12230064207174217,0.02612730738407505,0.04155209827332098,0.0,0.006308961872176449,0.0006718636973343314,0.031137224535178833,0.0010999185387199067,0.02936606732597327,0.016903580767838006,7.003294636181472e-05,-0.0057465658423792405,0.0
2025-12-01,0.0,0.2606987388028873,0.000678304069629509,0.027187448783076603,0.037039457352554796,0.01799309843817936,0.21373356767294677,0.01138512162562553,0.12230064207174217,0.02612730738407505,0.04155209827332098,0.0,0.006308961872176449,0.0006718636973343314,0.031137224535178833,0.0010999185387199067,0.02936606732597327,0.016903580767838006,7.003294636181472e-05,-0.0057465658423792405,0.0
2025-12-02,0.0,0.2606987388028873,0.000678304069629509,0.027187448783076603,0.037039457352554796,0.01799309843817936,0.21373356767294677,0.01138512162562553,0.12230064207174217,0.02612730738407505,0.04155209827332098,0.0,0.006308961872176449,0.0006718636973343314,0.031137224535178833,0.0010999185387199067,0.02936606732597327,0.016903580767838006,7.003294636181472e-05,-0.0057465658423792405,0.0
2025-12-03,0.0,0.2606987388028873,0.000678304069629509,0.027187448783076603,0.037039457352554796,0.01799309843817936,0.21373356767294677,0.01138512162562553,0.12230064207174217,0.02612730738407505,0.04155209827332098,0.0,0.006308961872176449,0.0006718636973343314,0.031137224535178833,0.0010999185387199067,0.02936606732597327,0.016903580767838006,7.003294636181472e-05,-0.0057465658423792405,0.0
2025-12-04,0.0,0.2606987388028873,0.000678304069629509,0.027187448783076603,0.037039457352554796,0.01799309843817936,0.21373356767294677,0.01138512162562553,0.12230064207174217,0.02612730738407505,0.04155209827332098,0.0,0.006308961872176449,0.0006718636973343314,0.031137224535178833,0.0010999185387199067,0.02936606732597327,0.016903580767838006,7.003294636181472e-05,-0.0057465658423792405,0.0
2025-12-05,0.0,0.2606987388028873,0.000678304069629509,0.027187448783076603,0.037039457352554796,0.01799309843817936,0.21373356767294677,0.01138512162562553,0.12230064207174217,0.02612730738407505,0.04155209827332098,0.0,0.006308961872176449,0.0006718636973343314,0.031137224535178833,0.0010999185387199067,0.02936606732597327,0.016903580767838006,7.003294636181472e-05,-0.0057465658423792405,0.0
2025-12-08,0.0,0.2606987388028873,0.000678304069629509,0.027187448783076603,0.037039457352554796,0.01799309843817936,0.21373356767294677,0.01138512162562553,0.12230064207174217,0.02612730738407505,0.04155209827332098,0.0,0.006308961872176449,0.0006718636973343314,0.031137224535178833,0.0010999185387199067,0.02936606732597327,0.016903580767838006,7.003294636181472e-05,-0.0057465658423792405,0.0
2025-12-09,0.0,0.2606987388028873,0.000678304069629509,0.027187448783076603,0.037039457352554796,0.01799309843817936,0.21373356767294677,0.01138512162562553,0.12230064207174217,0.02612730738407505,0.04155209827332098,0.0,0.006308961872176449,0.0006718636973343314,0.031137224535178833,0.0010999185387199067,0.02936606732597327,0.016903580767838006,7.003294636181472e-05,-0.0057465658423792405,0.0
2025-12-10,0.0,0.2606987388028873,0.000678304069629509,0.027187448783076603,0.037039457352554796,0.01799309843817936,0.21373356767294677,0.01138512162562553,0.12230064207174217,0.02612730738407505,0.04155209827332098,0.0,0.006308961872176449,0.0006718636973343314,0.031137224535178833,0.0010999185387199067,0.02936606732597327,0.016903580767838006,7.003294636181472e-05,-0.0057465658423792405,0.0
2025-12-11,0.0,0.2606987388028873,0.000678304069629509,0.027187448783076603,0.037039457352554796,0.01799309843817936,0.21373356767294677,0.01138512162562553,0.12230064207174217,0.02612730738407505,0.04155209827332098,0.0,0.006308961872176449,0.0006718636973343314,0.031137224535178833,0.0010999185387199067,0.02936606732597327,0.016903580767838006,7.003294636181472e-05,-0.0057465658423792405,0.0
2025-12-12,0.0,0.2606987388028873,0.000678304069629509,0.027187448783076603,0.037039457352554796,0.01799309843817936,0.21373356767294677,0.01138512162562553,0.12230064207174217,0.02612730738407505,0.04155209827332098,0.0,0.006308961872176449,0.0006718636973343314,0.031137224535178833,0.0010999185387199067,0.02936606732597327,0.016903580767838006,7.003294636181472e-05,-0.0057465658423792405,0.0
2025-12-15,0.0,0.2606987388028873,0.000678304069629509,0.027187448783076603,0.037039457352554796,0.01799309843817936,0.21373356767294677,0.01138512162562553,0.12230064207174217,0.02612730738407505,0.04155209827332098,0.0,0.006308961872176449,0.0006718636973343314,0.031137224535178833,0.0010999185387199067,0.02936606732597327,0.016903580767838006,7.003294636181472e-05,-0.0057465658423792405,0.0
2025-12-16,0.0,0.2606987388028873,0.000678304069629509,0.027187448783076603,0.037039457352554796,0.01799309843817936,0.21373356767294677,0.01138512162562553,0.12230064207174217,0.02612730738407505,0.04155209827332098,0.0,0.006308961872176449,0.0006718636973343314,0.031137224535178833,0.0010999185387199067,0.02936606732597327,0.016903580767838006,7.003294636181472e-05,-0.0057465658423792405,0.0
2025-12-17,0.0,0.2606987388028873,0.000678304069629509,0.027187448783076603,0.037039457352554796,0.01799309843817936,0.21373356767294677,0.01138512162562553,0.12230064207174217,0.02612730738407505,0.04155209827332098,0.0,0.006308961872176449,0.0006718636973343314,0.031137224535178833,0.0010999185387199067,0.02936606732597327,0.016903580767838006,7.003294636181472e-05,-0.0057465658423792405,0.0
2025-12-18,0.0,0.2606987388028873,0.000678304069629509,0.027187448783076603,0.037039457352554796,0.01799309843817936,0.21373356767294677,0.01138512162562553,0.12230064207174217,0.02612730738407505,0.04155209827332098,0.0,0.006308961872176449,0.0006718636973343314,0.031137224535178833,0.0010999185387199067,0.02936606732597327,0.016903580767838006,7.003294636181472e-05,-0.0057465658423792405,0.0
2025-12-19,0.0,0.2606987388028873,0.000678304069629509,0.027187448783076603,0.037039457352554796,0.01799309843817936,0.21373356767294677,0.01138512162562553,0.12230064207174217,0.02612730738407505,0.04155209827332098,0.0,0.006308961872176449,0.0006718636973343314,0.031137224535178833,0.0010999185387199067,0.02936606732597327,0.016903580767838006,7.003294636181472e-05,-0.0057465658423792405,0.0
2025-12-22,0.0,0.2606987388028873,0.000678304069629509,0.027187448783076603,0.037039457352554796,0.01799309843817936,0.21373356767294677,0.01138512162562553,0.12230064207174217,0.02612730738407505,0.04155209827332098,0.0,0.006308961872176449,0.0006718636973343314,0.031137224535178833,0.0010999185387199067,0.02936606732597327,0.016903580767838006,7.003294636181472e-05,-0.0057465658423792405,0.0
2025-12-23,0.0,0.2606987388028873,0.000678304069629509,0.027187448783076603,0.037039457352554796,0.01799309843817936,0.21373356767294677,0.01138512162562553,0.12230064207174217,0.02612730738407505,0.04155209827332098,0.0,0.006308961872176449,0.0006718636973343314,0.031137224535178833,0.0010999185387199067,0.02936606732597327,0.016903580767838006,7.003294636181472e-05,-0.0057465658423792405,0.0
2025-12-24,0.0,0.2606987388028873,0.000678304069629509,0.027187448783076603,0.037039457352554796,0.01799309843817936,0.21373356767294677,0.01138512162562553,0.12230064207174217,0.02612730738407505,0.04155209827332098,0.0,0.006308961872176449,0.0006718636973343314,0.031137224535178833,0.0010999185387199067,0.02936606732597327,0.016903580767838006,7.003294636181472e-05,-0.0057465658423792405,0.0
2025-12-26,0.0,0.2606987388028873,0.000678304069629509,0.027187448783076603,0.037039457352554796,0.01799309843817936,0.21373356767294677,0.01138512162562553,0.12230064207174217,0.02612730738407505,0.04155209827332098,0.0,0.006308961872176449,0.0006718636973343314,0.031137224535178833,0.0010999185387199067,0.02936606732597327,0.016903580767838006,7.003294636181472e-05,-0.0057465658423792405,0.0
2025-12-29,0.0,0.2606987388028873,0.000678304069629509,0.027187448783076603,0.037039457352554796,0.01799309843817936,0.21373356767294677,0.01138512162562553,0.12230064207174217,0.02612730738407505,0.04155209827332098,0.0,0.006308961872176449,0.0006718636973343314,0.031137224535178833,0.0010999185387199067,0.02936606732597327,0.016903580767838006,7.003294636181472e-05,-0.0057465658423792405,0.0
2025-12-30,0.0,0.2606987388028873,0.000678304069629509,0.027187448783076603,0.037039457352554796,0.01799309843817936,0.21373356767294677,0.01138512162562553,0.12230064207174217,0.02612730738407505,0.04155209827332098,0.0,0.006308961872176449,0.0006718636973343314,0.031137224535178833,0.0010999185387199067,0.02936606732597327,0.016903580767838006,7.003294636181472e-05,-0.0057465658423792405,0.0
2025-12-31,0.0,0.2606987388028873,0.000678304069629509,0.027187448783076603,0.037039457352554796,0.01799309843817936,0.21373356767294677,0.01138512162562553,0.12230064207174217,0.02612730738407505,0.04155209827332098,0.0,0.006308961872176449,0.0006718636973343314,0.031137224535178833,0.0010999185387199067,0.02936606732597327,0.016903580767838006,7.003294636181472e-05,-0.0057465658423792405,0.0
2026-01-02,0.0,0.2606987388028873,0.000678304069629509,0.027187448783076603,0.037039457352554796,0.01799309843817936,0.21373356767294677,0.01138512162562553,0.12230064207174217,0.02612730738407505,0.04155209827332098,0.0,0.006308961872176449,0.0006718636973343314,0.031137224535178833,0.0010999185387199067,0.02936606732597327,0.016903580767838006,7.003294636181472e-05,-0.0057465658423792405,0.0
2026-01-05,0.0,0.2606987388028873,0.000678304069629509,0.027187448783076603,0.037039457352554796,0.01799309843817936,0.21373356767294677,0.01138512162562553,0.12230064207174217,0.02612730738407505,0.04155209827332098,0.0,0.006308961872176449,0.0006718636973343314,0.031137224535178833,0.0010999185387199067,0.02936606732597327,0.016903580767838006,7.003294636181472e-05,-0.0057465658423792405,0.0
2026-01-06,0.0,0.2606987388028873,0.000678304069629509,0.027187448783076603,0.037039457352554796,0.01799309843817936,0.21373356767294677,0.01138512162562553,0.12230064207174217,0.02612730738407505,0.04155209827332098,0.0,0.006308961872176449,0.0006718636973343314,0.031137224535178833,0.0010999185387199067,0.02936606732597327,0.016903580767838006,7.003294636181472e-05,-0.0057465658423792405,0.0
2026-01-07,0.0,0.2606987388028873,0.000678304069629509,0.027187448783076603,0.037039457352554796,0.01799309843817936,0.21373356767294677,0.01138512162562553,0.12230064207174217,0.02612730738407505,0.04155209827332098,0.0,0.006308961872176449,0.0006718636973343314,0.031137224535178833,0.0010999185387199067,0.02936606732597327,0.016903580767838006,7.003294636181472e-05,-0.0057465658423792405,0.0
2026-01-08,0.0,0.2606987388028873,0.000678304069629509,0.027187448783076603,0.037039457352554796,0.01799309843817936,0.21373356767294677,0.01138512162562553,0.12230064207174217,0.02612730738407505,0.04155209827332098,0.0,0.006308961872176449,0.0006718636973343314,0.031137224535178833,0.0010999185387199067,0.02936606732597327,0.016903580767838006,7.003294636181472e-05,-0.0057465658423792405,0.0
2026-01-09,0.0,0.2606987388028873,0.000678304069629509,0.027187448783076603,0.037039457352554796,0.01799309843817936,0.21373356767294677,0.01138512162562553,0.12230064207174217,0.02612730738407505,0.04155209827332098,0.0,0.006308961872176449,0.0006718636973343314,0.031137224535178833,0.0010999185387199067,0.02936606732597327,0.016903580767838006,7.003294636181472e-05,-0.0057465658423792405,0.0
2026-01-12,0.0,0.2606987388028873,0.000678304069629509,0.027187448783076603,0.037039457352554796,0.01799309843817936,0.21373356767294677,0.01138512162562553,0.12230064207174217,0.02612730738407505,0.04155209827332098,0.0,0.006308961872176449,0.0006718636973343314,0.031137224535178833,0.0010999185387199067,0.02936606732597327,0.016903580767838006,7.003294636181472e-05,-0.0057465658423792405,0.0
2026-01-13,0.0,0.2606987388028873,0.000678304069629509,0.027187448783076603,0.037039457352554796,0.01799309843817936,0.21373356767294677,0.01138512162562553,0.12230064207174217,0.02612730738407505,0.04155209827332098,0.0,0.006308961872176449,0.0006718636973343314,0.031137224535178833,0.0010999185387199067,0.02936606732597327,0.016903580767838006,7.003294636181472e-05,-0.0057465658423792405,0.0
2026-01-14,0.0,0.2606987388028873,0.000678304069629509,0.027187448783076603,0.037039457352554796,0.01799309843817936,0.21373356767294677,0.01138512162562553,0.12230064207174217,0.02612730738407505,0.04155209827332098,0.0,0.006308961872176449,0.0006718636973343314,0.031137224535178833,0.0010999185387199067,0.02936606732597327,0.016903580767838006,7.003294636181472e-05,-0.0057465658423792405,0.0
2026-01-15,0.0,0.2606987388028873,0.000678304069629509,0.027187448783076603,0.037039457352554796,0.01799309843817936,0.21373356767294677,0.01138512162562553,0.12230064207174217,0.02612730738407505,0.04155209827332098,0.0,0.006308961872176449,0.0006718636973343314,0.031137224535178833,0.0010999185387199067,0.02936606732597327,0.016903580767838006,7.003294636181472e-05,-0.0057465658423792405,0.0
2026-01-16,0.0,0.2606987388028873,0.000678304069629509,0.027187448783076603,0.037039457352554796,0.01799309843817936,0.21373356767294677,0.01138512162562553,0.12230064207174217,0.02612730738407505,0.04155209827332098,0.0,0.006308961872176449,0.0006718636973343314,0.031137224535178833,0.0010999185387199067,0.02936606732597327,0.016903580767838006,7.003294636181472e-05,-0.0057465658423792405,0.0
2026-01-20,0.0,0.2606987388028873,0.000678304069629509,0.027187448783076603,0.037039457352554796,0.01799309843817936,0.21373356767294677,0.01138512162562553,0.12230064207174217,0.02612730738407505,0.04155209827332098,0.0,0.006308961872176449,0.0006718636973343314,0.031137224535178833,0.0010999185387199067,0.02936606732597327,0.016903580767838006,7.003294636181472e-05,-0.0057465658423792405,0.0
2026-01-21,0.0,0.2770005460799885,0.0006104736626665581,0.029272638858647948,0.023758176755486665,0.016193788594361425,0.19749958364954934,0.010246609463062977,0.13476860797235235,0.023514576645667543,0.0410683986738324,0.0,0.0056780656849588045,0.0006046773276008983,0.033052421037798194,0.000989926684847916,0.02642946059337594,0.015213222691054205,6.302965172563324e-05,-0.005171909258141316,0.0
2026-01-22,0.0,0.2770005460799885,0.000610473662666558,0.029272638858647948,0.023758176755486665,0.016193788594361425,0.1974995836495493,0.010246609463062977,0.13476860797235235,0.023514576645667543,0.0410683986738324,0.0,0.0056780656849588045,0.0006046773276008983,0.033052421037798194,0.000989926684847916,0.02642946059337594,0.015213222691054205,6.302965172563324e-05,-0.005171909258141316,0.0
2026-01-23,0.0,0.2846859350824483,0.0005494262963999022,0.03404395545381608,0.021382359079938,0.01828684662638239,0.18400196167050867,0.00922194851675668,0.15174436684985038,0.02116311898110079,0.04083734585087422,0.0,0.005110259116462924,0.0005442095948408085,0.03590201460947924,0.0008909340163631243,0.023786514534038346,0.013691900421948785,5.672668655306992e-05,-0.004654718332327184,0.0036747660809886037
2026-01-26,0.0,0.29737857710033155,0.000494483666759912,0.03665450717005325,0.0192441231719442,0.020273998280795142,0.17526579115075586,0.008299753665081013,0.1627905522855992,0.01904680708299071,0.04031881195877021,0.0,0.004599233204816632,0.0004897886353567276,0.0373388900406216,0.0008018406147268119,0.021407863080634512,0.012322710379753906,5.105401789776293e-05,-0.004189246499094466,0.0033072894728897436
2026-01-27,0.0,0.2973785771003316,0.000494483666759912,0.03665450717005325,0.0192441231719442,0.020273998280795142,0.17526579115075586,0.008299753665081013,0.1627905522855992,0.01904680708299071,0.04031881195877022,0.0,0.004599233204816632,0.0004897886353567276,0.0373388900406216,0.0008018406147268119,0.021407863080634512,0.012322710379753906,5.105401789776293e-05,-0.004189246499094466,0.0033072894728897436
2026-01-28,0.0,0.2973785771003316,0.000494483666759912,0.03665450717005325,0.0192441231719442,0.020273998280795142,0.17526579115075586,0.008299753665081013,0.1627905522855992,0.01904680708299071,0.04031881195877022,0.0,0.004599233204816632,0.0004897886353567276,0.0373388900406216,0.0008018406147268119,0.021407863080634512,0.012322710379753906,5.105401789776293e-05,-0.004189246499094466,0.0033072894728897436
2026-01-29,0.0,0.2973785771003316,0.000494483666759912,0.03665450717005325,0.0192441231719442,0.020273998280795142,0.17526579115075586,0.008299753665081013,0.1627905522855992,0.01904680708299071,0.04031881195877022,0.0,0.004599233204816632,0.0004897886353567276,0.0373388900406216,0.0008018406147268119,0.021407863080634512,0.012322710379753906,5.105401789776293e-05,-0.004189246499094466,0.0033072894728897436
2026-01-30,0.0,0.2973785771003316,0.000494483666759912,0.03665450717005325,0.0192441231719442,0.020273998280795142,0.17526579115075586,0.008299753665081013,0.1627905522855992,0.01904680708299071,0.04031881195877022,0.0,0.004599233204816632,0.0004897886353567276,0.0373388900406216,0.0008018406147268119,0.021407863080634512,0.012322710379753906,5.105401789776293e-05,-0.004189246499094466,0.0033072894728897436
2026-02-02,0.0,0.2973785771003316,0.000494483666759912,0.03665450717005325,0.0192441231719442,0.020273998280795142,0.17526579115075586,0.008299753665081013,0.1627905522855992,0.01904680708299071,0.04031881195877022,0.0,0.004599233204816632,0.0004897886353567276,0.0373388900406216,0.0008018406147268119,0.021407863080634512,0.012322710379753906,5.105401789776293e-05,-0.004189246499094466,0.0033072894728897436
2026-02-03,0.0,0.2973785771003316,0.000494483666759912,0.03665450717005325,0.0192441231719442,0.020273998280795142,0.17526579115075586,0.008299753665081013,0.1627905522855992,0.01904680708299071,0.04031881195877022,0.0,0.004599233204816632,0.0004897886353567276,0.0373388900406216,0.0008018406147268119,0.021407863080634512,0.012322710379753906,5.105401789776293e-05,-0.004189246499094466,0.0033072894728897436
2026-02-04,0.0,0.2973785771003316,0.000494483666759912,0.03665450717005325,0.0192441231719442,0.020273998280795142,0.17526579115075586,0.008299753665081013,0.1627905522855992,0.01904680708299071,0.04031881195877022,0.0,0.004599233204816632,0.0004897886353567276,0.0373388900406216,0.0008018406147268119,0.021407863080634512,0.012322710379753906,5.105401789776293e-05,-0.004189246499094466,0.0033072894728897436
2026-02-05,0.0,0.2973785771003316,0.000494483666759912,0.03665450717005325,0.0192441231719442,0.020273998280795142,0.17526579115075586,0.008299753665081013,0.1627905522855992,0.01904680708299071,0.04031881195877022,0.0,0.004599233204816632,0.0004897886353567276,0.0373388900406216,0.0008018406147268119,0.021407863080634512,0.012322710379753906,5.105401789776293e-05,-0.004189246499094466,0.0033072894728897436
2026-02-06,0.0,0.2973785771003316,0.000494483666759912,0.03665450717005325,0.0192441231719442,0.020273998280795142,0.17526579115075586,0.008299753665081013,0.1627905522855992,0.01904680708299071,0.04031881195877022,0.0,0.004599233204816632,0.0004897886353567276,0.0373388900406216,0.0008018406147268119,0.021407863080634512,0.012322710379753906,5.105401789776293e-05,-0.004189246499094466,0.0033072894728897436
2026-02-09,0.0,0.2924667455536745,0.0004863162308357078,0.036049081028060884,0.018926266074753846,0.019939130633960977,0.17237090863965407,0.008162665807982706,0.16010172453609942,0.018732209075274234,0.03965286212999016,0.0,0.004523267212356357,0.0004816987477333579,0.03672215987866106,0.0007885965335115156,0.021054267276083675,0.012119174946321616,5.021075360435279e-05,-0.004120052297845624,0.0032526626435960323
2026-02-10,0.0,0.2924667455536745,0.0004863162308357078,0.036049081028060884,0.018926266074753846,0.019939130633960977,0.17237090863965407,0.008162665807982706,0.16010172453609942,0.018732209075274234,0.03965286212999017,0.0,0.004523267212356357,0.0004816987477333579,0.03672215987866106,0.0007885965335115156,0.021054267276083675,0.012119174946321616,5.021075360435279e-05,-0.004120052297845624,0.0032526626435960323
2026-02-11,0.0,0.2924667455536745,0.0004863162308357078,0.036049081028060884,0.018926266074753846,0.019939130633960977,0.17237090863965407,0.008162665807982706,0.16010172453609942,0.018732209075274234,0.039652862129990175,0.0,0.004523267212356357,0.0004816987477333579,0.03672215987866106,0.0007885965335115156,0.021054267276083675,0.012119174946321616,5.021075360435279e-05,-0.004120052297845624,0.0032526626435960323
2026-02-12,0.0,0.2924667455536745,0.0004863162308357078,0.036049081028060884,0.018926266074753846,0.019939130633960977,0.17237090863965407,0.008162665807982706,0.16010172453609942,0.018732209075274234,0.039652862129990175,0.0,0.004523267212356357,0.0004816987477333579,0.03672215987866106,0.0007885965335115156,0.021054267276083675,0.012119174946321616,5.021075360435279e-05,-0.004120052297845624,0.0032526626435960323
2026-02-13,0.0,0.2924667455536745,0.0004863162308357078,0.036049081028060884,0.018926266074753846,0.019939130633960977,0.17237090863965407,0.008162665807982706,0.16010172453609942,0.018732209075274234,0.039652862129990175,0.0,0.004523267212356357,0.0004816987477333579,0.03672215987866106,0.0007885965335115156,0.021054267276083675,0.012119174946321616,5.021075360435279e-05,-0.004120052297845624,0.0032526626435960323
2026-02-17,0.0,0.29246674555367447,0.0004863162308357077,0.03604908102806088,0.018926266074753843,0.019939130633960973,0.17237090863965404,0.008162665807982705,0.1601017245360994,0.01873220907527423,0.03965286212999016,0.0,0.0045232672123563565,0.00048169874773335784,0.036722159878661044,0.0007885965335115155,0.02105426727608367,0.012119174946321613,5.0210753604352785e-05,-0.004120052297845623,0.0032526626435960314
2026-02-18,0.0,0.29246674555367447,0.0004863162308357077,0.03604908102806088,0.018926266074753843,0.019939130633960973,0.17237090863965404,0.008162665807982705,0.1601017245360994,0.01873220907527423,0.039652862129990155,0.0,0.0045232672123563565,0.0004816987477333578,0.036722159878661044,0.0007885965335115155,0.02105426727608367,0.012119174946321611,5.0210753604352785e-05,-0.004120052297845623,0.0032526626435960314
2026-02-19,0.0,0.29246674555367447,0.0004863162308357077,0.03604908102806088,0.018926266074753843,0.019939130633960973,0.17237090863965404,0.008162665807982705,0.1601017245360994,0.01873220907527423,0.039652862129990155,0.0,0.0045232672123563565,0.0004816987477333578,0.036722159878661044,0.0007885965335115155,0.02105426727608367,0.01211917494632161,5.0210753604352785e-05,-0.004120052297845623,0.0032526626435960314
2026-02-20,0.0,0.29246674555367447,0.0004863162308357077,0.03604908102806088,0.018926266074753843,0.019939130633960973,0.17237090863965404,0.008162665807982705,0.1601017245360994,0.01873220907527423,0.039652862129990155,0.0,0.0045232672123563565,0.0004816987477333578,0.03672215987866105,0.0007885965335115155,0.02105426727608367,0.01211917494632161,5.0210753604352785e-05,-0.004120052297845623,0.0032526626435960314
2026-02-23,0.0,0.29246674555367447,0.0004863162308357077,0.03604908102806088,0.018926266074753843,0.019939130633960973,0.17237090863965404,0.008162665807982705,0.1601017245360994,0.01873220907527423,0.039652862129990155,0.0,0.0045232672123563565,0.0004816987477333578,0.03672215987866105,0.0007885965335115155,0.02105426727608367,0.01211917494632161,5.0210753604352785e-05,-0.004120052297845623,0.0032526626435960314
2026-02-24,0.0,0.29246674555367447,0.0004863162308357077,0.03604908102806088,0.018926266074753843,0.019939130633960973,0.17237090863965404,0.008162665807982705,0.1601017245360994,0.01873220907527423,0.039652862129990155,0.0,0.0045232672123563565,0.0004816987477333578,0.03672215987866106,0.0007885965335115155,0.02105426727608367,0.01211917494632161,5.0210753604352785e-05,-0.004120052297845623,0.0032526626435960314
2026-02-25,0.0,0.29246674555367447,0.0004863162308357077,0.03604908102806088,0.018926266074753843,0.019939130633960973,0.17237090863965404,0.008162665807982705,0.1601017245360994,0.01873220907527423,0.039652862129990155,0.0,0.0045232672123563565,0.0004816987477333578,0.03672215987866105,0.0007885965335115155,0.02105426727608367,0.01211917494632161,5.0210753604352785e-05,-0.004120052297845623,0.0032526626435960314
2026-02-26,0.0,0.29246674555367447,0.0004863162308357077,0.03604908102806088,0.018926266074753843,0.019939130633960973,0.17237090863965404,0.008162665807982705,0.1601017245360994,0.01873220907527423,0.039652862129990155,0.0,0.0045232672123563565,0.0004816987477333578,0.03672215987866106,0.0007885965335115155,0.02105426727608367,0.01211917494632161,5.0210753604352785e-05,-0.004120052297845623,0.0032526626435960314
2026-02-27,0.0,0.29246674555367447,0.0004863162308357077,0.03604908102806088,0.018926266074753843,0.019939130633960973,0.17237090863965404,0.008162665807982705,0.1601017245360994,0.01873220907527423,0.039652862129990155,0.0,0.0045232672123563565,0.0004816987477333578,0.03672215987866106,0.0007885965335115155,0.02105426727608367,0.01211917494632161,5.0210753604352785e-05,-0.004120052297845623,0.0032526626435960314
2026-03-02,0.0,0.29246674555367447,0.0004863162308357077,0.03604908102806088,0.018926266074753843,0.019939130633960973,0.17237090863965404,0.008162665807982705,0.1601017245360994,0.01873220907527423,0.039652862129990155,0.0,0.0045232672123563565,0.0004816987477333578,0.03672215987866106,0.0007885965335115155,0.02105426727608367,0.01211917494632161,5.0210753604352785e-05,-0.004120052297845623,0.0032526626435960314
2026-03-03,0.0,0.29246674555367447,0.0004863162308357077,0.03604908102806088,0.018926266074753843,0.019939130633960973,0.17237090863965404,0.008162665807982705,0.1601017245360994,0.01873220907527423,0.039652862129990155,0.0,0.0045232672123563565,0.0004816987477333578,0.03672215987866106,0.0007885965335115155,0.02105426727608367,0.01211917494632161,5.0210753604352785e-05,-0.004120052297845623,0.0032526626435960314
2026-03-04,0.0,0.28341676138924965,0.0004376846077521369,0.037046120662307606,0.04038985150775349,0.017945217570564876,0.15965401686598557,0.011467229716692173,0.15865946025065275,0.020619630279115717,0.03919665011738183,0.0,0.004070940491120721,0.000433528872960022,0.03782771360790205,0.0059084381838466135,0.018948840548475305,0.010907257451689448,4.518967824391751e-05,-0.003708047068061061,0.0029273963792364284
2026-03-05,0.0,0.28221817242774405,0.0004358336094664281,0.036889450072061666,0.040219040049966924,0.01786932601218822,0.15897882905656457,0.011418734014144083,0.15798847848950812,0.02053242844559772,0.039030884790276964,0.0,0.004053724204011639,0.0004316954495623487,0.03766773760737484,0.0058834509927144325,0.018868704599551877,0.010861129910333701,4.499856798899945e-05,-0.003692365482177659,0.00291501621876566
2026-03-06,0.0,0.28221817242774405,0.0004358336094664281,0.036889450072061666,0.040219040049966924,0.01786932601218822,0.15897882905656457,0.011418734014144083,0.15798847848950812,0.020532428445597717,0.03903088479027696,0.0,0.004053724204011639,0.0004316954495623487,0.03766773760737484,0.005883450992714432,0.018868704599551877,0.010861129910333701,4.499856798899945e-05,-0.0036923654821776584,0.00291501621876566
2026-03-09,0.0,0.28221817242774405,0.0004358336094664281,0.036889450072061666,0.040219040049966924,0.01786932601218822,0.15897882905656457,0.011418734014144083,0.15798847848950812,0.020532428445597717,0.03903088479027696,0.0,0.004053724204011639,0.0004316954495623487,0.03766773760737484,0.005883450992714432,0.018868704599551877,0.010861129910333701,4.499856798899945e-05,-0.003692365482177658,0.00291501621876566
2026-03-10,0.0,0.28221817242774405,0.0004358336094664281,0.036889450072061666,0.040219040049966924,0.01786932601218822,0.15897882905656457,0.011418734014144083,0.15798847848950812,0.020532428445597717,0.03903088479027696,0.0,0.004053724204011639,0.0004316954495623487,0.03766773760737484,0.005883450992714432,0.018868704599551877,0.010861129910333701,4.499856798899945e-05,-0.003692365482177658,0.00291501621876566
2026-03-11,0.0,0.28221817242774405,0.0004358336094664281,0.036889450072061666,0.040219040049966924,0.01786932601218822,0.15897882905656457,0.011418734014144083,0.15798847848950812,0.020532428445597717,0.03903088479027696,0.0,0.004053724204011639,0.0004316954495623487,0.03766773760737484,0.005883450992714432,0.018868704599551877,0.010861129910333701,4.499856798899945e-05,-0.003692365482177658,0.00291501621876566
2026-03-12,0.0,0.28221817242774405,0.0004358336094664281,0.036889450072061666,0.040219040049966924,0.01786932601218822,0.15897882905656457,0.011418734014144083,0.15798847848950812,0.020532428445597717,0.03903088479027696,0.0,0.004053724204011639,0.0004316954495623487,0.03766773760737484,0.005883450992714432,0.018868704599551877,0.010861129910333701,4.499856798899945e-05,-0.003692365482177658,0.00291501621876566
2026-03-13,0.0,0.28221817242774405,0.0004358336094664281,0.036889450072061666,0.040219040049966924,0.01786932601218822,0.15897882905656457,0.011418734014144083,0.15798847848950812,0.020532428445597717,0.03903088479027696,0.0,0.004053724204011639,0.0004316954495623487,0.03766773760737484,0.005883450992714432,0.018868704599551877,0.010861129910333701,4.499856798899945e-05,-0.003692365482177658,0.00291501621876566
2026-03-16,0.0,0.28221817242774405,0.0004358336094664281,0.036889450072061666,0.040219040049966924,0.01786932601218822,0.15897882905656457,0.011418734014144083,0.15798847848950812,0.020532428445597717,0.03903088479027696,0.0,0.004053724204011639,0.0004316954495623487,0.03766773760737484,0.005883450992714432,0.018868704599551877,0.010861129910333701,4.499856798899945e-05,-0.003692365482177658,0.00291501621876566
2026-03-17,0.0,0.28221817242774405,0.0004358336094664281,0.036889450072061666,0.040219040049966924,0.01786932601218822,0.15897882905656457,0.011418734014144083,0.15798847848950812,0.020532428445597717,0.03903088479027696,0.0,0.004053724204011639,0.0004316954495623487,0.03766773760737484,0.005883450992714432,0.018868704599551877,0.010861129910333701,4.499856798899945e-05,-0.003692365482177658,0.00291501621876566
2026-03-18,0.0,0.28221817242774405,0.0004358336094664281,0.036889450072061666,0.040219040049966924,0.01786932601218822,0.15897882905656457,0.011418734014144083,0.15798847848950812,0.020532428445597717,0.03903088479027696,0.0,0.004053724204011639,0.0004316954495623487,0.03766773760737484,0.005883450992714432,0.018868704599551877,0.010861129910333701,4.499856798899945e-05,-0.003692365482177658,0.00291501621876566
2026-03-19,0.0,0.28221817242774405,0.0004358336094664281,0.036889450072061666,0.040219040049966924,0.01786932601218822,0.15897882905656457,0.011418734014144083,0.15798847848950812,0.020532428445597717,0.03903088479027696,0.0,0.004053724204011639,0.0004316954495623487,0.03766773760737484,0.005883450992714432,0.018868704599551877,0.010861129910333701,4.499856798899945e-05,-0.003692365482177658,0.00291501621876566
2026-03-20,0.0,0.28221817242774405,0.0004358336094664281,0.036889450072061666,0.040219040049966924,0.01786932601218822,0.15897882905656457,0.011418734014144083,0.15798847848950812,0.020532428445597717,0.03903088479027696,0.0,0.004053724204011639,0.0004316954495623487,0.03766773760737484,0.005883450992714432,0.018868704599551877,0.010861129910333701,4.499856798899945e-05,-0.003692365482177658,0.00291501621876566
2026-03-23,0.0,0.28221817242774405,0.0004358336094664281,0.036889450072061666,0.040219040049966924,0.01786932601218822,0.15897882905656457,0.011418734014144083,0.15798847848950812,0.020532428445597717,0.03903088479027696,0.0,0.004053724204011639,0.0004316954495623487,0.03766773760737484,0.005883450992714432,0.018868704599551877,0.010861129910333701,4.499856798899945e-05,-0.003692365482177658,0.00291501621876566
2026-03-24,0.0,0.28221817242774405,0.0004358336094664281,0.036889450072061666,0.040219040049966924,0.01786932601218822,0.15897882905656457,0.011418734014144083,0.15798847848950812,0.020532428445597717,0.03903088479027696,0.0,0.004053724204011639,0.0004316954495623487,0.03766773760737484,0.005883450992714432,0.018868704599551877,0.010861129910333701,4.499856798899945e-05,-0.003692365482177658,0.00291501621876566
2026-03-25,0.0,0.28221817242774405,0.0004358336094664281,0.036889450072061666,0.040219040049966924,0.01786932601218822,0.15897882905656457,0.011418734014144083,0.15798847848950812,0.020532428445597717,0.03903088479027696,0.0,0.004053724204011639,0.0004316954495623487,0.03766773760737484,0.005883450992714432,0.018868704599551877,0.010861129910333701,4.499856798899945e-05,-0.003692365482177658,0.00291501621876566
2026-03-26,0.0,0.28221817242774405,0.0004358336094664281,0.036889450072061666,0.040219040049966924,0.01786932601218822,0.15897882905656457,0.011418734014144083,0.15798847848950812,0.020532428445597717,0.03903088479027696,0.0,0.004053724204011639,0.0004316954495623487,0.03766773760737484,0.005883450992714432,0.018868704599551877,0.010861129910333701,4.499856798899945e-05,-0.003692365482177658,0.00291501621876566
2026-03-27,0.0,0.28221817242774405,0.0004358336094664281,0.036889450072061666,0.040219040049966924,0.01786932601218822,0.15897882905656457,0.011418734014144083,0.15798847848950812,0.020532428445597717,0.03903088479027696,0.0,0.004053724204011639,0.0004316954495623487,0.03766773760737484,0.005883450992714432,0.018868704599551877,0.010861129910333701,4.499856798899945e-05,-0.003692365482177658,0.00291501621876566
2026-03-30,0.0,0.28221817242774405,0.0004358336094664281,0.036889450072061666,0.040219040049966924,0.01786932601218822,0.15897882905656457,0.011418734014144083,0.15798847848950812,0.020532428445597717,0.03903088479027696,0.0,0.004053724204011639,0.0004316954495623487,0.03766773760737484,0.005883450992714432,0.018868704599551877,0.010861129910333701,4.499856798899945e-05,-0.003692365482177658,0.00291501621876566
2026-03-31,0.0,0.28221817242774405,0.0004358336094664281,0.036889450072061666,0.040219040049966924,0.01786932601218822,0.15897882905656457,0.011418734014144083,0.15798847848950812,0.020532428445597717,0.03903088479027696,0.0,0.004053724204011639,0.0004316954495623487,0.03766773760737484,0.005883450992714432,0.018868704599551877,0.010861129910333701,4.499856798899945e-05,-0.003692365482177658,0.00291501621876566
2026-04-01,0.0,0.28221817242774405,0.0004358336094664281,0.036889450072061666,0.040219040049966924,0.01786932601218822,0.15897882905656457,0.011418734014144083,0.15798847848950812,0.020532428445597717,0.03903088479027696,0.0,0.004053724204011639,0.0004316954495623487,0.03766773760737484,0.005883450992714432,0.018868704599551877,0.010861129910333701,4.499856798899945e-05,-0.003692365482177658,0.00291501621876566
2026-04-02,0.0,0.28221817242774405,0.0004358336094664281,0.036889450072061666,0.040219040049966924,0.01786932601218822,0.15897882905656457,0.011418734014144083,0.15798847848950812,0.020532428445597717,0.03903088479027696,0.0,0.004053724204011639,0.0004316954495623487,0.03766773760737484,0.005883450992714432,0.018868704599551877,0.010861129910333701,4.499856798899945e-05,-0.003692365482177658,0.00291501621876566
2026-04-06,0.0,0.28221817242774405,0.0004358336094664281,0.036889450072061666,0.040219040049966924,0.01786932601218822,0.15897882905656457,0.011418734014144083,0.15798847848950812,0.020532428445597717,0.03903088479027696,0.0,0.004053724204011639,0.0004316954495623487,0.03766773760737484,0.005883450992714432,0.018868704599551877,0.010861129910333701,4.499856798899945e-05,-0.003692365482177658,0.00291501621876566
2026-04-07,0.0,0.28221817242774405,0.0004358336094664281,0.036889450072061666,0.040219040049966924,0.01786932601218822,0.15897882905656457,0.011418734014144083,0.15798847848950812,0.020532428445597717,0.03903088479027696,0.0,0.004053724204011639,0.0004316954495623487,0.03766773760737484,0.005883450992714432,0.018868704599551877,0.010861129910333701,4.499856798899945e-05,-0.003692365482177658,0.00291501621876566
2026-04-08,0.0,0.28221817242774405,0.00043583360946642817,0.036889450072061666,0.040219040049966924,0.01786932601218822,0.1589788290565646,0.011418734014144083,0.15798847848950812,0.02053242844559772,0.039030884790276964,0.0,0.004053724204011639,0.0004316954495623487,0.03766773760737484,0.005883450992714432,0.018868704599551877,0.010861129910333701,4.499856798899946e-05,-0.003692365482177658,0.00291501621876566
2026-04-09,0.0,0.28221817242774405,0.00043583360946642817,0.036889450072061666,0.040219040049966924,0.01786932601218822,0.15897882905656457,0.011418734014144083,0.15798847848950812,0.020532428445597717,0.03903088479027696,0.0,0.004053724204011639,0.0004316954495623487,0.03766773760737484,0.005883450992714432,0.018868704599551877,0.010861129910333701,4.499856798899946e-05,-0.003692365482177658,0.00291501621876566
2026-04-10,0.0,0.28221817242774405,0.00043583360946642817,0.036889450072061666,0.040219040049966924,0.01786932601218822,0.1589788290565646,0.011418734014144083,0.15798847848950812,0.02053242844559772,0.039030884790276964,0.0,0.004053724204011639,0.0004316954495623487,0.03766773760737484,0.005883450992714432,0.018868704599551877,0.010861129910333701,4.499856798899946e-05,-0.003692365482177658,0.00291501621876566
2026-04-13,0.0,0.28221817242774405,0.00043583360946642817,0.036889450072061666,0.040219040049966924,0.01786932601218822,0.1589788290565646,0.011418734014144083,0.15798847848950812,0.02053242844559772,0.039030884790276964,0.0,0.004053724204011639,0.0004316954495623487,0.03766773760737484,0.005883450992714432,0.018868704599551877,0.010861129910333701,4.499856798899946e-05,-0.003692365482177658,0.00291501621876566
2026-04-14,0.0,0.28221817242774405,0.00043583360946642817,0.036889450072061666,0.040219040049966924,0.01786932601218822,0.1589788290565646,0.011418734014144083,0.15798847848950812,0.02053242844559772,0.039030884790276964,0.0,0.004053724204011639,0.0004316954495623487,0.03766773760737484,0.005883450992714432,0.018868704599551877,0.010861129910333701,4.499856798899946e-05,-0.003692365482177658,0.00291501621876566
2026-04-15,0.0,0.28221817242774405,0.00043583360946642817,0.036889450072061666,0.040219040049966924,0.01786932601218822,0.1589788290565646,0.011418734014144083,0.15798847848950812,0.02053242844559772,0.039030884790276964,0.0,0.004053724204011639,0.0004316954495623487,0.03766773760737484,0.005883450992714432,0.018868704599551877,0.010861129910333701,4.499856798899946e-05,-0.003692365482177658,0.00291501621876566
2026-04-16,0.0,0.28221817242774405,0.00043583360946642817,0.036889450072061666,0.040219040049966924,0.01786932601218822,0.1589788290565646,0.011418734014144083,0.15798847848950812,0.02053242844559772,0.039030884790276964,0.0,0.004053724204011639,0.0004316954495623487,0.03766773760737484,0.005883450992714432,0.018868704599551877,0.010861129910333701,4.499856798899946e-05,-0.003692365482177658,0.00291501621876566
2026-04-17,0.0,0.28221817242774405,0.00043583360946642817,0.036889450072061666,0.040219040049966924,0.01786932601218822,0.1589788290565646,0.011418734014144083,0.15798847848950812,0.02053242844559772,0.039030884790276964,0.0,0.004053724204011639,0.0004316954495623487,0.03766773760737484,0.005883450992714432,0.018868704599551877,0.010861129910333701,4.499856798899946e-05,-0.003692365482177658,0.00291501621876566
2026-04-20,0.0,0.28221817242774405,0.00043583360946642817,0.036889450072061666,0.040219040049966924,0.01786932601218822,0.1589788290565646,0.011418734014144083,0.15798847848950812,0.02053242844559772,0.039030884790276964,0.0,0.004053724204011639,0.0004316954495623487,0.03766773760737484,0.005883450992714432,0.018868704599551877,0.010861129910333701,4.499856798899946e-05,-0.003692365482177658,0.00291501621876566
2026-04-21,0.0,0.28221817242774405,0.00043583360946642817,0.036889450072061666,0.040219040049966924,0.01786932601218822,0.1589788290565646,0.011418734014144083,0.15798847848950812,0.02053242844559772,0.039030884790276964,0.0,0.004053724204011639,0.0004316954495623487,0.03766773760737484,0.005883450992714432,0.018868704599551877,0.010861129910333701,4.499856798899946e-05,-0.003692365482177658,0.00291501621876566
2026-04-22,0.0,0.28221817242774405,0.00043583360946642817,0.036889450072061666,0.040219040049966924,0.01786932601218822,0.1589788290565646,0.011418734014144083,0.15798847848950812,0.02053242844559772,0.039030884790276964,0.0,0.004053724204011639,0.0004316954495623487,0.03766773760737484,0.005883450992714432,0.018868704599551877,0.010861129910333701,4.499856798899946e-05,-0.003692365482177658,0.00291501621876566
2026-04-23,0.0,0.28221817242774405,0.00043583360946642817,0.036889450072061666,0.040219040049966924,0.01786932601218822,0.1589788290565646,0.011418734014144083,0.15798847848950812,0.02053242844559772,0.039030884790276964,0.0,0.004053724204011639,0.0004316954495623487,0.03766773760737484,0.005883450992714432,0.018868704599551877,0.010861129910333701,4.499856798899946e-05,-0.003692365482177658,0.00291501621876566
2026-04-24,0.0,0.28221817242774405,0.00043583360946642817,0.036889450072061666,0.040219040049966924,0.01786932601218822,0.1589788290565646,0.011418734014144083,0.15798847848950812,0.02053242844559772,0.039030884790276964,0.0,0.004053724204011639,0.0004316954495623487,0.03766773760737484,0.005883450992714432,0.018868704599551877,0.010861129910333701,4.499856798899946e-05,-0.003692365482177658,0.00291501621876566
2026-04-27,0.0,0.28221817242774405,0.00043583360946642817,0.036889450072061666,0.040219040049966924,0.01786932601218822,0.1589788290565646,0.011418734014144083,0.15798847848950812,0.02053242844559772,0.039030884790276964,0.0,0.004053724204011639,0.0004316954495623487,0.03766773760737484,0.005883450992714432,0.018868704599551877,0.010861129910333701,4.499856798899946e-05,-0.003692365482177658,0.00291501621876566
2026-04-28,0.0,0.28221817242774405,0.00043583360946642817,0.036889450072061666,0.040219040049966924,0.01786932601218822,0.1589788290565646,0.011418734014144083,0.15798847848950812,0.02053242844559772,0.039030884790276964,0.0,0.004053724204011639,0.0004316954495623487,0.03766773760737484,0.005883450992714432,0.018868704599551877,0.010861129910333701,4.499856798899946e-05,-0.003692365482177658,0.00291501621876566
2026-04-29,0.0,0.28221817242774405,0.00043583360946642817,0.036889450072061666,0.040219040049966924,0.01786932601218822,0.1589788290565646,0.011418734014144083,0.15798847848950812,0.02053242844559772,0.039030884790276964,0.0,0.004053724204011639,0.0004316954495623487,0.03766773760737484,0.005883450992714432,0.018868704599551877,0.010861129910333701,4.499856798899946e-05,-0.003692365482177658,0.00291501621876566
2026-04-30,0.0,0.28221817242774405,0.00043583360946642817,0.036889450072061666,0.040219040049966924,0.01786932601218822,0.1589788290565646,0.011418734014144083,0.15798847848950812,0.02053242844559772,0.039030884790276964,0.0,0.004053724204011639,0.0004316954495623487,0.03766773760737484,0.005883450992714432,0.018868704599551877,0.010861129910333701,4.499856798899946e-05,-0.003692365482177658,0.00291501621876566
2026-05-01,0.0,0.28221817242774405,0.00043583360946642817,0.036889450072061666,0.040219040049966924,0.01786932601218822,0.1589788290565646,0.011418734014144083,0.15798847848950812,0.02053242844559772,0.039030884790276964,0.0,0.004053724204011639,0.0004316954495623487,0.03766773760737484,0.005883450992714432,0.018868704599551877,0.010861129910333701,4.499856798899946e-05,-0.003692365482177658,0.00291501621876566
2026-05-04,0.0,0.28221817242774405,0.00043583360946642817,0.036889450072061666,0.040219040049966924,0.01786932601218822,0.1589788290565646,0.011418734014144083,0.15798847848950812,0.02053242844559772,0.039030884790276964,0.0,0.004053724204011639,0.0004316954495623487,0.03766773760737484,0.005883450992714432,0.018868704599551877,0.010861129910333701,4.499856798899946e-05,-0.003692365482177658,0.00291501621876566
2026-05-05,0.0,0.28221817242774405,0.00043583360946642817,0.036889450072061666,0.040219040049966924,0.01786932601218822,0.1589788290565646,0.011418734014144083,0.15798847848950812,0.02053242844559772,0.039030884790276964,0.0,0.004053724204011639,0.0004316954495623487,0.03766773760737484,0.005883450992714432,0.018868704599551877,0.010861129910333701,4.499856798899946e-05,-0.003692365482177658,0.00291501621876566
2026-05-06,0.0,0.28221817242774405,0.00043583360946642817,0.036889450072061666,0.040219040049966924,0.01786932601218822,0.1589788290565646,0.011418734014144083,0.15798847848950812,0.02053242844559772,0.039030884790276964,0.0,0.004053724204011639,0.0004316954495623487,0.03766773760737484,0.005883450992714432,0.018868704599551877,0.010861129910333701,4.499856798899946e-05,-0.003692365482177658,0.00291501621876566
2026-05-07,0.0,0.28221817242774405,0.00043583360946642817,0.036889450072061666,0.040219040049966924,0.01786932601218822,0.1589788290565646,0.011418734014144083,0.15798847848950812,0.02053242844559772,0.039030884790276964,0.0,0.004053724204011639,0.0004316954495623487,0.03766773760737484,0.005883450992714432,0.018868704599551877,0.010861129910333701,4.499856798899946e-05,-0.003692365482177658,0.00291501621876566
2026-05-08,0.0,0.28221817242774405,0.00043583360946642817,0.036889450072061666,0.040219040049966924,0.01786932601218822,0.1589788290565646,0.011418734014144083,0.15798847848950812,0.02053242844559772,0.039030884790276964,0.0,0.004053724204011639,0.0004316954495623487,0.03766773760737484,0.005883450992714432,0.018868704599551877,0.010861129910333701,4.499856798899946e-05,-0.003692365482177658,0.00291501621876566
