,AGG,ASML,DBA,EFA,GLD,IWM,META,MSFT,NVDA,QQQ,SPY,TLT,UUP,VNQ,VWO,XLE,XLF,XLI,XLP,XLU,XLV
2022-01-03,0.0,0.0,0.0,0.0,0.0,0.0,0.0,0.0,0.0,0.0,0.0,0.0,0.0,0.0,0.0,0.0,0.0,0.0,0.0,0.0,0.0
2022-01-04,0.0,0.00955013646370636,0.0,0.0,0.0,0.0033593918770940183,0.0075520342423497505,0.011832281302119047,0.026182034477933207,0.007987393457775658,0.00814217827817326,0.0,0.0,0.006337868909614119,0.0,0.011697331834489717,0.0,0.0,0.0,0.0,0.003885858074265911
2022-01-05,0.0,0.00037860119428586095,0.0,0.0,0.0,0.00010243795869130465,0.000251870948943779,0.0004142658427518601,0.0014187498338707125,0.00021840892717344632,0.00012884223311571477,0.0,0.0,0.0001599768076654311,0.0,-3.755609777176573e-05,0.0,0.0,0.0,0.0,1.4544367517104438e-05
2022-01-06,0.0,-0.00021306723910934945,0.0,0.0,0.0,-1.5491541369477748e-05,-0.00018488379422967795,0.0001064510300519371,-0.0005158431594744564,1.4350345363919534e-05,1.655738570792431e-05,0.0,0.0,1.2583527782359522e-06,0.0,-0.00024809491272424593,0.0,0.0,0.0,0.0,4.919527836465525e-05
2022-01-07,0.0,7.809732009421075e-05,0.0,0.0,0.0,3.5448316297336836e-05,7.4981100311229815e-06,-1.8132025381043318e-05,0.00083836411113054,7.836657516112865e-05,2.386666149449719e-05,0.0,0.0,3.5483313391096276e-05,0.0,-0.0001724234000570913,0.0,0.0,0.0,0.0,1.5883138429055067e-05
2022-01-10,0.0,0.0003621508944379216,0.0,0.0,0.0,1.0504947693024472e-05,8.207795366289329e-05,-1.2741973420927338e-05,-0.00015605507623519393,-8.011041936241414e-06,7.327516105146148e-06,0.0,0.0,3.435352649149102e-05,0.0,3.220142579865755e-05,0.0,0.0,0.0,0.0,-4.125678255357092e-05
2022-01-11,0.0,-1.4066752154826348e-05,0.0,0.0,0.0,-3.1486040394124084e-05,-0.00013549101428363824,-1.1782011979830434e-05,-0.0003654099993008336,-0.00010990262297130328,-6.387731494764126e-05,0.0,0.0,-1.7513275148662785e-06,0.0,-0.0003831337017479418,0.0,0.0,0.0,0.0,-2.601071840595444e-05
2022-01-12,0.0,-0.0001657634656316298,0.0,0.0,0.0,2.6647457800044703e-05,2.874896889778697e-05,-0.00011783741830178295,-0.0001585763855040459,-2.778768873491419e-05,-1.8048948600813894e-05,0.0,0.0,-4.36731028735475e-06,0.0,-1.650403194825359e-05,0.0,0.0,0.0,0.0,1.2969859080219116e-05
2022-01-13,0.0,0.0001305733248126422,0.0,0.0,0.0,2.1999441178074085e-05,0.00013387491851788152,0.0004698292520090609,0.0012631481841340296,0.0001789102527748861,9.087088262838688e-05,0.0,0.0,-4.0025243690467935e-06,0.0,2.8452186207384572e-05,0.0,0.0,0.0,0.0,5.0214780076612495e-05
2022-01-14,0.0,-0.00017802595569156414,0.0,0.0,0.0,-8.360921408948931e-07,-0.00011667724831251024,-0.00019600702165398914,-0.00033141998764872616,-4.049583511670646e-05,6.056763661797804e-06,0.0,0.0,6.468527039817443e-05,0.0,-0.0002612038136754081,0.0,0.0,0.0,0.0,1.1135148313567381e-05
2022-01-18,0.0,0.00035192041838206546,0.0,0.0,0.0,9.31615868162098e-05,0.0002939580069725939,0.0002583453214084954,0.0009441236320392732,0.0001788271311033993,0.00012378983712437765,0.0,0.0,5.069154035106452e-05,0.0,-7.648387164723922e-05,0.0,0.0,0.0,0.0,4.47513153296027e-05
2022-01-19,0.0,0.0002055900055096798,0.0,0.0,0.0,4.987597635893034e-05,-4.4896299543336314e-05,-4.3366871224673545e-05,0.0008079626403625466,7.641208359723817e-05,7.300583627361558e-05,0.0,0.0,7.644620607068654e-05,0.0,6.830125650456043e-05,0.0,0.0,0.0,0.0,1.0364322576263563e-05
2022-01-20,0.0,-0.0001183894294545778,0.0,0.0,0.0,5.5887003723335566e-05,6.05603949267227e-05,5.0178018704414434e-05,0.0009195751454408041,9.20675010348225e-05,7.821588352553178e-05,0.0,0.0,7.199129113996585e-05,0.0,9.022873301702504e-05,0.0,0.0,0.0,0.0,1.9701081979082817e-05
2022-01-21,0.0,0.00013689947108452144,0.0,0.0,0.0,5.529852764254864e-05,0.00030232079899126466,0.00019167512918370593,0.0007819253978850957,0.00020336513862240398,0.0001413628022269367,0.0,0.0,1.2298507959017727e-06,0.0,0.00020480030847066892,0.0,0.0,0.0,0.0,3.039820596758159e-05
2022-01-24,0.0,0.0001031209904813965,0.0,0.0,0.0,-7.65077535766468e-05,-0.00013593902852535814,-1.0340374904721158e-05,9.434104688933742e-06,-3.4375353081239277e-05,-3.234547434611927e-05,0.0,0.0,-1.0305489071386204e-05,0.0,-7.546112553249648e-05,0.0,0.0,0.0,0.0,1.3974920686390772e-05
2022-01-25,0.0,0.0005190890735211548,0.0,0.0,0.0,3.756637194182212e-05,0.00019306038537016384,0.0002889936320095883,0.001117385769067017,0.00016787199562819967,8.177676125246426e-05,0.0,0.0,1.1517627090712641e-05,0.0,-0.0004793673541986041,0.0,0.0,0.0,0.0,1.6577582343808416e-05
2022-01-26,0.0,-0.009620123687797168,0.0,0.0,0.2999026589912135,-0.0033112234899421726,-0.007413863415258099,-0.012170595751873016,-0.026710031072622962,-0.007975664898394522,-0.008122535492560336,0.0,0.4998377649853558,-0.006239487468930231,0.0,-0.011678755784776545,0.0,0.0,0.0,0.0,-0.0038659247222220506
2022-01-27,0.0,0.0,0.0,0.0,0.003983291054408589,0.0,0.0,0.0,0.0,0.0,0.0,0.0,-0.004067226714073113,0.0,0.0,0.0,0.0,0.0,0.0,0.0,0.0
2022-01-28,0.0,0.0,0.0,0.0,0.0005686545606595761,0.0,0.0,0.0,0.0,0.0,0.0,0.0,-0.0003520195857570352,0.0,0.0,0.0,0.0,0.0,0.0,0.0,0.0
2022-01-31,0.0,0.0,0.0,0.0,-0.002282089345680194,0.0,0.0,0.0,0.0,0.0,0.0,0.0,0.002613678996045088,0.0,0.0,0.0,0.0,0.0,0.0,0.0,0.0
2022-02-01,0.0,0.0,0.0,0.0,-0.0005812054035345127,0.0,0.0,0.0,0.0,0.0,0.0,0.0,0.0008007170439424116,0.0,0.0,0.0,0.0,0.0,0.0,0.0,0.0
2022-02-02,0.0,0.0,0.0,0.0,-0.0013436984848499978,0.0,0.0,0.0,0.0,0.0,0.0,0.0,0.0015114439422100334,0.0,0.0,0.0,0.0,0.0,0.0,0.0,0.0
2022-02-03,0.0,0.0,0.0,0.0,-0.00046071825747778794,0.0,0.0,0.0,0.0,0.0,0.0,0.0,0.0010506336704029229,0.0,0.0,0.0,0.0,0.0,0.0,0.0,0.0
2022-02-04,0.0,0.0,0.0,0.0,-0.0004414247296746776,0.0,0.0,0.0,0.0,0.0,0.0,0.0,0.00042642425987060584,0.0,0.0,0.0,0.0,0.0,0.0,0.0,0.0
2022-02-07,0.0,0.0,0.0,0.0,-0.0014965847510831076,0.0,0.0,0.0,0.0,0.0,0.0,0.0,0.0010112836512992107,0.0,0.0,0.0,0.0,0.0,0.0,0.0,0.0
2022-02-08,0.0,0.0,0.0,0.0,-0.0004073507189547021,0.0,0.0,0.0,0.0,0.0,0.0,0.0,6.706930981237313e-05,0.0,0.0,0.0,0.0,0.0,0.0,0.0,0.0
2022-02-09,0.0,0.0,0.0,0.0,-0.0008901076217028292,0.0,0.0,0.0,0.0,0.0,0.0,0.0,0.000801984925525967,0.0,0.0,0.0,0.0,0.0,0.0,0.0,0.0
2022-02-10,0.0,0.0,0.0,0.0,0.0009713569916967035,0.0,0.0,0.0,0.0,0.0,0.0,0.0,-0.20094979658549939,0.0,0.0,0.0,0.0,0.0,0.0,0.0,0.0
2022-02-11,0.0,0.0,0.0,0.0,-0.0036162913443276157,0.0,0.0,0.0,0.0,0.0,0.0,0.0,0.0008116338829241565,0.0,0.0,0.0,0.0,0.0,0.0,0.0,0.0
2022-02-14,0.0,0.0,0.0,0.0,-0.0008789974118327271,0.0,0.0,0.0,0.0,0.0,0.0,0.0,-9.026169741516155e-05,0.0,0.0,0.0,0.0,0.0,0.0,0.0,0.0
2022-02-15,0.0,0.0,0.0,0.0,0.0016454968231393585,0.0,0.0,0.0,0.0,0.0,0.0,0.0,-4.123973380504298e-05,0.0,0.0,0.0,0.0,0.0,0.0,0.0,0.0
2022-02-16,0.0,0.0,0.0,0.0,-0.002335963830201293,0.0,0.0,0.0,0.0,0.0,0.0,0.0,0.0013332113147242475,0.0,0.0,0.0,0.0,0.0,0.0,0.0,0.0
2022-02-17,0.0,0.0,0.0,0.0,-0.0028363960429972357,0.0,0.0,0.0,0.0,0.0,0.0,0.0,0.0011470444808269198,0.0,0.0,0.0,0.0,0.0,0.0,0.0,0.0
2022-02-18,0.0,0.0,0.0,0.0,0.0003993338672249047,0.0,0.0,0.0,0.0,0.0,0.0,0.0,-0.0006394358291872959,0.0,0.0,0.0,0.0,0.0,0.0,0.0,0.0
2022-02-22,0.0,0.0,0.0,0.0,-0.0004038579046693469,0.0,0.0,0.0,0.0,0.0,0.0,0.0,0.00010620989815784965,0.0,0.0,0.0,0.0,0.0,0.0,0.0,0.0
2022-02-23,0.0,0.0,0.0,0.0,-0.0008418800398304338,0.0,0.0,0.0,0.0,0.0,0.0,0.0,0.0001604934779570466,0.0,0.0,0.0,0.0,0.0,0.0,0.0,0.0
2022-02-24,0.0,0.0,0.0,0.0,0.0020869035136422687,0.0,0.0,0.0,0.0,0.0,0.0,0.0,-0.002293769616954988,0.0,0.0,0.0,0.0,0.0,0.0,0.0,0.0
2022-02-25,0.0,0.0,0.0,0.0,0.000248634808271031,0.0,0.0,0.0,0.0,0.0,0.0,0.0,0.0007511236436562041,0.0,0.0,0.0,0.0,0.0,0.0,0.0,0.0
2022-02-28,0.0,0.0,0.0,0.0,-0.00203821709031754,0.0,0.0,0.0,0.0,0.0,0.0,0.0,0.0006070562875820085,0.0,0.0,0.0,0.0,0.0,0.0,0.0,0.0
2022-03-01,0.0,0.0,0.0,0.0,-0.003119729632856727,0.0,0.0,0.0,0.0,0.0,0.0,0.0,1.0872142439555255e-05,0.0,0.0,0.0,0.0,0.0,0.0,0.0,0.0
2022-03-02,0.0,0.0,0.0,0.0,0.0021154513739934933,0.0,0.0,0.0,0.0,0.0,0.0,0.0,-0.0007764091333114509,0.0,0.0,0.0,0.0,0.0,0.0,0.0,0.0
2022-03-03,0.0,0.0,0.0,0.0,-0.0009052200235811214,0.0,0.0,0.0,0.0,0.0,0.0,0.0,-0.000270361686269871,0.0,0.0,0.0,0.0,0.0,0.0,0.0,0.0
2022-03-04,0.0,0.0,0.0,0.0,-0.0026578950676183766,0.0,0.0,0.0,0.0,0.0,0.0,0.0,-0.00017273382379578983,0.0,0.0,0.0,0.0,0.0,0.0,0.0,0.0
2022-03-07,0.0,0.0,0.0,0.0,-0.0024732784974325073,0.0,0.0,0.0,0.0,0.0,0.0,0.0,-0.0001768130440779614,0.0,0.0,0.0,0.0,0.0,0.0,0.0,0.0
2022-03-08,0.0,0.0,0.0,0.0,-0.005977962843942197,0.0,0.0,0.0,0.0,0.0,0.0,0.0,0.2042812127089586,0.0,0.0,0.0,0.0,0.0,0.0,0.0,0.0
2022-03-09,0.0,0.0,0.0,0.0,0.004765606693169555,0.0,0.0,0.0,0.0,0.0,0.0,0.0,-0.0020072154126566932,0.0,0.0,0.0,0.0,0.0,0.0,0.0,0.0
2022-03-10,0.0,0.0,0.0,0.0,8.744284120748569e-05,0.0,0.0,0.0,0.0,0.0,0.0,0.0,-0.0007708419130124655,0.0,0.0,0.0,0.0,0.0,0.0,0.0,0.0
2022-03-11,0.0,0.0,0.0,0.0,0.0022708127317991877,0.0,0.0,0.0,0.0,0.0,0.0,0.0,-0.002383765639071389,0.0,0.0,0.0,0.0,0.0,0.0,0.0,0.0
2022-03-14,0.0,0.0,0.0,0.0,0.0031073127133542933,0.0,0.0,0.0,0.0,0.0,0.0,0.0,-0.0021693888375804438,0.0,0.0,0.0,0.0,0.0,0.0,0.0,0.0
2022-03-15,0.0,0.0,0.0,0.0,0.003756431950354633,0.0,0.0,0.0,0.0,0.0,0.0,0.0,-0.0025259121845688237,0.0,0.0,0.0,0.0,0.0,0.0,0.0,0.0
2022-03-16,0.0,0.0,0.0,0.0,-0.002392984906192719,0.0,0.0,0.0,0.0,0.0,0.0,0.0,0.0027310234877188644,0.0,0.0,0.0,0.0,0.0,0.0,0.0,0.0
2022-03-17,0.0,0.0,0.0,0.0,-0.0013698911520477197,0.0,0.0,0.0,0.0,0.0,0.0,0.0,0.0013027503638737836,0.0,0.0,0.0,0.0,0.0,0.0,0.0,0.0
2022-03-18,0.0,0.0,0.0,0.0,0.002016410968632587,0.0,0.0,0.0,0.0,0.0,0.0,0.0,-0.0016063372794115072,0.0,0.0,0.0,0.0,0.0,0.0,0.0,0.0
2022-03-21,0.0,0.0,0.0,0.0,-0.001033505880199792,0.0,0.0,0.0,0.0,0.0,0.0,0.0,0.00019312355698675177,0.0,0.0,0.0,0.0,0.0,0.0,0.0,0.0
2022-03-22,0.0,0.0,0.0,0.0,0.0014650103382772284,0.0,0.0,0.0,0.0,0.0,0.0,0.0,-0.0009939878370539001,0.0,0.0,0.0,0.0,0.0,0.0,0.0,0.0
2022-03-23,0.0,0.0,0.0,0.0,-0.0026990203469241525,0.0,0.0,0.0,0.0,0.0,0.0,0.0,0.0017619738912409977,0.0,0.0,0.0,0.0,0.0,0.0,0.0,0.0
2022-03-24,0.0,0.0,0.0,0.0,-0.0013546719995793932,0.0,0.0,0.0,0.0,0.0,0.0,0.0,0.0008035550195040209,0.0,0.0,0.0,0.0,0.0,0.0,0.0,0.0
2022-03-25,0.0,0.0,0.0,0.0,0.0009163638750716574,0.0,0.0,0.0,0.0,0.0,0.0,0.0,-0.0007098090561429848,0.0,0.0,0.0,0.0,0.0,0.0,0.0,0.0
2022-03-28,0.0,0.0,0.0,0.0,0.004274837646652707,0.0,0.0,0.0,0.0,0.0,0.0,0.0,-0.003491737970109432,0.0,0.0,0.0,0.0,0.0,0.0,0.0,0.0
2022-03-29,0.0,0.0,0.0,0.0,-0.0010595139484077531,0.0,0.0,0.0,0.0,0.0,0.0,0.0,-0.19790548092130283,0.0,0.0,0.0,0.0,0.0,0.0,0.0,0.0
2022-03-30,0.0,0.006071375930070982,0.008645670299039234,0.0,-0.027036554133293755,0.0,0.0,0.012205048015804371,0.013604376514465317,0.009494448929801577,0.006682953267907686,0.0,-0.028225806981301726,0.005910807597329692,0.0,0.026176430187755617,0.0,0.0,0.0,0.0049482193108171466,0.004256563270007161
2022-03-31,0.0,0.004037846658341726,0.007949034620427179,0.0,-0.022289663630190026,0.0,0.0,0.013553815538844964,0.011325373691898816,0.00902354785251631,0.00589361650910802,0.0,-0.02818572071112624,0.005477407153445776,0.0,0.028966957043501548,0.0,0.0,0.0,0.0030286234142268406,0.0035195467241808855
2022-04-01,0.0,-6.4264608872557916e-06,9.018939981125795e-05,0.0,0.0013718708370472066,0.0,0.0,-0.00011607895782052291,0.0004968175580276971,1.7635617252407393e-05,-4.713023624403588e-05,0.0,-0.0005991794236635262,-0.0002309882869852599,0.0,-0.0004960978863580295,0.0,0.0,0.0,-0.00011885009898836979,-6.827908233791868e-05
2022-04-04,0.0,0.0022493053978882033,0.008565258094118282,0.0,-0.021817086223093862,0.0,0.0,0.010558334595628542,0.011566592585713523,0.004893495986184167,0.0032343417020180166,0.0,-0.024543264255956126,0.006915424450636046,0.0,0.03150739289985872,0.0,0.0,0.0,-0.0007074367288538996,-0.0006814406954224438
2022-04-05,0.0,0.004000996177013346,0.006090893731438635,0.0,-0.0174374538266395,0.0,0.0,0.009779087561282838,0.010181267295732169,0.006630331713220441,0.0031075247006689833,0.0,-0.024097051806087677,0.00645285889439071,0.0,0.027997006464348065,0.0,0.0,0.0,-0.0007973872687157147,-0.0007447983109544346
2022-04-06,0.0,0.0003756852634240089,-0.0001121129315198241,0.0,-0.06525215182741881,0.0,0.03218801623295774,-0.012237324603875513,0.01757923811074911,0.021079359581737733,0.00011223061573006204,0.0,0.03793234208955945,-0.00039116989821258094,0.02857589287942357,0.0024602389827161203,0.0,0.0,0.0,-0.0020832982698387346,-0.0019922522764904763
2022-04-07,0.0,0.0001127212441652016,-8.145288419705854e-06,0.0,-0.0002644581403190849,0.0,0.00011587544048740489,-0.00013597809913484804,0.0006145576511588577,-1.8164412310929523e-05,-5.668047016110095e-05,0.0,3.296399609717393e-05,0.00029409936753793317,0.0002678221355240616,-0.0012940675396619222,0.0,0.0,0.0,2.02873371902626e-05,-7.551139191329468e-05
2022-04-08,0.0,0.0003694283816500499,-0.0004744363447312244,0.0,-0.0008821573186391374,0.0,0.00010190950252467884,0.00048179269775677075,0.0027404554999017894,0.0007244748461135431,5.715431052511974e-05,0.0,8.784597208777445e-05,-3.124131703105548e-05,-4.529530433082171e-05,-0.0031731136888138445,0.0,0.0,0.0,-1.363656054750341e-05,-2.461762405888898e-05
2022-04-11,0.0,0.0001850451390163748,-0.0005647949982541395,0.0,-0.0022230942591106306,0.0,0.0005335531806547195,0.0009505282138752257,0.0025436025679272806,0.0006948628080176919,0.00013507714294650267,0.0,-0.0028638710334442374,2.1066733336988497e-05,7.620945709432836e-05,0.002356304574487947,0.0,0.0,0.0,1.694997262867773e-05,4.3809709911295236e-05
2022-04-12,0.0,0.00012627816540811826,-0.00019712532729214416,0.0,-0.0008907687165645439,0.0,0.0004021542100691722,0.0004165013539054255,0.001242788091282393,0.00030034147600815214,0.00010189486429035277,0.0,-0.00038709343026027687,7.86921205990325e-05,0.00016266912105813644,-0.0017377987104265358,0.0,0.0,0.0,-9.46593788673459e-06,5.01650508865515e-05
2022-04-13,0.0,-0.00039823758418328775,0.0002432433341932952,0.0,0.00024241391925775013,0.0,7.881061135292522e-05,-0.0004281111387111555,-0.0015767957905197041,-0.0007026307304051835,-9.46626796767859e-05,0.0,0.0024787269971444648,-1.7035566555079207e-05,-0.00012540005669436222,-0.000994899143921965,0.0,0.0,0.0,3.7854078906957717e-05,6.590892044589999e-06
2022-04-14,0.0,0.00029597639340524923,-2.3276336164050615e-05,0.0,-0.00034220018489836135,0.0,0.0005424092590509688,0.0006916685222964555,0.0022338183724515404,0.0008721702790616959,0.00012874223633844648,0.0,-0.0023780052429570597,-3.163796632928151e-05,0.00015182634248304266,-0.0010351820320290556,0.0,0.0,0.0,-2.7636870959909382e-05,-3.422139448296113e-06
2022-04-18,0.0,-0.0001227589790394265,-0.00021484973579565664,0.0,0.0003051719055949531,0.0,7.525967302459552e-05,8.592414070405369e-05,-0.001181832097520187,0.0002204772085998563,8.86455012738506e-05,0.0,0.0002443678300823038,0.00022589141527679102,0.0002672981850084452,-0.0011123439101253657,0.0,0.0,0.0,4.755943371889063e-05,7.09101553919263e-05
2022-04-19,0.0,-0.00027223358263200534,0.0003628068060809314,0.0,0.002545926489336048,0.0,-0.0009415210404939284,-0.0004873066465889142,-0.0010365310389179247,-0.00103255250189465,-0.00026729332565961564,0.0,-7.812140035809434e-05,-0.0004894431626999846,0.00020019629132967884,0.0011737287876978086,0.0,0.0,0.0,-2.0691434733662896e-05,-3.357999992660999e-05
2022-04-20,0.0,-0.0005053042999836506,-0.00019234053310078492,0.0,-0.0014489765306490154,0.0,0.0023571939570842665,-0.0002735456864497582,0.0016597072532011786,0.0004946480912589313,-7.586571843074333e-05,0.0,0.0005310737702209911,-0.0005267741607191644,4.748039510709193e-05,-0.0010102237304620981,0.0,0.0,0.0,-5.840757482356018e-05,-7.990421541419299e-05
2022-04-21,0.0,0.00015207662594236664,-0.000333450666750619,0.0,-0.0013177512971598582,0.0,0.0015919535372791761,0.0002258945869467871,0.002906635442545727,0.00042048955469211474,4.863631891970088e-05,0.0,-0.0036193025302016235,-0.00013353132557467062,0.0001647803702272757,0.0022644419755080414,0.0,0.0,0.0,1.8877705807739988e-05,-5.753501708602449e-06
2022-04-22,0.0,0.00016036851357329428,8.085489508178473e-05,0.0,-1.3877869231820883e-05,0.0,0.0003632913694397305,0.00046110974697365775,0.0014066914792826221,0.0008264271610975565,0.00033065969799116884,0.0,-0.003718269962591836,0.00019014249863087349,-5.3010735325948605e-05,0.0017109865206501457,0.0,0.0,0.0,3.164071619116051e-05,0.00011689684272934032
2022-04-25,0.0,-0.01561625398084976,-0.031217783780297933,0.0,0.15185990520368586,0.0,-0.03282340408125005,-0.03296409063418486,-0.06161717286540446,-0.051128860244327314,-0.0188702997660819,0.0,0.26109628438299226,-0.02453808606900194,-0.028394902442915097,-0.11302127149334644,0.0,0.0,0.0,-0.004487922126137171,-0.004414375575312401
2022-04-26,0.0,0.0,0.0,0.0,0.0006173606855677805,0.0,0.0,0.0,0.0,0.0,0.0,0.0,-0.001335891136756917,0.0,0.0,0.0,0.0,0.0,0.0,0.0,0.0
2022-04-27,0.0,0.0,0.0,0.0,0.002517769188109753,0.0,0.0,0.0,0.0,0.0,0.0,0.0,-0.0026900849828646045,0.0,0.0,0.0,0.0,0.0,0.0,0.0,0.0
2022-04-28,0.0,0.0,0.0,0.0,-0.0002618298741015601,0.0,0.0,0.0,0.0,0.0,0.0,0.0,-0.0006441875959862786,0.0,0.0,0.0,0.0,0.0,0.0,0.0,0.0
2022-04-29,0.0,0.0,0.0,0.0,-0.000572840041178968,0.0,0.0,0.0,0.0,0.0,0.0,0.0,0.0009757801748415118,0.0,0.0,0.0,0.0,0.0,0.0,0.0,0.0
2022-05-02,0.0,0.0,0.0,0.0,0.004652583153611944,0.0,0.0,0.0,0.0,0.0,0.0,0.0,-0.004054914046080882,0.0,0.0,0.0,0.0,0.0,0.0,0.0,0.0
2022-05-03,0.0,0.0,0.0,0.0,-0.0008274906371738,0.0,0.0,0.0,0.0,0.0,0.0,0.0,0.0008476234544680938,0.0,0.0,0.0,0.0,0.0,0.0,0.0,0.0
2022-05-04,0.0,0.0,0.0,0.0,-0.003312087014170295,0.0,0.0,0.0,0.0,0.0,0.0,0.0,0.00354877528678188,0.0,0.0,0.0,0.0,0.0,0.0,0.0,0.0
2022-05-05,0.0,0.0,0.0,0.0,0.0020566740330050792,0.0,0.0,0.0,0.0,0.0,0.0,0.0,-0.002670289308094098,0.0,0.0,0.0,0.0,0.0,0.0,0.0,0.0
2022-05-06,0.0,0.0,0.0,0.0,-7.668553167194947e-05,0.0,0.0,0.0,0.0,0.0,0.0,0.0,-0.00020364598564093228,0.0,0.0,0.0,0.0,0.0,0.0,0.0,0.0
2022-05-09,0.0,0.0,0.0,0.0,0.0030932202825373345,0.0,0.0,0.0,0.0,0.0,0.0,0.0,-0.0022648258419405987,0.0,0.0,0.0,0.0,0.0,0.0,0.0,0.0
2022-05-10,0.0,0.0,0.0,0.0,0.002097015653523493,0.0,0.0,0.0,0.0,0.0,0.0,0.0,-0.001809892422743875,0.0,0.0,0.0,0.0,0.0,0.0,0.0,0.0
2022-05-11,0.0,0.0,0.0,0.0,-0.0015538822824269216,0.0,0.0,0.0,0.0,0.0,0.0,0.0,0.0009538703481963839,0.0,0.0,0.0,0.0,0.0,0.0,0.0,0.0
2022-05-12,0.0,0.0,0.0,0.0,0.004511925989981513,0.0,0.0,0.0,0.0,0.0,0.0,0.0,-0.004462065497417178,0.0,0.0,0.0,0.0,0.0,0.0,0.0,0.0
2022-05-13,0.0,0.0,0.0,0.0,0.0012746692475307242,0.0,0.0,0.0,0.0,0.0,0.0,0.0,-0.0005043144691422308,0.0,0.0,0.0,0.0,0.0,0.0,0.0,0.0
2022-05-16,0.0,0.0,0.0,0.0,-0.0025944797692373234,0.0,0.0,0.0,0.0,0.0,0.0,0.0,0.0024114302860321346,0.0,0.0,0.0,0.0,0.0,0.0,0.0,0.0
2022-05-17,0.0,0.0,0.0,0.0,7.995142893402196e-05,0.0,0.0,0.0,0.0,0.0,0.0,0.0,0.0011214055381845722,0.0,0.0,0.0,0.0,0.0,0.0,0.0,0.0
2022-05-18,0.0,0.0,0.0,0.0,0.0006478750993486604,0.0,0.0,0.0,0.0,0.0,0.0,0.0,-0.001187924610540736,0.0,0.0,0.0,0.0,0.0,0.0,0.0,0.0
2022-05-19,0.0,0.0,0.0,0.0,-0.004655699634415145,0.0,0.0,0.0,0.0,0.0,0.0,0.0,0.0048105861446064435,0.0,0.0,0.0,0.0,0.0,0.0,0.0,0.0
2022-05-20,0.0,0.0,0.0,0.0,0.0001807497706876604,0.0,0.0,0.0,0.0,0.0,0.0,0.0,-0.0004414740924248983,0.0,0.0,0.0,0.0,0.0,0.0,0.0,0.0
2022-05-23,0.0,0.0,0.0,0.0,-0.002339821159018207,0.0,0.0,0.0,0.0,0.0,0.0,0.0,0.0029643238955369133,0.0,0.0,0.0,0.0,0.0,0.0,0.0,0.0
2022-05-24,0.0,0.0,0.0,0.0,-0.0020204987146075215,0.0,0.0,0.0,0.0,0.0,0.0,0.0,0.00185924614269517,0.0,0.0,0.0,0.0,0.0,0.0,0.0,0.0
2022-05-25,0.0,0.0,0.0,0.0,0.0018164876873809632,0.0,0.0,0.0,0.0,0.0,0.0,0.0,-0.001825122096833165,0.0,0.0,0.0,0.0,0.0,0.0,0.0,0.0
2022-05-26,0.0,0.0,0.0,0.0,-0.00010625125765401089,0.0,0.0,0.0,0.0,0.0,0.0,0.0,0.0005462126290833313,0.0,0.0,0.0,0.0,0.0,0.0,0.0,0.0
2022-05-27,0.0,0.0,0.0,0.0,-0.00044038233863058496,0.0,0.0,0.0,0.0,0.0,0.0,0.0,0.0006286972713664962,0.0,0.0,0.0,0.0,0.0,0.0,0.0,0.0
2022-05-31,0.0,0.0,0.0,0.0,0.0023523781603141947,0.0,0.0,0.0,0.0,0.0,0.0,0.0,-0.0019463271171191177,0.0,0.0,0.0,0.0,0.0,0.0,0.0,0.0
2022-06-01,0.0,0.0,0.0,0.0,-0.0001801528493120541,0.0,0.0,0.0,0.0,0.0,0.0,0.0,-0.0009747067506648,0.0,0.0,0.0,0.0,0.0,0.0,0.0,0.0
2022-06-02,0.0,0.0,0.0,0.0,-0.003900237139110696,0.0,0.0,0.0,0.0,0.0,0.0,0.0,0.004030627952004151,0.0,0.0,0.0,0.0,0.0,0.0,0.0,0.0
2022-06-03,0.0,0.0,0.0,0.0,0.0027925646809180416,0.0,0.0,0.0,0.0,0.0,0.0,0.0,-0.002629292872354083,0.0,0.0,0.0,0.0,0.0,0.0,0.0,0.0
2022-06-06,0.0,0.0,0.0,0.0,0.0012537084086572392,0.0,0.0,0.0,0.0,0.0,0.0,0.0,-0.0012112343764136835,0.0,0.0,0.0,0.0,0.0,0.0,0.0,0.0
2022-06-07,0.0,0.0,0.0,0.0,-0.0015341814160700351,0.0,0.0,0.0,0.0,0.0,0.0,0.0,0.0012505001763570278,0.0,0.0,0.0,0.0,0.0,0.0,0.0,0.0
2022-06-08,0.0,0.0,0.0,0.0,0.0006329165575880702,0.0,0.0,0.0,0.0,0.0,0.0,0.0,-0.0008713256666799118,0.0,0.0,0.0,0.0,0.0,0.0,0.0,0.0
2022-06-09,0.0,0.0,0.0,0.0,0.0017617574049548224,0.0,0.0,0.0,0.0,0.0,0.0,0.0,-0.002303676478283223,0.0,0.0,0.0,0.0,0.0,0.0,0.0,0.0
2022-06-10,0.0,0.0,0.0,0.0,-0.0016218600320292431,0.0,0.0,0.0,0.0,0.0,0.0,0.0,1.900245757391339e-05,0.0,0.0,0.0,0.0,0.0,0.0,0.0,0.0
2022-06-13,0.0,0.0,0.0,0.0,0.0069978382858338906,0.0,0.0,0.0,0.0,0.0,0.0,0.0,-0.006393997999990686,0.0,0.0,0.0,0.0,0.0,0.0,0.0,0.0
2022-06-14,0.0,0.0,0.0,0.0,0.0019998220021744673,0.0,0.0,0.0,0.0,0.0,0.0,0.0,-0.0017361306996361847,0.0,0.0,0.0,0.0,0.0,0.0,0.0,0.0
2022-06-15,0.0,0.0,0.0,0.0,-0.003914911708549407,0.0,0.0,0.0,0.0,0.0,0.0,0.0,0.00390684321503626,0.0,0.0,0.0,0.0,0.0,0.0,0.0,0.0
2022-06-16,0.0,0.0,0.0,0.0,-0.0038129755285206124,0.0,0.0,0.0,0.0,0.0,0.0,0.0,0.004098411508244859,0.0,0.0,0.0,0.0,0.0,0.0,0.0,0.0
2022-06-17,0.0,0.0,0.0,0.0,0.003242578590173406,0.0,0.0,0.0,0.0,0.0,0.0,0.0,-0.003766743710246434,0.0,0.0,0.0,0.0,0.0,0.0,0.0,0.0
2022-06-21,0.0,0.0,0.0,0.0,0.00024787697567046907,0.0,0.0,0.0,0.0,0.0,0.0,0.0,0.00033364742422803406,0.0,0.0,0.0,0.0,0.0,0.0,0.0,0.0
2022-06-22,0.0,0.0,0.0,0.0,-0.0010529371923141961,0.0,0.0,0.0,0.0,0.0,0.0,0.0,0.000955848901747991,0.0,0.0,0.0,0.0,0.0,0.0,0.0,0.0
2022-06-23,0.0,0.0,0.0,0.0,0.0014481686585742781,0.0,0.0,0.0,0.0,0.0,0.0,0.0,-0.0011904015427243175,0.0,0.0,0.0,0.0,0.0,0.0,0.0,0.0
2022-06-24,0.0,0.0,0.0,0.0,-0.00011373348683613171,0.0,0.0,0.0,0.0,0.0,0.0,0.0,0.00038874577243730446,0.0,0.0,0.0,0.0,0.0,0.0,0.0,0.0
2022-06-27,0.0,0.0,0.0,0.0,-3.549548759229637e-05,0.0,0.0,0.0,0.0,0.0,0.0,0.0,0.00028225540590803844,0.0,0.0,0.0,0.0,0.0,0.0,0.0,0.0
2022-06-28,0.0,0.0,0.0,0.0,0.0012106993776478392,0.0,0.0,0.0,0.0,0.0,0.0,0.0,-0.0016911299001007851,0.0,0.0,0.0,0.0,0.0,0.0,0.0,0.0
2022-06-29,0.0,0.0,0.0,0.0,0.0010206723037509136,0.0,0.0,0.0,0.0,0.0,0.0,0.0,-0.0015504200176682525,0.0,0.0,0.0,0.0,0.0,0.0,0.0,0.0
2022-06-30,0.0,0.0,0.0,0.0,0.0007946253756495603,0.0,0.0,0.0,0.0,0.0,0.0,0.0,-0.00010987066325723882,0.0,0.0,0.0,0.0,0.0,0.0,0.0,0.0
2022-07-01,0.0,0.0,0.0,0.0,0.0006568776604745641,0.0,0.0,0.0,0.0,0.0,0.0,0.0,-0.0009301723184431676,0.0,0.0,0.0,0.0,0.0,0.0,0.0,0.0
2022-07-05,0.0,0.0,0.0,0.0,0.006589075985551418,0.0,0.0,0.0,0.0,0.0,0.0,0.0,-0.006753206921918831,0.0,0.0,0.0,0.0,0.0,0.0,0.0,0.0
2022-07-06,0.0,0.0,0.0,0.0,0.004010006067556748,0.0,0.0,0.0,0.0,0.0,0.0,0.0,-0.0035224381233794344,0.0,0.0,0.0,0.0,0.0,0.0,0.0,0.0
2022-07-07,0.0,0.0,0.0,0.0,-6.409617420893854e-05,0.0,0.0,0.0,0.0,0.0,0.0,0.0,-4.252046478137039e-06,0.0,0.0,0.0,0.0,0.0,0.0,0.0,0.0
2022-07-08,0.0,0.0,0.0,0.0,-0.0001956864236630218,0.0,0.0,0.0,0.0,0.0,0.0,0.0,0.0002394026863051235,0.0,0.0,0.0,0.0,0.0,0.0,0.0,0.0
2022-07-11,0.0,0.0,0.0,0.0,0.0028563346710463455,0.0,0.0,0.0,0.0,0.0,0.0,0.0,-0.003695007636790315,0.0,0.0,0.0,0.0,0.0,0.0,0.0,0.0
2022-07-12,0.0,0.0,0.0,0.0,0.0007282364010205988,0.0,0.0,0.0,0.0,0.0,0.0,0.0,-0.00047158220914994553,0.0,0.0,0.0,0.0,0.0,0.0,0.0,0.0
2022-07-13,0.0,0.0,0.0,0.0,-0.0013176921522072282,0.0,0.0,0.0,0.0,0.0,0.0,0.0,0.001236061732406979,0.0,0.0,0.0,0.0,0.0,0.0,0.0,0.0
2022-07-14,0.0,0.0,0.0,0.0,0.003988116357277693,0.0,0.0,0.0,0.0,0.0,0.0,0.0,-0.003845282872508904,0.0,0.0,0.0,0.0,0.0,0.0,0.0,0.0
2022-07-15,0.0,0.0,0.0,0.0,-0.0004571212335816588,0.0,0.0,0.0,0.0,0.0,0.0,0.0,0.001161940893222635,0.0,0.0,0.0,0.0,0.0,0.0,0.0,0.0
2022-07-18,0.0,0.0,0.0,0.0,-0.0010304662006573317,0.0,0.0,0.0,0.0,0.0,0.0,0.0,0.0015262080921982224,0.0,0.0,0.0,0.0,0.0,0.0,0.0,0.0
2022-07-19,0.0,0.0,0.0,0.0,-0.001443156363324094,0.0,0.0,0.0,0.0,0.0,0.0,0.0,0.0019243991881134903,0.0,0.0,0.0,0.0,0.0,0.0,0.0,0.0
2022-07-20,0.0,0.03128626493591358,0.0,0.0,-0.08753982189333251,0.024111470111912777,0.0,0.0,0.028100653522810805,0.0,0.031711981903444326,0.0,-0.054094687250752393,0.0,0.0,0.04144337319705243,0.0,0.0,0.0,0.0,0.0
2022-07-21,0.0,0.019778665117335968,0.0,0.0,-0.06547887241014183,-4.41942182513623e-05,0.02543090156192258,0.0,0.022320659500307018,0.0,0.023817822474572738,0.0,-0.03373624558182453,0.0,0.0,0.02489059621367616,0.0,0.0,0.0,0.0,0.0
2022-07-22,0.0,0.008917565624002102,0.0,0.0,-0.04514225302818459,0.00022677359928144,0.028600668663968314,0.0,0.023821312459957625,0.0,0.015753324769300428,0.0,-0.027400243518613976,0.0,0.0,0.008502830903908229,0.0,0.0,0.0,0.0,0.0
2022-07-25,0.0,0.006335731036696095,0.0,0.0,-0.03087964923702187,-0.0002228578708510058,0.017381863834690918,0.0,0.018361616813403717,0.0,0.012582720737607245,0.0,-0.018757991270018037,0.0,0.0,-0.00014619890736351782,0.0,0.0,0.0,0.0,0.0
2022-07-26,0.0,0.0014148036517755008,0.0,0.0,-0.0003926468236063324,-1.2271294897048951e-05,0.002642064132997099,0.0,0.0019963846346166825,0.0,0.0004345155657063532,0.0,-0.005281089437496167,0.0,0.0,0.00018514231399627268,0.0,0.0,0.0,0.0,0.0
2022-07-27,0.0,-0.0017470420487290944,0.0,0.0,0.00043905952472590715,-0.00015491313630302747,-0.0033921015828284884,0.0,-0.0053755363170085585,0.0,-0.0008118475254210167,0.0,0.009053720781934671,0.0,0.0,-0.0004790228705127131,0.0,0.0,0.0,0.0,0.0
2022-07-28,0.0,-0.001700056480842621,0.0,0.0,-0.0007581857349282239,-0.0002916047581281514,0.003711180294892494,0.0,-0.0008364935208121926,0.0,-0.0009188366059217773,0.0,0.0008492624670429216,0.0,0.0,-0.0003063639295078635,0.0,0.0,0.0,0.0,0.0
2022-07-29,0.0,-0.0013018301977983093,0.0,0.0,0.0001820175172619204,-4.207680395918248e-05,0.0010631790796494095,0.0,-0.00041440479096442606,0.0,-0.0007757852865199338,0.0,0.003383000768900024,0.0,0.0,-0.0029066007188486703,0.0,0.0,0.0,0.0,0.0
2022-08-01,0.0,-0.0004860188979576713,0.0,0.0,-0.0004555617772339787,-7.5030444529160245e-06,-0.00040675056192611414,0.0,-0.0014394479315391756,0.0,0.000191245077215213,0.0,0.0011746281627081911,0.0,0.0,0.00152664029521421,0.0,0.0,0.0,0.0,0.0
2022-08-02,0.0,0.0014905926361064165,0.0,0.0,0.00044050939293495406,2.805373726648755e-05,-9.789477862362506e-05,0.0,-0.00039639051949307,0.0,0.00057180668586225,0.0,-0.0022677610229960843,0.0,0.0,0.00019482404647329365,0.0,0.0,0.0,0.0,0.0
2022-08-03,0.0,-0.0016277502670408173,0.0,0.0,0.00042430476142517326,-0.00015268575447031918,-0.0031278732671981,0.0,-0.0010310162189190175,0.0,-0.0006139321929465869,0.0,0.0020302079454403987,0.0,0.0,0.00283355082931383,0.0,0.0,0.0,0.0,0.0
2022-08-04,0.0,-0.0007771854772813946,0.0,0.0,-0.0012670267780164335,2.350876097398369e-05,-0.0008004209081570735,0.0,-0.001635808658162416,0.0,-3.823925092819036e-05,0.0,0.0019070104626106588,0.0,0.0,0.0027484983073666758,0.0,0.0,0.0,0.0,0.0
2022-08-05,0.0,0.0012964877884389658,0.0,0.0,0.0008143206853129942,-0.000181460640150264,0.001405390707772819,0.0,0.0010686430148581366,0.0,0.00015137431695753933,0.0,-0.0030745854343676715,0.0,0.0,-0.0015062616941964313,0.0,0.0,0.0,0.0,0.0
2022-08-08,0.0,0.012951974224700319,0.0,0.0,-0.022338693347604632,0.02087744038173208,0.014403703891428601,0.0,0.012503395526770086,0.0,-0.001288854524275504,0.0,-0.013007975230823088,0.0,0.0,-0.02356406672287005,0.0,0.0,0.0,0.0,0.0
2022-08-09,0.0,0.007776618166264779,0.0,0.0,-0.015545421151408952,0.016915947357131422,0.013370214298749544,0.0,0.005703641558747807,0.0,0.0017593132363398212,0.0,-0.011296088885611177,0.0,0.0,-0.017348028270737045,0.0,0.0,0.0,0.0,0.0
2022-08-10,0.0,-0.002596370580347604,0.0,0.0,0.0006333594146220797,-0.0008116613883566992,-0.0042022407193264,0.0,-0.004368293125068243,0.0,-0.00046815227710413077,0.0,0.00915312452041056,0.0,0.0,0.00031051533331061254,0.0,0.0,0.0,0.0,0.0
2022-08-11,0.0,0.0005289438006431946,0.0,0.0,8.561797423301681e-05,-0.00024490483282434833,0.00044928127423291,0.0,0.0008368629942696049,0.0,-1.7173997955560738e-05,0.0,-0.00031617606742051496,0.0,0.0,-0.001296017294135178,0.0,0.0,0.0,0.0,0.0
2022-08-12,0.0,-0.0009707841532120981,0.0,0.0,0.00012164951002994334,-0.000483303921018044,-0.0004230597647502665,0.0,-0.0030106656411615224,0.0,-0.00036398756646056907,0.0,0.0030320578567523127,0.0,0.0,0.00019044278334164055,0.0,0.0,0.0,0.0,0.0
2022-08-15,0.0,0.0005104469656262572,0.0,0.0,0.0006010686565507267,4.337866131395862e-05,0.00020470369268260624,0.0,-0.0013032056039060519,0.0,1.0194978692909529e-05,0.0,-0.0015969294852284932,0.0,0.0,0.0008891271963919686,0.0,0.0,0.0,0.0,0.0
2022-08-16,0.0,0.0009712410439585012,0.0,0.0,-4.1417448815646296e-05,-0.00015758192281754152,0.0004843613783761802,0.0,0.0005113368029861509,0.0,-0.0004168161091213235,0.0,-0.0008932025527484955,0.0,0.0,-2.2083403730291384e-05,0.0,0.0,0.0,0.0,0.0
2022-08-17,0.0,0.0007364059073999701,0.0,0.0,-5.084611234041497e-05,0.0005542226262095357,0.0017546191184238669,0.0,0.0020912222306043726,0.0,-6.970532684943964e-05,0.0,-0.003228924794932808,0.0,0.0,-0.0006087634076775428,0.0,0.0,0.0,0.0,0.0
2022-08-18,0.0,-6.358217721325055e-06,0.0,0.0,0.00034274650007619367,3.1711678923407316e-05,0.0008095813108737332,0.0,-0.00167603729199238,0.0,0.0003609091619829474,0.0,-0.00019835235385268213,0.0,0.0,-0.0007391727422238412,0.0,0.0,0.0,0.0,0.0
2022-08-19,0.0,0.0014311857192239458,0.0,0.0,-0.00015465970564599446,0.0006066768307918663,0.0026218156242658885,0.0,0.0037519992462071577,0.0,0.00014629294716124452,0.0,-0.006230667359915898,0.0,0.0,-0.00042964191804600177,0.0,0.0,0.0,0.0,0.0
2022-08-22,0.0,0.002914632619597665,0.0,0.0,-0.00018399283559045881,0.0005433768691018165,0.0017085876664830052,0.0,0.0033807482167428626,0.0,0.0007631052386466303,0.0,-0.006988190570303199,0.0,0.0,-0.000374036127377686,0.0,0.0,0.0,0.0,0.0
2022-08-23,0.0,-0.0008697090942119817,0.0,0.0,-0.00022175646801893267,-5.895191693198326e-05,0.0012379322811740257,0.0,-0.0007955245872947742,0.0,0.00026424578314425407,0.0,0.0016606782267080122,0.0,0.0,-0.0013252462649170765,0.0,0.0,0.0,0.0,0.0
2022-08-24,0.0,0.00030913757791767305,0.0,0.0,3.5822067841195793e-06,-0.00028610163349888224,-0.0010131689192076493,0.0,6.647302485898732e-05,0.0,-1.2824705654904123e-05,0.0,0.0008185202690008109,0.0,0.0,-0.00034610506489134857,0.0,0.0,0.0,0.0,0.0
2022-08-25,0.0,-0.0013248834965707418,0.0,0.0,0.00030041581209001855,-0.00024449291447237176,-0.002184845076720607,0.0,-0.002852716802582922,0.0,-0.00021357418533259065,0.0,0.004619460779606399,0.0,0.0,0.00014678136407839104,0.0,0.0,0.0,0.0,0.0
2022-08-26,0.0,0.002776819609558792,0.0,0.0,-0.0003639359659625696,0.0006441000772110309,0.0018664414315703176,0.0,0.006981057631605045,0.0,0.0009668682485684948,0.0,-0.009112587891443424,0.0,0.0,-0.0004052418985979189,0.0,0.0,0.0,0.0,0.0
2022-08-29,0.0,-0.08324029119852937,0.0,0.0,0.26262534871226173,-0.06169028033614306,-0.0968370250778389,0.0,-0.09723609531276853,0.0,-0.08471251021851743,0.0,0.14971606376626806,0.0,0.0,-0.038020670451299525,0.0,0.0,0.0,0.0,0.0
2022-08-30,0.0,0.0,0.0,0.0,0.00169918491921639,0.0,0.0,0.0,0.0,0.0,0.0,0.0,-0.0011667249981558436,0.0,0.0,0.0,0.0,0.0,0.0,0.0,0.0
2022-08-31,0.0,0.0,0.0,0.0,0.001518586304784797,0.0,0.0,0.0,0.0,0.0,0.0,0.0,-0.0009884212243342905,0.0,0.0,0.0,0.0,0.0,0.0,0.0,0.0
2022-09-01,0.0,0.0,0.0,0.0,0.003183667662625733,0.0,0.0,0.0,0.0,0.0,0.0,0.0,-0.003554818837479101,0.0,0.0,0.0,0.0,0.0,0.0,0.0,0.0
2022-09-02,0.0,0.0,0.0,0.0,-0.0017988476586157098,0.0,0.0,0.0,0.0,0.0,0.0,0.0,0.0012341046498202113,0.0,0.0,0.0,0.0,0.0,0.0,0.0,0.0
2022-09-06,0.0,0.0,0.0,0.0,0.0020928974270515988,0.0,0.0,0.0,0.0,0.0,0.0,0.0,-0.0023246875763093255,0.0,0.0,0.0,0.0,0.0,0.0,0.0,0.0
2022-09-07,0.0,0.0,0.0,0.0,-0.003203346625448633,0.0,0.0,0.0,0.0,0.0,0.0,0.0,0.0032986812412486577,0.0,0.0,0.0,0.0,0.0,0.0,0.0,0.0
2022-09-08,0.0,0.0,0.0,0.0,0.0015663321852519285,0.0,0.0,0.0,0.0,0.0,0.0,0.0,-0.0014130745028034797,0.0,0.0,0.0,0.0,0.0,0.0,0.0,0.0
2022-09-09,0.0,0.0,0.0,0.0,-0.002182436884585248,0.0,0.0,0.0,0.0,0.0,0.0,0.0,0.0025758851718927778,0.0,0.0,0.0,0.0,0.0,0.0,0.0,0.0
2022-09-12,0.0,0.0,0.0,0.0,-0.0018362905871733282,0.0,0.0,0.0,0.0,0.0,0.0,0.0,0.0020429678098178305,0.0,0.0,0.0,0.0,0.0,0.0,0.0,0.0
2022-09-13,0.0,0.0,0.0,0.0,0.0047954308094156906,0.0,0.0,0.0,0.0,0.0,0.0,0.0,-0.005400312439369226,0.0,0.0,0.0,0.0,0.0,0.0,0.0,0.0
2022-09-14,0.0,0.0,0.0,0.0,0.0005021139454501333,0.0,0.0,0.0,0.0,0.0,0.0,0.0,-6.79039038253837e-05,0.0,0.0,0.0,0.0,0.0,0.0,0.0,0.0
2022-09-15,0.0,0.0,0.0,0.0,0.00402263335344899,0.0,0.0,0.0,0.0,0.0,0.0,0.0,-0.002975558474906548,0.0,0.0,0.0,0.0,0.0,0.0,0.0,0.0
2022-09-16,0.0,0.0,0.0,0.0,-0.0011659116960173188,0.0,0.0,0.0,0.0,0.0,0.0,0.0,0.0008313674406289495,0.0,0.0,0.0,0.0,0.0,0.0,0.0,0.0
2022-09-19,0.0,0.0,0.0,0.0,-0.00026392634256378056,0.0,0.0,0.0,0.0,0.0,0.0,0.0,0.00028531057410252636,0.0,0.0,0.0,0.0,0.0,0.0,0.0,0.0
2022-09-20,0.0,0.0,0.0,0.0,0.0019119841250634373,0.0,0.0,0.0,0.0,0.0,0.0,0.0,-0.0020492840216805863,0.0,0.0,0.0,0.0,0.0,0.0,0.0,0.0
2022-09-21,0.0,0.0,0.0,0.0,0.0004978655880440996,0.0,0.0,0.0,0.0,0.0,0.0,0.0,-0.0017606292100336152,0.0,0.0,0.0,0.0,0.0,0.0,0.0,0.0
2022-09-22,0.0,0.0,0.0,0.0,0.000322368349040425,0.0,0.0,0.0,0.0,0.0,0.0,0.0,-0.0004224899862288467,0.0,0.0,0.0,0.0,0.0,0.0,0.0,0.0
2022-09-23,0.0,0.0,0.0,0.0,0.005986177352966748,0.0,0.0,0.0,0.0,0.0,0.0,0.0,-0.006534116467672213,0.0,0.0,0.0,0.0,0.0,0.0,0.0,0.0
2022-09-26,0.0,0.0,0.0,0.0,0.004122428213153562,0.0,0.0,0.0,0.0,0.0,0.0,0.0,-0.004552745056617513,0.0,0.0,0.0,0.0,0.0,0.0,0.0,0.0
2022-09-27,0.0,0.0,0.0,0.0,-0.0003817132824430747,0.0,0.0,0.0,0.0,0.0,0.0,0.0,0.00022561312832358738,0.0,0.0,0.0,0.0,0.0,0.0,0.0,0.0
2022-09-28,0.0,0.0,0.0,0.0,-0.006325319045534794,0.0,0.0,0.0,0.0,0.0,0.0,0.0,0.006372170452744408,0.0,0.0,0.0,0.0,0.0,0.0,0.0,0.0
2022-09-29,0.0,0.0,0.0,0.0,-0.0005543812315812469,0.0,0.0,0.0,0.0,0.0,0.0,0.0,0.0009612387723519356,0.0,0.0,0.0,0.0,0.0,0.0,0.0,0.0
2022-09-30,0.0,0.0,0.0,0.0,-1.35776902671636e-05,0.0,0.0,0.0,0.0,0.0,0.0,0.0,9.68173631477054e-06,0.0,0.0,0.0,0.0,0.0,0.0,0.0,0.0
2022-10-03,0.0,0.0,0.0,0.0,-0.00580474918635826,0.0,0.0,0.0,0.0,0.0,0.0,0.0,0.004802018073715497,0.0,0.0,0.0,0.0,0.0,0.0,0.0,0.0
2022-10-04,0.0,0.0,0.0,0.0,-0.005061402735210552,0.0,0.0,0.0,0.0,0.0,0.0,0.0,0.005559425985340538,0.0,0.0,0.0,0.0,0.0,0.0,0.0,0.0
2022-10-05,0.0,0.0,0.0,0.0,0.0025802104491742806,0.0,0.0,0.0,0.0,0.0,0.0,0.0,-0.003198476160124253,0.0,0.0,0.0,0.0,0.0,0.0,0.0,0.0
2022-10-06,0.0,0.0,0.0,0.0,0.001741221551114669,0.0,0.0,0.0,0.0,0.0,0.0,0.0,-0.0026811999976278367,0.0,0.0,0.0,0.0,0.0,0.0,0.0,0.0
2022-10-07,0.0,0.0,0.0,0.0,0.002896962120256752,0.0,0.0,0.0,0.0,0.0,0.0,0.0,-0.002641238148901659,0.0,0.0,0.0,0.0,0.0,0.0,0.0,0.0
2022-10-10,0.0,0.0,0.0,0.0,0.0038337218448123433,0.0,0.0,0.0,0.0,0.0,0.0,0.0,-0.0033564312976116506,0.0,0.0,0.0,0.0,0.0,0.0,0.0,0.0
2022-10-11,0.0,0.0,0.0,0.0,0.0005304764090079961,0.0,0.0,0.0,0.0,0.0,0.0,0.0,-0.00047351302774645276,0.0,0.0,0.0,0.0,0.0,0.0,0.0,0.0
2022-10-12,0.0,0.0,0.0,0.0,-0.0011239365988579553,0.0,0.0,0.0,0.0,0.0,0.0,0.0,0.0008014365897638376,0.0,0.0,0.0,0.0,0.0,0.0,0.0,0.0
2022-10-13,0.0,0.0,0.0,0.0,0.0004683858849855449,0.0,0.0,0.0,0.0,0.0,0.0,0.0,0.0006029919271412498,0.0,0.0,0.0,0.0,0.0,0.0,0.0,0.0
2022-10-14,0.0,0.0,0.0,0.0,0.0036555150280332405,0.0,0.0,0.0,0.0,0.0,0.0,0.0,-0.0036080089710253116,0.0,0.0,0.0,0.0,0.0,0.0,0.0,0.0
2022-10-17,0.0,0.0,0.0,0.0,-0.0021321209685331577,0.0,0.0,0.0,0.0,0.0,0.0,0.0,0.0029731878376055842,0.0,0.0,0.0,0.0,0.0,0.0,0.0,0.0
2022-10-18,0.0,0.0,0.0,0.0,-0.0005515204528808715,0.0,0.0,0.0,0.0,0.0,0.0,0.0,0.00048796724416971804,0.0,0.0,0.0,0.0,0.0,0.0,0.0,0.0
2022-10-19,0.0,0.0,0.0,0.0,0.0039065897579629305,0.0,0.0,0.0,0.0,0.0,0.0,0.0,-0.003839056955716902,0.0,0.0,0.0,0.0,0.0,0.0,0.0,0.0
2022-10-20,0.0,0.0,0.0,0.0,0.0004308633326193245,0.0,0.0,0.0,0.0,0.0,0.0,0.0,-0.00040249684281418174,0.0,0.0,0.0,0.0,0.0,0.0,0.0,0.0
2022-10-21,0.0,0.0,0.0,0.0,-0.005030917896923559,0.0,0.0,0.0,0.0,0.0,0.0,0.0,0.004809493529053077,0.0,0.0,0.0,0.0,0.0,0.0,0.0,0.0
2022-10-24,0.0,0.0,0.0,0.0,0.0008301293670509025,0.0,0.0,0.0,0.0,0.0,0.0,0.0,-0.0007363966650225096,0.0,0.0,0.0,0.0,0.0,0.0,0.0,0.0
2022-10-25,0.0,0.0,0.0,0.0,-0.002122259106533131,0.0,0.0,0.0,0.0,0.0,0.0,0.0,0.0030763111122686926,0.0,0.0,0.0,0.0,0.0,0.0,0.0,0.0
2022-10-26,0.0,0.0,0.0,0.0,-0.0028981648050119824,0.0,0.0,0.0,0.0,0.0,0.0,0.0,0.003551103682455814,0.0,0.0,0.0,0.0,0.0,0.0,0.0,0.0
2022-10-27,0.0,0.0,0.0,0.0,0.0014935728219404032,0.0,0.0,0.0,0.0,0.0,0.0,0.0,-0.0021832600804764235,0.0,0.0,0.0,0.0,0.0,0.0,0.0,0.0
2022-10-28,0.0,0.0,0.0,0.0,0.0023952160243899123,0.0,0.0,0.0,0.0,0.0,0.0,0.0,-0.001954238673367914,0.0,0.0,0.0,0.0,0.0,0.0,0.0,0.0
2022-10-31,0.0,0.0,0.0,0.0,0.0029712359032169067,0.0,0.0,0.0,0.0,0.0,0.0,0.0,-0.0033260772221882506,0.0,0.0,0.0,0.0,0.0,0.0,0.0,0.0
2022-11-01,0.0,0.0,0.0,0.0,-0.002193813201694206,0.0,0.0,0.0,0.0,0.0,0.0,0.0,0.001611863707839667,0.0,0.0,0.0,0.0,0.0,0.0,0.0,0.0
2022-11-02,0.0,0.0,0.0,0.0,0.002112522677825246,0.0,0.0,0.0,0.0,0.0,0.0,0.0,-0.0021306045770393967,0.0,0.0,0.0,0.0,0.0,0.0,0.0,0.0
2022-11-03,0.0,0.0,0.0,0.0,0.002041650222506519,0.0,0.0,0.0,0.0,0.0,0.0,0.0,-0.0026462310424790747,0.0,0.0,0.0,0.0,0.0,0.0,0.0,0.0
2022-11-04,0.0,0.0,0.0,0.0,-0.009264286968789781,0.0,0.0,0.0,0.0,0.0,0.0,0.0,0.009282673384000961,0.0,0.0,0.0,0.0,0.0,0.0,0.0,0.0
2022-11-07,0.0,0.0,0.0,0.0,-2.300759572493316e-05,0.0,0.0,0.0,0.0,0.0,0.0,0.0,0.0008299709492065044,0.0,0.0,0.0,0.0,0.0,0.0,0.0,0.0
2022-11-08,0.0,0.0,0.0,0.0,-0.005511258996757806,0.0,0.0,0.0,0.0,0.0,0.0,0.0,0.0045555500254959025,0.0,0.0,0.0,0.0,0.0,0.0,0.0,0.0
2022-11-09,0.0,0.0,0.0,0.0,0.0021696904086925817,0.0,0.0,0.0,0.0,0.0,0.0,0.0,-0.002617484651988633,0.0,0.0,0.0,0.0,0.0,0.0,0.0,0.0
2022-11-10,0.0,0.0,0.0,0.0,-0.009827937807519116,0.0,0.0,0.0,0.0,0.0,0.0,0.0,0.010270920063635502,0.0,0.0,0.0,0.0,0.0,0.0,0.0,0.0
2022-11-11,0.0,0.0,0.0,0.0,-0.0035569526585884637,0.0,0.0,0.0,0.0,0.0,0.0,0.0,0.004598833830105065,0.0,0.0,0.0,0.0,0.0,0.0,0.0,0.0
2022-11-14,0.0,0.0,0.0,0.0,0.00022092867149947626,0.0,0.0,0.0,0.0,0.0,0.0,0.0,-0.0008067732868012323,0.0,0.0,0.0,0.0,0.0,0.0,0.0,0.0
2022-11-15,0.0,0.0,0.0,0.0,-0.0012605351013957322,0.0,0.0,0.0,0.0,0.0,0.0,0.0,0.001394862877779457,0.0,0.0,0.0,0.0,0.0,0.0,0.0,0.0
2022-11-16,0.0,0.0,0.0,0.0,0.0001682623526376159,0.0,0.0,0.0,0.0,0.0,0.0,0.0,0.0001784364489926804,0.0,0.0,0.0,0.0,0.0,0.0,0.0,0.0
2022-11-17,0.0,0.0,0.0,0.0,0.0021014232004739064,0.0,0.0,0.0,0.0,0.0,0.0,0.0,-0.0020530417470749907,0.0,0.0,0.0,0.0,0.0,0.0,0.0,0.0
2022-11-18,0.0,0.0,0.0,0.0,0.0018642767166449081,0.0,0.0,0.0,0.0,0.0,0.0,0.0,-0.0017319968341924508,0.0,0.0,0.0,0.0,0.0,0.0,0.0,0.0
2022-11-21,0.0,0.0,0.0,0.0,0.002473872880555006,0.0,0.0,0.0,0.0,0.0,0.0,0.0,-0.003010615365690472,0.0,0.0,0.0,0.0,0.0,0.0,0.0,0.0
2022-11-22,0.0,0.0,0.0,0.0,-0.0011764636049011457,0.0,0.0,0.0,0.0,0.0,0.0,0.0,0.001723128289667586,0.0,0.0,0.0,0.0,0.0,0.0,0.0,0.0
2022-11-23,0.0,0.0,0.0,0.0,-0.002868780545487226,0.0,0.0,0.0,0.0,0.0,0.0,0.0,0.003528535405136979,0.0,0.0,0.0,0.0,0.0,0.0,0.0,0.0
2022-11-25,0.0,0.0,0.0,0.0,-0.00018037152567218495,0.0,0.0,0.0,0.0,0.0,0.0,0.0,0.00012861609860548295,0.0,0.0,0.0,0.0,0.0,0.0,0.0,0.0
2022-11-28,0.0,0.03670283472521671,0.0,0.0,-0.08741826829267604,0.02681227241019766,0.0319943964536034,0.0,0.0,0.0,0.0,0.0,-0.05514749013431158,0.033802707075938306,0.0,0.02776829975182983,0.0,0.0,0.0,0.0,0.0
2022-11-29,0.0,0.00038620089444150324,0.0,0.0,-0.00045276080380701744,-3.492264050615479e-06,-0.00011080701900818835,0.0,0.0,0.0,0.0,0.0,0.00046946930766755823,-0.00046406731980896954,0.0,-0.00034188947674081843,0.0,0.0,0.0,0.0,0.0
2022-11-30,0.0,-0.0016682509740817489,0.0,0.0,-0.0016086823150012475,-0.000597186792979397,-0.0023591839425510103,0.0,0.0,0.0,0.0,0.0,0.0058682846937399,-0.0005996066306401121,0.0,4.43759407152064e-06,0.0,0.0,0.0,0.0,0.0
2022-12-01,0.0,0.017689881535036325,0.0,0.0,-0.0670413503886351,0.021560574291019388,0.024721546636407132,0.0,0.0,0.0,0.0,0.0,-0.03137029791468199,0.01922934899531214,0.0,0.025717283983611353,0.0,0.0,0.0,0.0,0.0
2022-12-02,0.0,0.012065067751080433,0.0,0.0,-0.043625451618562655,0.013979496221276658,0.01624449537346291,0.0,0.0,0.0,0.0,0.0,-0.025130738897094662,0.012482316629316106,0.0,0.021244357476961254,0.0,0.0,0.0,0.0,0.0
2022-12-05,0.0,0.004712365924775655,0.0,0.0,-0.029467150001988504,0.01043155676333081,0.012496672499027028,0.0,0.0,0.0,0.0,0.0,-0.02281277906068352,0.008880655520061814,0.0,0.021609251626572,0.0,0.0,0.0,0.0,0.0
2022-12-06,0.0,0.00015629065565246625,0.0,0.0,-0.0009659762873099886,0.0003325404346044697,0.004999575073828658,0.0,0.0,0.0,0.0,0.0,-0.004191892971215971,-9.23175466704812e-05,0.0,0.0014787035068668103,0.0,0.0,0.0,0.0,0.0
2022-12-07,0.0,-0.0009869780335421685,0.0,0.0,-0.0006480650093734219,0.00021405383628084196,0.00014917859110094578,0.0,0.0,0.0,0.0,0.0,0.0011799193175957012,-0.00014333646535887035,0.0,0.000224885622469001,0.0,0.0,0.0,0.0,0.0
2022-12-08,0.0,-0.0005648221736773984,0.0,0.0,2.779815116890627e-05,-0.00043113846886301543,-0.0009667090130906081,0.0,0.0,0.0,0.0,0.0,0.0016205065326697077,-0.00042562415049439417,0.0,0.0005365352182340466,0.0,0.0,0.0,0.0,0.0
2022-12-09,0.0,0.0008647569348711331,0.0,0.0,-0.0004654224811898311,0.0006709851968882408,-0.00068696814591096,0.0,0.0,0.0,0.0,0.0,-0.0018562273987174915,-7.756759049640238e-05,0.0,0.0020164302063044454,0.0,0.0,0.0,0.0,0.0
2022-12-12,0.0,-0.07218837119025263,0.0,0.0,0.22956660171135662,-0.07253891586992907,-0.08650458842786804,0.0,0.0,0.0,0.0,0.0,0.1329306151182374,-0.07395892046255553,0.0,-0.09673357273601456,0.0,0.0,0.0,0.0,0.0
2022-12-13,0.0,0.0,0.0,0.0,-0.004911288804522296,0.0,0.0,0.0,0.0,0.0,0.0,0.0,0.0047595840602793205,0.0,0.0,0.0,0.0,0.0,0.0,0.0,0.0
2022-12-14,0.0,0.0,0.0,0.0,-0.00018256045245784724,0.0,0.0,0.0,0.0,0.0,0.0,0.0,0.0007898992180332964,0.0,0.0,0.0,0.0,0.0,0.0,0.0,0.0
2022-12-15,0.0,0.0,0.0,0.0,0.00482542833903854,0.0,0.0,0.0,0.0,0.0,0.0,0.0,-0.004780124249537776,0.0,0.0,0.0,0.0,0.0,0.0,0.0,0.0
2022-12-16,0.0,0.0,0.0,0.0,-0.0015641839748773978,0.0,0.0,0.0,0.0,0.0,0.0,0.0,0.0008628019699100653,0.0,0.0,0.0,0.0,0.0,0.0,0.0,0.0
2022-12-19,0.0,0.0,0.0,0.0,0.0006288403265770071,0.0,0.0,0.0,0.0,0.0,0.0,0.0,-0.00048561552876008607,0.0,0.0,0.0,0.0,0.0,0.0,0.0,0.0
2022-12-20,0.0,0.0,0.0,0.0,-0.004502778257101658,0.0,0.0,0.0,0.0,0.0,0.0,0.0,0.004177054029003757,0.0,0.0,0.0,0.0,0.0,0.0,0.0,0.0
2022-12-21,0.0,0.0,0.0,0.0,0.000723900062817584,0.0,0.0,0.0,0.0,0.0,0.0,0.0,-0.0008768981867581793,0.0,0.0,0.0,0.0,0.0,0.0,0.0,0.0
2022-12-22,0.0,0.0,0.0,0.0,0.0027511324456369057,0.0,0.0,0.0,0.0,0.0,0.0,0.0,-0.0021730732564393396,0.0,0.0,0.0,0.0,0.0,0.0,0.0,0.0
2022-12-23,0.0,0.0,0.0,0.0,-0.0006836084408661236,0.0,0.0,0.0,0.0,0.0,0.0,0.0,0.0005384611240707438,0.0,0.0,0.0,0.0,0.0,0.0,0.0,0.0
2022-12-27,0.0,0.0,0.0,0.0,-0.001824880861997169,0.0,0.0,0.0,0.0,0.0,0.0,0.0,0.0013522886518382848,0.0,0.0,0.0,0.0,0.0,0.0,0.0,0.0
2022-12-28,0.0,0.0,0.0,0.0,0.0014816074689644743,0.0,0.0,0.0,0.0,0.0,0.0,0.0,-0.0015712371688594295,0.0,0.0,0.0,0.0,0.0,0.0,0.0,0.0
2022-12-29,0.0,0.0,0.0,0.0,-0.002085413529041069,0.0,0.0,0.0,0.0,0.0,0.0,0.0,0.0023516018859083276,0.0,0.0,0.0,0.0,0.0,0.0,0.0,0.0
2022-12-30,0.0,0.0,0.0,0.0,-0.0014672947457475272,0.0,0.0,0.0,0.0,0.0,0.0,0.0,0.001506783368438902,0.0,0.0,0.0,0.0,0.0,0.0,0.0,0.0
2023-01-03,0.0,0.0,0.0,0.0,-0.0001401682132349813,0.0,0.0,0.0,0.0,0.0,0.0,0.0,-0.0014420998857338496,0.0,0.0,0.0,0.0,0.0,0.0,0.0,0.0
2023-01-04,0.0,0.0,0.0,0.0,-0.0025115760556389533,0.0,0.0,0.0,0.0,0.0,0.0,0.0,0.0022987685563390925,0.0,0.0,0.0,0.0,0.0,0.0,0.0,0.0
2023-01-05,0.0,0.0,0.0,0.0,0.004004725249913632,0.0,0.0,0.0,0.0,0.0,0.0,0.0,-0.004192446883418133,0.0,0.0,0.0,0.0,0.0,0.0,0.0,0.0
2023-01-06,0.0,0.0,0.0,0.0,-0.0058953889120800795,0.0,0.0,0.0,0.0,0.0,0.0,0.0,0.006072181248261588,0.0,0.0,0.0,0.0,0.0,0.0,0.0,0.0
2023-01-09,0.0,0.0,0.0,0.0,-0.00138642134727468,0.0,0.0,0.0,0.0,0.0,0.0,0.0,0.0018584338745201712,0.0,0.0,0.0,0.0,0.0,0.0,0.0,0.0
2023-01-10,0.0,0.0,0.0,0.0,-0.0006640978138229836,0.0,0.0,0.0,0.0,0.0,0.0,0.0,0.00037058608310658325,0.0,0.0,0.0,0.0,0.0,0.0,0.0,0.0
2023-01-11,0.0,0.0,0.0,0.0,0.00014415253776967063,0.0,0.0,0.0,0.0,0.0,0.0,0.0,-0.00010314273788952777,0.0,0.0,0.0,0.0,0.0,0.0,0.0,0.0
2023-01-12,0.0,0.0,0.0,0.0,-0.003891165762020976,0.0,0.0,0.0,0.0,0.0,0.0,0.0,0.004163621289482999,0.0,0.0,0.0,0.0,0.0,0.0,0.0,0.0
2023-01-13,0.0,0.0,0.0,0.0,-0.002576291318512558,0.0,0.0,0.0,0.0,0.0,0.0,0.0,0.0018889967775036487,0.0,0.0,0.0,0.0,0.0,0.0,0.0,0.0
2023-01-17,0.0,0.0,0.0,0.0,0.0018102454505712906,0.0,0.0,0.0,0.0,0.0,0.0,0.0,-0.0017115819093721507,0.0,0.0,0.0,0.0,0.0,0.0,0.0,0.0
2023-01-18,0.0,0.0,0.0,0.0,0.0006027578029060843,0.0,0.0,0.0,0.0,0.0,0.0,0.0,-0.0004312798861393352,0.0,0.0,0.0,0.0,0.0,0.0,0.0,0.0
2023-01-19,0.0,0.0,0.0,0.0,-0.0037155361597596137,0.0,0.0,0.0,0.0,0.0,0.0,0.0,0.003012128592548624,0.0,0.0,0.0,0.0,0.0,0.0,0.0,0.0
2023-01-20,0.0,0.0,0.0,0.0,0.0004819292166598488,0.0,0.0,0.0,0.0,0.0,0.0,0.0,-0.0001367529319565297,0.0,0.0,0.0,0.0,0.0,0.0,0.0,0.0
2023-01-23,0.0,0.0,0.0,0.0,-0.0001796904489409501,0.0,0.0,0.0,0.0,0.0,0.0,0.0,-8.00624239535308e-05,0.0,0.0,0.0,0.0,0.0,0.0,0.0,0.0
2023-01-24,0.0,0.0,0.0,0.0,-0.000924141145356161,0.0,0.0,0.0,0.0,0.0,0.0,0.0,0.000814793275143999,0.0,0.0,0.0,0.0,0.0,0.0,0.0,0.0
2023-01-25,0.0,0.021288013790818003,0.0,0.0,-0.09149817065721697,0.0,0.02655413758103882,0.03582438042515991,0.03721061551592644,0.03595851390846066,0.0,0.0,-0.050533301441367806,0.0,0.0,0.0,0.0,0.0,0.0,0.0,0.0
2023-01-26,0.0,0.0170769281634169,0.0,0.0,-0.06066774957363372,0.0,0.01662888570324312,0.019278564293801793,0.030983851743092955,0.02277099156355661,0.0,0.0,-0.036286372343580064,0.0,0.0,0.0,0.0,0.0,0.0,0.0,0.0
2023-01-27,0.0,0.02929193113109646,0.0,0.0,-0.014074983724984003,0.0,-0.001190750245005534,0.00014190963746621432,0.013663160910565686,-0.0004017757764760918,0.0,0.0,-0.11137821547938126,0.0,0.0,0.010307222369868464,0.0,0.006205858102258767,0.0038065503581071066,0.0112398374389097,0.009108048720358863
2023-01-30,0.0,0.019278580957194383,0.0,0.0,-0.009824374717190346,0.0,0.0009093495080741212,0.0006565917674161911,0.02374645779476102,0.0005909850167243255,0.0,0.0,-0.021631180017597673,0.0,0.0,0.0001300793595618993,0.0,0.008821927891841478,0.004487120219851182,0.008079612903411238,0.007214028088810009
2023-01-31,0.0,0.01793185572182751,0.0,0.0,0.0002585705435551172,0.0,-0.0002817489925226527,-0.0008075329890125035,0.0011963984562194108,-0.0004966684065498272,0.0,0.0,-0.0146030152894423,0.0,0.0,0.01720069623299662,0.0,0.006882333776223038,0.002561009564965947,0.006361434336908445,0.005052725257902353
2023-02-01,0.0,-0.0014314944316999173,0.0,0.0,4.313750411920336e-05,0.0,-0.0006584319024681359,-0.0003917477762486743,-0.0062947381513367845,-0.0005001048336805564,0.0,0.0,0.005944022283676409,0.0,0.0,0.0008935482087062095,0.0,0.00012552121731831609,5.416016654486398e-05,0.0002888653075902789,0.00017680062045448072
2023-02-02,0.0,-0.0006562862035803807,0.0,0.0,0.005051596647799181,0.0,-0.009388057876390132,-0.001494771496518242,-0.0017443616030945741,-0.0009288475928593207,0.0,0.0,0.0036131061067392056,0.0,0.0,0.001178114632686085,0.0,0.000274468522411208,0.0003157398484346964,0.0004651835059692952,0.0005807844520022143
2023-02-03,0.0,0.001601746572343743,0.0,0.0,0.001987308797755827,0.0,0.00013366870877571518,0.0008286297514472143,0.002049230412996428,0.0005295259711078568,0.0,0.0,-0.005828785664832525,0.0,0.0,-0.00018167115386502966,0.0,-7.990102136317193e-05,-5.370750746210365e-05,0.00031092413044455855,-0.0001270410002578784
2023-02-06,0.0,0.002287512263891192,0.0,0.0,-0.00047392060597718777,0.0,3.317744030163078e-05,0.0002437190869102948,-0.00013301152408037864,0.0003966034160967913,0.0,0.0,-0.0019972144394818647,0.0,0.0,7.581990576429817e-05,0.0,1.4634790957174237e-05,-3.2794402544465695e-05,-0.0002656436990837556,8.188847187741433e-05
2023-02-07,0.0,-0.001204865186633694,0.0,0.0,0.0015718759789381948,0.0,-0.0007159446232654146,-0.0015894405998771316,-0.004024287387576472,-0.0004178578906593594,0.0,0.0,0.004102401283874291,0.0,0.0,-0.0005153537386032997,0.0,0.0002331138677639788,0.0001958948529730952,0.0003635286246863566,0.0001553968527293094
2023-02-08,0.0,0.0018342444326489848,0.0,0.0,-0.0010148457925684279,0.0,0.0016330068087025973,-0.0001489677646469359,-0.0007681974595371566,0.0007126066555046967,0.0,0.0,-0.0018138704198048528,0.0,0.0,8.714433347422473e-05,0.0,-2.7408840931816836e-06,2.0729656262168453e-05,0.00028444712459343297,-6.0691076913144126e-05
2023-02-09,0.0,-0.0006281431919574892,0.0,0.0,0.00047700983356438464,0.0,0.0011478768244860618,0.0004269540001022379,-0.0010652956000044983,0.0002841954477384098,0.0,0.0,-0.0006929869617388063,0.0,0.0,0.00012384241793109846,0.0,0.00010928551627755259,3.975903216879573e-06,0.00024800671246673345,0.000101427543035007
2023-02-10,0.0,0.0007325665154404998,0.0,0.0,-0.0008073430871229637,0.0,0.0007307417131086555,-0.00014958081953664326,0.004623622477553907,0.00011393450861321708,0.0,0.0,-0.002088036134337057,0.0,0.0,-0.0011996764093559313,0.0,-0.0002593978722253455,-0.00015231209591373175,-0.0006319278153114165,-0.00030292482345738864
2023-02-13,0.0,-0.0011458509459396776,0.0,0.0,0.001589153583109959,0.0,-0.000993798923365298,-0.001313478801482193,-0.0017898076092776605,-0.0004862437913656717,0.0,0.0,0.002832245776719422,0.0,0.0,0.0002837879616048068,0.0,-2.8551344054324884e-05,-3.9007249671325905e-05,4.529592061921009e-05,-1.0526079483118289e-05
2023-02-14,0.0,-0.0006000098967577222,0.0,0.0,0.0008041066085483634,0.0,0.00030897004223618546,0.00023225333415385907,-0.005014968524354735,-6.729458738953531e-06,0.0,0.0,0.0021210878883513584,0.0,0.0,0.0001901166275152244,0.0,0.00022077746575501628,0.000179109011425687,0.00029718171767744925,0.0002835842194852736
2023-02-15,0.0,-3.234611011951327e-05,0.0,0.0,0.00106813262227487,0.0,0.0005133206387621103,0.0003751247812886771,0.0008222968659092889,-0.0005312504635244242,0.0,0.0,-0.002153945561568671,0.0,0.0,0.00042985768726181914,0.0,-0.00016632003095518044,-3.5217573722996776e-05,-0.00020068529017452236,7.888253283905994e-05
2023-02-16,0.0,0.001979976656394572,0.0,0.0,-0.0012817291130133718,0.0,0.0006812459833216294,0.0008637487641924568,0.002374045654619142,0.0004474981311648543,0.0,0.0,-0.003354459594915038,0.0,0.0,-3.785898143847388e-05,0.0,-1.922144860765085e-05,-4.36065568153992e-05,-9.271756805846743e-05,-2.63514387302613e-05
2023-02-17,0.0,0.0001799726009920899,0.0,0.0,-0.0009712249258990169,0.0,-0.0003286264335170541,0.0006004611133709481,0.0024547930528883294,0.0001283401475821594,0.0,0.0,-0.0011090427477207232,0.0,0.0,0.0008413402994053125,0.0,-0.00025268177539124886,-0.00019507980808705812,-0.0004036776035193125,-0.00029745430962895003
2023-02-21,0.0,0.0023775209832599536,0.0,0.0,-0.0008978152480844798,0.0,-0.0002822252850316759,0.0005531736675958437,0.002480005945114952,0.0007502190085315885,0.0,0.0,-0.003774533900267052,0.0,0.0,-0.00016563277709430446,0.0,0.00026264384570785435,-7.905502767180383e-05,0.00019771026691280807,4.164595586734002e-05
2023-02-22,0.0,-0.0011254380482955545,0.0,0.0,-0.00173656813061554,0.0,-0.0006240640256088559,-0.0008476451177450786,-0.002613523039458901,-0.0012127864093857688,0.0,0.0,-0.00607865687580017,0.0,0.0,-0.0003573833323768788,0.0,-0.00038065326989696405,-0.0001994522730795062,-0.00040822374132811964,-0.0003512022947727393
2023-02-23,0.0,-0.00034778694784441677,0.0,0.0,0.002340740286232504,0.0,0.000582351438631154,0.0003219931055998687,-0.01270734363510509,0.0005864041593812291,0.0,0.0,0.004808068737994331,0.0,0.0,0.00010014504618030204,0.0,0.00030649001767300843,0.0002154094692368956,0.0006080238386576217,0.00034012389936027496
2023-02-24,0.0,0.002444161645039744,0.0,0.0,4.2707911644665475e-05,0.0,0.00011913479167464242,0.0008221120721847511,0.0009558703525735235,0.0005761002950775418,0.0,0.0,-0.00371599846598869,0.0,0.0,-0.00014900933970113037,0.0,-2.3702686856356958e-05,-1.5882016395924597e-06,-0.00018061814939082654,0.00012792962225119386
2023-02-27,0.0,0.014017957688632107,0.0,0.0,-0.03655399046996875,0.0,0.0256988989602061,0.005739223652489002,-0.003930216363589728,0.0039905095805505345,0.0,0.0,0.022044432706016526,0.0,0.0,-0.008093213552173191,0.0,-0.00665812172458248,-0.0031929155411580083,-0.007369786476862573,-0.0062279174654720736
2023-02-28,0.0,0.002482650488835156,0.0,0.0,-0.0005207706905877713,0.0,-0.0022955544694365365,8.305306352408837e-05,0.0010687176387686875,-1.870964387008789e-05,0.0,0.0,-0.0012379814315042204,0.0,0.0,0.00024035867945096726,0.0,1.032726953489535e-05,5.017246449552388e-05,0.00028220042475345444,8.600719742903225e-05
2023-03-01,0.0,0.008739213500671153,0.0,0.0,-0.026236858404790425,0.0,0.023519751360350463,0.0044071155954365435,0.00040429021119256503,-0.0012926766949855062,0.0,0.0,0.013763550765522325,0.0,0.0,-0.006089935557295116,0.0,-0.0046743508722205725,-0.002231677521571155,-0.005089902292627662,-0.0044658149696049105
2023-03-02,0.0,-0.0007436972324587621,0.0,0.0,0.0005751808672036923,0.0,0.00025000675547005857,-0.0006829948551238668,-0.0018051498111553849,5.1183274955943214e-05,0.0,0.0,0.0011213321040863256,0.0,0.0,4.305436644109345e-06,0.0,-2.787697253730549e-05,-2.4178899603905825e-05,-0.00012158182216704186,3.0726270351969995e-05
2023-03-03,0.0,-0.001000495075523744,0.0,0.0,0.00015025169461473087,0.0,-0.004435409584223407,-0.00021965016719563413,-0.0011466768922071963,-0.00045220129442899437,0.0,0.0,0.00504160540812898,0.0,0.0,-4.389609307889342e-06,0.0,2.5864691815381466e-05,6.545993575055899e-05,-4.6879040618463125e-05,2.1327431525160895e-05
2023-03-06,0.0,0.002620522435651293,0.0,0.0,4.7615883526364033e-07,0.0,-0.0002897588110137017,-0.0007275250240390552,0.0009042648922307495,-0.0003762408290945221,0.0,0.0,-0.001066440339365704,0.0,0.0,-7.235479492654663e-05,0.0,-3.40344094846845e-05,-4.0315695738049606e-05,-0.00012225920409896125,-4.726586729822749e-05
2023-03-07,0.0,0.0019929069174451086,0.0,0.0,0.000837869280737695,0.0,-0.00011415695115349345,0.00046925370326421356,0.0007788486553027829,0.0005436959332154115,0.0,0.0,-0.004630058881464727,0.0,0.0,0.0001851912733010965,0.0,0.0001009813734771086,3.449898724169724e-05,0.00016139949519533223,0.0001319489092004942
2023-03-08,0.0,-0.0013535766805091998,0.0,0.0,0.0003955106649777898,0.0,0.00034100208208158456,0.0005163643068703122,-0.003219992388763984,7.32894591495073e-05,0.0,0.0,0.0019267212554103241,0.0,0.0,0.0002167024521115956,0.0,4.087193150716269e-05,2.385593777659567e-05,-1.7840664013427446e-05,0.00011941772453904001
2023-03-09,0.0,0.0017337132652709142,0.0,0.0,-0.0011748884230393108,0.0,0.0007151945893834888,-0.0002934055420672349,0.0020875481729549367,0.0004487247474724079,0.0,0.0,-0.002110518941514483,0.0,0.0,5.489321574390915e-05,0.0,5.080234026618238e-05,-3.5691807762109826e-06,-2.3958742958260157e-05,1.7002984900055945e-06
2023-03-10,0.0,-0.00013671399360568048,0.0,0.0,-0.0016886492839045739,0.0,0.0004678815262218333,0.0005097749981430588,0.0013199996859414864,0.0004344980025569878,0.0,0.0,-0.0001791400683395783,0.0,0.0,7.725095619026678e-05,0.0,0.00012451294839965071,-1.0636427017460953e-05,0.0001092894838705255,4.528583001201306e-06
2023-03-13,0.0,-0.0005046695158553438,0.0,0.0,-0.0012450316910381995,0.0,-0.000533529015646031,-0.001263316763231312,0.0001909046747012727,-0.000333330148237429,0.0,0.0,0.0032734214896324443,0.0,0.0,0.00029343436500405516,0.0,8.081836117648095e-05,-1.6394237100205225e-05,-0.00016627904326367918,-7.645134510252984e-05
2023-03-14,0.0,-0.129779654285043,0.0,0.0,0.24617965031307681,0.0,-0.09876676661153161,-0.06656757995964827,-0.10493990136258084,-0.06237374346987593,0.0,0.0,0.21419326469618005,0.0,0.0,-0.013299660421139056,0.0,-0.010737671029639007,-0.0053143879216913225,-0.012554777782528491,-0.010432266776965004
2023-03-15,0.0,0.0,0.0,0.0,-3.7338033527734016e-05,0.0,0.0,0.0,0.0,0.0,0.0,0.0,-0.0015001340502851512,0.0,0.0,0.0,0.0,0.0,0.0,0.0,0.0
2023-03-16,0.0,0.0,0.0,0.0,-0.0005830705073586184,0.0,0.0,0.0,0.0,0.0,0.0,0.0,0.0005666160906843687,0.0,0.0,0.0,0.0,0.0,0.0,0.0,0.0
2023-03-17,0.0,0.0,0.0,0.0,-0.006965319646763057,0.0,0.0,0.0,0.0,0.0,0.0,0.0,0.005772085737056787,0.0,0.0,0.0,0.0,0.0,0.0,0.0,0.0
2023-03-20,0.0,0.0,0.0,0.0,-0.0009317704615465217,0.0,0.0,0.0,0.0,0.0,0.0,0.0,0.0014743710805481536,0.0,0.0,0.0,0.0,0.0,0.0,0.0,0.0
2023-03-21,0.0,0.0,0.0,0.0,0.00390827937107785,0.0,0.0,0.0,0.0,0.0,0.0,0.0,-0.002745429499411589,0.0,0.0,0.0,0.0,0.0,0.0,0.0,0.0
2023-03-22,0.0,0.0,0.0,0.0,-0.004700870771269905,0.0,0.0,0.0,0.0,0.0,0.0,0.0,0.00442154022815594,0.0,0.0,0.0,0.0,0.0,0.0,0.0,0.0
2023-03-23,0.0,0.0,0.0,0.0,-0.0024185106814013646,0.0,0.0,0.0,0.0,0.0,0.0,0.0,0.0015192781297329594,0.0,0.0,0.0,0.0,0.0,0.0,0.0,0.0
2023-03-24,0.0,0.0,0.0,0.0,0.0032763310665439582,0.0,0.0,0.0,0.0,0.0,0.0,0.0,-0.003216574633883529,0.0,0.0,0.0,0.0,0.0,0.0,0.0,0.0
2023-03-27,0.0,0.0,0.0,0.0,0.0014616709829378682,0.0,0.0,0.0,0.0,0.0,0.0,0.0,-0.0005868223879861856,0.0,0.0,0.0,0.0,0.0,0.0,0.0,0.0
2023-03-28,0.0,0.0,0.0,0.0,-0.0022578910577158995,0.0,0.0,0.0,0.0,0.0,0.0,0.0,0.002120954266087549,0.0,0.0,0.0,0.0,0.0,0.0,0.0,0.0
2023-03-29,0.0,0.0,0.0,0.0,0.001418082590575187,0.0,0.0,0.0,0.0,0.0,0.0,0.0,-0.0013741091747509482,0.0,0.0,0.0,0.0,0.0,0.0,0.0,0.0
2023-03-30,0.0,0.0,0.0,0.0,-0.0026570584740917003,0.0,0.0,0.0,0.0,0.0,0.0,0.0,-0.1976163008727988,0.0,0.0,0.0,0.0,0.0,0.0,0.0,0.0
2023-03-31,0.0,0.0,0.0,0.0,0.0014177403531289157,0.0,0.0,0.0,0.0,0.0,0.0,0.0,-0.001225805915998801,0.0,0.0,0.0,0.0,0.0,0.0,0.0,0.0
2023-04-03,0.0,0.014169845494310523,0.0,0.0,-0.03199919960800479,0.0,0.020700155398149903,0.0,0.039387016848124574,0.0,0.0,0.0,-0.024826117245052237,0.0,0.0,0.030948934447312428,0.0,0.0,0.0,0.0,0.0
2023-04-04,0.0,0.009097947280260024,0.0,0.0,-0.031410273677672906,0.0,0.018097179906231234,0.0,0.03442477306426848,0.0,0.0,0.0,-0.025645387469710207,0.0,0.0,0.033973023308629356,0.0,0.0,0.0,0.0,0.0
2023-04-05,0.0,0.005075739985800683,0.0,0.0,-0.024307938948366165,0.0,0.02225946273429861,0.0,0.03554314246527707,0.0,0.0,0.0,-0.025542228578558396,0.0,0.0,0.0256081558347922,0.0,0.0,0.0,0.0,0.0
2023-04-06,0.0,0.000254630592483044,0.0,0.0,0.0013138319109739505,0.0,-0.0013915693168513252,0.0,-0.0007415244702105306,0.0,0.0,0.0,-0.0004095851771083181,0.0,0.0,0.001276663188624641,0.0,0.0,0.0,0.0,0.0
2023-04-10,0.0,0.009163202240983367,0.0,0.0,-0.014857818374738319,0.0,0.01699033536666226,0.0,0.019078058038710682,0.0,0.0,0.0,-0.022994485972606393,0.0,0.0,0.02571646335852755,0.0,0.0,0.0,0.0,0.0
2023-04-11,0.0,0.007488069715777909,0.0,0.0,-0.016691691293421268,0.0,0.014318127333866282,0.004290910471002149,0.020699022118349647,0.0,0.0,0.0,-0.019368818327127862,0.0,0.0,0.01979714764837502,0.0,0.0,0.0,0.0,0.0
2023-04-12,0.0,0.01048052319188774,0.0,0.0,-0.01492171106970594,0.0,0.009206450606705954,-0.00045478476291465394,0.023863418613104842,0.0,0.0,0.0,-0.0176244694070955,0.0,0.0,0.016691992770419162,0.0,0.0,0.0,0.0,0.0
2023-04-13,0.0,0.008768989157776262,0.0,0.0,-0.011888969918195047,0.0,0.002806123532324775,-0.0004512952136405089,0.02549950486974259,0.0,0.0,0.0,-0.014487498498056695,0.0,0.0,0.011104039412749483,0.0,0.0,0.0,0.0,0.0
2023-04-14,0.0,0.008994554221202836,0.0,0.0,-0.007592440124947253,0.0,0.0064060857627249446,0.006866901802848307,0.015769107821988676,0.0,0.0,0.0,-0.015265771131017736,0.0,0.0,0.00876503715609983,0.0,0.0,0.0,0.0,0.0
2023-04-17,0.0,0.0026660885823148323,0.0,0.0,5.575851938971477e-06,0.0,0.0008406706279974752,-0.00014112230519914767,-0.00283643300816927,0.0,0.0,0.0,-0.001239945715891283,0.0,0.0,0.0012961741745252942,0.0,0.0,0.0,0.0,0.0
2023-04-18,0.0,-5.6543424429150724e-05,0.0,0.0,0.00031333826725604697,0.0,0.0011695314824042014,7.647400635015476e-05,-0.0039155515536709595,0.0,0.0,0.0,0.0012480433463820106,0.0,0.0,0.0003503583992679471,0.0,0.0,0.0,0.0,0.0
2023-04-19,0.0,0.009027133692052505,0.0,0.0,-0.014816542893323903,0.0,0.009823676854649313,0.005053640003461677,0.021517309079073815,0.0,0.0,0.0,-0.013665337838244682,0.0,0.0,0.0026717442904489463,0.0,0.0,0.0,0.0,0.0
2023-04-20,0.0,-0.0019493667233784484,0.0,0.0,-0.0016717137282914463,0.0,0.0004760691605810857,-2.6128760764205367e-06,0.004983016141738933,0.0,0.0,0.0,-0.0009754583943953066,0.0,0.0,9.433811154493932e-05,0.0,0.0,0.0,0.0,0.0
2023-04-21,0.0,-0.0003069901934148189,0.0,0.0,0.0010240905543105472,0.0,-0.000189499166657503,-1.8129673060763782e-05,-0.0006904599730472305,0.0,0.0,0.0,-0.00015565319787957943,0.0,0.0,0.000613298962645753,0.0,0.0,0.0,0.0,0.0
2023-04-24,0.0,0.0009711376635578584,0.0,0.0,-0.00029041502857890533,0.0,0.00016874425427346185,0.00022893910146971203,0.0008775745048142658,0.0,0.0,0.0,0.000489914235846961,0.0,0.0,-0.002558192173651691,0.0,0.0,0.0,0.0,0.0
2023-04-25,0.0,0.0015522100834127889,0.0,0.0,-0.0027663485095408002,0.0,0.0011551319361033097,0.00011386476732161421,0.0033844021408112324,0.0,0.0,0.0,-0.0023362575840609745,0.0,0.0,0.0006475717042685181,0.0,0.0,0.0,0.0,0.0
2023-04-26,0.0,-1.3466459944655451e-06,0.0,0.0,0.0014957789697545298,0.0,-0.0004158924623886423,-0.0010299337971601333,-0.005082067267228679,0.0,0.0,0.0,0.0010288641341291704,0.0,0.0,0.0033520998707455285,0.0,0.0,0.0,0.0,0.0
2023-04-27,0.0,-0.0008002831387728254,0.0,0.0,0.0031528898544879447,0.0,-0.014139273521525927,-0.00013734138195578213,0.0030574007661744174,0.0,0.0,0.0,0.0026784263299516053,0.0,0.0,0.0034705833788029605,0.0,0.0,0.0,0.0,0.0
2023-04-28,0.0,-0.00021433570684682712,0.0,0.0,0.0012545319173759284,0.0,0.00025120036989691175,2.2614520939311447e-05,-0.0022823698929199943,0.0,0.0,0.0,0.0009419801167094427,0.0,0.0,-0.001079090458553894,0.0,0.0,0.0,0.0,0.0
2023-05-01,0.0,0.0007077524441894828,0.0,0.0,0.0018624662619828591,0.0,-0.00033809678286221556,0.0002255063619885419,-0.007644135168034166,0.0,0.0,0.0,0.0004803448572021918,0.0,0.0,0.003628881268451012,0.0,0.0,0.0,0.0,0.0
2023-05-02,0.0,-0.0009138928728161105,0.0,0.0,-0.004443941620264541,0.0,0.00036680707661621015,-0.00019537229383071592,0.002575869486411586,0.0,0.0,0.0,-0.0012577526201034694,0.0,0.0,0.00538893674161009,0.0,0.0,0.0,0.0,0.0
2023-05-03,0.0,-0.000674384292390709,0.0,0.0,-0.0021596325770190383,0.0,0.00023490244291654583,-6.156202702243575e-05,0.001671788614089037,0.0,0.0,0.0,-0.00022568721061257124,0.0,0.0,0.0020584785188532684,0.0,0.0,0.0,0.0,0.0
2023-05-04,0.0,-0.00041091705956675106,0.0,0.0,-0.001595108215170088,0.0,0.0012393240954252926,-0.00012224681867996703,0.0009357961865154862,0.0,0.0,0.0,-0.0006727064102879515,0.0,0.0,0.0011585668075316247,0.0,0.0,0.0,0.0,0.0
2023-05-05,0.0,-0.0008239485641867994,0.0,0.0,0.004026665884039576,0.0,0.002064046410507697,-5.185827301712985e-05,-0.006256251692220188,0.0,0.0,0.0,0.0017939206617205716,0.0,0.0,-0.002375445088346001,0.0,0.0,0.0,0.0,0.0
2023-05-08,0.0,-0.00018289449832127602,0.0,0.0,0.0005030362285428913,0.0,0.00034071579567060417,0.00017451785841530662,-0.0026912767913563063,0.0,0.0,0.0,0.0004072889685809433,0.0,0.0,0.0008723655814760756,0.0,0.0,0.0,0.0,0.0
2023-05-09,0.0,0.0010840311120191432,0.0,0.0,-0.001616873082887299,0.0,-0.0006283427417784343,9.425785129352562e-06,0.0035428863151545087,0.0,0.0,0.0,-0.0009401692691110158,0.0,0.0,-0.0009085140933978164,0.0,0.0,0.0,0.0,0.0
2023-05-10,0.0,-0.0015984387660224475,0.0,0.0,0.00047049209052857366,0.0,0.0003960461425233097,-0.0002351885493084016,-0.0020980617690585235,0.0,0.0,0.0,0.00044876731751766763,0.0,0.0,0.002374600436160973,0.0,0.0,0.0,0.0,0.0
2023-05-11,0.0,0.01390331093856327,0.0,0.0,-0.013078431058687903,0.0,0.0017477198099789537,0.006110507104532856,0.0196885447735132,0.0054252148074410925,0.0,0.0,-0.013035384349762633,0.0,0.0,-0.01310451817022587,0.0,0.0,0.0,0.0,0.0
2023-05-12,0.0,0.011038186555072299,0.0,0.0,-0.01243421272708313,0.0,0.00609752266557044,0.005004725782554335,0.016842920833229608,0.005537216808855599,0.0,0.0,-0.011570249064450644,0.0,0.0,-0.01703299573344841,0.0,0.003874670306798571,0.0,0.0,0.0
2023-05-15,0.0,-0.00019558016109852416,0.0,0.0,0.0009557234568184358,0.0,-0.0014180977307592935,0.00024322564646819117,-0.0029068814391863818,5.887407795302814e-05,0.0,0.0,0.0012987498601378655,0.0,0.0,0.0008341990512137909,0.0,2.2899446553542244e-05,0.0,0.0,0.0
2023-05-16,0.0,0.00746936229401135,0.0,0.0,-0.009982510278403675,0.0,0.010930796014761962,0.00161964424553393,0.008484614417952285,0.00449631171513923,0.0,0.0,-0.010025526155165249,0.0,0.0,-0.011472427725684992,0.0,0.0042810110611753134,0.0,0.0,0.0
2023-05-17,0.0,0.0055754302821981044,0.0,0.0,-0.008060130377498628,0.0,0.011509544219891116,0.004393667778931673,0.009215507718544902,0.00406472393025541,0.0,0.0,-0.007389668893511017,0.0,0.0,-0.01370088675492577,0.0,0.0030530418269078454,0.0,0.0,0.0
2023-05-18,0.0,0.004990680310883899,0.0,0.0,-0.005957771143736135,0.0,0.007412304997509944,0.0017677738774864032,-0.00026019083822170774,0.004989303723808975,0.0,0.0,-0.006708690066202061,0.0,0.0,-0.010318337510910741,0.0,0.0028245343011123105,0.0,0.0,0.0
2023-05-19,0.0,0.007232675491635324,0.0,0.0,-0.009152019474258921,0.0,0.004639616138000097,0.0014224957800412566,0.002787567014982284,0.0030960817003599025,0.0,0.0,-0.006994986007093987,0.0,0.0,-0.011913361551707372,0.0,0.0027696718747596827,0.0,0.0,0.0
2023-05-22,0.0,0.005558030452406104,0.0,0.0,-0.006990190995872669,0.0,-0.0007628411984059447,0.002107380610187573,0.0013470135123451743,0.00394214161746478,0.0,0.0,-0.006209237334783735,0.0,0.0,-0.009103914075712122,0.0,0.002510630680715612,0.0,0.0,0.0
2023-05-23,0.0,0.011303452903195899,0.0,0.0,-0.007172953591282817,0.0,0.00020439055729881694,0.001457528490481641,0.001887040666819051,0.0035446077107177086,0.0,0.0,-0.006267418725022435,0.0,0.0,-0.01034682792784869,0.0,0.0027866873737822755,0.0,0.0,0.0
2023-05-24,0.0,0.009808297481773837,0.0,0.0,-0.00560595537582477,0.0036389895667100665,-0.0018334692763459781,0.004374754767805009,0.00037752941981356036,0.002916953763935172,0.0,0.0,-0.005414391609693953,0.0,0.0,-0.008412456310837507,0.0,0.003573719808557259,0.0,0.0,0.0
2023-05-25,0.0,0.004536009707967775,0.0,0.0,-0.0006812293729137955,-5.356919165088901e-05,0.013909911910520323,0.009193691571269522,-0.04726618610157024,0.003991724446847825,0.0,0.0,-0.0012337589292037918,0.0,0.0,-0.0003312998525888261,0.0,0.0046382794762382,0.0,0.0,0.0
2023-05-26,0.0,-0.0025952754027972758,0.0,0.0,0.0008646394210799976,3.534979324889241e-05,-0.002497976264655699,3.676843615089964e-05,-0.00099352393480584,-0.00013458619269093863,0.0,0.0,0.0009228836109701974,0.0,0.0,0.0016487214924312543,0.0,0.00040271867934050035,0.0,0.0,0.0
2023-05-30,0.0,0.002738084668015839,0.0,0.0,4.40843683390188e-05,3.551687238194856e-05,0.000886936020308926,0.0006066816785695733,-0.006839569843957116,0.00010128286656684027,0.0,0.0,0.00033527910762976704,0.0,0.0,0.0011014375150102118,0.0,0.00023759952950027155,0.0,0.0,0.0
2023-05-31,0.0,-0.001794131980490471,0.0,0.0,-0.0009705739823375054,-2.9426970959732686e-05,-0.004564791734324808,-0.0005136090429028878,0.011387322272426892,-0.0005152875947798952,0.0,0.0,-0.0008443682983176187,0.0,0.0,-7.829076952048375e-05,0.0,-0.00014197935518674154,0.0,0.0,0.0
2023-06-01,0.0,-0.009322059033088054,0.0,0.0,-0.004147643771515282,-0.0002954240573607948,0.02498180572273556,0.004890056524889053,-0.008370293981342425,0.002977694751442078,0.0,0.0,-0.0027586309602343623,0.0,0.0,-0.005790242571351162,0.0,-0.0025261812024216096,0.0,0.0,0.0
2023-06-02,0.0,-0.008582562682795947,0.0,0.0,-0.003688136540864889,-0.00040506968068078006,0.03092019027075471,0.0011855198977347298,0.003121614610885115,-0.00018306199736122658,0.0,0.0,-0.004112702965936743,0.0,0.0,-0.007469574615493711,0.0,-0.0032104845344243203,0.0,0.0,0.0
2023-06-05,0.0,-0.005825425312105753,0.0,0.0,-0.004199312181891686,-0.00023766384171450055,0.049724164855529274,-0.005822601719383265,0.0003004473157300347,0.00012627957241082705,0.0,0.0,-0.0033570320912745186,0.0,0.0,-0.004924695769192078,0.0,-0.0021324951060715178,0.0,0.0,0.0
2023-06-06,0.0,-0.003602902337295072,0.0,0.0,-0.003669780055254049,-0.00031337643619145294,0.024805593267395676,-0.004910332935192635,0.0024797809776833657,-9.964684039241029e-05,0.0,0.0,-0.003221201013204656,0.0,0.0,-0.005192207367643198,0.0,-0.002219765339380314,0.0,0.0,0.0
2023-06-07,0.0,-0.0015324581275505261,0.0,0.0,-0.003306844622590205,-0.0002941350962389177,0.002428732639313813,-0.0039262064537102515,0.003228000837215028,0.00027339229226981676,0.0,0.0,-0.0031801550113505425,0.0,0.0,-0.005988513565855433,0.0,-0.0024130123197766036,0.0,0.0,0.0
2023-06-08,0.0,0.004153658229324619,0.0,0.0,-0.0028865691588729446,-0.00016602082301325283,0.002459824140685851,-0.00387055991043362,-0.0047103520914029695,-0.0001576475629405799,0.0,0.0,-0.0019700181957921226,0.0,0.0,-0.003178042299151987,0.0,-0.0014782156691733519,0.0,0.0,0.0
2023-06-09,0.0,0.008680934641706217,0.0,0.0,-0.0024266738160808564,-0.0001577767937376523,0.00010881277944069234,-0.0037777149595827134,-0.00149711760219845,-0.004347901300153938,0.0,0.0,-0.002217089624103507,0.0,0.0,-0.003126020154896412,0.0,-0.0013998781232534997,0.0,0.0,0.0
2023-06-12,0.0,0.007993930472929789,0.0,0.0,-0.0019309857121369255,-0.00014099238483089994,-0.002079866857543633,-0.0033301709040746592,-0.000682310913419415,-0.003919923204639346,0.0,0.0,-0.00168669626545127,0.0,0.0,-0.002299125450655911,0.0,-0.001218620164672217,0.0,0.0,0.0
2023-06-13,0.0,0.005504346749120009,0.0,0.0,-0.0016442873240608766,-0.00013995731646050539,0.003884884385202847,-0.002813146092589442,-0.007517816310931125,-0.0032770578176470125,0.0,0.0,-0.0014900946791052902,0.0,0.0,-0.002511736685405639,0.0,-0.0011729627979575417,0.0,0.0,0.0
2023-06-14,0.0,0.006789902660158109,0.0,0.0,-0.001569366857177082,-9.375517552020238e-05,0.0029650336385113607,-0.0024969263886125068,-0.009233907429032129,-0.0028410169692769834,0.0,0.0,-0.0012639457925807032,0.0,0.0,-0.0018178305559755116,0.0,-0.0008703102127242644,0.0,0.0,0.0
2023-06-15,0.0,0.005008481857205899,0.0,0.0,-0.0016589783256346444,-0.00011569811857071836,-0.006879639430588891,-0.0029952437425968814,0.004827333358255692,-0.0029195277936705233,0.0,0.0,-0.001246597769086255,0.0,0.0,-0.002289217269524007,0.0,-0.0010337393421745306,0.0,0.0,0.0
2023-06-16,0.0,0.007255311373810247,0.0,0.0,-0.001538563127346888,-9.935881908159283e-05,-0.000558731540994839,-0.0018982662603178012,-0.0017165549183238427,-0.0024618285416900844,0.0,0.0,-0.0013674351566037805,0.0,0.0,-0.0020432087570801984,0.0,-0.0008864381474121344,0.0,0.0,0.0
2023-06-20,0.0,0.006669281854054687,0.0,0.0,-0.0010840246721881101,-8.02677617764752e-05,-0.0004946797197493691,-0.0015247467012726931,-0.004781760243655342,-0.002020218217184837,0.0,0.0,-0.0010863390847870354,0.0,0.0,-0.0012236622625899363,0.0,-0.0006476970739177877,0.0,0.0,0.0
2023-06-21,0.0,0.008659134666097607,0.0,0.0,-0.0013208919833518264,-9.029319501976279e-05,-0.0006256570319316812,-0.0017015741529926715,0.001761114716591794,-0.001968248956955316,0.0,0.0,-0.001104287157466747,0.0,0.0,-0.0019037684700995375,0.0,-0.0008105507355195387,0.0,0.0,0.0
2023-06-22,0.0,0.004194574370803977,0.0,0.0,-0.0009241607132426215,-6.556544909186966e-05,-0.0016544524022191753,-0.001782750827313554,0.0019361948828470754,-0.0019479774217807562,0.0,0.0,-0.0009222852537939131,0.0,0.0,-0.0011758529364357135,0.0,-0.0005495959932689774,0.0,0.0,0.0
2023-06-23,0.0,0.006742521795734424,0.0,0.0,-0.0010711654461299756,-6.176184423974031e-05,-0.006159242031642365,-0.0013129739496897923,0.003584849552101088,-0.0015883031096541288,0.0,0.0,-0.0009439115789417162,0.0,0.0,-0.0012920930228524936,0.0,-0.0005589778359555804,0.0,0.0,0.0
2023-06-26,0.0,-0.0032983887691065417,0.0,0.0,-0.0010698804532020458,-7.327541933182288e-05,0.004225112763242778,-0.001279193815604639,0.004773200632911534,-0.0015703321828944277,0.0,0.0,-0.0008998523077979187,0.0,0.0,-0.0016103881944900273,0.0,-0.0006504000417671407,0.0,0.0,0.0
2023-06-27,0.0,-0.004037005842748825,0.0,0.0,-0.0005766519430797498,-5.0172063126009974e-05,-0.0016047990901720821,0.003062781805281951,-0.0015463844534061577,-0.0012582009400240353,0.0,0.0,-0.000511016253324296,0.0,0.0,-0.0008380010208899925,0.0,-0.0004085794743143231,0.0,0.0,0.0
2023-06-28,0.0,-0.0013344809831601079,0.0,0.0,-0.0007466006418145564,-5.500990128202429e-05,-0.00035765277060562095,-0.0015901451198141441,0.0032403926021435936,-0.00130370332552702,0.0,0.0,-0.0006853944691503711,0.0,0.0,-0.0011091711686018416,0.0,-0.0004399704492825834,0.0,0.0,0.0
2023-06-29,0.0,0.0019029557480652881,0.0,0.0,-0.0006735273228144177,-5.199894268873484e-05,0.002086590405040445,-0.0013378503519191984,0.00028514963888615075,-0.001119894030535083,0.0,0.0,-0.0006092948867522799,0.0,0.0,-0.0010017903926244501,0.0,-0.0004282521732322446,0.0,0.0,0.0
2023-06-30,0.0,0.007561324930318969,0.0,0.0,-0.0005273941533515923,-3.558934767622704e-05,-0.0005681343056244126,-0.0011742870828481515,-0.005637094689648403,-0.0009699885625270126,0.0,0.0,-0.00039978317491577015,0.0,0.0,-0.0006983293489100685,0.0,-0.00031037851131930985,0.0,0.0,0.0
2023-07-03,0.0,0.005651043682808332,0.0,0.0,-0.0005177095567909136,-3.6002743542645245e-05,0.001646104728293185,-0.0009510035383785836,-0.00014463844238238321,-0.0008793463545724491,0.0,0.0,-0.0004454452599627484,0.0,0.0,-0.0006955784842543325,0.0,-0.0002956658738367678,0.0,0.0,0.0
2023-07-05,0.0,0.011712131112789098,0.0,0.0,-0.00044006382036145247,-2.8242709293215516e-05,-0.007830148281512295,-0.0009230344564202225,0.0016070134684932347,-0.0007658845600237302,0.0,0.0,-0.0004116674526234783,0.0,0.0,-0.0005716048587126486,0.0,-0.000248642145093997,0.0,0.0,0.0
2023-07-06,0.0,0.008687097322062881,0.0,0.0,-0.00044352423560841455,-2.672806709141522e-05,-0.00020582110288719369,-0.000995973629246743,-0.0011142360759904268,-0.0007112092689233957,0.0,0.0,-0.00038378442731955504,0.0,0.0,-0.0004791780574955884,0.0,-0.00024470939661047197,0.0,0.0,0.0
2023-07-07,0.0,0.002588666475429713,0.0,0.0,-0.00040705995263035,-2.885319863463293e-05,0.0016712983364085,0.0030860966709628903,-0.0026788358546319113,-0.0006138403778710513,0.0,0.0,-0.0002982827015483615,0.0,0.0,-0.0006109416587298782,0.0,-0.0002232014535243263,0.0,0.0,0.0
2023-07-10,0.0,0.001271603022127199,0.0,0.0,-0.00032888216204529684,-2.651611218283911e-05,-0.0021065727827038194,0.005380027237956747,0.003859630942052883,-0.0005491367290155888,0.0,0.0,-0.00027353913455214953,0.0,0.0,-0.0004683906275345807,0.0,-0.0002161377595872706,0.0,0.0,0.0
2023-07-11,0.0,0.0016875298458272625,0.0,0.0,-0.0003070646449444647,-2.254635407589043e-05,-0.0029036358702067555,0.004496208265324812,-0.00022988266886825315,-0.0005213222457009642,0.0,0.0,-0.0002478362254826798,0.0,0.0,-0.00048215255956469364,0.0,-0.00019132683648549731,0.0,0.0,0.0
2023-07-12,0.0,0.0017143394692112346,0.0,0.0,-0.0002446733081990192,-1.635726354044429e-05,-0.0026705270831710037,0.0034723762582772218,-0.0021478875645908335,-0.0004062396181312702,0.0,0.0,-0.00015026566204129604,0.0,0.0,-0.0003089604126223105,0.0,-0.00011662181687755618,0.0,0.0,0.0
2023-07-13,0.0,0.0026224534092581797,0.0,0.0,-0.00019237644075358442,-1.45238573399224e-05,0.003936215705228674,0.0023922450746510365,-0.006296067655504944,-0.00039085756946176733,0.0,0.0,-0.0001493853906166685,0.0,0.0,-0.00024034070432788933,0.0,-0.00011173678956162081,0.0,0.0,0.0
2023-07-14,0.0,0.004045974805973018,0.0,0.0,-0.0002308552921383546,-1.4889231134168255e-05,0.002365365836431821,0.0017508712863431516,0.0013343783786416985,-0.00039851506416354113,0.0,0.0,-0.0002084332953169359,0.0,0.0,-0.00023713520911956094,0.0,-0.00013342009125337246,0.0,0.0,0.0
2023-07-17,0.0,0.008714790163199482,0.0,0.0,-0.0001882867426573492,-1.4366820196416675e-05,0.0008328367296815964,0.0013772935203334863,-0.004012589159094415,-0.00034513172071889324,0.0,0.0,-0.00015897247778543498,0.0,0.0,-0.00024271147734233845,0.0,-0.00011212023170050693,0.0,0.0,0.0
2023-07-18,0.0,0.005204596255521665,0.0,0.0,-0.000186367100423703,-1.2954571667743306e-05,0.0016341168474449663,0.0005723477128581379,-0.0036548405570192566,-0.0003026617373148204,0.0,0.0,-0.00014364374198980938,0.0,0.0,-0.0002440508894080073,0.0,-0.00010129923265709835,0.0,0.0,0.0
2023-07-19,0.0,0.01097900945742944,0.0,0.0,-0.0001820181480686469,-1.300286426169587e-05,-0.007464114885442796,0.0028640646587973946,-0.00102299352027585,-0.00030427677801024653,0.0,0.0,-0.00016210133472603183,0.0,0.0,-0.0002539376839947392,0.0,-0.00010435623705277303,0.0,0.0,0.0
2023-07-20,0.0,5.111945438263099e-05,0.0,0.0,-0.0001887408044753821,-1.2633092379953431e-05,0.0017710637549457897,-0.0036313625956251247,-0.0011135045622245876,-0.00027215999877203264,0.0,0.0,-0.00017625292810180093,0.0,0.0,-0.0002833921082184307,0.0,-0.00011692009600935678,0.0,0.0,0.0
2023-07-21,0.0,-0.013419934003792322,0.0,0.0,-0.00014111065432300296,-9.713857735525272e-06,0.005047217128228809,-0.002986216873285742,0.004837256063340789,-0.00023688261388815895,0.0,0.0,-0.00012827091107327497,0.0,0.0,-0.00020828024623029758,0.0,-8.008672994704936e-05,0.0,0.0,0.0
2023-07-24,0.0,0.0021455421330058566,0.0,0.0,9.74412143635783e-07,-4.882086288376616e-07,0.0016621121809949346,-0.0001969193232641761,-0.0030911997253626478,-1.0141243555927132e-05,0.0,0.0,-7.239061451431213e-06,0.0,0.0,-3.105741133402123e-05,0.0,-3.9564579854613506e-06,0.0,0.0,0.0
2023-07-25,0.0,0.0017039396797509654,0.0,0.0,7.129326715336675e-06,9.578371885929978e-07,0.0005194261729722927,-0.00014629527899565758,-0.0037134813232830854,9.537386532890331e-06,0.0,0.0,1.2960914539629585e-05,0.0,0.0,9.960888790259319e-06,0.0,8.820919185811979e-06,0.0,0.0,0.0
2023-07-26,0.0,-0.012283951909760255,0.0,0.0,-0.0001245203427698142,-8.829571256664727e-06,-0.00398096970297962,-0.0016520673364104864,0.0016869063664919914,-0.00019246725600178898,0.0,0.0,-9.925959644894089e-05,0.0,0.0,-0.00572201771513919,0.0,-7.326609237543022e-05,0.0,0.0,0.0
2023-07-27,0.0,-0.012263437464590965,0.0,0.0,-6.818309101751978e-05,-4.90473694882322e-06,-0.016587934473590582,-0.0014030209782521577,0.003988632276133275,-0.005438667303102333,0.0,0.0,-8.184702174088905e-05,0.0,0.0,0.0003008690239391298,0.0,-4.371478021942209e-05,0.0,0.0,0.0
2023-07-28,0.0,0.0011216344077165097,0.0,0.0,-8.548708713472302e-05,-6.2218121235479426e-06,-0.017145898107287505,-0.0022429980986180473,0.0009736863886735114,-0.004206735474112764,0.0,0.0,-6.577595584070944e-05,0.0,0.0,0.0003104882474073891,0.0,-4.829982482000366e-05,0.0,0.0,0.0
2023-07-31,0.0,0.0026739750700442155,0.0,0.0,-9.473303341957576e-05,-7.062853493218823e-06,-0.009435961040585084,-0.0019282213858706591,-0.001913049530105071,0.0008173284475579603,0.0,0.0,-8.087396238752012e-05,0.0,0.0,0.00041900846631441786,0.0,-5.444982028683491e-05,0.0,0.0,0.0
2023-08-01,0.0,0.004810554341374396,0.0,0.0,-7.004488053254131e-05,-5.13925215591295e-06,-0.00694832736724138,-0.001772729909016807,0.0014985951721172008,0.0006721187224576087,0.0,0.0,-7.040472214617558e-05,0.0,0.0,0.0002865845271270728,0.0,-4.6414670789035584e-05,0.0,0.0,0.0
2023-08-02,0.0,0.0019327621981254095,0.0,0.0,-8.569324110680593e-05,-5.476111332013175e-06,-0.005375253046656869,-0.0015796320626414936,0.005666059109830868,0.0006477749677527228,0.0,0.0,-7.88139188431878e-05,0.0,0.0,0.0003070889826139408,0.0,-4.708535750506845e-05,0.0,0.0,0.0
2023-08-03,0.0,-0.006590912065866872,0.0,0.0,-6.32165016359801e-05,-4.247732859810735e-06,-0.0006539273549390767,-0.0013842743415486292,-0.0016543919344079727,0.0005494376065752551,0.0,0.0,-5.4226431224569174e-05,0.0,0.0,0.0002687335180916054,0.0,-3.426584536140659e-05,0.0,0.0,0.0
2023-08-04,0.0,0.000540126671087382,0.0,0.0,-3.061383239088308e-06,1.039208233592629e-08,0.0015659428177745571,-6.611789975502838e-05,-0.0016341132566507488,-1.4787882577445635e-05,0.0,0.0,1.565514767181168e-06,0.0,0.0,6.860948977947898e-06,0.0,1.4224112803295098e-06,0.0,0.0,0.0
2023-08-07,0.0,-0.001691772562595839,0.0,0.0,9.56494255127953e-06,5.432509875129231e-07,-0.0010983099806062269,9.42095804295634e-05,-0.0006064422377265455,-3.019944691229435e-05,0.0,0.0,6.768845475387821e-06,0.0,0.0,-2.9271352805465816e-05,0.0,7.198234786126557e-07,0.0,0.0,0.0
2023-08-08,0.0,0.0016093595107630199,0.0,0.0,-3.489996513856967e-06,-2.429570538923492e-07,-1.7797078621373252e-05,-1.962122550616674e-06,0.00123818961421035,1.985961419847214e-05,0.0,0.0,-8.380456908081409e-06,0.0,0.0,3.8214107134364704e-05,0.0,-2.5975070180244233e-06,0.0,0.0,0.0
2023-08-09,0.0,-0.0025460689661623293,0.0,0.0,-1.012156739085379e-05,-5.769802684701115e-07,0.00032878311347472877,-0.00013771228277868752,0.007427926250068773,5.775001517807198e-05,0.0,0.0,-1.1399720554582517e-05,0.0,0.0,7.702869379669396e-05,0.0,-7.220969393869757e-06,0.0,0.0,0.0
2023-08-10,0.0,-0.0014407272486239575,0.0,0.0,1.135416443542067e-06,2.1080929865352341e-07,-0.0002092785676678921,-1.6023269487032074e-05,0.0014461095146164338,4.670109212357061e-06,0.0,0.0,-4.116418466687706e-07,0.0,0.0,-2.268452863914052e-06,0.0,1.2088726837492045e-06,0.0,0.0,0.0
2023-08-11,0.0,0.0009083039514492519,0.0,0.0,-1.0988544219564023e-05,-8.129563028559596e-07,-0.0014936527867849825,-0.00017008081624402503,0.005077249776773263,6.468307715621225e-05,0.0,0.0,-1.049564639864182e-05,0.0,0.0,7.60210628551355e-05,0.0,-6.880518048043335e-06,0.0,0.0,0.0
2023-08-14,0.0,0.004013158040243325,0.0,0.0,1.6973614514185077e-05,1.118027486016364e-06,0.0029703663325879037,0.00022055928052823297,-0.013275596536527046,-7.772035169623277e-05,0.0,0.0,1.1397885691024874e-05,0.0,0.0,-6.790636568774003e-05,0.0,8.66390548575984e-06,0.0,0.0,0.0
2023-08-15,0.0,0.0031780622643066414,0.0,0.0,-2.399947171039885e-06,2.502969800691573e-07,0.0017904063659630043,-1.6546464441501846e-06,-0.0033393322211741072,-1.8875739613494376e-05,0.0,0.0,-3.542928167265852e-06,0.0,0.0,-3.0583031130588384e-05,0.0,1.9437392933462864e-06,0.0,0.0,0.0
2023-08-16,0.0,-0.0006505275837657976,0.0,0.0,-3.1134894899445716e-06,3.923497068512513e-08,0.0036216212149834393,-0.00011255808731934491,-0.0002687112540936121,3.212654234422546e-06,0.0,0.0,-6.8920926504012275e-06,0.0,0.0,5.62001559139191e-06,0.0,-1.8598168410217941e-06,0.0,0.0,0.0
2023-08-17,0.0,-0.001346147450295987,0.0,0.0,-4.707256873733934e-06,7.885329868825407e-08,0.005501622822740193,1.541919767394581e-05,-0.0019546461621013367,-5.743530674632603e-06,0.0,0.0,-4.638014371378225e-06,0.0,0.0,4.778135222159715e-05,0.0,-4.4937335466187917e-07,0.0,0.0,0.0
2023-08-18,0.0,-0.00320286503971709,0.0,0.0,7.668119339155266e-07,-1.547076392447263e-07,0.002040805766557463,3.551120933912959e-05,0.000765672815891294,-1.3919016231155566e-05,0.0,0.0,4.022848949547823e-07,0.0,0.0,1.8408985596691206e-05,0.0,-1.2250545520527513e-07,0.0,0.0,0.0
2023-08-21,0.0,0.004707839625527954,0.0,0.0,1.77484187992089e-05,1.3883601506986529e-06,0.0026479893344855676,0.00021430809139006898,-0.015268986031754417,-8.901174231140414e-05,0.0,0.0,1.7139756921437745e-05,0.0,0.0,-8.814848276082624e-05,0.0,1.1536979705585408e-05,0.0,0.0,0.0
2023-08-22,0.0,-0.007163652745845905,0.0,0.0,-6.254276192252514e-05,-4.127653578223846e-06,-0.0002009025818544563,0.0034692537571663733,0.0056745673190557455,0.0005351153489382525,0.0,0.0,-5.47476728969252e-05,0.0,0.0,0.00022005856452925318,0.0,-3.473967803784136e-05,0.0,0.0,0.0
2023-08-23,0.0,0.0008328629960904221,0.0,0.0,4.284040042790713e-06,2.7761276008714806e-07,-0.0011750420030502973,7.261789724540349e-05,-0.003962211059961418,-1.2358668477705122e-05,0.0,0.0,9.720833067300373e-06,0.0,0.0,-4.154750540342339e-05,0.0,2.4308049181210223e-06,0.0,0.0,0.0
2023-08-24,0.0,0.005671327711286228,0.0,0.0,-7.711324413850582e-06,-4.943373208130995e-08,0.0026193482707181637,0.00010300011458697425,-0.0048677513282326945,-2.7814808841535553e-05,0.0,0.0,-1.0280085732056372e-05,0.0,0.0,1.652886977851378e-05,0.0,-9.106603519542871e-07,0.0,0.0,0.0
2023-08-25,0.0,-0.0024741173909101632,0.0,0.0,-3.092240827896257e-06,-4.0968271945937833e-07,-0.0007556732211349559,-0.0002746114591939061,0.005090301708729372,6.81479957854109e-05,0.0,0.0,-3.845652310612577e-06,0.0,0.0,3.3600273168844265e-05,0.0,-4.662297230914798e-06,0.0,0.0,0.0
2023-08-28,0.0,-3.90367155647664e-05,0.0,0.0,4.725172132984752e-06,1.1163551945575848e-07,-0.001180082689515527,0.00016157273418576992,-0.0017066708445371281,-2.053287002652584e-05,0.0,0.0,6.101591961668595e-06,0.0,0.0,-1.0537366973674238e-05,0.0,1.1553504659080017e-06,0.0,0.0,0.0
2023-08-29,0.0,0.001844800629694221,0.0,0.0,6.312979574423926e-06,2.86865111644055e-07,-0.0011731213057402656,0.00012321292843320633,-0.005868973375650899,-9.545943242296462e-07,0.0,0.0,1.2202643260938713e-05,0.0,0.0,-3.821950595636614e-05,0.0,4.271989241061056e-06,0.0,0.0,0.0
2023-08-30,0.0,-0.0004048817026958418,0.0,0.0,-7.364460842851665e-07,-9.573766386385558e-08,0.0027577362753639645,-1.4467235058164551e-06,-0.002631066266260862,2.03961804477815e-05,0.0,0.0,1.2413223422801166e-06,0.0,0.0,7.725322005824441e-06,0.0,-1.0247863386308965e-06,0.0,0.0,0.0
2023-08-31,0.0,0.00241225667184386,0.0,0.0,5.398506232497102e-08,6.655318966768034e-09,-0.0010848718581199512,2.585322216893532e-05,-0.0010217763902475308,2.061986248530663e-05,0.0,0.0,-2.8445732396046035e-06,0.0,0.0,4.417245782969113e-06,0.0,8.736354423519795e-07,0.0,0.0,0.0
2023-09-01,0.0,-0.0014387718860210952,0.0,0.0,-2.3649471772384766e-06,-5.659169968105624e-07,-0.001474616418877417,-0.00011248052190418467,0.003911865420280158,1.3768989557857471e-05,0.0,0.0,-4.572065233728626e-06,0.0,0.0,4.8581175363807474e-05,0.0,-2.7759393012433933e-06,0.0,0.0,0.0
2023-09-05,0.0,0.0004982169907867262,0.0,0.0,6.267778018436256e-06,8.888999780303142e-07,-0.0022249395335113276,-0.00017816022012218102,0.0009687957896515886,-1.2496787667909057e-05,0.0,0.0,-4.985492679360193e-07,0.0,0.0,2.4845807096276e-06,0.0,6.179278981663654e-06,0.0,0.0,0.0
2023-09-06,0.0,-0.002627226682367867,0.0,0.0,-2.425591846145895e-06,-1.950492111638447e-07,-0.0015338586168454071,-0.00011901460296702068,0.006388824112162683,2.0162475244467695e-06,0.0,0.0,-4.246296835845901e-06,0.0,0.0,1.916445221586925e-05,0.0,-1.4677522756520955e-06,0.0,0.0,0.0
2023-09-07,0.0,0.005674698466660855,0.0,0.0,-7.927204581562757e-06,-1.6591118498477352e-07,-0.0032485974864582823,-8.925155182548314e-05,0.0009206919041970796,3.2593641243130675e-05,0.0,0.0,-7.412083913724266e-06,0.0,0.0,2.6433949028210153e-05,0.0,-3.280068119757972e-06,0.0,0.0,0.0
2023-09-08,0.0,-0.004244624403107244,0.0,0.0,-5.526752883674139e-05,-3.7178909592446396e-06,0.01774443500375117,-0.0019780161270769817,0.0019421479412508602,0.0004913441540031569,0.0,0.0,-4.788805976452682e-05,0.0,0.0,0.00023104178483451484,0.0,-3.0284779586182877e-05,0.0,0.0,0.0
2023-09-11,0.0,-0.007492850489838526,0.0,0.0,-4.4444552876383926e-05,-3.07996090889516e-06,0.009477889917546,-0.001555454356458057,0.0045174093222440925,0.0004317014549819493,0.0,0.0,-3.562675058033722e-05,0.0,0.0,0.00014429483093016137,0.0,-2.520566433137142e-05,0.0,0.0,0.0
2023-09-12,0.0,-0.011460700677356883,0.0,0.0,-4.3448947219112304e-05,-3.114087333697116e-06,0.010479539567543827,-0.0051238698834636665,-0.0011289683057865707,0.00036076106056249406,0.0,0.0,-3.987089299533166e-05,0.0,0.0,0.0002131440949214268,0.0,-2.542459624363364e-05,0.0,0.0,0.0
2023-09-13,0.0,0.0017400119574865203,0.0,0.0,3.522722387715074e-06,3.5273952008786297e-07,-0.0012537258054809985,-4.6852657381614427e-05,-0.001984385173638026,-1.0828077167651662e-05,0.0,0.0,2.0671518414514868e-06,0.0,0.0,-2.1074367139556436e-05,0.0,2.9683107955229737e-06,0.0,0.0,0.0
2023-09-14,0.0,0.00012612893592867103,0.0,0.0,3.0239982331462098e-06,-1.4257095063518576e-07,-0.003975727225954684,5.804479667458409e-06,0.0019405549365071328,-1.3254163569241355e-06,0.0,0.0,7.830435332339524e-07,0.0,0.0,4.503642726091635e-06,0.0,-2.743245548149668e-07,0.0,0.0,0.0
2023-09-15,0.0,-0.0045606318098538046,0.0,0.0,-4.982174542136794e-05,-2.9928528903279133e-06,0.0021919120045506,-0.0008130970814422232,0.0022747874858289885,0.00036034131118934743,0.0,0.0,-4.0545908433623585e-05,0.0,0.0,0.00016130894285731803,0.0,-2.6050036517080954e-05,0.0,0.0,0.0
2023-09-18,0.0,0.0001952877553800525,0.0,0.0,-9.901701196874638e-07,2.2299133254987825e-07,-0.0013523617746249439,4.668364316142391e-05,0.00043437973855781076,-5.667179980298892e-06,0.0,0.0,1.3502616678242414e-06,0.0,0.0,7.164962053883865e-06,0.0,3.5809228079419753e-07,0.0,0.0,0.0
2023-09-19,0.0,-0.0017822718917269997,0.0,0.0,-3.390614214851832e-05,-2.26810827777066e-06,-0.002997373967611905,-0.0007239853966931296,0.002544600133980668,0.00029497746551312206,0.0,0.0,-2.9665267264593603e-05,0.0,0.0,0.00011955887500094938,0.0,-1.891541371019844e-05,0.0,0.0,0.0
2023-09-20,0.0,-0.0014595447368751513,0.0,0.0,-4.876205117520908e-06,-1.113495419376097e-07,0.0007077575548128379,5.612653421390671e-05,0.004227941134684776,2.4877355425103817e-06,0.0,0.0,-4.4532905399097505e-06,0.0,0.0,7.036447834577126e-06,0.0,-1.996251939257799e-06,0.0,0.0,0.0
2023-09-21,0.0,-0.0002695110963221725,0.0,0.0,-2.2852869353107803e-06,1.5345052075510485e-08,-0.0004891080057050079,-7.092797036852873e-05,0.004245714465616612,-9.47430110654875e-06,0.0,0.0,-4.039095656314907e-06,0.0,0.0,1.2394184539168008e-06,0.0,2.787134901228723e-07,0.0,0.0,0.0
2023-09-22,0.0,9.067841246276909e-05,0.0,0.0,1.790490335223645e-06,2.3758196801184817e-07,-0.0006681180933656439,0.000110410859942108,-0.0016069794064209608,-2.3942466819615402e-05,0.0,0.0,1.7571718632446815e-06,0.0,0.0,-8.661546848223473e-06,0.0,2.1920294248270044e-06,0.0,0.0,0.0
2023-09-25,0.0,0.001249511094519401,0.0,0.0,3.345694646974737e-06,2.9319485028573953e-08,6.657412049915212e-06,2.7309323638299854e-05,-0.002650347410349474,-3.002092896202662e-06,0.0,0.0,5.6140144472582e-07,0.0,0.0,7.784376675506154e-06,0.0,1.5104624652041297e-07,0.0,0.0,0.0
2023-09-26,0.0,0.0024820205780581583,0.0,0.0,1.3117462164277758e-08,1.026829814632549e-07,-0.0005194591038889529,5.887316127370021e-05,-0.00017462983360883033,-1.8885529540065178e-05,0.0,0.0,-2.870185872673567e-06,0.0,0.0,2.565551041047373e-06,0.0,1.2775862787691252e-06,0.0,0.0,0.0
2023-09-27,0.0,1.4027528176502324e-05,0.0,0.0,4.74325894573289e-06,-1.2729265681085794e-07,0.002202884867205157,7.669028818182294e-06,-0.0030082676193743385,-2.4552618215424767e-06,0.0,0.0,-3.7804339610966525e-07,0.0,0.0,2.52797931502677e-05,0.0,-7.318674777350071e-07,0.0,0.0,0.0
2023-09-28,0.0,0.000292016789064653,0.0,0.0,5.283311440087881e-06,7.062380773812852e-08,-0.0025438131093431515,6.300552052923569e-05,-0.0006634719480275719,-1.0809846936201371e-05,0.0,0.0,4.64273708212327e-06,0.0,0.0,-1.3224012804875047e-05,0.0,1.4303103594800776e-06,0.0,0.0,0.0
2023-09-29,0.0,-0.002041948616286926,0.0,0.0,3.5726837291911832e-06,1.3022928738141987e-07,0.004150113310332881,-3.3998113655388414e-05,-0.0024056107844963037,-2.058377338816971e-06,0.0,0.0,2.1514354497774056e-07,0.0,0.0,-2.5288832610506412e-05,0.0,1.1889294632839835e-06,0.0,0.0,0.0
2023-10-02,0.0,0.00410863631043501,0.0,0.0,7.35532749165951e-06,6.032513252813167e-07,-0.002484316401985487,-3.525210762839008e-05,-0.004727341869499135,-1.4404219198575069e-05,0.0,0.0,1.5680039205610017e-06,0.0,0.0,-3.928978252853337e-05,0.0,4.112325829004555e-06,0.0,0.0,0.0
2023-10-03,0.0,0.0003712771977491258,0.0,0.0,-4.481518342680708e-06,-1.7202459037629592e-08,0.0004528507675710114,5.511258701203486e-05,0.0031779209625730775,2.805692900053995e-07,0.0,0.0,-4.8748514992553635e-06,0.0,0.0,1.9822705082873232e-05,0.0,-1.8691156242196631e-06,0.0,0.0,0.0
2023-10-04,0.0,-0.003530356009529806,0.0,0.0,4.358908289304705e-06,2.8813319947738235e-07,-0.00035217417192451306,-2.2937585084817184e-05,0.0006608860737333244,-1.6978050309452743e-06,0.0,0.0,4.50620098086822e-06,0.0,0.0,-5.3295466153293995e-05,0.0,1.930767109081582e-06,0.0,0.0,0.0
2023-10-05,0.0,0.002754176154123017,0.0,0.0,8.80271885837986e-07,6.450407818415994e-09,0.0010958174276223809,-1.2119598670808779e-06,-0.0040869575836431915,-1.072523700409089e-05,0.0,0.0,1.1528857825683658e-06,0.0,0.0,-8.463068045249777e-06,0.0,1.2190753157537452e-06,0.0,0.0,0.0
2023-10-06,0.0,-0.000776348038625807,0.0,0.0,5.192737605920787e-06,2.6422090707354753e-07,-0.003793748739206737,-1.607951776404909e-05,-0.0005310713348892215,-1.4714804616703433e-05,0.0,0.0,6.343417127771089e-06,0.0,0.0,-1.900642839582794e-05,0.0,1.501953078984113e-06,0.0,0.0,0.0
2023-10-09,0.0,0.0013187888544658743,0.0,0.0,-6.212551475500317e-06,-1.6449129518728592e-07,-0.0034121818099388523,-6.439360338978631e-05,0.0025803294636609353,1.9195915048845352e-05,0.0,0.0,-4.5689057284915976e-07,0.0,0.0,4.13850625049228e-05,0.0,-3.1080356715433403e-06,0.0,0.0,0.0
2023-10-10,0.0,-0.0014097979713116326,0.0,0.0,3.464760723887589e-06,-3.31170417703909e-08,-0.0003578156483211026,9.147435497598114e-05,-0.0005574401343225732,-1.122171581634029e-05,0.0,0.0,3.1598378851031253e-06,0.0,0.0,-9.920476927644363e-06,0.0,6.441346407674506e-07,0.0,0.0,0.0
2023-10-11,0.0,0.0011050939824511774,0.0,0.0,1.8396879325283328e-06,3.1516858709576686e-07,-0.0015647663275167312,7.102617264679624e-06,-0.002593535312465478,-1.6644188048703466e-05,0.0,0.0,3.492213609185583e-06,0.0,0.0,-3.061054552923369e-05,0.0,1.2850603773751496e-06,0.0,0.0,0.0
2023-10-12,0.0,-0.002826802712045745,0.0,0.0,1.0506417055134863e-06,4.812640957706778e-07,0.0034730001056476056,2.7315625533821768e-05,-0.0007672145780545647,-1.0385757763753129e-05,0.0,0.0,-2.0947352760108777e-06,0.0,0.0,8.52446506363104e-07,0.0,1.6597199516061635e-06,0.0,0.0,0.0
2023-10-13,0.0,0.0007797380943304066,0.0,0.0,-1.670176871804976e-05,-3.0441389415483233e-07,0.0018991190943347669,-8.14147227360968e-05,0.0026183070724283275,2.755647543761482e-05,0.0,0.0,-6.154279000805554e-06,0.0,0.0,5.242481015496712e-05,0.0,-2.4530691934878247e-06,0.0,0.0,0.0
2023-10-16,0.0,0.0007912452859215047,0.0,0.0,4.972115971164589e-06,-9.688870741960962e-08,-0.0027029787284965634,-2.2513673521519853e-05,-0.0007283692889232807,-5.657243460745545e-07,0.0,0.0,4.144647757417996e-06,0.0,0.0,-5.628500742057771e-06,0.0,1.581342782926349e-07,0.0,0.0,0.0
2023-10-17,0.0,-0.0030020683037096374,0.0,0.0,-3.622229041307676e-06,-4.4413040428598996e-07,-0.005686648172949449,-5.418902512307512e-05,0.011014114226185368,1.8182137606299886e-05,0.0,0.0,-2.7218283834808056e-06,0.0,0.0,2.393901089058504e-05,0.0,-2.3084225154834485e-06,0.0,0.0,0.0
2023-10-18,0.0,0.0027149941849104464,0.0,0.0,-1.2084860946948758e-05,-9.978610912387496e-08,-0.0010953010744508829,-0.000126587843937832,0.004289486962793854,3.267814308746545e-05,0.0,0.0,-7.587775077604021e-06,0.0,0.0,4.0230657550305044e-05,0.0,-2.1152971381265115e-07,0.0,0.0,0.0
2023-10-19,0.0,-0.0018216973659220537,0.0,0.0,-4.723745098971063e-06,2.643903775512648e-07,0.002950074270415326,-4.5211397432737624e-05,-0.0003118080114801747,-1.6207499541739424e-05,0.0,0.0,-7.385004611217818e-08,0.0,0.0,1.8106383265273623e-06,0.0,1.040806949895905e-06,0.0,0.0,0.0
2023-10-20,0.0,0.0002845215651179067,0.0,0.0,-4.248707133812108e-06,3.471698903550208e-08,0.0006090720340199418,1.797870522902631e-05,0.00170720835271021,-9.750562010350794e-06,0.0,0.0,-3.0320624736607195e-06,0.0,0.0,-6.429898047018547e-06,0.0,-1.645894680966833e-07,0.0,0.0,0.0
2023-10-23,0.0,0.0009494019818798438,0.0,0.0,6.783510049431299e-06,5.740114713393253e-07,0.0004826185814840178,7.060209203083728e-05,-0.005818493113639578,-4.263328224156718e-05,0.0,0.0,6.271546612169883e-06,0.0,0.0,-4.104025623171965e-05,0.0,4.135584950148188e-06,0.0,0.0,0.0
2023-10-24,0.0,-0.0024858048101132346,0.0,0.0,2.1811495596431242e-06,-3.446782385754389e-08,0.0035180345919745837,2.2119355782465253e-05,-0.0026795354266786475,7.081683083400535e-06,0.0,0.0,3.5316499593659274e-07,0.0,0.0,-2.469900972769043e-05,0.0,-7.963147060301807e-08,0.0,0.0,0.0
2023-10-25,0.0,-0.00016853661024965327,0.0,0.0,-1.0380739016285063e-05,-2.818427709847973e-07,0.003498585974112789,-0.00039435559407423066,0.0039459340089294526,1.4747481861655896e-05,0.0,0.0,-8.53789923861909e-06,0.0,0.0,3.288825526710261e-05,0.0,-3.0033852997031517e-06,0.0,0.0,0.0
2023-10-26,0.0,-0.0047780895490127095,0.0,0.0,-6.684044807669584e-06,-4.81253177678591e-07,0.005063942783293474,0.0001109426633944307,0.004299861426441898,3.6816931654540253e-06,0.0,0.0,-5.953272235010632e-06,0.0,0.0,1.4786236190999407e-05,0.0,-2.8432642027354134e-06,0.0,0.0,0.0
2023-10-27,0.0,0.0012464337440421802,0.0,0.0,-3.22562087799131e-07,4.669171908528508e-07,-0.005548458773759424,3.062183894069013e-05,0.00187564392193168,-1.5404859757435496e-05,0.0,0.0,3.109451878757232e-06,0.0,0.0,-4.034539902214281e-05,0.0,3.395528520567972e-06,0.0,0.0,0.0
2023-10-30,0.0,0.0020890410784180635,0.0,0.0,4.954124261807597e-06,1.0739105314124832e-07,-0.002790442465137155,-7.836710829497388e-05,-0.0016913313423820853,1.5557240694540064e-06,0.0,0.0,3.83774216535475e-06,0.0,0.0,-8.610515907440941e-06,0.0,-3.0793418523107977e-07,0.0,0.0,0.0
2023-10-31,0.0,-0.003025878664107612,0.0,0.0,1.2429493421455711e-06,-2.0926063629069132e-07,0.0009694982056596135,-2.426144086672185e-05,0.002368578769045948,1.6413505401272326e-05,0.0,0.0,-1.9313005187385213e-06,0.0,0.0,5.439265004671297e-06,0.0,-1.5283935520922986e-06,0.0,0.0,0.0
2023-11-01,0.0,0.0011054369190070523,0.0,0.0,8.560965376584512e-06,4.045658415458276e-07,-0.003018122523471445,9.845915725657274e-06,-0.003848631680870185,-2.0574939538084685e-05,0.0,0.0,6.4605200454322434e-06,0.0,0.0,-3.1998004274937705e-05,0.0,3.8151973838853085e-06,0.0,0.0,0.0
2023-11-02,0.0,-0.004038320114076288,0.0,0.0,3.145421840459019e-06,-2.7114474788183715e-07,0.005049168795605741,4.6710614663314325e-05,-0.00426446332776409,1.1930374469989579e-05,0.0,0.0,4.881492929207471e-06,0.0,0.0,1.9324151614782828e-05,0.0,-1.2044105966527716e-06,0.0,0.0,0.0
2023-11-03,0.0,-9.325996912590284e-05,0.0,0.0,4.022116089504935e-06,-2.1553596025176603e-07,0.001468000484616483,2.6193582752307223e-05,-0.005268927678483637,-1.374076544457441e-05,0.0,0.0,6.861537604496443e-06,0.0,0.0,-3.145665215680037e-05,0.0,1.409321803961909e-06,0.0,0.0,0.0
2023-11-06,0.0,0.002097285444182001,0.0,0.0,3.850503688783945e-06,3.636646455660755e-07,0.00032413715024459666,-3.690317018590749e-05,-0.0035044033108502237,-2.1786921902736643e-06,0.0,0.0,1.0142834852276163e-06,0.0,0.0,-1.8915554918187564e-05,0.0,1.3214527400794585e-06,0.0,0.0,0.0
2023-11-07,0.0,0.0009555207939538901,0.0,0.0,2.4665316902907665e-06,1.573211668796294e-07,-0.001674324360009527,-4.703945818542842e-05,-0.00014303581096214435,1.4616543176638498e-05,0.0,0.0,1.5890566480139447e-07,0.0,0.0,-3.053499587361971e-05,0.0,1.1284635019827326e-06,0.0,0.0,0.0
2023-11-08,0.0,0.0001815422164250513,0.0,0.0,4.77823974225132e-06,3.4372238073908205e-07,0.0008296510373196342,-1.0590392635498325e-05,-0.0023079438803166874,-1.3713683655451527e-05,0.0,0.0,1.5972842215554624e-06,0.0,0.0,-2.1374263002540105e-05,0.0,6.126378859995691e-07,0.0,0.0,0.0
2023-11-09,0.0,0.0016077895396720276,0.0,0.0,-6.579371952357958e-07,3.617613985916894e-07,-0.00017790924968830168,5.6716473317259576e-05,-0.0018774717810742803,-2.541069892539067e-05,0.0,0.0,-6.683074117901978e-07,0.0,0.0,-5.646472959608753e-06,0.0,6.975747622369605e-07,0.0,0.0,0.0
2023-11-10,0.0,-0.0031384924957009175,0.0,0.0,1.0503459743891371e-05,2.617929702338212e-07,-0.000583316553987856,-7.785220734480777e-06,-0.0017401555187127604,-3.2505874316530146e-06,0.0,0.0,6.367560261482676e-06,0.0,0.0,-1.4792151862967964e-05,0.0,1.6195851216658944e-06,0.0,0.0,0.0
2023-11-13,0.0,-5.4937214174793914e-05,0.0,0.0,-3.192763616974623e-05,-2.091117331908909e-06,-0.0002599431217037984,-0.0005949883777749097,-0.001645624694555703,0.010054612376397404,0.0,0.0,-2.5683084589818417e-05,0.0,0.0,0.00012472524027891028,0.0,-1.7586423187113164e-05,0.0,0.0,0.0
2023-11-14,0.0,-0.00221435371963688,0.0,0.0,2.564471639757073e-06,-6.890517363920053e-07,-0.000996256513241145,4.982370536516564e-05,-0.0009000148182399248,-2.3779901298899044e-05,0.0,0.0,8.014530724590694e-06,0.0,0.0,-9.857164310211972e-06,0.0,-2.7746931383364247e-07,0.0,0.0,0.0
2023-11-15,0.0,-0.005604485412588345,0.0,0.0,-2.8371171731902695e-05,-2.037424406571062e-06,0.0010429036339342779,-0.0006253930003112746,0.002471498963527552,0.007093034997581368,0.0,0.0,-2.5928758796910626e-05,0.0,0.0,0.00010993421609575057,0.0,-1.7103130094535705e-05,0.0,0.0,0.0
2023-11-16,0.0,-0.0002394606525904508,0.0,0.0,-2.6083245076540294e-05,-1.3323986476762101e-06,0.00039305510762210893,0.0072254233578259814,-0.0019052285730171148,0.004164694312372111,0.0,0.0,-2.0212146023030936e-05,0.0,0.0,7.122708124045977e-05,0.0,-1.3465512756207225e-05,0.0,0.0,0.0
2023-11-17,0.0,-0.0007732460259151641,0.0,0.0,-2.19707749574835e-05,-1.7246297811104547e-06,-0.0005676938759679451,0.004873292857120022,0.0012988076679850136,0.003232250583305587,0.0,0.0,-1.7902535399384257e-05,0.0,0.0,0.0001024721282709268,0.0,-1.349535858193848e-05,0.0,0.0,0.0
2023-11-20,0.0,0.00108189940609274,0.0,0.0,-1.7132468143083894e-05,-1.2830940549296816e-06,-0.0003056616245832866,0.01297656761086147,-0.0026521900545046773,3.3283007264073294e-05,0.0,0.0,-1.4504096313281659e-05,0.0,0.0,6.824796420610397e-05,0.0,-1.041293424278614e-05,0.0,0.0,0.0
2023-11-21,0.0,0.0018638038246459598,0.0,0.0,-2.117588069971792e-05,-1.1668448835749878e-06,0.0001833165180250007,0.008726057608953276,0.00031228240475150715,-5.195631998024253e-05,0.0,0.0,-1.672438175810321e-05,0.0,0.0,7.247772399481607e-05,0.0,-1.101509185795225e-05,0.0,0.0,0.0
2023-11-22,0.0,-0.0025002717316364165,0.0,0.0,-1.5833845487058494e-05,-1.2082140892061453e-06,-0.0048262010772246455,0.003069730371078286,0.006565060300262215,-0.002331254181316092,0.0,0.0,-1.4699376202835881e-05,0.0,0.0,6.326662084878544e-05,0.0,-9.727270634907913e-06,0.0,0.0,0.0
2023-11-24,0.0,-0.00511910834524959,0.0,0.0,-1.6218389054832865e-05,-1.1330005498801462e-06,0.0006883452664501744,0.001646129283839913,0.003613071188132977,-0.002070360548939741,0.0,0.0,-1.2759823459477368e-05,0.0,0.0,6.180065514564779e-05,0.0,-9.120361724980475e-06,0.0,0.0,0.0
2023-11-27,0.0,-0.004252137409395201,0.0,0.0,-1.4030927504958456e-05,-8.761192450649414e-07,0.002910610919737988,-0.0046057320286667855,-0.003146491087861525,-0.001768869272217255,0.0,0.0,-1.1091395104822306e-05,0.0,0.0,4.881728125676987e-05,0.0,-7.156941211218851e-06,0.0,0.0,0.0
2023-11-28,0.0,-0.0029328468521922224,0.0,0.0,-1.3437625524750351e-05,-7.867121123419331e-07,-0.004163229489712039,-0.0005208547698546742,0.00230005462621391,0.002282760753791295,0.0,0.0,-9.872598924215916e-06,0.0,0.0,4.577279548292418e-05,0.0,-6.683319713854983e-06,0.0,0.0,0.0
2023-11-29,0.0,-0.005356545005385793,0.0,0.0,-1.092086006212613e-05,-7.802939920401885e-07,-0.006521500167935568,-0.0036565494174208846,-0.002575181097970891,0.002129054403547565,0.0,0.0,-9.361908742272994e-06,0.0,0.0,3.8382077440704456e-05,0.0,-6.4374077671516006e-06,0.0,0.0,0.0
2023-11-30,0.0,-1.3805685841944415e-05,0.0,0.0,-1.0310625103981708e-05,-7.628170859139432e-07,-0.02800336261825853,0.0015012641132110538,0.004394755029409836,-0.002247529401763121,0.0,0.0,-9.811139861364113e-06,0.0,0.0,4.363577833242459e-05,0.0,-6.774889328148768e-06,0.0,0.0,0.0
2023-12-01,0.0,0.0004719817079603672,0.0,0.0,-1.0091037852091194e-05,-7.659843486619964e-07,-0.03170171891658222,-0.00337015945393232,-0.00012003587681541639,-0.0019012497220468189,-0.003980236792600054,0.0,-7.186782396735516e-06,0.0,0.0,3.484175010846506e-05,0.0,-5.744536648253482e-06,0.0,0.0,0.0
2023-12-04,0.0,-0.0014379725293048318,0.0,0.0,7.0931828770134e-07,-1.229434438464386e-07,0.0005325612646163158,6.555427792468566e-05,0.004325305025774995,-5.192266711817606e-05,2.8549328164191243e-05,0.0,-1.1205284730015822e-06,0.0,0.0,2.324268224733765e-06,0.0,-6.25962788608836e-07,0.0,0.0,0.0
2023-12-05,0.0,0.00013700528577803572,0.0,0.0,8.333441185334972e-07,1.0844819661232056e-07,0.002806250229585555,-7.282913121818557e-05,-0.004881171606757051,7.473230254963562e-05,-2.8752567863160952e-05,0.0,2.1736230604492163e-07,0.0,0.0,-7.274427395904297e-06,0.0,6.717023691600057e-07,0.0,0.0,0.0
2023-12-06,0.0,-0.0007204869982431195,0.0,0.0,-9.315886437407338e-07,-3.508320300810869e-08,-0.0012982479156295745,5.4516100395106404e-05,0.004331603547361507,-4.315300804292807e-05,1.7360202635383418e-05,0.0,-7.151244239165188e-07,0.0,0.0,-1.9361255847199403e-06,0.0,-5.707152881368025e-07,0.0,0.0,0.0
2023-12-07,0.0,0.0007092011013916377,0.0,0.0,1.0856428356357227e-06,4.517330886518249e-08,-0.0029506782165528433,0.00033777282370058004,-0.0024891285383756845,2.900386362784252e-05,-3.222816194878211e-05,0.0,1.4044490791808808e-06,0.0,0.0,-6.69546224270546e-06,0.0,6.583280424905235e-07,0.0,0.0,0.0
2023-12-08,0.0,0.002131957967378584,0.0,0.0,1.7838219272614335e-06,1.1575546969134485e-08,-0.002049837079495992,3.2115232546182926e-05,-0.0029239808452149463,8.821991036020785e-05,-2.1838024593879603e-05,0.0,4.0084524322030093e-07,0.0,0.0,3.0700082499535456e-07,0.0,2.9590217092079684e-07,0.0,0.0,0.0
2023-12-11,0.0,-0.004099833472363534,0.0,0.0,2.475658642102249e-07,-5.2744811226477515e-08,0.003300011921886087,-1.430138927560609e-07,0.003200785338316803,-0.00027123248647025963,4.6685293498745575e-05,0.0,-6.104910576452938e-07,0.0,0.0,2.685904939391372e-06,0.0,-7.729394787337526e-07,0.0,0.0,0.0
2023-12-12,0.0,0.0001261742829610779,0.0,0.0,1.2286160003029134e-06,8.716796137107488e-08,-0.002732538227206649,0.0002419332339971894,-0.0020125599310352182,0.00012285317675788873,-4.306620702742951e-05,0.0,1.20175852546514e-06,0.0,0.0,-8.63851675322316e-06,0.0,4.819596839929295e-07,0.0,0.0,0.0
2023-12-13,0.0,-0.002104520393511833,0.0,0.0,-1.259004074574536e-06,-1.467680427609218e-07,0.001058130569731336,0.00021402251941238237,-0.000840485199380514,-0.00010724138683912421,3.0057499675044397e-05,0.0,9.790013499021697e-07,0.0,0.0,2.277582142953599e-06,0.0,-2.1744972571329543e-07,0.0,0.0,0.0
2023-12-14,0.0,-0.003197454349630313,0.0,0.0,-1.840580907704314e-07,-1.2945519438725847e-07,0.001843925709165667,0.0008883638964838625,-0.00059147046988417,7.194159527987645e-05,-1.0641347939661927e-06,0.0,8.456918250370328e-07,0.0,0.0,7.691752097925e-06,0.0,-4.185876563528009e-07,0.0,0.0,0.0
2023-12-15,0.0,0.0008768496382114133,0.0,0.0,1.0868083540085228e-06,7.084155634647946e-08,-7.471324064206586e-05,-0.0002798003571915647,-0.0018741226697681634,1.4470267987627683e-06,-2.6156210795694537e-05,0.0,-1.097711617181231e-07,0.0,0.0,-3.036488604582076e-06,0.0,2.778515368864588e-07,0.0,0.0,0.0
2023-12-18,0.0,0.003912376083705094,0.0,0.0,5.690704482715119e-07,6.149188220026924e-08,-0.0038473332925073045,0.00023021975898206148,-0.003706998978334819,9.314384016547231e-05,-2.507704931380573e-05,0.0,8.015774771715856e-07,0.0,0.0,-1.1142597430599359e-06,0.0,5.322376171043046e-07,0.0,0.0,0.0
2023-12-19,0.0,-0.0002993627797799603,0.0,0.0,-4.0495601599174486e-07,-9.47088315452534e-08,-0.0034074112579117466,-2.473567963762191e-06,0.0033030403411357656,-5.8715847375209046e-05,1.7985636438530225e-05,0.0,3.954405417955063e-07,0.0,0.0,3.096500548792423e-06,0.0,-2.746730833524521e-07,0.0,0.0,0.0
2023-12-20,0.0,0.0010548909351043578,0.0,0.0,-5.959872760185237e-07,3.396479210850681e-08,-0.002278031680628817,-0.0002082142925019445,0.005077990711200631,2.7961789522152475e-05,-2.730909156519433e-06,0.0,-1.1676574820307714e-06,0.0,0.0,1.1569465745713708e-06,0.0,1.3273091815518845e-07,0.0,0.0,0.0
2023-12-21,0.0,-0.0031046150181593957,0.0,0.0,5.51636477868811e-07,-1.4858858047377202e-08,0.0001016922557108002,0.0002165389823838293,-0.0012146784017610934,4.282899982952296e-05,-1.8872937797232738e-05,0.0,1.3818570580539138e-06,0.0,0.0,-3.0602696994110664e-06,0.0,1.7355224528229978e-07,0.0,0.0,0.0
2023-12-22,0.0,0.00026300320824113044,0.0,0.0,-4.850523279971257e-07,-5.9386481701176624e-08,2.7919362040496054e-05,-0.00015831439508766365,0.00042383216325497797,-5.547222443631067e-05,1.53828601615405e-05,0.0,-9.863479670090686e-08,0.0,0.0,1.425660184878547e-06,0.0,-2.9574631687060446e-07,0.0,0.0,0.0
2023-12-26,0.0,-0.0011445562263378284,0.0,0.0,-1.431684577708059e-07,-3.848269101506928e-08,0.00038159649817540164,0.00018951312626582645,-0.0010290503746436253,-5.911633718977405e-06,-6.142440011134079e-06,0.0,5.296728333056394e-07,0.0,0.0,8.384991129856633e-07,0.0,-5.81104371943339e-08,0.0,0.0,0.0
2023-12-27,0.0,0.00017987741749461716,0.0,0.0,-1.198704539648787e-07,-2.8904890227200922e-09,-0.0012352269506489821,0.00015563656746520743,5.505074100436991e-05,1.5707847945464065e-05,-4.682509980979098e-06,0.0,5.414397753016043e-07,0.0,0.0,-2.2013533807342493e-06,0.0,6.634881094706789e-08,0.0,0.0,0.0
2023-12-28,0.0,0.0011766617220946018,0.0,0.0,4.3710071312903526e-07,1.9450880296741153e-08,-0.0003429203476156828,-0.00011553238061130094,-0.0006822121072581622,5.57624641253987e-06,2.0992891240235317e-06,0.0,-2.3172052092381367e-07,0.0,0.0,-4.477166911849757e-06,0.0,-1.8333494697141204e-08,0.0,0.0,0.0
2023-12-29,0.0,-0.0002513487041863327,0.0,0.0,-1.0462531578726657e-07,7.122227531238561e-08,0.0020873381921139855,-0.0001689305821614001,-0.0008769250196402623,2.326483865518203e-05,1.1217525663041739e-07,0.0,-3.169682882987187e-07,0.0,0.0,1.9640120559532648e-07,0.0,-7.545302027206084e-08,0.0,0.0,0.0
2024-01-02,0.0,0.004621223250949796,0.0,0.0,-1.4896724752544086e-06,-8.365226184685431e-08,1.0723396110801087e-06,-0.00027024424822594956,0.001703095993943693,-7.854428584863626e-05,6.398607037001345e-05,0.0,-2.002824771435175e-06,0.0,0.0,9.615495260651048e-06,0.0,-5.148437466943881e-07,0.0,0.0,0.0
2024-01-03,0.0,0.0016309014201493222,0.0,0.0,3.40038617137442e-08,9.977353541461978e-08,-0.0005961307914375269,-0.0002447206621859835,0.0013618780646653117,4.448022240523958e-05,-1.0774850032653494e-06,0.0,-7.43250771706287e-07,0.0,0.0,7.176639014051106e-06,0.0,3.109860762630037e-07,0.0,0.0,0.0
2024-01-04,0.0,0.0011642985303807474,0.0,0.0,1.9073570677871155e-07,2.8886473209862795e-08,-0.0009518822245239145,0.00036375658774769754,-0.0016624383894747186,0.00014283108182091067,-2.6674147700514114e-05,0.0,2.3094444740196093e-07,0.0,0.0,-6.235649157019206e-06,0.0,9.863571537711374e-08,0.0,0.0,0.0
2024-01-05,0.0,0.0009323905115881936,0.0,0.0,8.090950263928945e-07,7.223303622566218e-08,-0.000737832240628955,0.00038110799489142477,-0.0036750394739858416,0.0001566965143598928,-3.694309829827772e-05,0.0,7.071372653391286e-07,0.0,0.0,-2.914192925363747e-06,0.0,4.215766953232991e-07,0.0,0.0,0.0
2024-01-08,0.0,0.0004911366152475782,0.0,0.0,2.778065010018303e-06,5.415868200110632e-08,0.002061439185673475,0.00031831373029739263,-0.010825613748921659,0.00012467424358440088,-5.5430663856778986e-05,0.0,1.993861929740993e-06,0.0,0.0,-1.1802595397317705e-05,0.0,9.626545579711473e-07,0.0,0.0,0.0
2024-01-09,0.0,0.0015166040285477245,0.0,0.0,2.4146805917202774e-07,6.58980745428906e-08,0.0015531563806486792,1.753359527176257e-05,-0.004057718645676001,2.4412780467955586e-05,-1.9778266905933796e-05,0.0,1.0623893569871603e-08,0.0,0.0,-5.775104857445065e-06,0.0,2.922056700352526e-07,0.0,0.0,0.0
2024-01-10,0.0,0.002015160184314968,0.0,0.0,1.4236816022570063e-06,8.294590366530865e-08,-0.0045869953903018845,-8.217800839820794e-05,-0.001980924820460306,0.00015551491024463557,-4.18592207468366e-05,0.0,1.194774678659155e-06,0.0,0.0,-7.716903027598125e-06,0.0,4.923184096819705e-07,0.0,0.0,0.0
2024-01-11,0.0,-0.014650046646870418,0.0,0.0,-7.698343234790138e-06,-4.783249164622076e-07,-0.021598481706885553,-0.0035054566561824284,-0.0018784053080584395,-0.0016546265046468202,0.005478009006987469,0.0,-6.545520319201732e-06,0.0,0.0,2.9795288245428877e-05,0.0,-4.247755079568317e-06,0.0,0.0,0.0
2024-01-12,0.0,-0.012193920413891585,0.0,0.0,-7.540270874334436e-06,-4.648470665712259e-07,-0.014826016438220263,-0.007993681834663691,0.0010096283776730441,-0.001480564251258646,0.004049695660208821,0.0,-5.97194977730942e-06,0.0,0.0,2.939810442515451e-05,0.0,-3.951659947851192e-06,0.0,0.0,0.0
2024-01-16,0.0,-0.005816498037659365,0.0,0.0,-5.401928384704519e-06,-3.598549432388678e-07,-0.004233359944729231,-0.008838581680726902,-0.007814336812584255,-0.0012857832830553226,-0.0005109076501356802,0.0,-5.6317707286583925e-06,0.0,0.0,1.7335121098392215e-05,0.0,0.004286804951786661,0.0,0.0,0.0
2024-01-17,0.0,-0.007202560792269205,0.0,0.0,-5.032435353071825e-06,-3.61869776955473e-07,0.0023081414340644923,-0.007000790263620899,0.0015834746639257768,-0.0011453742790670934,0.004395028009823969,0.0,-4.90117027400817e-06,0.0,0.0,1.99478812518322e-05,0.0,-0.00040338079546618994,0.0,0.0,0.0
2024-01-18,0.0,-0.007622354728215236,0.0,0.0,-4.809296709955617e-06,-3.233207148916088e-07,-0.02532980913910915,-0.0007048987045271222,-0.0012365383019306564,0.006274484673639039,0.004285776894351948,0.0,-3.829107089356121e-06,0.0,0.0,1.658270389190395e-05,0.0,-0.00038845066658339464,0.0,0.0,0.0
2024-01-19,0.0,-0.000856962191064542,0.0,0.0,-3.950996757113453e-06,-2.930290971233229e-07,-0.016637489337541445,-0.0006204963769510016,-0.007106018159400929,0.0069082808856003215,7.56591073101387e-05,0.0,-3.2279540781849877e-06,0.0,0.0,1.5246501148550781e-05,0.0,-0.00031466923375148914,0.0,0.0,0.0
2024-01-22,0.0,-0.0027860396533129356,0.004963367100395176,0.0,-3.8931441500085986e-06,-3.393005532170959e-07,-0.006749910302938422,-0.000543241777781707,-0.0004016483806246196,0.006901469203835445,-9.649182526357339e-06,0.0,-3.498004506379088e-06,0.0,0.0,1.6163616875630087e-05,0.0,-0.0003340065627438064,0.0,0.0,0.0
2024-01-23,0.0,-0.0026745839369898827,-0.0005338241607968502,0.0,-3.698172582817887e-06,-2.3756081922914435e-07,-0.014477936057948407,-0.0005362558022529544,0.00012228635857541859,0.0075153892763009204,1.5721208035862633e-05,0.0,-3.140430941775927e-06,0.0,0.0,1.3973806609041925e-05,0.0,-0.0002697168720109714,0.0,0.0,0.0
2024-01-24,0.0,-0.00994626190730341,-0.0004067438317102599,0.0,-2.5051125118350306e-06,-1.7270477335106202e-07,-0.030539597173411148,0.005107625931484747,-0.002022279279598138,0.005270271401306648,0.0002304274188107934,0.0,-2.3102974364502287e-06,0.0,0.0,1.2513058744133818e-05,0.0,-0.00019692643885558863,0.0,0.0,0.0
2024-01-25,0.0,0.008412152381014504,-0.0003668513049473283,0.0,-2.988643384771931e-06,-2.1483795770018897e-07,-0.02844824414780782,0.003569277594295527,7.72377214190989e-05,-0.004176024291328316,-0.0013724940032601666,0.0,-2.5453168538746742e-06,0.0,0.0,1.3627932658662713e-05,0.0,-0.00024154627664060933,0.0,0.0,0.0
2024-01-26,0.0,0.023148628899081605,-0.0003801041223770434,0.0,-2.7481056401187584e-06,-1.907600593436673e-07,-0.021251900907706754,-1.136747183719082e-05,0.0018993777887724161,-0.003745051082084415,-0.0012367501218021916,0.0,-2.382146164408168e-06,0.0,0.0,1.141144171155083e-05,0.0,-0.00020844137816846352,0.0,0.0,0.0
2024-01-29,0.0,0.025149345548692997,-0.0002790018285230337,0.0,-2.360732766710165e-06,-1.8010551311482566e-07,-0.01575052102867462,-4.9477425590794405e-05,-0.0038683602409609885,-0.007706265109228564,-0.0010778720541581698,0.0,-1.8854188496388643e-06,0.0,0.0,8.292060337037729e-06,0.0,-0.00017964193030227588,0.0,0.0,0.0
2024-01-30,0.0,0.03445320726090015,-0.0003401411501811969,0.0,-2.235660471973294e-06,-1.3919155714883708e-07,-0.008516972540106523,1.8429430927368803e-05,-0.0018943550271448006,-0.0025671849690213806,-0.0009905927947693252,0.0,-1.8854515418237847e-06,0.0,0.0,9.352000007066614e-06,0.0,-0.00016934554056176137,0.0,0.0,0.0
2024-01-31,0.0,0.031032077782108064,-0.00027542373487679647,0.0,-2.0719973443043698e-06,-1.1077729121153542e-07,-0.0016611926071105655,0.000262820559117442,0.0038231751133580016,-0.0021210914750081113,-0.0007995381883852265,0.0,-1.8390474711813256e-06,0.0,0.0,6.616133390275502e-06,0.0,-0.00014231264593813362,0.0,0.0,0.0
2024-02-01,0.0,0.028114862957748954,-0.0002152202983043876,0.0,-1.7367783490418165e-06,-1.231779747573263e-07,-0.0018301645071430346,-0.0013734829729255653,-0.0033177353367558338,-0.0021940358256267722,0.0037025760807163407,0.0,-1.2608584789440517e-06,0.0,0.0,5.967379025179859e-06,0.0,-0.00014181198081644666,0.0,0.0,0.0
2024-02-02,0.0,0.032367642740807584,-0.00017798199479864734,0.0,-1.1674957645015432e-06,-8.50333374717793e-08,0.0018087380839810659,-0.0012096284489265512,-0.00923221184918116,-0.0019760557430056926,9.786049787380638e-05,0.0,-1.2579273621701115e-06,0.0,0.0,5.157084065933256e-06,0.0,-0.00010897109342538226,0.0,0.0,0.0
2024-02-05,0.0,0.023740303447836564,-0.0001646244078517341,0.0,-1.1401173743946725e-06,-7.148406726050454e-08,0.005981151350277679,-0.0007701939162575531,-0.009473661800054545,-0.0014953955798208962,0.0002328615653308195,0.0,-1.1155548825790093e-06,0.0,0.0,4.551171858670061e-06,0.0,-8.730553507399095e-05,0.0,0.0,0.0
2024-02-06,0.0,-0.0015195276926279755,-0.00018223744921491898,0.0,-1.3883064839545407e-06,-9.903007896924177e-08,0.03151244178309298,-0.0009885634333832646,0.0039034196939885524,-0.001613735544007195,-6.852542558520407e-05,0.0,-1.105881262203835e-06,0.0,0.0,5.242841176349822e-06,0.0,-0.00010990445203059641,0.0,0.0,0.0
2024-02-07,0.0,-0.0008649709504535141,-0.00013846522720919368,0.0,-9.85167768633094e-07,-6.624767137462819e-08,0.033665069922016407,-0.0009259564252275445,-0.0033656685915852136,-0.0013796644779394927,9.240216156853644e-05,0.0,-8.401743068524944e-07,0.0,0.0,3.892509529360845e-06,0.0,-8.149737493891177e-05,0.0,0.0,0.0
2024-02-08,0.0,-0.0007230429293074159,-0.00015550410634172936,0.0,-1.048079582059981e-06,-8.376281296473213e-08,0.028860543390908877,-0.0007954896878803151,0.0014679537033639445,-0.0013415281281892299,-0.0011862549184172236,0.0,-9.200844201038366e-07,0.0,0.0,4.479957270165536e-06,0.0,-8.104991868636226e-05,0.0,0.0,0.0
2024-02-09,0.0,-0.0029159298391916444,-0.00010882270514437145,0.0,-7.397509589024563e-07,-6.399431304070158e-08,0.02984946726892722,-0.000692555944678935,-0.0049852292230335715,-0.0010819435640153849,-0.0009273874324358649,0.0,-6.624435959275947e-07,0.0,0.0,2.431402580942362e-06,0.0,-6.049028842551433e-05,0.0,0.0,0.0
2024-02-12,0.0,0.004678828670077462,-0.00011477420043264986,0.0,-8.666885786873541e-07,-7.180808963662987e-08,0.022298767717528978,-0.0005878422624262126,-0.002241028495842623,-0.0010661087520507113,-0.000988505442125755,0.0,-7.729711752472017e-07,0.0,0.0,3.7777155504842294e-06,0.0,-6.894086720106083e-05,0.0,0.0,0.0
2024-02-13,0.0,0.004613101349123905,-0.00011073853251828292,0.0,-7.403002643743052e-07,-3.6696245438589255e-08,0.02028017831352108,0.004190883259660335,-0.0032473345498533757,-0.0009052044400996804,-0.0008269873451410359,0.0,-7.789250231933769e-07,0.0,0.0,2.9561018104177287e-06,0.0,-5.870367701664263e-05,0.0,0.0,0.0
2024-02-14,0.0,-0.003055546185762814,-7.10798486252619e-05,0.0,-5.561624983479238e-07,-4.955051349519698e-08,0.00928222042884394,0.0040432884556637315,-0.001350213721858673,0.0032795982351374302,-0.0006951381498442061,0.0,-4.7193015239493736e-07,0.0,0.0,2.130087104697656e-06,0.0,-5.1622174101392945e-05,0.0,0.0,0.0
2024-02-15,0.0,0.0006475445390360379,-7.834999247101674e-05,0.0,-6.499419707382704e-07,-5.3245309999321855e-08,0.011193823912087592,0.0001153075513160521,0.005409240948855809,0.0038411620309093883,-0.0007271394378984735,0.0,-5.032892202742491e-07,0.0,0.0,3.000578875616294e-06,0.0,-5.0080277417491575e-05,0.0,0.0,0.0
2024-02-16,0.0,-0.0013758469041040833,-7.435822455324856e-05,0.0,-6.017789190058227e-07,-3.488255714011414e-08,0.01985859451600433,8.18882845313694e-06,-0.0014804504497261672,0.0028588771646868346,-0.0006186779254165158,0.0,-5.023529127215585e-07,0.0,0.0,2.2246561576065113e-06,0.0,-4.195957845831282e-05,0.0,0.0,0.0
2024-02-20,0.0,0.00016261801501327167,-8.876140962780935e-05,0.0,-6.197628021859821e-07,-3.5891220799645706e-08,0.010175773103841018,-0.00023622906660858943,0.006966752097841478,-0.00023396467340737123,-0.0006278151243990573,0.0,-5.014670700156544e-07,0.0,0.0,2.093246151146363e-06,0.0,-4.3913127091117006e-05,0.0,0.0,0.0
2024-02-21,0.0,-0.007213032472312364,-7.021907877282079e-05,0.0,-4.923914897780452e-07,-3.245416106620241e-08,0.000858571187803886,-0.0001276510901850724,0.005315487109376349,0.0013311354151782778,-0.0005542314731663859,0.0,-4.1960162060436153e-07,0.0,0.0,2.217005626293833e-06,0.0,-3.902832504023982e-05,0.0,0.0,0.0
2024-02-22,0.0,0.0076658545730486916,4.1595795033134335e-05,0.0,2.969962678749486e-07,1.8477008570657998e-08,0.008797227902239468,0.000694154163414118,-0.02700563037539122,0.0008855745361986932,0.00024032138707114504,0.0,2.5719047875416026e-07,0.0,0.0,-1.122242840263337e-06,0.0,1.9038642206906933e-05,0.0,0.0,0.0
2024-02-23,0.0,0.003100979905605261,-5.8833826292832765e-05,0.0,-4.480048447709821e-07,-2.992836883804382e-08,0.0113905164752644,-0.0014054556404741025,-0.002837459552383015,0.005840751242167597,-0.0004780091633171451,0.0,-3.685586603007883e-07,0.0,0.0,1.5334470707994418e-06,0.0,-3.41608276839106e-05,0.0,0.0,0.0
2024-02-26,0.0,-0.004997148540670016,-5.180838172952595e-05,0.0,-3.415173032637955e-07,-2.5670620529134193e-08,0.010919476444518517,-0.0011071256192748055,0.00021439574539122708,0.0052798551755890676,0.0037249136869730937,0.0,-2.9542635768344035e-07,0.0,0.0,1.393779721304807e-06,0.0,-2.633410187860097e-05,0.0,0.0,0.0
2024-02-27,0.0,-0.001229057554470725,-4.5250700432783865e-05,0.0,-3.246206501564588e-07,-2.5802763743739685e-08,0.003889107550411608,0.0033799127440408347,0.0013735469286769164,0.005152080251877758,0.0037668665815118853,0.0,-2.844949346537964e-07,0.0,0.0,1.2082709233392481e-06,0.0,-2.5479644594764058e-05,0.0,0.0,0.0
2024-02-28,0.0,-0.003250633188906449,-3.7084175835502354e-05,0.0,-3.1680437846906025e-07,-1.9794640170663233e-08,0.008257217396212158,0.003491736171590907,0.0020128460969053297,0.0038536763471069962,0.0032465323439716948,0.0,-2.699882164283416e-07,0.0,0.0,1.17590628232116e-06,0.0,-2.4601160622229103e-05,0.0,0.0,0.0
2024-02-29,0.0,-0.0037319270663745963,-3.140003427219701e-05,0.0,-2.4620157164705117e-07,-1.7298247048330346e-08,0.010157209526179822,0.0030617265091447653,-0.0015292156165462867,0.003887103220108476,0.0033855212158116193,0.0,-2.0511012254920646e-07,0.0,0.0,9.446187312102756e-07,0.0,-1.8416040543429556e-05,0.0,0.0,0.0
2024-03-01,0.0,-0.0044193812342112615,-2.3105958053357394e-05,0.0,-2.1494244619459637e-07,-1.3447234673804495e-08,0.0076677686637176,-0.001604766880119797,-0.002426330939670651,0.0009989732808610152,0.00398438326636693,0.0,-1.4259177137714822e-07,0.0,0.0,7.599491616312336e-07,0.0,-1.3780795203921991e-05,0.0,0.0,0.0
2024-03-04,0.0,-0.0005837858400095652,-2.9439159971070598e-05,0.0,-2.2969932956534886e-07,-1.3301019678988027e-08,0.00549405856353169,-0.0017062560922978948,-0.007745908264126911,-0.003835498131357591,0.00024098304458059633,0.0,-1.6788599469123387e-07,0.0,0.0,6.6207926344188e-07,0.0,-1.551451848711582e-05,0.0,0.0,0.0
2024-03-05,0.0,-0.0007418112392810206,-2.571221835317769e-05,0.0,-2.2540026519373867e-07,-1.3457289133622705e-08,0.0012307717029897969,-0.001392295921072777,-0.006141534319984765,0.0023884773733686207,0.0020037939399637633,0.0,-1.8227688265194255e-07,0.0,0.0,8.775753033629356e-07,0.0,-1.5145627148848497e-05,0.0,0.0,0.0
2024-03-06,0.0,-0.006972558173020282,-2.0100831889666013e-05,0.0,-1.5138480817078968e-07,-1.0341903185776924e-08,0.003443906952856679,-0.0011969579666921693,-0.0025119907951344222,0.0005452043199542927,0.002359627508330124,0.0,-1.1270412948287468e-07,0.0,0.0,5.48257842826631e-07,0.0,-1.118338148358019e-05,0.0,0.0,0.0
2024-03-07,0.0,0.0004759141198663608,-1.5134256006988999e-05,0.0,-1.1455715360780229e-07,-8.179761357269409e-09,0.0010783791763868678,-0.0011827544103537677,-0.00260936496388825,0.0010948215258502272,-0.001972790953051421,0.0,-8.422178934985206e-08,0.0,0.0,4.576283781002132e-07,0.0,-9.049769505872028e-06,0.0,0.0,0.0
2024-03-08,0.0,0.008586706063803351,-2.4705716527973485e-05,0.0,-1.9707163064630434e-07,-1.2699725866807417e-08,-0.006858881413485063,-0.001556304330407876,0.0061293022561115795,0.0010835188277567367,-0.0028767229462849098,0.0,-1.5986617093655273e-07,0.0,0.0,7.314963801410518e-07,0.0,-1.3931320813002018e-05,0.0,0.0,0.0
2024-03-11,0.0,0.0045689674112956435,-2.371917854112208e-05,0.0,-0.003906756218459883,-1.026921386043951e-08,0.004741626919087694,-0.0013664478440741125,-0.002504829320642943,-0.0006645542792393724,-0.002571536053954021,0.0,-1.381289054872607e-07,0.0,0.0,6.622509539296676e-07,0.0,-1.1671503842156517e-05,0.0,0.0,0.0
2024-03-12,0.0,0.004662229881160163,4.2176069843589785e-06,0.0,-0.00020061737486746882,3.1693210308263545e-09,0.0016656995665551566,0.00012534254504002404,-0.00978078151993328,0.0010889638375017052,0.0005236420146274533,0.0,3.755114003583571e-08,0.0,0.0,-1.778406431178574e-07,0.0,3.0126915746351283e-06,0.0,0.0,0.0
2024-03-13,0.0,0.005688649958877634,-1.6528498659811768e-05,0.0,0.0004689130684506033,-8.922705691200824e-09,-0.0007071602606659178,0.005963873823060984,0.00012912007054649566,-0.0005799998065580333,-0.0020061169838450597,0.0,-1.0658769864869247e-07,0.0,0.0,5.510375423501112e-07,0.0,-9.80212869516371e-06,0.0,0.0,0.0
2024-03-14,0.0,0.002722803046272204,-1.6352139630891805e-05,0.0,0.0003935396322548978,-6.723236875856839e-09,-0.0020554964478821103,0.005225190519904447,0.005397898581392058,-0.004832183099897441,-0.0018539479265394076,0.0,-1.0457277187516506e-07,0.0,0.0,4.865992769080482e-07,0.0,-8.536520862679784e-06,0.0,0.0,0.0
2024-03-15,0.0,0.003443938693208526,-1.643868462754741e-05,0.0,0.0003504936634562833,-7.174667684465255e-09,0.0011003468234968006,0.005258842274622193,-0.00324969336208647,-0.003896874795423423,-0.0015632486866247793,0.0,-8.899682020289247e-08,0.0,0.0,4.043640671269826e-07,0.0,-7.844915832922955e-06,0.0,0.0,0.0
2024-03-18,0.0,0.005506644109135095,-1.0686363107872843e-05,0.0,0.00026898811176123303,-4.838238053248961e-09,-0.004713023300719654,0.004500007821766811,0.001158060419110818,-0.003534609885704171,-0.0013008280344748106,0.0,-6.608448041909382e-08,0.0,0.0,2.9948670514393525e-07,0.0,-5.849488779809654e-06,0.0,0.0,0.0
2024-03-19,0.0,0.0009247802663174265,-8.740742282793351e-06,0.0,0.00024525080825540946,-5.0713189037188885e-09,0.002398613627898949,0.003393282201669713,-0.0012463964091647406,-0.003082429393540042,-0.0012141600539902746,0.0,-6.224760616280748e-08,0.0,0.0,3.0380110518795835e-07,0.0,-5.882212002162206e-06,0.0,0.0,0.0
2024-03-20,0.0,-0.0004375353491831713,-8.701893142905524e-06,0.0,0.00023244685015296265,-4.9096214235324785e-09,-0.000950555787148033,0.0015747699031027837,0.001391187912903824,-0.0028098316861305712,-0.0010441747908935452,0.0,-4.7185549095978615e-08,0.0,0.0,2.191681456416803e-07,0.0,-5.051903588564455e-06,0.0,0.0,0.0
2024-03-21,0.0,-0.0004364341303225716,-7.745474700355509e-06,0.0,0.0001893717505926664,-4.225099213894508e-09,0.002107900051156242,0.0005022854224671011,-9.151890461039924e-05,-0.00243953056790178,-0.0009172965742783885,0.0,-5.0336058439308245e-08,0.0,0.0,2.2301778759931484e-07,0.0,-4.616938914621383e-06,0.0,0.0,0.0
2024-03-22,0.0,0.005412598168907268,-7.347169753644609e-06,0.0,0.0001645303041203374,-2.9990468818438514e-09,0.0010581341184858761,-0.00338950053594074,-0.007230600196092285,-0.0022030854441397116,-0.0008141200778826411,0.0,-4.6450819106176005e-08,0.0,0.0,1.9185465836848715e-07,0.0,-3.763080226842718e-06,0.0,0.0,0.0
2024-03-25,0.0,-0.0004279681920194567,-8.27381637655059e-06,0.0,0.0001824162872385369,-3.53543358089552e-09,0.0031186980213008253,-0.0029307860675479337,-0.0030118792841996034,-0.0020635014968411053,-0.0007947354451764248,0.0,-4.215803291304843e-08,0.0,0.0,2.106197580511748e-07,0.0,-3.5964751883572e-06,0.0,0.0,0.0
2024-03-26,0.0,-0.002004393661661219,-6.418186753531922e-06,0.0,0.00018105190162142314,-3.3860416510902296e-09,-9.040113982650144e-05,-0.0032829022198242845,0.0033655879656119825,-0.002067908241436777,-0.0007994976425082494,0.0,-4.325860702696615e-08,0.0,0.0,1.789706548755724e-07,0.0,-3.698204662840651e-06,0.0,0.0,0.0
2024-03-27,0.0,-0.003180043173487135,-6.042780655907011e-06,0.0,0.00016015422617582137,-3.529310467615468e-09,-0.0011148853663990321,-0.0028564663235556807,0.005147229317667978,-0.0018720453060943384,0.003138067044352243,0.0,-3.6879000705536645e-08,0.0,0.0,1.7792104758712134e-07,0.0,-3.7443393883872804e-06,0.0,0.0,0.0
2024-03-28,0.0,-0.0006693706986741765,-5.2357149220429795e-06,0.0,0.00014907042381752064,-2.6736425594489096e-09,0.0032700382669189065,-0.002500517561713402,-0.002112154830629709,-0.0015780590150063847,-0.0010235956039329648,0.0,-3.3305325502604106e-08,0.0,0.0,1.5981308946712118e-07,0.0,-2.886781623714827e-06,0.0,0.0,0.0
2024-04-01,0.0,-0.00373114049440304,-4.449920642579259e-06,0.0,0.00011415393652363932,-1.7960491006298343e-09,-0.00034670509510903447,-0.0021614424449204993,0.003194902432058999,-0.0012695817973077759,-0.0007767499924859356,0.0,-2.612514535968206e-08,0.0,0.0,1.2111850200768172e-07,0.0,-2.0364511731071875e-06,0.0,0.0,0.0
2024-04-02,0.0,0.0056461120988991476,1.8530353014565117e-07,0.0,2.286443736421672e-05,2.1529984490616494e-10,-0.005957321381751146,-4.572229666603006e-06,0.0007427587178275297,1.265653802726488e-05,-9.843079723259943e-06,0.0,-1.547505608556551e-09,0.0,0.0,2.4073468585637743e-08,0.0,-6.576653840137739e-08,0.0,0.0,0.0
2024-04-03,0.0,-0.001749435975378466,4.134193940443523e-07,0.0,5.895145518276367e-07,3.2804855929193434e-11,-0.0031931335510443914,0.0002061625282494539,0.004095172843179118,7.354294482235686e-05,5.5992092772984975e-05,0.0,3.185787922325846e-09,0.0,0.0,-1.5074495419161443e-09,0.0,6.766450985714494e-08,0.0,0.0,0.0
2024-04-04,0.0,0.0032773149344472174,-7.990967379614697e-07,0.0,1.0974935841925621e-05,-1.291894206209756e-10,-0.007417517946568863,-0.00020262699641716495,0.005372555245009292,-1.4652339572368903e-05,-3.3690852784694705e-05,0.0,-4.1115235858355885e-09,0.0,0.0,1.7682738609730648e-08,0.0,-1.7031227611366922e-07,0.0,0.0,0.0
2024-04-05,0.0,-0.0004923250792967515,5.639851407157698e-07,0.0,-8.850289691665321e-06,4.4818714170479893e-10,-0.0019085196679576866,0.0001465104342466446,0.0003887232327143275,0.00017291322959575757,0.0001209449438300432,0.0,6.167808334145231e-09,0.0,0.0,-1.6791387688103926e-08,0.0,2.638996827093279e-07,0.0,0.0,0.0
2024-04-08,0.0,-0.002967416718228477,5.096774240381883e-08,0.0,1.3174058205226791e-05,-2.425477456896527e-10,0.0026026830019566516,-8.758970311912792e-05,0.0009831024319191806,-8.601583052403848e-05,-5.700061116928855e-05,0.0,-1.3110607386890525e-09,0.0,0.0,3.835092924466261e-10,0.0,-1.0899738131041456e-07,0.0,0.0,0.0
2024-04-09,0.0,-0.0037308387621270978,-4.524773364925796e-07,0.0,1.0920212508372645e-05,-1.8237971384794132e-10,-0.00019952109813564656,-0.00017931097933433435,0.0045678518577235705,-0.00010986543895434055,-5.0081999224965354e-05,0.0,-1.2071947836377534e-09,0.0,0.0,6.131474018162996e-09,0.0,-6.385438763958204e-08,0.0,0.0,0.0
2024-04-10,0.0,0.005417701864041058,-2.3762313315433365e-07,0.0,-1.241042293835472e-05,5.810285310171698e-10,-0.0008957679881729241,0.00019096322770965207,-0.0051176334019515934,0.00014101653331396492,0.00010016558183203583,0.0,-1.9768322217822012e-09,0.0,0.0,4.39999143701223e-10,0.0,2.490863290417381e-07,0.0,0.0,0.0
2024-04-11,0.0,0.0006218003507451608,8.750545427359361e-07,0.0,-6.816160417844139e-07,2.6628031142973244e-10,0.004108340638054986,0.00017727517239092896,-0.006298869341180513,5.106366467314688e-05,9.904298093681846e-05,0.0,4.84132225013239e-09,0.0,0.0,-2.3210883298557972e-08,0.0,4.2074543419322633e-07,0.0,0.0,0.0
2024-04-12,0.0,0.001899557799428686,-1.2993722574134887e-06,0.0,1.1247027945944206e-05,-1.2884827131284396e-10,-0.0008172407346214716,-0.0001985673431285917,0.0007707757728837583,-0.00010263555360693309,-8.240019762193341e-05,0.0,-8.056808888100912e-09,0.0,0.0,8.893803402977937e-09,0.0,-3.0030415472997717e-07,0.0,0.0,0.0
2024-04-15,0.0,-0.002962315448610031,-1.0207348802189543e-06,0.0,3.6671910693932865e-05,-5.0471314261665924e-11,0.0016873639230648996,4.70234718882058e-05,0.00228134034855465,-8.920211071277578e-06,-3.6646565598455645e-05,0.0,-4.71797920354925e-09,0.0,0.0,8.709085283983088e-09,0.0,-2.2204656268751534e-07,0.0,0.0,0.0
2024-04-16,0.0,-0.03279663696188695,-2.4599546105631825e-06,0.0,8.929748552444531e-05,-1.647771206305779e-09,-0.025571061598827938,-0.001729302072697371,-0.03078546628227946,-0.0010660887345100307,-0.0006655179738068676,0.0,-2.185020988274112e-08,0.0,0.0,8.637205902338394e-08,0.0,-1.860243262378356e-06,0.0,0.0,0.0
2024-04-17,0.0,0.010272186663098037,-1.6393273200571287e-06,0.0,2.3701227170192267e-05,-4.057129298902243e-10,-0.00592463285051259,-0.0004669469362952594,0.0015232191199089917,-0.00023270716564036988,-0.0001933542740893135,0.0,-6.748450046655521e-09,0.0,0.0,3.040697743511909e-08,0.0,-5.583833235490198e-07,0.0,0.0,0.0
2024-04-18,0.0,0.00562133676250004,-7.102979053349542e-07,0.0,2.9034778169251957e-06,1.9826458236222086e-11,-0.004111439173045572,0.0003294268265961707,-0.0019780059636553826,6.671872560657169e-05,1.6590295523186138e-05,0.0,-4.081710451432274e-10,0.0,0.0,-3.3751986192529423e-09,0.0,7.488548466194966e-08,0.0,0.0,0.0
2024-04-19,0.0,-0.003976297792624484,-2.4694958632146514e-06,0.0,4.705085545600332e-05,-8.913393533075869e-10,-0.0017701299974279827,-0.0006200286880767639,0.014148322002205976,-0.0003031388363812105,-0.0002787904097624515,0.0,-1.0785531195723765e-08,0.0,0.0,6.032369376421594e-08,0.0,-9.219947884156611e-07,0.0,0.0,0.0
2024-04-22,0.0,0.0004967342609006331,1.00094963028736e-06,0.0,-3.792720696511702e-05,9.389120960084295e-11,0.004069472961551579,0.00020801671325663615,-0.007359954639471311,7.067197322858931e-05,5.116204487489763e-05,0.0,3.6162816530122265e-09,0.0,0.0,-9.931087391259245e-09,0.0,1.769758512462146e-07,0.0,0.0,0.0
2024-04-23,0.0,-0.001667245118524785,1.2965884816239275e-06,0.0,-2.7837138513641052e-05,1.9769244926302335e-10,-0.0005773793628447987,0.0001980702962035251,-0.0023939073427378665,0.0001426402748774102,0.00011285087918132004,0.0,7.180300636239261e-09,0.0,0.0,-2.231771487787201e-08,0.0,2.7600568935357207e-07,0.0,0.0,0.0
2024-04-24,0.0,-0.000780019362748352,-1.2617893230823526e-06,0.0,1.0409899983627948e-05,-1.5618607007975523e-10,-0.0021403081816986913,-0.0002966223637439723,0.005468653048625205,-0.00018449323044220783,-9.0259237838901e-05,0.0,-3.196710578771054e-09,0.0,0.0,1.3967924530944496e-08,0.0,-1.0367927260978129e-07,0.0,0.0,0.0
2024-04-25,0.0,-0.0074429984772089175,-7.392947383800857e-08,0.0,2.0312836104907726e-05,-1.799432528579205e-10,0.024275407966395074,0.00014928702786130496,-0.014399504470278823,-0.00012518317523585454,-8.727177130982318e-05,0.0,-3.14738766295659e-09,0.0,0.0,2.0768623536221488e-08,0.0,-3.8213793689974686e-07,0.0,0.0,0.0
2024-04-26,0.0,0.0009792861140646147,1.017773152235248e-06,0.0,-1.913169649952562e-05,2.59835903673386e-10,0.005323273201886969,0.00010112111818066233,-0.010241095031680636,9.530593572966428e-05,0.00010331500603708021,0.0,4.3844906539777e-09,0.0,0.0,-3.3422696298086065e-08,0.0,4.474903661181174e-07,0.0,0.0,0.0
2024-04-29,0.0,0.0001977409464357649,9.432241891486307e-07,0.0,6.692274778049689e-06,-3.1301922304960653e-10,0.004008045672915628,1.298666223826725e-05,-0.00258342974610154,-0.0001489474934218242,-9.13978218346238e-05,0.0,-1.390113345437295e-09,0.0,0.0,1.6188701896631743e-08,0.0,-3.1988560861286687e-07,0.0,0.0,0.0
2024-04-30,0.0,0.0063106056875520955,2.1515807997265232e-08,0.0,-2.051083866238916e-06,4.6719629018614543e-11,-0.0032663426522244188,0.0002544227161658946,-0.0006164785407383189,1.2740753797238838e-05,-1.3355417122252154e-05,0.0,-5.402625717941078e-09,0.0,0.0,-1.2148424769285871e-08,0.0,-3.690523569678376e-08,0.0,0.0,0.0
2024-05-01,0.0,0.0031608930020694537,7.608283927347588e-07,0.0,1.8367097055342423e-05,-2.3329632514593956e-10,-0.008619799242575277,-0.0004459152299215695,0.007605762252685666,-4.025647601391298e-05,-5.4092963206028334e-05,0.0,-2.2095793117674957e-09,0.0,0.0,-5.13332914953059e-09,0.0,-1.6764545161389953e-07,0.0,0.0,0.0
2024-05-02,0.0,-0.0010781751281797591,1.1547312418713109e-06,0.0,-1.8053012512722383e-05,-3.461047304113818e-11,0.0029274929220443613,0.000161236243906928,-0.00459598994017929,4.139545598862669e-05,5.0732991675813896e-05,0.0,5.426432265193777e-09,0.0,0.0,-1.0790822462122035e-08,0.0,2.143041468503527e-07,0.0,0.0,0.0
2024-05-03,0.0,-0.002673888995311291,1.4005976441671807e-07,0.0,-2.487999293762839e-05,2.932667702117277e-10,0.0007811170087083652,7.042208768570646e-05,-0.0022968871735314367,6.763594976476328e-05,9.808740410026124e-05,0.0,6.524517209065872e-09,0.0,0.0,-2.6240040820814778e-08,0.0,3.843689308122934e-07,0.0,0.0,0.0
2024-05-06,0.0,0.0017808643156517756,1.106383566490865e-06,0.0,-1.200935116107602e-05,1.912985528724673e-10,-0.0018503979476633958,0.00011676757770187618,-0.003851777345200591,0.00014039493853143167,9.410073809987957e-05,0.0,5.068267987782075e-09,0.0,0.0,-1.5757888242009428e-08,0.0,2.6904590478987427e-07,0.0,0.0,0.0
2024-05-07,0.0,0.000967523839536133,-1.273111233574861e-06,0.0,1.2166158610164369e-06,-1.4737690663350937e-10,-0.003093926087341048,7.485200666725034e-05,0.003061051229000189,-6.784657026749803e-05,-5.004967722754914e-05,0.0,-1.9630589993767737e-09,0.0,0.0,4.9901695228255525e-09,0.0,-1.7350491807663823e-07,0.0,0.0,0.0
2024-05-08,0.0,-0.00012591181061000212,2.1001520875984256e-07,0.0,-5.5888959481078604e-06,1.60946103697489e-10,-0.001679700818386809,3.2174589147254684e-06,0.001268877541049096,4.1354243480104524e-05,2.150578655868169e-05,0.0,3.884404687751095e-10,0.0,0.0,-4.3254995084679135e-09,0.0,6.238524242459736e-08,0.0,0.0,0.0
2024-05-09,0.0,-0.0013307366059642778,-4.962949279674816e-08,0.0,1.70001351315793e-05,-2.3179772765842e-10,-0.002332428115341012,-0.00012319286329607118,0.004275875039991162,-5.3816203219083855e-05,-5.987747253356941e-05,0.0,1.8781455501250379e-10,0.0,0.0,1.618323751188363e-08,0.0,-2.5265408912648313e-07,0.0,0.0,0.0
2024-05-10,0.0,-0.002531620883036767,-7.285543917606724e-08,0.0,-8.138400494021175e-07,2.9815582816927887e-10,0.0019929749430940835,5.51946560999432e-05,-0.001016304453239636,7.408370532966356e-05,5.492531893002469e-05,0.0,1.7134612857470825e-09,0.0,0.0,-1.4612000311579957e-08,0.0,1.6583752867927208e-07,0.0,0.0,0.0
2024-05-13,0.0,0.0019294810601321322,1.4678849273101115e-06,0.0,-3.963072257776859e-06,-1.6263847777273226e-10,0.0027888388295732036,-7.858469971194076e-05,-0.0034434474428073902,-0.00010288534722103192,-5.0199554377553315e-05,0.0,-1.479016039257927e-09,0.0,0.0,4.275350567669043e-09,0.0,-5.3923256624144805e-08,0.0,0.0,0.0
2024-05-14,0.0,0.001914214300181738,-1.8100562265825377e-07,0.0,3.5153253281349243e-06,-1.0286577264091644e-10,-0.0009624781447130082,-3.9052421841882096e-05,-0.0016079140853642038,-1.985653499867769e-05,4.675146928626375e-07,0.0,1.5198934082946153e-09,0.0,0.0,-3.3959596866623957e-09,0.0,9.803657929738604e-08,0.0,0.0,0.0
2024-05-15,0.0,-0.000543035881063525,5.527146369380974e-07,0.0,-8.88573247387499e-06,1.8031524479782245e-10,0.0005228534477388358,8.798712845249287e-05,-0.003624207500173615,7.630509825385691e-05,7.186318686807757e-05,0.0,6.479940547290682e-09,0.0,0.0,-2.037259636840275e-08,0.0,3.1878759711480095e-07,0.0,0.0,0.0
2024-05-16,0.0,0.006253277243680466,-3.327766200904166e-06,0.0,9.766333720838015e-05,-1.8493315128304716e-09,0.010549563613613255,-0.0018503628108372007,0.006648604067870156,0.0032062735586463886,-0.0007672356930053257,0.0,-2.5284489732516558e-08,0.0,0.0,1.0771580359778703e-07,0.0042550593733669175,-2.0785039252396267e-06,0.0,0.0,0.0
2024-05-17,0.0,-0.002931101681294457,-1.3691581050486454e-07,0.0,1.765182565564979e-05,-8.886471765979642e-11,-0.000549027527380952,-4.606903214108074e-05,0.004247176928109941,-6.184630297729338e-05,-3.969676410030872e-05,0.0,-9.638993272267331e-10,0.0,0.0,1.69890659730662e-08,-5.204734886554013e-05,-1.0582786421503305e-07,0.0,0.0,0.0
2024-05-20,0.0,-0.001641272547748096,-3.057723713678363e-08,0.0,-4.696178270455144e-06,1.212508862607224e-10,0.00452965113367948,-4.023795883600911e-05,-0.004255873589420811,3.922540603682953e-05,5.468555296272992e-05,0.0,1.6792474967504334e-09,0.0,0.0,-1.4692649505351988e-08,0.0001003402115193246,1.399614378965574e-07,0.0,0.0,0.0
2024-05-21,0.0,0.00012836806884486407,-3.659165899127528e-06,0.0,8.535814935578838e-05,-1.6769140547544164e-09,0.011200556171357401,-0.0017950248012490334,0.006897407304530423,0.002439728087333103,-0.0006842874556506964,0.0,-2.1145671639095352e-08,0.0,0.0,9.006564314708514e-08,-0.004489654415268124,-1.8203524890944445e-06,0.0,0.0,0.0
2024-05-22,0.0,0.00081496605865361,-1.2392532657428364e-07,0.0,-1.3599234451788702e-05,1.2076753007967047e-10,-0.0020194006800812736,-5.199806093623624e-05,0.0012717343886684551,2.165982190896476e-07,1.555514278220229e-05,0.0,-6.08399474225629e-10,0.0,0.0,-1.549342021530366e-08,-8.878811055124786e-07,-2.2448034156094998e-08,0.0,0.0,0.0
2024-05-23,0.0,0.00439176599010116,2.1318523445164087e-07,0.0,-3.663164716921879e-05,6.644331483682507e-10,0.00966316579371268,0.0005325992701185594,-0.018599652730708516,0.0005720769068470535,0.0002098898093522263,0.0,4.922904238730935e-09,0.0,0.0,-3.114716991186454e-08,-6.915638261589276e-06,6.631029811169068e-07,0.0,0.0,0.0
2024-05-24,0.0,-0.0029102779004729906,0.005653928354006261,0.0,6.073845042649901e-05,-1.3356398806039453e-09,0.005774583226899055,-0.0012548829842722597,0.009146510690077325,-0.0015307144184885102,-0.007557571061968544,0.0,-1.4093562165080335e-08,0.0,0.0,6.669199546204526e-08,1.3927393664578234e-05,-1.3858645399387462e-06,0.0,0.0,0.0
2024-05-28,0.0,0.0041798662787392304,-0.0005166655876176814,0.0,5.4865097531498906e-05,-9.163098529835545e-10,0.011623447540781817,-0.0009192967861666804,-0.01128227719873326,-0.0011479501459835447,-0.005664863734591436,0.0,-1.1442877733131721e-08,0.0,0.0,5.971039288123449e-08,8.704449623670845e-06,-8.589428703936461e-07,0.0,0.0,0.0
2024-05-29,0.0,0.018316425669747283,-0.0005975040687259629,0.0,6.066174809156476e-05,-1.1211458563463016e-09,-9.009092265777063e-05,-0.0012376498734477763,-0.005590734155947241,-0.0014146761617566412,-0.003673261999952009,0.0,-1.70187815723336e-08,0.0,0.0,6.068071317695877e-08,1.3253284363550844e-05,-1.2529380384079468e-06,0.0,0.0,0.0
2024-05-30,0.0,-0.00587503912196824,-0.006918560869393312,0.0,-0.004338356894882111,-1.300100722899161e-09,0.0008558490984731937,-0.0008211905499265777,0.007125895017202233,-0.0012655685082290126,7.921337940331938e-05,0.0,-1.4562483969642806e-08,0.0,0.0,6.863583496388065e-08,1.386315541383714e-05,-1.4121871662103674e-06,0.0,0.0,0.0
2024-05-31,0.0,6.367940495694002e-05,-0.009380137363738536,0.0,-0.004010852036959148,-1.0768312086030318e-09,-0.0011472886140822536,-0.0009853775015400794,0.0010652670263735509,-0.0011412168545459466,0.00014586235841350728,0.0,-1.2360342224778585e-08,0.0,0.0,6.890757240305018e-08,1.2537622673108217e-05,-1.235022756446588e-06,0.0,0.0,0.0
2024-06-03,0.0,0.0020636046323324053,-0.008058954130995694,0.0,0.0007921876158370183,-6.362617900557825e-10,2.9206687124527786e-05,-0.0006376847885993919,-0.007806606389386794,-0.0008531529258957032,-0.00024068361655709726,0.0,-7.993071686762856e-09,0.0,0.0,2.56229203544233e-08,6.9632176339683226e-06,-6.433289246130127e-07,0.0,0.0,0.0
2024-06-04,0.0,-0.000978779449885725,-0.008778363356348386,0.0,0.0007404372429922887,-6.816181971091376e-10,9.513454262649601e-05,-0.005800772779868237,-0.003967706201277288,-0.0009369649805364682,2.0108981438057144e-05,0.0,-9.802163917155463e-09,0.0,0.0,3.9490803698540494e-08,8.233829075807912e-06,-8.468915719351306e-07,0.0,0.0,0.0
2024-06-05,0.0,-0.019103858179370048,-0.009772968658430754,0.0,0.0004641137093103244,-4.704991941174411e-10,0.004633166980935466,-0.006445450709158533,0.000531487647075557,-0.0005885729794641381,0.000695283118272336,0.0,-4.664574298127737e-09,0.0,0.0,2.0252368774696492e-08,4.23640825832487e-06,-4.821081242431868e-07,0.0,0.0,0.0
2024-06-06,0.0,-0.005980579641678696,-0.006069913022325353,0.0,0.0007137007975331648,-5.947908699658413e-10,0.00021884210241024382,0.00044544841732367365,0.002964224288763584,-0.0007440264133256134,0.0009959478918409991,0.0,-7.884654916621412e-09,0.0,0.0,3.755990863685057e-08,7.027444268563546e-06,0.0038919398657025492,0.0,0.0,0.0
2024-06-07,0.0,0.008437063730184102,-0.007192272608408573,0.0,0.0004130517490658417,-5.328291046257477e-10,-0.001460245359901191,0.000406168430569048,-0.0016735775814862297,-0.00069335719400411,0.0009222291872721822,0.0,-8.082693837602643e-09,0.0,0.0,3.219751768983573e-08,6.900652087008893e-06,-0.0004175940232731216,0.0,0.0,0.0
2024-06-10,0.0,0.0028404114758122656,-0.008319038046836244,0.0,0.000518848319771701,-4.697516460520891e-10,-0.0021160881119592356,0.0003444165676425009,0.001512092593814629,-0.0005516840992467699,0.0007285775452310871,0.0,-5.805568169986536e-09,0.0,0.0,2.7398851276331802e-08,4.773834784504268e-06,-0.000322930402873589,0.0,0.0,0.0
2024-06-11,0.0,0.007370887095877299,-0.002880459502427185,0.0,0.0004977372582223279,-4.4991907195594076e-10,-0.0034111692703883145,0.00035579869682095516,0.0016388625021132586,-0.0005799280039632763,0.0007419909218596681,0.0,-5.896505223097481e-09,0.0,0.0,2.5484259235138627e-08,4.562012108868942e-06,-0.00030314699024367375,0.0,0.0,0.0
2024-06-12,0.0,0.0030022272493799296,-0.0049196082943545605,0.0,0.0003663462464477624,-4.0470890835854925e-10,0.004959415697162961,0.0002898456479048972,-0.004874926237765087,-0.0004613222008823118,0.0005841525244965002,0.0,-4.032533625455356e-09,0.0,0.0,1.658584488832054e-08,3.722030669462415e-06,-0.000262554820723326,0.0,0.0,0.0
2024-06-13,0.0,0.011180379701543897,-0.005526923535277173,0.0,0.0003439001055022279,-3.2856083803832957e-10,0.003735602024805773,0.0002513942686229935,-0.009626075478603113,-0.00044469609251445667,0.000573651721233216,0.0,-4.688131012288199e-09,0.0,0.0,1.8254889919069124e-08,3.953639779198885e-06,-0.0002326181268162402,0.0,0.0,0.0
2024-06-14,0.0,0.006649932993043561,-0.006582991355329734,0.0,0.00039519307331564897,-2.83592889802617e-10,-0.0005712237342480608,0.00023683401096416925,-0.00549189578150433,-0.00041308762340412425,0.0005273801719520793,0.0,-4.39536838834867e-09,0.0,0.0,1.741033965297191e-08,3.5982494230041233e-06,-0.00020912443117436508,0.0,0.0,0.0
2024-06-17,0.0,-0.006743998494065484,-0.0062543743992497375,0.0,0.0002752764349523099,-3.0565476485459747e-10,0.0008071176150696857,0.00022002348762528365,0.0043242443840845746,-0.0003701110283128926,0.000473736276873026,0.0,-3.4120840925784294e-09,0.0,0.0,1.609088791603545e-08,3.3878613636370636e-06,-0.000216377367665185,0.0,0.0,0.0
2024-06-18,0.0,-0.0008411663132293357,0.0003270622093990705,0.0,0.000271066494209713,-2.5457269710488266e-10,0.006811019955621556,0.0001634545735186043,-0.007952851790376525,-0.0002924677792167118,0.00039964778875882815,0.0,-3.1097963169318038e-09,0.0,0.0,1.4581691157844519e-08,2.946419125933404e-06,-0.00018242548005770578,0.0,0.0,0.0
2024-06-20,0.0,-0.0022517519571076394,0.00197936456217411,0.0,0.00030968740663182316,-2.5708832889150663e-10,-0.004563158386317101,0.00018157127816221,0.007385190227411853,-0.0002900652011900047,0.0004059725451631053,0.0,-3.467367290223354e-09,0.0,0.0,1.7430890589630478e-08,3.0941777527584533e-06,-0.00018556864005084988,0.0,0.0,0.0
2024-06-21,0.0,-0.004462565638040816,0.008262767785065447,0.0,0.00022764138009424232,-2.5785807406814504e-10,-0.0009595199012714106,0.0001878239226197505,0.004559989311869683,-0.0002882235266027269,0.00038914591643907526,0.0,-3.2260268305121952e-09,0.0,0.0,1.3414242297672717e-08,0.006435333697615043,-0.0001712879526872661,0.0,0.0,0.0
2024-06-24,0.0,0.001907218287850565,0.007724234643080342,0.0,0.00026175606986081064,-2.52501408877751e-10,-0.010353591807248652,0.00016144881978319122,0.012202738985011508,-0.0002583654085005164,0.0003697366506151983,0.0,-2.9628257988975127e-09,0.0,0.0,1.639694528742804e-08,0.0042400551895232005,-0.00017406807964506256,0.0,0.0,0.0
2024-06-25,0.0,0.003878873534351457,0.0035958208951862233,0.0,0.00011892597032734211,-1.1736494310376879e-10,0.0031940384407826983,9.371356615548083e-05,-0.010045897826447048,-0.0001674370849681407,0.00020242964221416256,0.0,-1.5621269126385192e-09,0.0,0.0,7.105716230837336e-09,0.004731668527005784,-7.452861028194621e-05,0.0,0.0,0.0
2024-06-26,0.0,0.007101395352786366,0.005545430605698488,0.0,0.0001504347417124515,-1.5521086939897147e-10,-0.001379388770664569,0.004551414228636357,-0.0006364189578397794,-0.000189867804553353,0.00025130617322640563,0.0,-2.0883382721480137e-09,0.0,0.0,8.022615911812225e-09,0.0034225413617479,-0.00010700670679840126,0.0,0.0,0.0
2024-06-27,0.0,0.0012365194975993976,0.004450767558135463,0.0,0.0001641361068893646,-1.561460338057234e-10,-0.003211457445719712,0.004392804250053513,0.006273746519124324,-0.00016946793892770877,0.00022386872856826464,0.0,-1.74370664002161e-09,0.0,0.0,8.087958610562212e-09,0.0025085966500131354,-9.870375516884446e-05,0.0,0.0,0.0
2024-06-28,0.0,0.0013599567944174717,0.005403098885153362,0.0,0.000149153089165909,-1.4864716888973368e-10,0.005309244234164179,0.0037321225750770086,-0.0024594692705688925,-0.00015937310604669896,0.00021518331573712772,0.0,-1.790693433315638e-09,0.0,0.0,8.28018647988136e-09,-0.00032039059402058645,-9.924274573456311e-05,0.0,0.0,0.0
2024-07-01,0.0,-0.0008436019509212578,0.0036096965388220173,0.0,0.00011797792354440307,-1.0065910504217441e-10,-0.0010626806223109075,-0.0001857368694945117,-8.550480781516212e-05,-0.00013681313138679658,0.0001756398629457149,0.0,-1.3846653165674033e-09,0.0,0.0,6.200534545838878e-09,-0.0020366939129758746,-6.753510225678352e-05,0.0,0.0,0.0
2024-07-02,0.0,-0.003338899752113267,0.004185727130129789,0.0,0.00010629562973872597,-1.0587587008426474e-10,-0.007045815794701593,-3.22362027617238e-05,0.004775153497205531,-0.00013218020709121372,0.00017020990932644958,0.0,-1.2598444565693446e-09,0.0,0.0,5.664866638083943e-09,-0.002064132946781816,-7.45205383120538e-05,0.0,0.0,0.0
2024-07-03,0.0,-0.0005545382554232869,-0.0006069838327714405,0.0,-9.154824260409642e-06,1.9683761789488703e-11,0.005759251808583277,0.0002012514922508507,-0.007540712296115304,1.3506804041287478e-05,-2.3717829217630897e-05,0.0,2.916573281089424e-10,0.0,0.0,-8.544252474334931e-10,0.0004037207024769514,1.1053227086313963e-05,0.0,0.0,0.0
2024-07-05,0.0,0.002798792468492184,0.0032098878216394316,0.0,0.00010065541207307819,-7.957670690910116e-11,-0.023870579604790332,-2.9475104312318492e-05,0.009388047888396589,-0.00010956996509700243,0.00013934799917206188,0.0,-1.0096251989133263e-09,0.0,0.0,3.869638330677187e-09,-0.0015114106542101092,-5.563993211412819e-05,0.0,0.0,0.0
2024-07-08,0.0,-0.0004892196594426523,-0.0002571982089284025,0.0,-1.191203244697717e-05,-5.050054592202476e-12,0.005841393744835499,4.524014806871722e-05,-0.005327167995120452,-1.289768124732027e-06,1.0116014501136521e-07,0.0,-6.942041880061144e-12,0.0,0.0,-3.4075935169852416e-10,5.7081500692451534e-05,-9.375256101692205e-08,0.0,0.0,0.0
2024-07-09,0.0,0.005584870872752168,0.00036622848160321533,0.0,-6.642467609036407e-07,5.777452185299683e-12,0.00032821572559482703,0.00019504969653574324,-0.006707345698299116,1.5695462220470698e-06,-1.9516972533607704e-06,0.0,1.1306324465978506e-11,0.0,0.0,-5.347026654488319e-10,-8.084156058059747e-05,3.99533378018656e-06,0.0,0.0,0.0
2024-07-10,0.0,-0.0043786285713455775,-0.0010414718834080156,0.0,-1.636518322406641e-05,1.053676643374989e-11,0.003763147312553672,8.788415247312949e-05,-0.0014068084812016712,1.165352742991477e-05,-1.6252147974390573e-05,0.0,2.465039076698167e-10,0.0,0.0,-7.315939788727938e-10,0.0002810922510117272,7.763783008421054e-06,0.0,0.0,0.0
2024-07-11,0.0,-0.0017482701496349673,0.0017169640542408007,0.0,5.013149560706713e-05,-6.36909157991166e-11,0.0006016257640462652,-0.0001649614840990108,0.005001383012745553,-1.6921325864286112e-05,4.018480158492102e-05,0.0,-3.590340138580771e-10,0.0,0.0,2.3440068602719196e-09,-0.0007180901662961169,-3.03175045787505e-05,0.0,0.0,0.0
2024-07-12,0.0,-0.005440909277484085,-0.00023479494300173223,0.0,-3.4570615512649573e-06,-7.132065422444501e-12,0.008542470809011937,6.743296946427023e-05,-0.0033473661285750023,-2.5680867838464867e-06,3.999222823178284e-06,0.0,7.17628699989461e-11,0.0,0.0,-3.499642552504553e-11,-4.505423563862937e-07,-1.4455621766387748e-06,0.0,0.0,0.0
2024-07-15,0.0,0.0032890360176481837,9.736485533477779e-05,0.0,1.0776124086694255e-05,-2.3770335521789413e-11,-0.0009979057282232806,-0.00011448578713969468,-0.0008330857606699826,-1.1556828237772876e-05,1.5502205494277764e-05,0.0,-1.1372179785514802e-10,0.0,0.0,1.1435616374727568e-09,-0.00036152674918084327,-9.459671397732189e-06,0.0,0.0,0.0
2024-07-16,0.0,-0.0033053122324432915,-0.0002202703370661578,0.0,2.3556607994722374e-05,-3.4716914612020104e-11,0.001724218738452632,3.537033202369658e-05,0.002839028658275067,-7.053846060796863e-06,1.675118445489468e-05,0.0,-7.147142206667321e-11,0.0,0.0,5.310669507330348e-10,-0.0002777141513114357,-1.8572654051301736e-05,0.0,0.0,0.0
2024-07-17,0.0,0.01596978302967439,0.0022404893299037,0.0,6.14739316132035e-05,-5.4175663390116624e-11,-0.004925658074786843,-0.0007058443636542514,-0.002390371379428491,-4.447399722639169e-05,7.962883942740908e-05,0.0,-7.399339360846582e-10,0.0,0.0,3.9938218279404955e-09,-0.0012531894131150752,-3.60076008447185e-05,0.0,0.0,0.0
2024-07-18,0.0,0.006585413632135162,-0.0003433699535861784,0.0,-1.7538031404416387e-05,2.7887068549447672e-11,-0.004668115481799018,0.0002385367543020142,-0.0038425367383549403,1.8043865453808584e-05,-2.7982000931352615e-05,0.0,9.472759471690269e-11,0.0,0.0,-5.523350541779758e-10,0.00039160289133827186,1.248133930467697e-05,0.0,0.0,0.0
2024-07-19,0.0,0.00440319583807125,0.00010631184271199176,0.0,-1.301704661182154e-06,-9.664985068262793e-12,-0.005205751620190824,-0.00010509954123293086,0.002889424951192987,-7.537089018794566e-06,1.299788896634113e-05,0.0,-2.0438814269982523e-10,0.0,0.0,2.6298420634252186e-10,-9.653300700774615e-05,-6.431488200547798e-06,0.0,0.0,0.0
2024-07-22,0.0,-0.004768217100789174,-0.0002629367149034889,0.0,-3.096740949396111e-05,1.6528928306949815e-11,0.00369974428251707,0.0002553956149263445,-0.003663622194788274,2.0288230761178862e-05,-3.314039614319992e-05,0.0,3.8282077860116674e-10,0.0,0.0,-1.9755681021903216e-09,0.0004559171256526065,1.4767962859081152e-05,0.0,0.0,0.0
2024-07-23,0.0,0.0014377297994574434,0.0001263525556166427,0.0,6.80592800338586e-06,-1.2584605128698562e-11,-0.0019285890406386952,-9.854939435598002e-05,0.0010514809227313293,-6.547228447316596e-07,3.4614651863806942e-06,0.0,-6.287197491542949e-11,0.0,0.0,-5.561240820509053e-10,-9.256313521751117e-05,-1.3380658727734154e-06,0.0,0.0,0.0
2024-07-24,0.0,0.002518777891572843,0.0014665527642691786,0.0,4.638191655951282e-05,-2.933798949486837e-11,3.3607763867349316e-05,-0.00023352744488122808,0.003612431839659147,-1.9950178784540256e-05,4.4093923544279504e-05,0.0,-5.908480238435668e-10,0.0,0.0,2.6618062334123747e-09,-0.000648440399893398,-2.0207450435026576e-05,0.0,0.0,0.0
2024-07-25,0.0,-0.0005643253092432743,0.0002063562159440556,0.0,-1.916026537310679e-06,-2.2065115355291507e-11,0.0010059243911840765,0.00012763050359876522,0.0011298926904378392,-2.4282887313049895e-06,1.0936663128230948e-05,0.0,-1.4309988973388336e-10,0.0,0.0,1.458743655120991e-09,-0.00026404531958627506,-1.2613293107560436e-05,0.0,0.0,0.0
2024-07-26,0.0,-0.0032138329421820266,-0.0006160163368391196,0.0,-7.6129868755849895e-06,2.210909990518707e-12,-0.0022460901012474888,3.1659718949002616e-05,0.0036607593399702876,8.818422716439607e-06,-1.0517636076230784e-05,0.0,2.1070048058961618e-10,0.0,0.0,-7.588539269723002e-10,5.3212775106052657e-05,1.2179774983141428e-06,0.0,0.0,0.0
2024-07-29,0.0,0.0027737075102012843,-6.875136523114278e-05,0.0,6.72931520608413e-06,1.7721867572810001e-12,-0.0025524069874336974,-0.00014442969709209386,0.001194597565230604,-1.0935730618794525e-05,1.2711173492457048e-05,0.0,-1.252533026838462e-10,0.0,0.0,2.139144457541294e-11,-0.00011701966143677113,-4.2671549536593516e-06,0.0,0.0,0.0
2024-07-30,0.0,-0.004377042987939395,0.0010536262873115168,0.0,3.218336817880328e-05,-2.5685241786826997e-11,-0.005934617306091683,-0.00020302024861861695,0.013200937476007146,-1.2594755851163012e-05,2.8269417751114337e-05,0.0,-2.8802782645363263e-10,0.0,0.0,1.9913115723158344e-09,-0.0005816980352405139,-1.721881182671734e-05,0.0,0.0,0.0
2024-07-31,0.0,-0.005033405461203455,-0.0022910229015716196,0.0,-4.7714229552957505e-05,5.635496366866615e-11,0.013260936843570603,0.0009615841067711437,-0.016805037264949974,4.215205059590263e-05,-7.389160423234013e-05,0.0,8.24380023983321e-10,0.0,0.0,-3.2217699388125304e-09,0.0011431478999915628,3.573784105061369e-05,0.0,0.0,0.0
2024-08-01,0.0,0.010050082987034858,8.609459027854663e-05,0.0,1.734506374494909e-05,8.031258204211932e-12,-0.02013371375634493,-0.00023319516363474665,0.013101011210237434,1.141170805101367e-06,1.1787969237896838e-05,0.0,-2.81894671525841e-10,0.0,0.0,-1.6268269828990266e-10,-0.00013629497875400354,-2.6587512973931136e-06,0.0,0.0,0.0
2024-08-02,0.0,0.014230762030266297,0.0011472851023517222,0.0,3.075711699519648e-05,-1.1401501331517848e-12,-0.004918344105620531,-0.00018607020233489362,-0.005683622547641709,-1.2865041404065323e-05,2.3935410161947043e-05,0.0,-2.8309691758487323e-10,0.0,0.0,5.181971370062011e-10,-0.00018579892523118424,-8.62795084729227e-06,0.0,0.0,0.0
2024-08-05,0.0,-0.0619895608547997,0.011351304763129597,0.0,0.00031154090045695554,-2.830710471752796e-10,-0.0733308809841964,-0.003857179336919897,-0.027499121008494942,-0.00033258782418560775,0.00044468642462165036,0.0,0.09398435709892428,0.0,0.0,1.628248869631094e-08,-0.005151341796349674,-0.00020396481097946409,0.0,0.0,0.0
2024-08-06,0.0,-0.25478486009020807,0.019778234439015364,0.0,0.30763510604839833,-5.585301075595108e-10,-0.21464623065984398,-0.007624949380441324,-0.2693687358970351,-0.0006507813351760049,0.0008680464708209161,0.0,0.415215517453298,0.0,0.0,3.103448409361616e-08,-0.010121255850812451,-0.00038574708076602395,0.0,0.0,0.0
2024-08-07,0.0,0.0,0.0,0.0,0.00045819678213770976,0.0,0.0,0.0,0.0,0.0,0.0,0.0,-0.0006288227240127675,0.0,0.0,0.0,0.0,0.0,0.0,0.0,0.0
2024-08-08,0.0,0.0,0.0,0.0,-0.0030859279346503454,0.0,0.0,0.0,0.0,0.0,0.0,0.0,0.002000524045434604,0.0,0.0,0.0,0.0,0.0,0.0,0.0,0.0
2024-08-09,0.0,0.0,0.0,0.0,-0.0006733442203969986,0.0,0.0,0.0,0.0,0.0,0.0,0.0,0.0006298848947909885,0.0,0.0,0.0,0.0,0.0,0.0,0.0,0.0
2024-08-12,0.0,0.0,0.0,0.0,-0.003602231065409911,0.0,0.0,0.0,0.0,0.0,0.0,0.0,0.0025686144427869984,0.0,0.0,0.0,0.0,0.0,0.0,0.0,0.0
2024-08-13,0.0,0.0,0.0,0.0,-0.0004662047310011186,0.0,0.0,0.0,0.0,0.0,0.0,0.0,0.0010819315301023869,0.0,0.0,0.0,0.0,0.0,0.0,0.0,0.0
2024-08-14,0.0,0.0,0.0,0.0,0.0018101603750273476,0.0,0.0,0.0,0.0,0.0,0.0,0.0,-0.20116438158335898,0.0,0.0,0.0,0.0,0.0,0.0,0.0,0.0
2024-08-15,0.0,0.0,0.0,0.0,-0.0003430541638806961,0.0,0.0,0.0,0.0,0.0,0.0,0.0,-0.00045587718812578615,0.0,0.0,0.0,0.0,0.0,0.0,0.0,0.0
2024-08-16,0.0,0.0,0.0,0.0,-0.005145215415057247,0.0,0.0,0.0,0.0,0.0,0.0,0.0,0.003042219789293643,0.0,0.0,0.0,0.0,0.0,0.0,0.0,0.0
2024-08-19,0.0,0.0,0.0,0.0,-0.0001315255506406654,0.0,0.0,0.0,0.0,0.0,0.0,0.0,0.0009610094751605902,0.0,0.0,0.0,0.0,0.0,0.0,0.0,0.0
2024-08-20,0.0,0.0,0.0,0.0,-0.0010898228072955263,0.0,0.0,0.0,0.0,0.0,0.0,0.0,0.0010727617871991169,0.0,0.0,0.0,0.0,0.0,0.0,0.0,0.0
2024-08-21,0.0,0.0,0.0,0.0,-7.747238388533528e-06,0.0,0.0,0.0,0.0,0.0,0.0,0.0,0.000550965322206054,0.0,0.0,0.0,0.0,0.0,0.0,0.0,0.0
2024-08-22,0.0,0.018033866661736443,0.0,0.0,-0.01674355485402601,0.005902772258659896,0.0,0.006427937065237799,0.02654365909016638,0.008028376584692569,0.0063500963307787225,0.0,-0.03202027524076795,0.0,0.0,0.0,0.006345458809906189,0.0034500863868505297,0.0,0.0,0.003651659348134076
2024-08-23,0.0,5.6023731961792056e-05,0.0,0.0,-0.0025088008803578754,-0.00017354038996721024,0.0,-2.4510122159102435e-06,-0.001141255981027118,-6.63245254455859e-05,-5.105925723156591e-05,0.0,0.003000873481700861,0.0,0.0,0.0,-3.830895961108409e-05,-2.5578241508636933e-05,0.0,0.0,-6.314323172431843e-06
2024-08-26,0.0,0.016579225748917563,0.0,0.0,-0.01835093631618001,0.003004404971300642,0.0,0.0035527565399982655,0.03070874509824249,0.006577672283875822,0.004711994203589304,0.0,-0.02754307241934531,0.003804265920517802,0.0,0.0,-0.0006552163377924148,0.004363332870888411,0.0,0.0,-0.00036364478650997714
2024-08-27,0.0,0.019606404051558543,0.0,0.0,-0.017421367947841715,-0.0008154213182908435,0.01643621869860451,-0.0009943492720402135,0.014933766834562566,0.002547019061604124,0.005174526452284776,0.0,-0.02331440749410016,0.0034816617165467118,0.0,0.0,-0.0005971368007348802,0.004081335649032517,-0.005602069691380874,0.0,-0.00033172766604610583
2024-08-28,0.0,0.015216972930453952,0.0,0.0,-0.016458547181369382,-0.0007680744653385382,0.015146399209985669,-0.0008465216336968357,0.026604717646434545,0.00014815093791509595,5.052334620204643e-05,0.0,-0.023652941537022854,0.0027063312619343104,0.0,0.0,-0.0005403231719385282,0.00318646429820609,-0.0045192124911397165,0.0,-0.0038682485649837992
2024-08-29,0.0,-0.0002492429255609857,0.0,0.0,-0.0021115017428019467,-8.097077279670128e-05,-0.00021652732742365177,-8.221313993319636e-05,0.005843221630640896,-4.46205709108867e-05,-6.753460157725433e-05,0.0,-0.0015018833416244326,-1.0007658844464473e-05,0.0,0.0,-6.0170477226801494e-05,-0.00016799879074022757,-9.240997830487277e-06,0.0,5.585067054296802e-06
2024-08-30,0.0,-0.0010845133310769667,0.0,0.0,0.0022091772407347443,-2.351436380326928e-05,-0.00010776198386352326,-5.783417279408079e-05,-0.0012303796821445528,-0.00016039019633136073,-0.00011357248496339512,0.0,-5.663527577953742e-05,-7.100071695774479e-05,0.0,0.0,-3.217879086452047e-05,-0.0001229657693815299,5.45479546326267e-05,0.0,3.941620765207611e-06
2024-09-03,0.0,0.003325692928709767,0.0,0.0,-0.0028247790308039145,0.00010033041640937924,5.125718144745675e-05,1.4199669194801465e-05,0.007678539861744327,0.00023392673092074295,6.303919730600224e-05,0.0,-0.00363441647919302,-0.00016152803216914514,0.0,0.0,-4.294881165686944e-05,8.221540643353273e-05,0.00024009152034473215,0.0,1.3345482569545957e-05
2024-09-04,0.0,0.0024134183354938693,0.0,0.0,-0.0013433950524950056,-2.5934215061624785e-05,-0.00022708673657781397,-3.187261521524383e-05,0.0011043520861214184,-4.583805839439292e-05,-5.2431348440244024e-05,0.0,-6.546586909050855e-05,-8.10705198924077e-05,0.0,0.0,-2.957009312121346e-05,-9.502392734040029e-05,0.0001008914010535468,0.0,3.208718933218283e-06
2024-09-05,0.0,0.0014360201906526149,0.0,0.0,-0.0016379293531907646,4.433433174326658e-05,-0.00021717383157467823,1.9373745881559254e-05,-0.0008071168835678821,3.844802469402803e-06,5.8289573774523984e-05,0.0,0.0005073505495321873,4.404563488144553e-05,0.0,0.0,5.637834760639348e-05,0.00019367609938298821,-5.051261228537947e-05,0.0,-1.3433265807941174e-05
2024-09-06,0.0,0.0029405520996477336,0.0,0.0,-0.0009044329403259943,5.529366398522844e-05,0.0006547489774029365,4.04091258072118e-05,0.002882643883086705,0.0002640297129970666,8.87403262993594e-05,0.0,-0.0025165671844452897,-0.00010405543344191477,0.0,0.0,1.538900639552407e-05,-1.8451663065138443e-05,9.431215263608697e-05,0.0,7.159702470704073e-06
2024-09-09,0.0,0.0006956833215787661,0.0,0.0,0.00043157620947345543,2.389397927253078e-05,-9.281224473267624e-05,-3.150080983839974e-05,-0.002864241602442627,-0.0001157829554329845,-8.279507238452555e-05,0.0,0.00036175444064937,-5.061984505774601e-05,0.0,0.0,-4.082889820327361e-05,-0.00013956636294157505,1.634998648589875e-05,0.0,8.293404832565403e-07
2024-09-10,0.0,7.933605104411268e-05,0.0,0.0,-0.00026902037140047463,2.920321530809622e-05,0.0001018668284247723,-0.00014235888853878984,-0.001181154021561867,-0.00010298806644778655,-1.834692370150312e-05,0.0,0.0005653783368799736,-0.0001123950773939883,0.0,0.0,6.240696933828508e-05,2.274145241606962e-05,-3.5062708191334335e-05,0.0,1.2218947793319343e-06
2024-09-11,0.0,-0.0035574516851692023,0.0,0.0,0.003455655287824766,7.67215632941692e-05,-1.2667553903486506e-05,-6.279782528005595e-05,-0.0066423613949526256,-0.00013986705644638067,5.335479623735234e-05,0.0,0.0024574998993589225,0.00015478808820845562,0.0,0.0,8.469046977339217e-05,0.00017756268479936915,-0.00023147812056721617,0.0,-1.4889747094098417e-05
2024-09-12,0.0,0.0004458088946593386,0.0,0.0,-0.002533112308830965,-4.6274120404676475e-05,-0.0006451926261440769,-2.3263915056956352e-05,-0.0012403734916610482,-5.7239625600041116e-05,-3.1679615637769665e-05,0.0,0.002107388317818759,2.2521224050945504e-05,0.0,0.0,1.9538730660232338e-05,-1.8827150158259864e-05,-3.1897737556140643e-06,0.0,-2.586423957235155e-06
2024-09-13,0.0,-0.0011314542018683316,0.0,0.0,-0.0013794172398611526,-0.00015006519559719166,0.00018209563757894814,-3.628923605915671e-05,0.00041422525946586963,-9.89907425096373e-06,-2.1442435836065143e-05,0.0,0.001046988955976047,-6.539429538928582e-05,0.0,0.0,4.509889344949877e-06,-9.419868624971003e-05,3.2158277902155294e-05,0.0,-1.6682091032733503e-06
2024-09-16,0.0,0.0009211147851844737,0.0,0.0,-0.0006706083366172788,-4.782766355255173e-05,-0.0006473044628897001,-3.835929236719465e-05,0.0016087848822029238,2.3915954377305704e-05,-7.302011442553158e-05,0.0,3.3995421552524e-05,-6.359552527183433e-05,0.0,0.0,-7.442727051688771e-05,-0.00012320919616838621,7.035893860740834e-05,0.0,8.967807086498678e-06
2024-09-17,0.0,-0.0002932918003054896,0.0,0.0,0.0010496665311606757,-6.651975610210813e-05,-0.00020949502071061776,-7.865784135740149e-05,0.0009048331618021627,-2.5023163071926507e-05,-2.1785976068465496e-05,0.0,-0.0008143513145953962,6.0316948776424975e-05,0.0,0.0,-2.9007611307148295e-05,-9.70196455804262e-05,-8.663377068777837e-05,0.0,-8.45550847563604e-06
2024-09-18,0.0,0.0011835044225095293,0.0,0.0,0.0006023774181955766,-3.7970271918063604e-05,-0.00025614618839626263,3.9475907963085546e-05,0.0013815524494297793,-1.2710066331751702e-05,-3.4195385518735744e-05,0.0,-0.0012078823963984076,-3.846801752519641e-05,0.0,0.0,-9.197172346429514e-06,-6.405881691966785e-05,1.2525462127167472e-05,0.0,3.069563310305486e-06
2024-09-19,0.0,-0.002662779775910132,0.0,0.0,-0.000638756917033384,-5.6755992482787274e-05,-0.0008391405470538973,-4.468447995025805e-05,-0.0026343344276125724,-0.00021469342598985294,-7.015408116702732e-05,0.0,0.0033454848957976124,0.00012525433336406724,0.0,0.0,7.783446531927675e-06,-6.760592087717843e-05,-0.0001885939830279324,0.0,-8.247398528977686e-06
2024-09-20,0.0,0.0026587859279402354,0.0,0.0,-0.003204520866093269,6.786016034409856e-05,-0.00016892599133386949,5.211673630887634e-05,0.0014212494327556918,9.896830757888386e-06,6.5507878128159835e-06,0.0,-0.0006111794431102324,2.6441474073445742e-05,0.0,0.0,-3.099422096073702e-06,8.589656742347823e-05,6.23875552164116e-05,0.0,-2.50825313649573e-06
2024-09-23,0.0,-0.0005779312748123294,0.0,0.0,1.2218305259881213e-05,4.0827547053888524e-05,-0.00010917712930341716,4.8624819980242276e-05,-2.418715616217537e-05,-1.124277940530577e-05,-8.196893794051169e-06,0.0,0.00011268129644043112,-7.916487024619591e-05,0.0,0.0,1.4850078219217841e-05,-7.130591428895772e-05,3.8494936647268455e-05,0.0,-3.5671781637806052e-06
2024-09-24,0.0,-0.0004235099317690949,0.0,0.0,-0.0016014426580836238,3.8146548823913586e-05,0.0002800471079385594,0.00013664527007643812,-0.003196163349645023,3.6483390994438564e-05,6.64535032679596e-05,0.0,0.002486461732498002,5.531154182412262e-05,0.0,0.0,7.102204812086017e-05,-3.4567084215321453e-06,-9.473689770541499e-05,0.0,-8.088431889755792e-06
2024-09-25,0.0,-0.0001062829294351808,0.0,0.0,0.0011376218865682408,0.00011416540519783996,-0.00016544445174069417,-2.6170308608285467e-05,-0.0017829914869864905,4.577318367695801e-05,9.426754092694764e-05,0.0,-0.0006258969296993877,0.00010263215450337544,0.0,0.0,4.447956905362545e-05,0.0001251601935378724,-6.207781888335241e-05,0.0,-1.2035194111010444e-05
2024-09-26,0.0,-0.0026417139799603945,0.0,0.0,-0.0003068673810675271,-1.1460384635653652e-05,0.00014430460642040482,4.505557094694121e-05,-5.3602202778335606e-05,-6.454141342369935e-05,-3.603144835724603e-06,0.0,0.0016437659146574246,0.00012787904491598154,0.0,0.0,-6.455445856596263e-06,-1.9016694837349288e-05,-1.462095272369325e-05,0.0,-3.613388896738564e-07
2024-09-27,0.0,0.0005408006552224814,0.0,0.0,0.00067465279110554,-8.486374054326659e-05,-0.00013059448478824204,2.1320003661074935e-05,0.0015935575915291128,9.862529427733663e-06,-5.7316202401024724e-05,0.0,-0.0009102972648404595,-6.248123845302087e-05,0.0,0.0,-3.648346899036165e-05,-9.660377811084898e-05,6.871966624005452e-05,0.0,4.023539607395359e-06
2024-09-30,0.0,0.000606755457247643,0.0,0.0,0.0015768156918478382,-2.626487566089169e-05,-0.0003172652830404077,-5.170498070013879e-05,-0.0001390405251021215,-6.513290532456778e-05,-8.279913146692214e-05,0.0,-0.0009864525786002498,-8.945597073922555e-05,0.0,0.0,-2.2525571685575417e-05,-8.489565816107748e-05,8.623405086690891e-06,0.0,6.8841737560570385e-06
2024-10-01,0.0,0.0007858838257613493,0.0,0.0,-0.0027920528908795816,8.558651408987084e-05,-0.0002771928916561542,0.00016587386413143002,0.0034039392736104207,0.00020875676726683778,0.00011722389190685703,0.0,-0.0011802333501216289,4.7236791098283215e-05,0.0,0.0,1.649592498329834e-05,-3.407500450837604e-05,-1.6551336669936786e-05,0.0,-3.1778435367692303e-06
2024-10-02,0.0,-0.0006187723472492884,0.0,0.0,0.0006462768411409914,3.187613651785357e-05,0.00029630739986780813,9.2594663919119e-05,-0.0012490138779656657,2.7756078635015474e-05,4.2406240785674426e-05,0.0,-0.00023739423310653596,6.53984841916793e-05,0.0,0.0,8.926456402057886e-06,7.374185392848391e-05,-0.00011634017866509437,0.0,-4.564538893274384e-06
2024-10-03,0.0,0.0002678735758166739,0.0,0.0,0.0011011386473058493,7.834039631492151e-05,-0.0004186356753242901,4.466190651825595e-05,-0.0028860101089585866,8.35060966969843e-05,9.674462768363007e-05,0.0,0.00018978794894572437,0.00013240298891259265,0.0,0.0,4.381191370108131e-05,0.00013952754934510626,-0.00014297461012692698,0.0,-1.1873291887936049e-05
2024-10-04,0.0,0.0002002382523707824,0.0,0.0,0.001277389653059624,-7.496676004815645e-05,-0.0006000040553054142,3.8267691455064895e-05,-0.0012952529344616714,-0.00014207455694131496,-8.910111403975449e-05,0.0,-0.0003962571450780994,8.402849100995306e-05,0.0,0.0,-6.1813682390768e-05,-5.117755678464911e-05,-2.7705152909219405e-06,0.0,-2.5332220871844557e-06
2024-10-07,0.0,0.001244626258357126,0.0,0.0,0.0005582719124528346,4.990566498565968e-05,0.0005616047377821516,0.00011862192337460005,-0.0022831082317443935,0.0001672383246147345,0.00013146500699047492,0.0,-0.0003228312181219606,7.880789561218009e-05,0.0,0.0,5.2509275657103976e-05,2.2562455593943057e-05,-9.107386601123202e-05,0.0,-3.136782390556793e-06
2024-10-08,0.0,-0.0003282877377001614,0.0,0.0,0.0025595984663887295,2.2756769294206974e-05,-0.00031671397377420335,-7.075263648647495e-05,-0.0035815068251424664,-0.00018994329746259767,-9.121318131925446e-05,0.0,0.000755651184475653,1.8213902326985262e-05,0.0,0.0,-8.935497027356618e-06,2.447955273458119e-05,1.1333794532723124e-05,0.0,1.4371052308783392e-06
2024-10-09,0.0,-0.0017084562286272115,0.0,0.0,0.001607302881241307,-4.425054199594207e-06,0.00017709601057747798,-4.057145428986407e-05,0.00033230996152844305,-0.0001074163018271769,-8.657561106755612e-05,0.0,-0.0005781587287304601,5.347383198964911e-06,0.0,0.0,-3.555132488932897e-05,-0.0001108923900653043,4.5042851908129455e-05,0.0,7.77725212662637e-06
2024-10-10,0.0,0.001088551149943287,0.0,0.0,-0.0013091277157856185,5.172651304208645e-05,0.00040803659926149857,4.4213787123496134e-05,-0.0014344082195712066,4.6983503097532825e-05,5.453351653896335e-05,0.0,0.0003849821940586917,0.00010480573373939685,0.0,0.0,2.1642030111246498e-05,0.00010170938632195203,-6.0953893438650195e-05,0.0,-4.806662789067764e-06
2024-10-11,0.0,-0.0002675085004986283,0.0,0.0,-0.0015335133340182716,-0.00011663520955700578,-0.00019850470283673538,2.450234002967025e-05,0.00041746416163866706,4.508110741177629e-05,-2.9084877695390726e-05,0.0,0.0006893768386263543,-7.10588469925947e-05,0.0,0.0,-6.99623520645969e-05,-0.00020663132681444756,1.362041166349734e-05,0.0,2.828819942744961e-06
2024-10-14,0.0,-0.0022039319934643448,0.0,0.0,0.001685431604519061,-1.1664053697575671e-05,0.00015651008792073873,-8.221972384937423e-06,-0.0018088876545143406,-4.51728070733938e-05,-3.937970704258331e-05,0.0,0.000517852387272727,-2.609249773716238e-06,0.0,0.0,-2.2377618674783786e-06,-3.6805169941755977e-06,-1.7310718061281857e-05,0.0,-2.0679489990728123e-07
2024-10-15,0.0,0.010187823166484013,0.0,0.0,-0.00434394274779229,-0.00011826667504556947,-0.0002693435360732084,-0.00011762009603189481,0.0030597482156794337,-3.751315112111506e-05,-0.00012644281570739144,0.0,-0.003198424743826367,-0.0002758851608738594,0.0,0.0,-8.204518278874268e-05,-0.00011900249860366877,0.00022163869834025685,0.0,3.0179692951040485e-06
2024-10-16,0.0,0.0044636457299809945,0.0,0.0,-0.0010948463023030819,-0.00011740118963671914,0.000517139372392672,5.205389029602249e-05,-0.0030400689512560947,1.4387961099690538e-06,-6.721465319284997e-05,0.0,-0.0005035271463140756,-0.00010766368355374575,0.0,0.0,-5.638374583663737e-05,-0.00011391408229625803,-9.449014192003391e-06,0.0,2.352722581528419e-06
2024-10-17,0.0,-0.001417290870920282,0.0,0.0,-0.0003327218575780999,5.250288686955377e-05,0.00013541787941947353,2.4878789251203334e-05,-0.00042854794110935845,6.57084794713457e-05,7.216453877376475e-05,0.0,0.00028140982112345725,0.00012409821883750498,0.0,0.0,8.313543050274264e-06,0.00011188881473130248,-9.127363790717782e-05,0.0,-9.329249331714432e-06
2024-10-18,0.0,-0.0018847272484878164,0.0,0.0,-0.0012508912389350424,5.216015085647129e-05,0.00018747664833751454,1.3561020504360838e-05,-0.0002614843085383123,-2.422889368086309e-05,2.0988237714916758e-05,0.0,0.0015524850791178435,-2.2969151070299787e-05,0.0,0.0,2.285504366591768e-05,3.195668829887588e-05,-2.9810063984621327e-05,0.0,-2.557246399972077e-07
2024-10-21,0.0,0.0011295219523206473,0.0,0.0,0.0008761708354664277,0.00013998172564270214,0.0001866616626014922,1.73647412710521e-05,-0.0036888536841668956,2.9399371446640205e-05,8.573227242948678e-05,0.0,-0.00016522945613581252,0.00023200806642955166,0.0,0.0,5.387111523930295e-05,0.00010816778136205248,-0.00012172539436921398,0.0,-1.3892081477108746e-05
2024-10-22,0.0,-0.00041583140062984025,0.0,0.0,-0.0016559318864660666,5.287257742255316e-05,-0.000264485818673485,-0.00013943239692904875,0.0004270867912477966,4.184493772337733e-05,6.60009061910112e-05,0.0,0.0004931723266480836,2.0675802305726576e-05,0.0,0.0,2.52213308915214e-05,0.00023636646610293577,2.1315514196002666e-05,0.0,-4.5017580257633236e-06
2024-10-23,0.0,0.0006625094581587943,0.0,0.0,0.0010423516361777185,1.1883069849828905e-05,0.0007576443649786047,-5.46133382284264e-06,0.0020117772287031183,0.00013419172208733662,2.682379501840748e-05,0.0,-0.0021476012981477277,-0.00014780138569802856,0.0,0.0,-3.0772702647494966e-05,-6.902864708763397e-05,5.600133540714994e-05,0.0,2.514827570796732e-06
2024-10-24,0.0,-6.266854524492049e-05,0.0,0.0,-0.00125736059995471,-2.308383280358317e-08,-0.0001601001292206028,1.514016323937023e-05,-0.00038166916036490306,-0.00010139204759475676,3.7998133755809405e-07,0.0,0.0011694790143074452,8.502848483638026e-08,0.0,0.0,6.199468353648534e-06,0.00013696388300737244,-3.571969460595438e-05,0.0,-7.91345362607563e-06
2024-10-25,0.0,7.677732317409869e-05,0.0,0.0,6.923358815907887e-05,4.4353957147996725e-05,-0.00022969343192694863,-4.5842064950051345e-05,-0.0005559553846784943,-6.391205144663098e-05,4.392609706199008e-05,0.0,-0.0002099716863318557,0.00011762572457238961,0.0,0.0,6.207970962152955e-05,7.574749888677318e-05,-0.00010807000738722455,0.0,-7.083138334856983e-06
2024-10-28,0.0,0.0002644318168842502,0.0,0.0,-0.00011599132176734472,-0.00012124642747629415,-0.0002852789710708417,2.5571476981459812e-05,0.0006586033273930508,-1.0785866961023072e-05,-5.7797237016762176e-05,0.0,-9.223207005135126e-05,-3.598153541150943e-05,0.0,0.0,-5.9845249925582177e-05,-5.173225064421423e-05,2.3467393968176764e-05,0.0,1.7590757255677922e-06
2024-10-29,0.0,-0.00045511163423828105,0.0,0.0,-0.0013615199525995048,5.9025041070483696e-05,-0.0006701229676492754,-6.147995296350468e-05,-2.5750930702117536e-05,-8.006561085494718e-05,5.378727343187395e-05,0.0,0.0009034228982883197,0.00012102630224010251,0.0,0.0,5.134771713969765e-05,9.456213906079355e-05,-0.00014959086195108148,0.0,-6.936921995358454e-06
2024-10-30,0.0,0.00277174813474175,0.0,0.0,-0.0021186634771544754,-1.74946905172604e-05,-4.039357111594588e-05,-4.1208805103548976e-05,0.0009528793226290383,6.477292259794709e-05,-1.2156950088590412e-05,0.0,-0.0002723862003439492,-8.169641581814123e-05,0.0,0.0,-3.8251050895890364e-05,-3.140441274358287e-05,2.182852560747399e-05,0.0,1.7030367919247929e-06
2024-10-31,0.0,0.00027892611709381954,0.0,0.0,0.0006908351390791101,2.9983771416230293e-05,0.0008986296287746588,0.0003870630462096047,0.003397078414028226,0.00021866929724841805,0.0001158171524819028,0.0,-0.0023196208012837005,4.441246333583733e-05,0.0,0.0,6.131542384582925e-06,-1.4313269618463145e-05,0.00010601537949094832,0.0,3.637179602776464e-06
2024-11-01,0.0,-6.899975553943671e-05,0.0,0.0,0.0014492452980644777,-2.4259645052419898e-05,9.427146140750242e-05,-6.159408972996466e-05,-0.0017242995860374255,-8.822575646701136e-05,-3.206739661848479e-05,0.0,-0.00036694720831997873,0.00013276897806530769,0.0,0.0,-5.550636582579184e-06,1.360834623664528e-05,-1.8931979262008097e-05,0.0,3.3196866946349655e-06
2024-11-04,0.0,0.0003163668828308347,0.0,0.0,-0.0004909533008934097,-4.186652590327383e-05,0.00033792270941190514,3.165119647699846e-05,-0.000540060387897362,3.746745788922243e-05,2.3210078103505505e-05,0.0,0.0005958659722472559,-0.00011666284499112917,0.0,0.0,3.2430326585439206e-05,5.966644324964521e-06,3.510815679098021e-05,0.0,-5.2714020851373725e-06
2024-11-05,0.0,-0.00022494877499816546,0.0,0.0,0.0005468992480969215,-0.00010233131985332589,-0.0005149510356233095,-2.1704322961163883e-05,-0.0023188131648724797,-0.0001387837680189158,-0.00012082089702987464,0.0,0.0017238341997637685,-8.620071215562942e-05,0.0,0.0,-2.1520956618662455e-05,-0.00018263101803934513,1.7159788353480684e-05,0.0,2.444393954752059e-06
2024-11-06,0.0,0.0016037064762934455,0.0,0.0,0.007149807773335737,-0.00041192317850505516,5.031253032703603e-05,-0.00016320144934136444,-0.0038914869203941355,-0.0004490948497546006,-0.00038859494888139265,0.0,-0.002997190557496726,0.00022188024762907245,0.0,0.0,-0.0002776032441871327,-0.0005778212414772853,-0.00017456154195973766,0.0,3.2094202460529117e-07
2024-11-07,0.0,-0.0011417791226655954,0.0,0.0,-0.0019862381023628417,7.889629923138464e-05,-0.0008517932377921852,-4.121997972893025e-05,-0.0014740859867874156,-0.0001432440548072289,-5.765991349011151e-06,0.0,0.0030500415700971395,-4.6157904723703735e-05,0.0,0.0,0.00010906437417751175,0.00020231832874368673,-3.7763675774935695e-05,0.0,-1.3447826715412038e-07
2024-11-08,0.0,0.0006786348260516689,0.0,0.0,0.0011725260057502962,-6.49999652389821e-05,7.435784139438184e-05,4.155328537307039e-05,0.0006610260362912845,-4.796900898137654e-05,-9.684950431310124e-05,0.0,-0.0016642148017428915,-0.00016540913653181194,0.0,0.0,-4.942433893831248e-05,-0.00018702626074515102,0.00013946457149389448,0.0,7.950353778061266e-06
2024-11-11,0.0,-0.0005882495886586209,0.0,0.0,0.004047756416985099,-0.0001501422790353684,0.00014927746055965266,4.009634650219314e-05,0.001007903035146765,-8.831376741411101e-05,-0.00010869447410192037,0.0,-0.0022637688757341234,-7.3550273632806e-06,0.0,0.0,-9.260810029273255e-05,-0.00020378824241427257,2.3051354084141842e-05,0.0,-1.0557874158777496e-07
2024-11-12,0.0,0.00024764516533368197,0.0,0.0,0.0020623455228738763,0.00012967160942990372,-7.666302897770677e-05,-9.348744148524567e-05,-0.0019996727229483896,3.78609946037646e-05,5.695194260561115e-05,0.0,-0.0007827711633340562,0.00014222544354319626,0.0,0.0,1.58030561792288e-05,0.00013589416956745135,7.242494975349956e-06,0.0,-1.293567358054957e-05
2024-11-13,0.0,-0.0005987340832286359,0.0,0.0,0.0017717069853845913,5.474244297343396e-05,0.00018696930917279364,-6.000825007301987e-05,0.00110460547919497,-1.7707573684296735e-05,-4.556768794867702e-05,0.0,-0.001578975814237854,-7.839689199113688e-05,0.0,0.0,-1.355864908600228e-05,-6.701678311646884e-05,5.361146976999229e-05,0.0,-2.957990145145825e-07
2024-11-14,0.0,-0.001889032845743377,0.0,0.0,0.0009986765269950904,0.00011018929935646595,0.00021036531032386785,-1.779651674863915e-05,-0.00015490341776705496,0.00014918648512464786,0.00013304397930518838,0.0,-0.00044016794513254687,0.00010738310195330773,0.0,0.0,2.0295049505617523e-05,0.00028164274510422867,-4.2888935786616206e-05,0.0,-1.5791285103932892e-05
2024-11-15,0.0,0.002781969132774967,0.0,0.0,-0.0017383281352225388,3.9975562136954426e-05,0.0009664075363422994,0.00014873175332181902,0.0022662393245278523,0.0002471970872016012,5.556739508859668e-05,0.0,-0.0016513299444585183,-9.908334108821304e-05,0.0,0.0,-6.500324036019887e-05,-6.080853651383063e-05,5.916747446443188e-06,0.0,-8.264965005340191e-06
2024-11-18,0.0,-0.0004853856909671772,0.0,0.0,-0.003654252506593597,7.551495347503205e-06,7.695993913806043e-05,9.530256861064318e-06,0.001554568761442915,-6.73286537437312e-05,-1.7579723774183154e-05,0.0,0.0015748984150483758,-4.230049645922475e-05,0.0,0.0,3.182906740430147e-08,6.620588797023354e-05,4.0363914151920685e-05,0.0,-2.0844810547580557e-06
2024-11-19,0.0,0.0008105266882925954,0.0,0.0,-0.00042809958386155755,-2.468537660396501e-06,-0.00015735295018668577,1.773193659114665e-05,-0.004092094812285715,3.5018573054969304e-06,5.5664762950564245e-05,0.0,0.0014601724503846003,2.2130042709900266e-05,0.0,0.0,6.343745221755025e-05,0.00012011892176594027,-5.786397421607935e-05,0.0,-1.10347609453157e-05
2024-11-20,0.0,0.00048550004669328795,0.0,0.0,-0.0009719950526903831,5.348002130268689e-07,-0.00020591158659069575,5.541066419961077e-05,0.0008790746680507472,3.339475363692973e-05,1.6819353697489214e-05,0.0,-0.0007162059311522362,2.6358641791261392e-05,0.0,0.0,2.0370290393992296e-05,4.4462386258620895e-06,-6.536898352784738e-05,0.0,9.432357768894345e-06
2024-11-21,0.0,-0.0011110236282676628,0.0,0.0,-0.0008044628959599787,-7.503549171556777e-05,0.00028777115719028773,7.355504901980676e-05,-5.186122732261933e-05,2.0862485863852587e-05,-8.967772535867224e-06,0.0,0.000293355077904095,-2.5637136312494507e-05,0.0,0.0,-3.6634359303569335e-05,-0.00011647242586752295,6.10130487053509e-05,0.0,2.917490329566513e-06
2024-11-22,0.0,1.0415468889302115e-05,0.0,0.0,-0.002664503449703731,-0.00012464191091987945,0.0002601040134949384,-7.072554451047729e-05,0.0032650730508239495,-6.544613822875162e-06,-3.0483561729886116e-05,0.0,-0.0008033762515435583,-6.308981803739878e-05,0.0,0.0,-4.609005279569353e-05,-0.00019208294584315347,8.123272943702346e-05,0.0,-2.8813908669364074e-07
2024-11-25,0.0,-0.0019018332966315582,0.0,0.0,0.004390845556947409,-0.00018376683014309676,-0.000660130736912963,-0.0001169410216420707,0.0030838091475978574,-0.00020215160099438037,-0.00022110135776628667,0.0,-0.0006501593056457422,-0.00024123873744560237,0.0,0.0,-7.758073103476121e-05,-0.0002488553067245842,0.00015913563778239236,0.0,1.6929921442714936e-05
2024-11-26,0.0,0.0013257827500097047,0.0,0.0,-0.0002429383866420498,5.938315891068635e-05,-0.00044346094330702246,-0.00016989046893883808,-0.0005613038674222581,-7.694865294489636e-05,-7.057582730776377e-05,0.0,-8.932728482180519e-05,-3.119061283293756e-05,0.0,0.0,-5.027588713647606e-06,-4.689177149125659e-06,3.296353106366223e-05,0.0,4.052670883400965e-06
2024-11-27,0.0,-5.352834764599246e-05,0.0,0.0,-0.0011900835533205645,-3.151712978813337e-05,0.0001445382177897095,7.001168326501231e-05,0.0008357271716268738,8.360053843578172e-05,6.528467838377849e-07,0.0,0.0011083403018511684,-9.410064442301469e-05,0.0,0.0,-2.2925992138161586e-05,1.0554103565747416e-05,5.1077633577567214e-05,0.0,7.513991866938958e-06
2024-11-29,0.0,-0.001253161668326952,0.0,0.0,-0.000606279176290303,1.5543572667071556e-05,-9.556045189460655e-05,3.912537270872943e-05,-0.001518287246996028,-4.8237294121813296e-05,-3.9436374265518215e-06,0.0,0.0015040193568464921,0.00010419957004647804,0.0,0.0,2.044036358536845e-05,4.710167090643189e-06,-9.073323308744427e-06,0.0,-2.5618146126915294e-06
2024-12-02,0.0,-0.0022976934912219416,0.0,0.0,0.0026931562133531706,2.5564849827651448e-05,-0.0009217167763425904,-0.00011853008297329354,2.8645818834188708e-05,-0.00013432156641206977,2.0277732044271524e-05,0.0,-0.0005882233171827511,0.00017590387069083523,0.0,0.0,6.016234881350748e-05,0.00015722780100662498,-4.294009555261963e-05,0.0,-4.336851904051175e-06
2024-12-03,0.0,-0.00042161772217577664,0.0,0.0,0.0002658097412182314,7.437372592231529e-05,-0.001008713867311141,2.1476461453583118e-05,-0.000838777903214169,1.8991119518120547e-06,4.4050094820748814e-05,0.0,0.0006908665372955536,8.233594370571189e-05,0.0,0.0,4.939456034835834e-05,0.00014317956297854421,-8.450070216870463e-05,0.0,-4.890940960359234e-06
2024-12-04,0.0,0.0001471200011163576,0.0,0.0,0.00038357638204966626,8.171863969575095e-06,0.0001421670490495408,-7.821380911790694e-05,-0.0029401502294561233,-0.0001309477197654063,-2.428474097057598e-05,0.0,0.0009933746884215888,7.407052084953784e-05,0.0,0.0,3.931833022381183e-05,5.2683241874469655e-06,-7.584939232342311e-05,0.0,-4.745889493187015e-06
2024-12-05,0.0,0.0005238514438706682,0.0,0.0,0.000745065142176371,5.4419809509560074e-05,0.00011897095501179483,-0.00012904303672923306,-0.00035697824942473866,-2.3337530152194724e-05,-4.040188579001666e-05,0.0,0.0002356483223524275,-1.7360548448185423e-05,0.0,0.0,-3.300771704881685e-05,0.00012080147847103387,8.233487588454359e-05,0.0,-6.355093694134363e-06
2024-12-06,0.0,0.00021734258442564214,0.0,0.0,-0.00017703476619759795,-2.8725422043621683e-05,-0.0007823789540374881,-2.05474751855568e-05,0.001725902174924035,-0.00016013683531658496,-3.7347423896889886e-05,0.0,-0.0006072084368177744,1.0560153590048402e-05,0.0,0.0,-9.578016948756304e-07,3.249088499023868e-05,-4.6019091224288114e-05,0.0,-4.734852080698479e-06
2024-12-09,0.0,0.0001695277369121173,0.0,0.0,-0.0024982672093815106,2.8904547555459043e-05,0.00048409010579106987,-5.272112352741436e-05,0.0023911168280687234,0.00011580886353408301,6.699828204920211e-05,0.0,-0.000530090085293311,-3.8421300849519197e-05,0.0,0.0,5.8737524488249385e-05,0.0001157220814366651,-5.619229934928846e-06,0.0,3.5501176545492483e-06
2024-12-10,0.0,0.00016292508858026244,0.0,0.0,-0.002872570283869308,3.551853473653804e-05,-0.00027754454819365476,5.326592002705306e-05,0.0026906025180501864,6.829941190931998e-05,5.993316392477813e-05,0.0,-0.00034493287437903364,0.0001506304202006075,0.0,0.0,3.6329719433503965e-06,4.568235256838596e-05,4.20893222032228e-05,0.0,-4.2678687901919875e-06
2024-12-11,0.0,-0.0003397177683203967,0.0,0.0,-0.0003309440586124479,2.5753386864002525e-05,-0.00042592619194475184,-3.7715181452473504e-05,-0.0022782059387309317,-0.00016807285770204655,5.74079217051035e-06,0.0,0.0009362233492032634,0.00010401184556955122,0.0,0.0,2.8154508333177487e-05,0.0001569712224605089,-0.00015895540242687363,0.0,-1.9571103614481598e-05
2024-12-12,0.0,-0.0001993905354730624,0.0,0.0,0.0022657935303572185,5.966401517823721e-05,-5.5335002057788074e-05,-4.839682647647843e-05,0.0009189837459136624,2.9344806112326788e-05,6.702193688246788e-06,0.0,-0.0015857195112402855,-3.1450144466376936e-05,0.0,0.0,-1.4927714563203395e-06,2.5359955792961242e-05,7.757680239544804e-05,0.0,-2.897372567878969e-06
2024-12-13,0.0,-0.0008718648969093246,0.0,0.0,0.0016419583140598604,1.4166755426055395e-05,0.0003679211088024707,1.5626556204711983e-06,0.0017202889253577353,-0.00021491373082870718,-7.6320318583286e-05,0.0,-0.0010294992328187258,-2.0288017570360348e-05,0.0,0.0,-1.8977768380484122e-05,-3.456392222800711e-05,2.3748369660240437e-05,0.0,4.294168473133945e-06
2024-12-16,0.0,-0.00039104239495819926,0.0,0.0,-0.0006327368358352292,-4.505054130846554e-05,-0.00023490269573685219,-8.066029059732027e-05,0.001603444009885796,-0.00025262026571862967,-7.51039524027608e-05,0.0,0.0002551238636528119,3.156432175389218e-05,0.0,0.0,6.7721192464455585e-06,-1.858244242283584e-05,-4.943735769735724e-05,0.0,-1.0432378358515848e-05
2024-12-17,0.0,-0.0013162980943546149,0.0,0.0,0.0005872150130771248,7.357657577917055e-05,0.00020282271455181883,-6.138634924169467e-05,0.001068410557908045,5.370665002532235e-05,4.632599277635402e-05,0.0,-0.00044476532092463383,3.541305177592012e-05,0.0,0.0,2.694484194289571e-05,0.00011930076367766204,-4.541756082224874e-06,0.0,4.952860217447962e-07
2024-12-18,0.0,0.0008995081733292748,0.0,0.0,0.0024688865551407424,0.0002594372097146731,0.0008699399937912682,0.000235094553379658,0.0002911953788607702,0.00047428589890687045,0.0003479406508464025,0.0,-0.003925863376767702,0.0003285161361083651,0.0,0.0,0.0001000014366090941,0.0003004072903075427,-6.930906025788205e-05,0.0,-4.697587286257724e-06
2024-12-19,0.0,0.0009494895675545706,0.0,0.0,-0.00012432688267469127,3.8401795893721995e-05,0.00011334446613905924,1.36890308586584e-05,-0.001256414023742214,9.124351573783565e-05,1.9216126912635634e-05,0.0,-0.00021353773396906583,0.00016324247145474945,0.0,0.0,-1.2484382522677702e-05,3.2646063638390455e-05,-8.076566398775714e-05,0.0,-7.626082709628261e-06
2024-12-20,0.0,0.0007374267937989704,0.0,0.0,-0.001424277074569158,-3.738834570556418e-05,0.0006796927317848957,4.1715746806596926e-05,-0.002596851706298489,-7.766807365495662e-05,-0.000126879676970771,0.0,0.0017891196526900188,-0.00012637278538746473,0.0,0.0,-4.9416881541512574e-05,-0.00011369148984815419,-6.890175632122408e-06,0.0,7.603819437503436e-06
2024-12-23,0.0,-0.0011023547007263934,0.0,0.0,0.002411722875508865,5.8914878046005884e-05,-0.0006029043948316062,7.205753601358458e-05,-0.0030343477277489095,-6.655748844692014e-05,-2.1684949861738856e-06,0.0,0.00043065761470995056,1.9416325185572444e-05,0.0,0.0,1.6010784955657227e-05,9.188812751308e-05,-0.00011256063930708063,0.0,3.7294461927109843e-06
2024-12-24,0.0,0.0002930248129303231,0.0,0.0,8.976101958418914e-05,-4.738740706250379e-05,-0.00034057054912588203,-5.6287539759711236e-05,-0.00015177304201328956,-0.00019129806202722657,-0.0001417266511305887,0.0,-6.813233184344014e-05,-4.252837443309912e-05,0.0,0.0,-4.3523562489831795e-05,-8.202618144013442e-05,4.254167496561649e-05,0.0,1.5548622478975043e-06
2024-12-26,0.0,0.0003977510246364613,0.0,0.0,-0.0014519134140873746,-7.124748763838624e-05,0.00024099971406225246,2.5520817943588958e-05,0.00024045770970594627,1.8335975169002372e-05,5.279145165258681e-06,0.0,0.00047923082986933707,-2.289798373014164e-05,0.0,0.0,-9.541211235737299e-06,-5.342518246237785e-06,2.7880499933217312e-05,0.0,1.460365734310353e-06
2024-12-27,0.0,-0.0001397766400498962,0.0,0.0,0.0003839846256787627,6.785185604973269e-05,2.1424006772165216e-05,9.755791160404037e-05,0.0015325992265085159,0.00013873732022176566,8.665816397513196e-05,0.0,-0.0006855054958899154,4.8450123850678206e-05,0.0,0.0,9.931561078993512e-06,3.415053556367342e-05,2.9835152706610135e-06,0.0,4.804322695432621e-07
2024-12-30,0.0,0.00148369761319668,0.0,0.0,3.784411588142467e-05,3.3713600995719656e-05,0.00035570961909691876,8.227672948646174e-05,-0.0006380257592376176,0.00017591714559732352,0.00013617091742532464,0.0,-0.0007970174226383797,1.931700272216931e-05,0.0,0.0,3.06809985286512e-05,0.0001062703179944835,-8.807898354547782e-05,0.0,-8.377438054321066e-06
2024-12-31,0.0,0.00024916575577656197,0.0,0.0,-0.0016089596313308419,-1.5049020144157661e-05,0.00028034702599671196,5.6577764512158804e-05,0.002195498254203246,0.00013149226752314294,4.585389230206058e-05,0.0,-0.0010337387372510443,-9.52234860444167e-05,0.0,0.0,-8.574195813390584e-06,6.0347011800084005e-06,3.922398704349697e-05,0.0,2.9043026548654415e-06
2025-01-02,0.0,-0.00011540280053967678,0.0,0.0,-0.001064603387327806,5.8608264069980216e-05,-0.0004586751513695128,0.00012767590726679365,-0.0020537276559750156,0.00018626781717161547,0.00018477924743822566,0.0,8.406498249491356e-05,0.00017773589347670066,0.0,0.0,5.289304497975867e-05,0.00018764443713554374,-0.00012121083181494685,0.0,-7.79194850593671e-06
2025-01-03,0.0,-0.0010585117793096427,0.0,0.0,0.002851085842995399,-7.409820682105148e-05,-0.00013803247252917178,-5.454194865821445e-05,-0.0039015481383332107,-0.00020100138822447267,-0.00012792507774565115,0.0,0.0015071463810729935,-8.505398492998813e-05,0.0,0.0,-1.5107802794386838e-05,-9.356701884062277e-05,-5.195403831278339e-05,0.0,4.68078039710996e-06
2025-01-06,0.0,-0.0046494412815328845,0.0,0.0,0.002265717557198621,5.991216427397687e-05,-0.0010610069077454723,-1.5605711503404937e-05,-0.002506326946851392,-4.795429483396563e-05,4.758655507815235e-05,0.0,0.002975085091907803,0.00021524190344509447,0.0,0.0,5.461460834837225e-05,0.0001643796944326443,-0.00019389412719287603,0.0,-7.454470427226091e-06
2025-01-07,0.0,0.000541405619719465,0.0,0.0,-0.0027491143033608334,1.1631051501954405e-05,0.00041449509541886115,5.154922773114266e-05,0.005450649815865197,0.00019578305666330745,7.949025648612898e-05,0.0,-0.0019979107087724213,3.1020425692539905e-05,0.0,0.0,-1.9181310791222678e-05,-8.200249985992371e-05,2.9591854440657803e-05,0.0,1.0262041361168862e-05
2025-01-08,0.0,0.0012732754685568365,0.0,0.0,-0.0011162440657983552,3.585265473581619e-05,0.0003799147816491953,-3.832549681547469e-05,6.260331220253601e-05,4.309764441500635e-06,-1.6793131534253297e-05,0.0,-0.0006499858755061871,-2.2008342604613526e-05,0.0,0.0,-1.3372811973547637e-05,-5.2958239619645825e-05,1.4024458480593402e-05,0.0,4.26616497411071e-06
2025-01-10,0.0,0.0003850541743273539,0.0,0.0,-0.0024384787637745375,0.00015095013541371449,-0.0003012148948730031,9.738570899260612e-05,0.00282046069810557,0.00024923331039042665,0.0002296447759680513,0.0,-0.0012179980244826083,0.00023256194143435327,0.0,0.0,0.00010667376816132345,0.0001525846595326237,-0.00012465068145848038,0.0,-4.06426128564852e-06
2025-01-13,0.0,0.0007529063898952387,0.0,0.0,0.001169407676170242,-4.889619353820422e-05,0.00023360168381669072,-5.060741310894054e-06,0.0014554568770371035,-2.7654535658047652e-05,-0.00010357542651992513,0.0,-0.001545799105478557,-0.0001708393765404645,0.0,0.0,-5.5706778816659586e-05,-0.0002502059353210878,6.610223983103888e-05,0.0,1.6120864090072933e-05
2025-01-14,0.0,-0.0008894704088603239,0.0,0.0,-0.0013425517904832873,-8.67196173137191e-05,0.0007109827145167814,2.4263139140607085e-05,0.001016836089834855,5.452736181486839e-06,-3.257917810506675e-05,0.0,0.0011286649000501192,-9.742520014864066e-05,0.0,0.0,-6.032424864425498e-05,-0.00018811594544737922,9.031134819689757e-06,0.0,-8.745229902452976e-06
2025-01-15,0.0,0.0013770210674255573,0.0,0.0,-0.0002696165085218638,-9.649763792441302e-05,-0.0010161310293959405,-0.00015535527547210458,-0.002706976484743537,-0.00028585590238019293,-0.0001929000252047161,0.0,0.0015734329991729523,5.859052056024841e-06,0.0,0.0,-8.895043275148739e-05,-2.1572032145832087e-07,-9.823191378683163e-05,0.0,-2.0183764272229494e-06
2025-01-16,0.0,-0.0021615016106548424,0.0,0.0,-0.001162927929655222,-1.3821428616160591e-06,0.00035521400937013614,4.7321225545489745e-05,0.0020933000211912356,0.00015104556794357307,6.0725945153081856e-05,0.0,0.0003577082274337784,-0.00018869516157321922,0.0,0.0,-2.2497695667873796e-05,-0.00015573847718492254,5.727653945688735e-05,0.0,1.9551453897190263e-06
2025-01-17,0.0,-0.00029422365702802544,0.0,0.0,0.0020831247626297567,-3.6426530105855906e-06,4.458685794073852e-05,-5.367365062756285e-05,-0.002656627203483558,-0.0002236005002289182,-0.00010103212849569068,0.0,2.004787554579779e-05,4.4807199293613736e-05,0.0,0.0,-2.139868808498889e-05,-3.282329200592418e-05,1.9352222651664724e-05,0.0,-9.519555735882919e-06
2025-01-21,0.0,-0.0002730151380717083,0.0,0.0,-0.0024217150620539363,-0.00010353293273065566,-3.6116207977762715e-05,4.9238233107096185e-05,-0.0017377789956817269,-1.689377750856841e-05,-6.94072402547645e-05,0.0,0.003476829059410824,-0.0001384628939177044,0.0,0.0,-1.6152288173776688e-05,-0.0002367692714492168,-2.198357876887977e-06,0.0,1.0533783133902198e-05
2025-01-22,0.0,0.0001443509582246677,0.0,0.0,0.0004133326119826197,9.736683908717885e-05,-0.0001412855820732417,-0.0002767430551291923,-0.0036521662365706087,-9.997463355662997e-05,2.1504058592497488e-05,0.0,0.001031756922290017,0.00024328640395034073,0.0,0.0,5.417747763085314e-05,0.00014045464020675039,-0.00011984707191569147,0.0,-8.29530852778195e-06
2025-01-23,0.0,0.0017723603487139472,0.0,0.0,6.82266183759106e-05,-4.0985499243438583e-05,-0.0006911289411796334,-1.8194503197040482e-05,-0.00020878533889683026,-5.54980671425738e-05,-0.00010672739700489167,0.0,-0.00015269443955531758,-8.4612052757135e-05,0.0,0.0,-3.184841683499112e-05,-0.00016988631037365316,4.7989125442562605e-05,0.0,1.3067411600784342e-05
2025-01-24,0.0,0.00102997193332105,0.0,0.0,-0.002305773251768256,-7.876098415873084e-06,-0.0006703197628654331,1.6524898901920312e-05,0.0026749205287898287,3.0311121353827908e-05,-1.5607892402753204e-05,0.0,0.00044208568439374485,-7.301817954972686e-05,0.0,0.0,-3.1711099135217635e-05,5.36132409655922e-06,9.149867129143972e-05,0.0,4.9427803089438374e-06
2025-01-27,0.0,0.0023493986614911005,0.0,0.0,-0.003008634538442162,-0.00010121645311019639,-0.0013489865118043905,-1.7631539074464478e-05,0.014280976491664946,9.470227023027425e-05,-0.0001532084874528196,0.0,-0.004709163431949992,-0.0003688093321146495,0.0,0.0,-0.00016040790462363771,-0.0001539297522321799,0.000512744412592428,0.0,4.154482343739479e-05
2025-01-28,0.0,0.0015192744278897247,0.0,0.0,0.0007808063823787903,7.929295327594593e-05,-0.000310158159230009,-0.0001370044831660172,-0.007544448824024788,-4.628386682379443e-05,5.6558100849167514e-05,0.0,0.0015683715521867814,0.000241254006774003,0.0,0.0,6.411150528893e-05,0.00028241347819017194,-0.0002803051766056674,0.0,-1.7198485893495205e-05
2025-01-29,0.0,-0.003097686745099998,0.0,0.0,0.0004578254490777145,3.311257339754306e-06,-0.00015910145346847288,7.292808424680733e-05,0.0038293761199274523,7.347596601842143e-07,4.2987430108179514e-05,0.0,-0.0007638701518301594,0.00011366686895515794,0.0,0.0,-4.894971105869408e-06,2.3640585002052128e-05,4.29813340552844e-05,0.0,-3.6408344096727167e-06
2025-01-30,0.0,-0.0018795130502818613,0.0,0.0,-0.0018540474371784021,-2.270447341010985e-05,-0.00026878033090486225,0.0005543912735743181,-6.404081264969885e-05,4.729170523556578e-05,2.6912461617664696e-05,0.0,0.0013826910480959076,-5.690822366828836e-05,0.0,0.0,-1.1734057536326621e-05,-6.274567124052617e-05,2.8890336108516185e-05,0.0,4.069054556095418e-06
2025-01-31,0.0,-0.00037444625900090456,0.0,0.0,-0.0009664501335884812,4.851651686317137e-05,-0.00017146517663822747,-1.953439270608627e-05,0.003370986853980823,-1.3758175065312073e-05,4.976401389530233e-05,0.0,-0.001247839500360809,-5.259345886091116e-07,0.0,0.0,1.640589370849148e-05,7.219762054066353e-05,-7.235439351989045e-05,0.0,-8.421842211920423e-07
2025-02-03,0.0,0.0006529026130709936,0.0,0.0,-0.0016146962033923296,7.201725925390107e-05,-0.00043419143797721743,6.636046759066552e-05,0.002606467254623379,0.00010730235471955937,8.108476846912377e-05,0.0,-0.0012086031282113052,3.627400557568855e-06,0.0,0.0,1.087283137308874e-05,0.00012343649612823852,5.7277610087893074e-05,0.0,5.068429249917186e-06
2025-02-04,0.0,0.00017407291214827092,0.0,0.0,-0.0015655295451762752,-7.846839850970348e-05,-0.0002102469898650483,-4.3275852814311094e-06,-0.001374996582736307,-0.00015893040149340606,-6.034454737727929e-05,0.0,0.002381772471070187,2.2143161675366313e-05,0.0,0.0,2.4724720054717514e-05,4.079599851593979e-05,-0.0001157803242722126,0.0,-5.148183836505655e-06
2025-02-05,0.0,-0.0005307528857761562,0.0,0.0,0.0003230465556952611,-2.3557462471486892e-05,0.00021027752491757645,4.343903740153601e-05,-0.004346051439103271,5.283948793268281e-05,5.795736880758601e-05,0.0,0.0018358184407522848,-6.412466158497131e-05,0.0,0.0,-1.3607699805412952e-05,0.00010420195215116689,-1.4087896872641559e-05,0.0,1.7731617294968176e-06
2025-02-06,0.0,0.000498182998205754,0.0,0.0,0.0011830567381621304,4.1920566876741706e-05,-0.00023903783578205912,-2.891489716043416e-05,-0.002767317048079268,-4.602038936556835e-05,-1.5328553170042974e-05,0.0,0.0006325508730366247,2.3298396738952176e-07,0.0,0.0,-2.684126624113558e-05,-3.0077614773901806e-05,2.043321912545068e-05,0.0,-1.037011662419771e-05
2025-02-07,0.0,0.0011093949874456527,0.0,0.0,-0.0002819744830410975,8.772050786625286e-05,-9.487848378813418e-05,0.00012199340950279879,-0.0008274574989169114,0.00022532733203355082,0.00015751796407488527,0.0,-0.000765231061196886,3.808253442465735e-05,0.0,0.0,2.8349585705206987e-05,5.3283202270508825e-05,-2.0837653113142673e-05,0.0,-4.728297632541293e-06
2025-02-10,0.0,-0.0009089723322152909,0.0,0.0,-0.0017235924186920493,3.5233540816980574e-05,0.0001692080062216314,2.7067933000056096e-05,-0.0018903693750759315,-4.649749650243243e-05,4.217635301112868e-05,0.0,0.001246087807299484,9.814699829330427e-05,0.0,0.0,8.021885105300407e-05,6.536066688482556e-06,-3.2524356883388214e-05,0.0,-9.274490487896805e-06
2025-02-11,0.0,-0.0010534830261427625,0.0,0.0,0.0005813737215431825,3.403157940544497e-05,-0.00014053837675367248,6.338509881565618e-06,0.00045546536837733076,2.1834330097173643e-05,-3.0290921106183172e-05,0.0,0.00044924262403572834,-5.4664612248706e-05,0.0,0.0,-1.6849099866048795e-05,-2.215781449562207e-05,0.00010878312071939227,0.0,-6.681677583861767e-07
2025-02-12,0.0,-0.0003394152903825609,0.0,0.0,-0.000390376266230702,6.180864531534543e-05,-0.00026573580430656885,4.1643481459687284e-05,0.0011570903501634533,-2.1395599573918733e-05,4.1541181098437435e-05,0.0,-0.0002642514861372347,8.567947630875108e-05,0.0,0.0,1.3120522049906921e-05,8.375552798981813e-05,-8.267159449810296e-07,0.0,-6.996282340393902e-07
2025-02-13,0.0,-0.0014683026200096039,0.0,0.0,-0.000804303536059453,-3.562008575966769e-05,6.177045959120803e-05,2.1527285412145658e-05,-0.002473571228763974,-0.00013773932132732022,-6.846922164866279e-05,0.0,0.00285249599487572,-3.640715942419652e-05,0.0,0.0,-1.2980817796952662e-06,8.045823118441042e-05,4.5139685429353496e-05,0.0,-2.1939303709526395e-06
2025-02-14,0.0,0.0020447941298049888,0.0,0.0,0.002658636590455926,-1.7887305873440576e-05,-0.0004534248176838937,1.540434569116851e-05,-0.00288758691299619,-0.0001271133493533673,-5.159044602480803e-05,0.0,-9.589986837968412e-05,1.3343656495483705e-05,0.0,0.0,-2.393029713649176e-05,-1.1507272384379819e-05,-6.801642283599946e-05,0.0,-6.890025309034555e-06
2025-02-18,0.0,0.0009067173040881032,0.0,0.0,-0.0030197735621283195,-1.5559987215456143e-05,0.0009754976648647246,2.993625020944468e-06,-6.126891661259459e-05,1.8271902496053843e-05,6.47017662426877e-06,0.0,0.0002507279371494475,-1.1389001180400066e-05,0.0,0.0,-1.7659133536956396e-05,-6.826924569521865e-05,2.663961975735152e-06,0.0,-4.754354910038684e-06
2025-02-19,0.0,-7.080669097173087e-05,0.0,0.0,-0.00018189093753415153,2.3055568851206715e-05,0.0005477663668290202,-0.00010281481030243074,9.548823337998669e-05,-8.91534759507942e-06,-4.2173194624836596e-05,0.0,-0.0002500931775420434,-1.0020713177915502e-05,0.0,0.0,-2.902498174383629e-06,-1.8930036189244645e-05,8.376239143281783e-05,0.0,1.1958953670765577e-05
2025-02-20,0.0,4.6008212353829125e-05,0.0,0.0,-0.0004905446319895257,5.7463259773366665e-05,0.0003491709323596298,-5.575437492794967e-05,-0.0007773215820285201,4.472969389010886e-05,4.105272058722853e-05,0.0,0.0012286527429142546,-6.401593338399916e-05,0.0,0.0,6.350798580349176e-05,7.444666022281277e-05,-2.319700339247291e-05,0.0,6.527539373008483e-06
2025-02-21,0.0,0.00012154756204812989,0.0,0.0,-0.001195424321989741,0.00016366002083005853,0.00031862567554268376,0.00010368899264285615,0.0033607184242820526,0.0002498686801222956,0.00017769913066037826,0.0,-0.0018913647192747018,3.669880551733333e-05,0.0,0.0,2.9189234987022673e-05,0.00023800067698955506,0.00018067157316879918,0.0,7.150312323578279e-07
2025-02-24,0.0,-8.601540246239159e-05,0.0,0.0,-0.0019102270384279418,3.086603608421119e-05,0.0006196254066377777,5.9406624355997154e-05,0.0027304827935728943,0.00015179555719602514,2.618734677567458e-05,0.0,-0.0007135112304055002,-6.858002463626736e-05,0.0,0.0,-3.3719105077387526e-05,2.3980391744475235e-05,6.050704237096048e-05,0.0,9.98498581210555e-06
2025-02-25,0.0,-7.047822103464774e-06,0.0,0.0,0.0011978527008265905,-2.998633959684898e-05,0.0002516283687748269,5.764472427416574e-05,0.0019622926444564787,7.973215953053711e-05,-4.819390751572422e-05,0.0,-0.000819130500436055,-0.00020201968925331534,0.0,0.0,-3.591367016668803e-05,-0.00019771449685677435,0.00022400475238917167,0.0,1.493140394805961e-05
2025-02-26,0.0,-0.0011063015391377246,0.0,0.0,0.0012398883202822675,4.1216845627122314e-05,-0.0005583663601597261,1.8989838029120562e-05,-0.002909400574123977,7.774227934499722e-05,0.00010475218081665641,0.0,0.0009619712652545742,0.00011132446425973774,0.0,0.0,4.2266548317359404e-05,9.618276729733526e-05,-0.00026407985676679506,0.0,-1.2764124724581969e-05
2025-02-27,0.0,0.003414608378901965,0.0,0.0,-0.00031578373016549754,-9.893115831478491e-06,0.00019973210863193439,1.1189353323103404e-05,0.006662302204510848,0.00019084762110939055,-1.07353691784981e-05,0.0,-0.004694784253166162,-0.00020590062071096718,0.0,0.0,-0.00010260771160439715,-0.0001986129477439865,0.00016698429127350728,0.0,1.1338799309179776e-05
2025-02-28,0.0,-0.0007244826434724266,0.0,0.0,0.0027670067208535043,-3.4593451894529906e-05,-0.0002929777117230206,-4.4366545411969605e-05,-0.003308465867700505,-0.0001701255255430606,-0.00015831925470939992,0.0,0.0002776688336817712,-2.6281276822220923e-05,0.0,0.0,-6.807655496191434e-05,-0.00011374857352400812,7.529780402376618e-05,0.0,5.1995740163513805e-06
2025-03-03,0.0,0.0001945627064331712,0.0,0.0,-0.0053367376094135,0.000123949743631932,0.0002995314191891023,9.033906292028708e-05,0.007501343089507603,0.0002000865683891087,0.000118928072311935,0.0,-0.00013138212030158747,-0.0001486377207172325,0.0,0.0,-8.170941817005513e-06,6.099223474189015e-05,0.00015675732977325947,0.0,1.3139272335957832e-05
2025-03-04,0.0,-0.000740267127516861,0.0,0.0,-0.0016980688269341015,9.079304988359078e-05,0.00076532886529437,7.661279266338306e-06,-0.0015308293816089502,7.323291858382999e-05,0.0002126213785051123,0.0,0.0020060515880860608,0.00012799934168633044,0.0,0.0,0.00016894230982434245,0.0003136860936606752,-0.0001848035391639486,0.0,-9.523569987366222e-06
2025-03-05,0.0,-0.002798090284320584,0.0,0.0,0.0004682436437781212,-4.190678123746055e-05,-0.000682171664697348,-0.00022391949253693262,-0.0007000615148453626,-0.00015242403139886784,-0.0001073998939247929,0.0,0.003201233064247716,-7.012850852360954e-05,0.0,0.0,-7.775796411329909e-06,-0.00017611398771238441,9.207233727520636e-08,0.0,5.344693222239386e-06
2025-03-06,0.0,0.0014977267601017363,0.0,0.0,-0.0015922410724893143,2.346199797329928e-05,0.0009921978999237538,-1.4147143546900873e-05,0.004429875939481201,0.0002645581501475626,9.246884858236937e-05,0.0,-0.0022347084914284554,0.00013595161865566537,0.0,0.0,2.0750294365350606e-05,-5.234398350506542e-05,0.0001404044682033253,0.0,8.407636310943487e-06
2025-03-07,0.0,-0.001456991306498387,0.0,0.0,0.0006302952124333239,1.3687685880905964e-07,0.00021782454382834188,9.908683071902652e-05,-0.0015533061449874014,-6.968725279837482e-05,-3.770030714525183e-05,0.0,0.001268133336792987,-2.700973763652796e-05,0.0,0.0,3.9633970709190836e-05,-0.00012691855680484025,-1.361302323903829e-07,0.0,-2.902094490487097e-06
2025-03-10,0.0,0.0036197748288133574,0.0,0.0,-0.0013848868459295227,7.464810686028719e-05,0.0009285328686772058,0.00014990556993255393,0.0035041163153729793,0.0004097342530196592,0.00019179289286884796,0.0,-0.0030560310533183643,-5.1860249567907066e-05,0.0,0.0,3.5110898074760914e-05,1.2402691517150732e-05,0.00012800761607031398,0.0,3.642847410993905e-06
2025-03-11,0.0,-0.0004488116384452623,0.0,0.0,-0.001783595455019965,2.9014972661741897e-05,-0.00028403993218398954,2.5390530299632466e-05,-0.0012436584407301277,0.00010794982787940346,0.00019852459679231896,0.0,0.0018791823070527791,0.00015588319053473632,0.0,0.0,5.774302990513465e-05,0.000291334247751825,-0.00018771945752747536,0.0,-1.3372844855870912e-05
2025-03-12,0.0,-0.0006038211505489666,0.0,0.0,0.0013708677552335125,6.220346966792287e-05,-0.0003951932662398863,2.3670568698735614e-05,-0.0052710812679407915,-1.5913419063488116e-05,8.189777147688329e-05,0.0,0.0015497062126666183,0.000134316082890407,0.0,0.0,4.117773698257207e-05,0.0001576013714238659,-0.00032460657879079986,0.0,-1.8362726061506773e-05
2025-03-13,0.0,0.0009489786486166218,0.0,0.0,-0.003776558710454264,0.00011658261786622742,0.0015124088747466603,0.00010434742233984308,0.0002538794427802554,0.0003287738464141307,0.00023613669927458059,0.0,-0.0004559145790052621,0.00020929938743187784,0.0,0.0,3.0916636237899794e-05,0.00017284971338931733,-5.927187400127723e-05,0.0,-5.9021404653019456e-06
2025-03-14,0.0,-0.0012723157269942803,0.0,0.0,0.002095893944201649,-0.00010550623484157414,-0.0006331540515847264,-0.00013101571289358786,-0.004214039434567038,-0.00024977756002173,-0.00017981392235818378,0.0,0.0020933686677843677,-0.00010431315191093693,0.0,0.0,-6.31379002656281e-05,-0.00013100744355422703,-7.398092283396503e-05,0.0,-1.743498361557981e-06
2025-03-17,0.0,-0.0015293256517667775,0.0,0.0,-0.0010540453872421307,-8.542186299023442e-05,0.00016548625787975862,3.5154808441587027e-06,0.0017971454516985813,-9.735393638182072e-05,-0.00011225265778626314,0.0,0.0009194610262024672,-0.0001626402905035365,0.0,0.0,-5.0776470546815694e-05,-0.00019656660454724084,0.00013957423411209945,0.0,1.0738581412236543e-05
2025-03-18,0.0,-0.000256855655624208,0.0,0.0,-0.0032674903237974173,4.36738599426216e-05,0.0010933473363948544,8.607229802748244e-05,0.0030948521212115776,0.0002466470055122738,0.00013261400687641228,0.0,-0.000380352062352457,2.591392927150417e-05,0.0,0.0,-6.571772334279351e-06,8.061150259906953e-05,-8.86955947276679e-05,0.0,2.812567945101687e-06
2025-03-19,0.0,-4.7175882760347454e-05,0.0,0.0,9.337450393528957e-05,-7.97342672715336e-05,5.044552521232121e-05,-5.392375997027854e-05,-0.0013283576101414396,-0.0001517553324854523,-0.00010347927234993434,0.0,0.00040147401150358863,3.307336448296269e-05,0.0,0.0,-3.0124525605509066e-05,-0.00013228674000407073,-4.57069738438419e-05,0.0,-3.584548072906881e-06
2025-03-20,0.0,0.00014441937750635236,0.0,0.0,0.0005042431013009829,5.2578455058125036e-05,-7.5579575324565e-05,2.782579023831444e-05,-0.0007493590358352703,7.391257756083139e-05,6.200947270935259e-05,0.0,-0.0003731644969177661,1.583170003952722e-05,0.0,0.0,-2.2446034027940806e-06,8.980312113775202e-05,-5.8880132839243815e-05,0.0,-2.8471228771158666e-07
2025-03-21,0.0,0.0014670179527361826,0.0,0.0,0.0011236874648766215,2.215000907557392e-05,-0.0006511456907261765,-0.00011721813537565566,0.00037870596850969607,-0.00010998735830990494,-5.6138770936665916e-05,0.0,-0.0012392436072900803,7.927970728659195e-05,0.0,0.0,2.3087807511359623e-06,3.3427101706747994e-05,2.783034145652577e-05,0.0,3.0616613416344e-07
2025-03-24,0.0,-0.0007046943124231625,0.0,0.0,0.002398409997613371,-0.00013604572883908067,-0.0010058224898427531,1.128219149611892e-05,-0.002489504406859716,-0.0002720536650503043,-0.00019248075439143655,0.0,0.000845989038922107,-9.335553843413565e-05,0.0,0.0,-5.369814603719495e-05,-0.00018879388451469373,1.331109439889691e-06,0.0,1.4284990656302258e-06
2025-03-25,0.0,0.00015113044035706957,0.0,0.0,-0.0008516559406394342,4.497838858884794e-05,-0.00035951454380960673,-3.722073617475237e-05,0.0006451857778872472,-8.621893177862897e-05,-2.814355313077166e-05,0.0,0.00033872260669223775,0.0001187737262043475,0.0,0.0,-2.2780560026443644e-05,-1.2382673366262073e-05,-9.854543330433015e-05,0.0,-1.2134909662611854e-05
2025-03-26,0.0,0.0014038496112092902,0.0,0.0,-0.00177609991929642,1.122659917630886e-05,0.0005012055986231209,3.6473182708053956e-05,0.0047715548667768976,0.00016768777916759472,5.4109070768217776e-05,0.0,-0.0025909633276141875,-0.00012492915780236424,0.0,0.0,-2.610802889866856e-05,-3.0039608832565026e-05,0.00024399583965922615,0.0,4.473455260735099e-06
2025-03-27,0.0,0.001354914002385299,0.0,0.0,-0.0034901049459961087,2.0854209862001746e-05,0.0003747540035541827,-2.7746838459720424e-05,0.0018181976125946214,6.53446535502783e-05,1.2577456879055149e-05,0.0,0.00024808556461755615,6.720641003545372e-06,0.0,0.0,5.002558651724318e-07,5.189107821276101e-05,0.0001342865022315367,0.0,3.131652150800018e-06
2025-03-28,0.0,0.0012845835097318875,0.0,0.0,-0.0027648358232077175,0.0001129748084685413,0.0012058249071330261,0.00020507557515549169,0.0010847032489806757,0.0003702818022726616,0.0002506697100894059,0.0,-0.000580082560856704,-3.358201696355284e-05,0.0,0.0,6.784612434579569e-05,0.00024061420243945073,-2.5495745545525e-06,0.0,1.4381818584060287e-06
2025-03-31,0.0,0.0013084334311339735,0.0,0.0,-0.0030118568856761507,4.307302008632694e-05,5.779644113131782e-05,8.193571511000766e-05,0.0012642737321838238,2.0782477551110207e-05,-8.9963692520411e-05,0.0,2.3419696668997014e-05,-8.071843307475533e-05,0.0,0.0,-5.1102168405084934e-05,-8.913107980425272e-05,0.00014671709558593954,0.0,8.24759932142806e-06
2025-04-01,0.0,-0.0002995190013474758,0.0,0.0,0.0010874140447876546,1.940010465321159e-05,-0.0004402365919226048,-0.00012346611112068473,-0.0013241883436432983,-9.032673356703519e-05,-6.466223632824175e-07,0.0,0.0003412178298770052,2.340293732339127e-05,0.0,0.0,1.849689092945847e-05,-4.3242501742908265e-05,-1.3309791350269579e-05,0.0,-1.901625189570011e-05
2025-04-02,0.0,-0.0001355320729009707,0.0,0.0,-0.00034370937358738085,-0.00011014985530239697,0.0001287975572468042,5.452938718909436e-06,-0.00018620239328467902,-0.00011559206210887477,-9.38703615047283e-05,0.0,0.000934227742792032,-5.5196444157515e-05,0.0,0.0,-3.5678942873493616e-05,-0.00013392257246081472,-3.522105551716399e-05,0.0,5.551453892362729e-06
2025-04-03,0.0,0.003088394128858543,0.0,0.0,-0.004070297749179191,0.00029144355390799907,0.002075251756428722,-1.9014078469683365e-06,0.005297907561278237,0.0005078751894068041,0.0004125953897338285,0.0,-0.0012383481031434662,0.00010249520938013928,0.0,0.0,0.00011766174165308077,0.00045715916774104366,0.00029983698597335975,0.0,1.4221071038188161e-05
2025-04-04,0.0,-0.06731609435193871,0.0,0.0,0.07150900198893473,-0.006904092438536415,-0.029981587110211042,-0.007767581488779823,-0.09055670352452111,-0.016055727402824523,-0.015284200772438292,0.0,0.29178524858014515,-0.009555463574284754,0.0,0.0,-0.0042973580023598175,-0.014163351531907281,0.009680347484556462,0.0,0.0008529816483912381
2025-04-07,0.0,0.0,0.0,0.0,0.005146122705038891,0.0,0.0,0.0,0.0,0.0,0.0,0.0,-0.004289145182121701,0.0,0.0,0.0,0.0,0.0,0.0,0.0,0.0
2025-04-08,0.0,0.0,0.0,0.0,-0.0018314317855992468,0.0,0.0,0.0,0.0,0.0,0.0,0.0,0.001959836283110694,0.0,0.0,0.0,0.0,0.0,0.0,0.0,0.0
2025-04-09,0.0,0.0,0.0,0.0,-0.007559597079333569,0.0,0.0,0.0,0.0,0.0,0.0,0.0,0.005188330375144989,0.0,0.0,0.0,0.0,0.0,0.0,0.0,0.0
2025-04-10,0.0,0.0,0.0,0.0,-0.008262400538133707,0.0,0.0,0.0,0.0,0.0,0.0,0.0,0.008868820453961312,0.0,0.0,0.0,0.0,0.0,0.0,0.0,0.0
2025-04-11,0.0,0.0,0.0,0.0,-0.005365129683354397,0.0,0.0,0.0,0.0,0.0,0.0,0.0,0.0051140706442437955,0.0,0.0,0.0,0.0,0.0,0.0,0.0,0.0
2025-04-14,0.0,0.0,0.0,0.0,0.0007062250208997312,0.0,0.0,0.0,0.0,0.0,0.0,0.0,-3.65891131934859e-05,0.0,0.0,0.0,0.0,0.0,0.0,0.0,0.0
2025-04-15,0.0,0.0,0.0,0.0,-0.00027669055699669487,0.0,0.0,0.0,0.0,0.0,0.0,0.0,-0.0005861878204773685,0.0,0.0,0.0,0.0,0.0,0.0,0.0,0.0
2025-04-16,0.0,0.0,0.0,0.0,-0.008092177104894294,0.0,0.0,0.0,0.0,0.0,0.0,0.0,0.006963743867238137,0.0,0.0,0.0,0.0,0.0,0.0,0.0,0.0
2025-04-17,0.0,0.0,0.0,0.0,0.0010314486138474077,0.0,0.0,0.0,0.0,0.0,0.0,0.0,-0.000842816869753682,0.0,0.0,0.0,0.0,0.0,0.0,0.0,0.0
2025-04-21,0.0,0.0,0.0,0.0,-0.007929525898930645,0.0,0.0,0.0,0.0,0.0,0.0,0.0,0.007013816096405556,0.0,0.0,0.0,0.0,0.0,0.0,0.0,0.0
2025-04-22,0.0,0.0,0.0,0.0,0.0038109913065021983,0.0,0.0,0.0,0.0,0.0,0.0,0.0,-0.003519849307725198,0.0,0.0,0.0,0.0,0.0,0.0,0.0,0.0
2025-04-23,0.0,0.0,0.0,0.0,0.006411008741095459,0.0,0.0,0.0,0.0,0.0,0.0,0.0,-0.005901601032318959,0.0,0.0,0.0,0.0,0.0,0.0,0.0,0.0
2025-04-24,0.0,0.0,0.0,0.0,-0.003714903874648512,0.0,0.0,0.0,0.0,0.0,0.0,0.0,0.0032732628873440306,0.0,0.0,0.0,0.0,0.0,0.0,0.0,0.0
2025-04-25,0.0,0.0,0.0,0.0,0.0026596062656368824,0.0,0.0,0.0,0.0,0.0,0.0,0.0,-0.0022692700500570595,0.0,0.0,0.0,0.0,0.0,0.0,0.0,0.0
2025-04-28,0.0,0.0,0.0,0.0,-0.003924115450164634,0.0,0.0,0.0,0.0,0.0,0.0,0.0,0.0036841634499418796,0.0,0.0,0.0,0.0,0.0,0.0,0.0,0.0
2025-04-29,0.0,0.0,0.0,0.0,0.0025396884390067598,0.0,0.0,0.0,0.0,0.0,0.0,0.0,-0.0022898585184333298,0.0,0.0,0.0,0.0,0.0,0.0,0.0,0.0
2025-04-30,0.0,0.0,0.0,0.0,0.0021192641465588857,0.0,0.0,0.0,0.0,0.0,0.0,0.0,-0.0020398217943048413,0.0,0.0,0.0,0.0,0.0,0.0,0.0,0.0
2025-05-01,0.0,0.0,0.0,0.0,0.005234831202710122,0.0,0.0,0.0,0.0,0.0,0.0,0.0,-0.004580076069943262,0.0,0.0,0.0,0.0,0.0,0.0,0.0,0.0
2025-05-02,0.0,0.0,0.0,0.0,-0.0005851132772770606,0.0,0.0,0.0,0.0,0.0,0.0,0.0,0.0006243393601790825,0.0,0.0,0.0,0.0,0.0,0.0,0.0,0.0
2025-05-05,0.0,0.0,0.0,0.0,-0.00654810499831282,0.0,0.0,0.0,0.0,0.0,0.0,0.0,0.004928480789402778,0.0,0.0,0.0,0.0,0.0,0.0,0.0,0.0
2025-05-06,0.0,0.0,0.0,0.0,-0.006816750892532475,0.0,0.0,0.0,0.0,0.0,0.0,0.0,0.005743890294568399,0.0,0.0,0.0,0.0,0.0,0.0,0.0,0.0
2025-05-07,0.0,0.0,0.0,0.0,0.004244545969779134,0.0,0.0,0.0,0.0,0.0,0.0,0.0,-0.00408395962829361,0.0,0.0,0.0,0.0,0.0,0.0,0.0,0.0
2025-05-08,0.0,0.0,0.0,0.0,-0.0845172099181537,0.03240739654479403,0.0,0.026597747400160132,0.0,0.0,0.02941257956487525,0.0,-0.057011212936582956,0.0,0.0,0.0,0.03610505811906732,0.032082345521081405,0.0,0.0,0.0
2025-05-09,0.0,0.0,0.0,0.0,-0.0014833609997146335,6.592756671157385e-05,0.0,-2.896712559104231e-05,0.0,0.0,4.3181800272788784e-05,0.0,0.0013777960229570674,0.0,0.0,0.0,6.911892181056534e-06,-1.9859495206338285e-05,0.0,0.0,0.0
2025-05-12,0.0,0.0,0.0,0.0,0.006940780846613925,-0.0009838371258493253,0.0,-0.0005101239524931273,0.0,0.0,-0.0008307246513948076,0.0,-0.004139766409219758,0.0,0.0,0.0,-0.0005569999018807878,-0.0008333666687299415,0.0,0.0,0.0
2025-05-13,0.0,0.0,0.0,0.004046086249932135,-0.01088161616430458,0.00030136185077433986,0.011919287620912244,0.007989117056070142,0.005432146873293909,0.0051245330361991085,0.013548031959268892,0.0,-0.14499000771543674,0.0,0.004070571358324554,0.0,0.010275335576556757,0.008497612599624393,0.0033218738872101356,0.0,0.0
2025-05-14,0.0,0.0,0.0034443741948292244,-0.00039919931390410826,-0.008545855053278678,0.0007269489172285065,0.012000393888581758,0.007263695499272908,0.004780049480728739,0.005427517112512638,0.01617509451421567,0.0,-0.03162880300614562,0.0,-0.00045502108739542977,0.0,0.009127539599722088,0.009605413113965747,-0.00032599884339272293,0.0,0.0
2025-05-15,0.0,0.0,-0.00035704711153742956,-0.00039411034172882366,-0.015153545826834147,-0.00010079490884250253,0.013391929353832495,0.008292171317972448,0.004992659804930114,0.005886803783727095,0.017062137583569927,0.0,-0.025522932231360734,0.0,-0.0003502466629303966,0.0,0.0070577494186734105,0.007338206580222641,-0.00035228928731408354,0.0,0.0
2025-05-16,0.0,0.0,0.004169858204528152,-0.00033497393791465406,-0.010855731895771104,-0.0036196436535364043,0.007954059316446375,0.007832951358016045,0.002868545451504289,0.005322209310612353,0.015894962975646895,0.0,-0.02491596215165004,0.0,-0.0003328725229401726,0.0,0.005534683328557569,0.0077677712249076825,-0.0002997358294609359,0.003698316881499813,0.0
2025-05-19,0.0,0.0,0.002552175584170882,-0.0003197848386658872,-0.01813964790668493,-0.002850708718109659,0.004417725714954676,0.006059170023852964,0.00353956706553862,0.00736966783415197,0.014536511665306062,0.0,-0.020080520280355507,0.0,-0.00030588252551445785,0.0,0.00621378917162782,0.008675086358587714,-0.00024654859786198873,0.0036911089250628933,0.0
2025-05-20,0.0,0.0,0.0034823365814211985,-0.00027770854473634825,-0.012495027135836667,-0.002719689702485314,0.001799945398782761,0.006016055994208264,0.005055256933643077,0.007035035175890016,0.011999888929568825,0.0,-0.019032298158419336,0.0,-0.00026103504103460904,0.0,0.0053925924790638735,0.006946696708441322,-0.00022527977975018206,0.0029258898495533696,0.0
2025-05-21,0.0,0.0,0.0036195153277591516,-0.0002422283156405,-0.009381148239181264,-0.001929981498459618,0.0002866696040671607,0.00624275211027267,0.004148122145145112,0.008629789424203393,0.011034073639519498,0.0,-0.01818653643680243,0.0,-0.00025180842808407997,0.0,0.00614891191910201,0.006644416961736926,-0.0001875726175463179,0.00010805175657563684,0.0
2025-05-22,0.0,0.0,0.00016821019839455623,5.733349736016143e-07,0.0011058469190914355,-5.5717988919588846e-06,-0.00010123688326754005,-0.00041292279349336436,-0.0002481778398500563,-9.696263388827425e-05,-9.014075500879404e-05,0.0,-0.0005121948624705885,0.0,4.344179305358197e-06,0.0,7.597148724881875e-05,-7.929165859107967e-06,6.835165777900913e-06,0.0001444091246008243,0.0
2025-05-23,0.0,0.0,0.00012461973348899813,-7.725063544628853e-06,-0.0031169839679958122,2.0482354290078664e-05,0.0006483252509901297,0.000621414038167567,0.0002866267032202441,0.00031411191372299196,0.0005957195572939278,0.0,0.0008027951211719841,0.0,-1.3923942741331501e-05,0.0,0.00011640192355689971,9.129504370000707e-05,-1.0457384356846872e-05,-0.0001467962793775448,0.0
2025-05-27,0.0,0.0,0.0002547714030230498,-9.625925763178007e-06,0.003491324290382375,-0.0003367191007810598,-0.0007269031052920122,-0.001022043874867734,-0.0006724057133993405,-0.0006000330743247823,-0.0013858146256537918,0.0,0.0007322412141423651,0.0,2.9558280953319912e-05,0.0,-0.0006405050733247208,-0.0006635458243892112,1.7782476309548267e-06,2.633346400894923e-05,0.0
2025-05-28,0.0,0.0,0.00013349886425930227,1.8501456717127853e-05,-8.818891049730548e-05,0.00016713813718010131,-0.0002502574257445059,0.00032954962944201083,6.553526333808249e-05,6.616114693414055e-05,0.0003668171870478687,0.0,-0.0009914813556198276,0.0,6.809505707089034e-06,0.0,0.00031791764219603336,0.00017658135200412928,6.817967766811241e-06,0.00011378901460264504,0.0
2025-05-29,0.0,0.0,0.0001375667421608974,-4.322961809568367e-06,-0.0004538661539287836,-1.224205507080467e-05,6.5085723720686994e-06,-3.652652213780028e-05,-0.0009196012629312453,1.9898125646164444e-05,-0.00019856746453872365,0.0,0.0012506884092843285,0.0,-4.389791875020893e-06,0.0,-0.00023264163746403166,0.00013207691725987403,-2.8728571560914483e-06,-4.6943133043158766e-05,0.0
2025-05-30,0.0,0.0,-0.0018179280036102682,-0.00022122918253445877,0.0016730133562020688,-0.0021140366239768248,0.005642526653040977,-0.0030813199168455846,0.005983184716185922,0.00187623696547249,-0.001000174139574983,0.0,-0.016070606311739066,0.005981603300753855,0.00534201039154154,0.0,0.008032633717608997,0.0014089606467623944,-0.00019455555066717214,0.004435251694444142,0.0
2025-06-02,0.0,0.0,0.00014125187868173524,-8.075512314126634e-06,-0.0026099210357608815,6.760506243955536e-05,-0.0016846745156115644,0.0002256514573038132,-0.00036126035864558065,-6.33864588351421e-05,0.00011566206145488533,0.0,0.0019307913800690468,3.1089838519160126e-05,-3.6495394356815536e-06,0.0,0.0005751102501291433,0.0006985886802068214,9.446211540553714e-06,5.0058248750083426e-05,0.0
2025-06-03,0.0,0.0,5.178730512931176e-06,2.044812046404776e-05,0.0015388603930286404,-0.00026092403285079765,0.0005119333354178662,5.941981346674341e-05,-0.000892322371930078,-0.0002255093636682401,-0.0003513780741198347,0.0,-0.0005221225093082482,2.9808351664953325e-05,4.799141993582466e-06,0.0,9.38863984669136e-05,-0.0004254790514674617,6.258911861404832e-06,4.277726491291184e-06,0.0
2025-06-04,0.0,0.0,-0.001633632965462442,-0.0001996191387850226,-0.005216403010174203,0.0022477809665848135,0.007437863005834926,-0.0014906902542363154,0.0044634104384951925,0.0027391625789345495,0.0002721113375869222,0.0,-0.013492240284049023,0.004037179276071536,0.003213437928638635,0.0,0.007212071479787793,0.003781475076221466,-0.00014557945300196283,0.002741969174317724,0.0
2025-06-05,0.0,0.0,-0.00160201525639549,-0.0001769255973082314,-0.0069930485548753,0.0015817492985935634,0.012066983106159612,-0.0028868578885843516,0.0048753707676208735,0.004112750865512452,0.0017533558100346347,0.0,-0.013077688609906574,-1.4445180713501538e-05,0.0038326232183688077,0.0,0.005593509387441617,0.004327286727043744,-0.0001324452702162369,-0.0017414710006998634,0.0
2025-06-06,0.0,0.0,-0.0012820787569075825,-0.00015417099155290415,-0.0005704201524275171,0.0016938572398155598,0.007131776297755091,-0.002775537512455739,0.0013068272203776848,0.0028558138971201755,0.0003555978985486097,0.0,-0.011582768749710773,1.273216344323605e-05,0.0026865808023979997,0.0,0.006558901934926295,0.005128967668899531,-0.00012607826192722726,-0.0015452968886005662,0.0
2025-06-09,0.0,0.0,-0.0010869174523971924,-0.00014116127773215726,-0.004318265570605523,0.0035459772811848103,0.010251657320652002,-0.007128057296074013,0.0022769202133518032,0.0024866688532278053,0.0013542997467856643,0.0,-0.010185247917292278,-1.2517477769823787e-05,0.0020010946777580113,0.0,0.006498847043320474,0.00550937709110573,-0.00011446027997942662,-0.0013139613524541603,0.0
2025-06-10,0.0,0.0,0.00014466981425897626,1.6200525850800906e-06,0.00025849395190857827,-8.128444629998052e-05,-0.0009012050897652946,0.00039611913773538593,-0.0003280487524263062,-0.00023508028460371422,-0.000404228618199165,0.0,0.0001425354320426092,-5.961612776082814e-05,-9.322374363442479e-05,0.0,0.00017022347271974936,0.0007552880745004681,4.217074301628588e-07,3.2237237382187756e-06,0.0
2025-06-11,0.0,0.0,-0.0007123141113032239,-8.83935172054668e-05,-0.008539318481519537,-0.001959475121584807,-0.005686658994187882,-0.004567181427698172,-0.0030941693588558278,-0.0039773905966115145,-0.00901831861478837,0.0,-0.006351266361680374,-0.0006588315830669544,-0.0014449986564881862,0.0,-0.00830526535178859,-0.007768762594789938,-7.073768655644144e-05,-0.0009070883279065876,0.0
2025-06-12,0.0,0.0,3.673444703334791e-05,-6.243965063461613e-06,-0.0010383480882797114,0.00017415783384668732,0.0003160579767201299,-0.000614475995859759,-0.0005806766263576763,4.015852149839849e-06,-0.000190958210139619,0.0,0.0008539522749602957,-2.2887558611784514e-05,4.008911361951667e-05,0.0,0.0002675657344932414,0.0005104886132619585,-3.374483449052057e-06,-0.00011404477429831708,0.0
2025-06-13,0.0,0.0,-5.150967449431276e-05,6.53109220662574e-06,-0.002120537755213356,0.00029830105887797623,0.0006963033250881046,4.8084190793946935e-05,0.0006172837771990236,0.00028602431617131413,0.0004746086473560035,0.0,-0.0008675848242301609,2.2218335815638382e-05,0.00014002682604216318,0.0,0.0014446488236082577,0.00011019912525220277,4.747282923701435e-06,-1.8596319438282313e-05,0.0
2025-06-16,0.0,0.0,-7.733482842442463e-06,3.811224774173498e-06,0.002204362027590376,-0.00013120405595637777,-0.0019626680449660594,-0.00010422827320590022,-0.0005542562425716879,-0.0003792622078065619,-0.0003129887783618196,0.0,0.0005137701505102399,5.7743732502949646e-05,-4.217690865691848e-05,0.0,-0.0004907467415201511,9.929125290158991e-06,3.653673259011855e-06,0.00013981971891920825,0.0
2025-06-17,0.0,0.0,5.9217717226972555e-05,9.770636209420524e-06,-0.0004706176424553732,0.0001772616967010282,0.00026266647131592546,-9.8000954733439e-05,-3.6013723851702206e-06,0.00031320551046596506,0.0005564956396562626,0.0,-0.0009318606270398988,-4.283635939635044e-06,0.00013097890300435913,0.0,0.00019011234297727775,0.0003534740478407239,4.353912076089368e-06,5.002247410891038e-05,0.0
2025-06-18,0.0,0.0,3.768620955065666e-05,-2.1496802161552215e-06,0.0005499417922433664,-0.0001459741999309469,0.00017869094830595678,-0.00026687795342745374,-0.0004331227436616264,4.390115681526807e-06,7.489748843195199e-06,0.0,-0.00016786175580288387,-3.312511561077633e-05,4.7053542272908894e-05,0.0,3.408294393676681e-05,0.00023176902779184494,1.1201655173860006e-06,-3.181308531561948e-05,0.0
2025-06-20,0.0,0.0,0.00010062405855181845,6.894774302206464e-06,-0.0002819009814789969,-2.816292678350235e-05,0.00144033439462396,0.0001581276075562285,0.00036693162244617883,5.188441801760868e-05,-9.65413187285491e-05,0.0,-0.00017871790162839185,-2.3009805676462228e-05,0.00011317418733158488,0.0,-0.0006543896134560551,-0.00043001258345418125,-1.0181573179202617e-05,-6.901562027895186e-05,0.0
2025-06-23,0.0,0.0,5.5589052561201904e-05,1.2114458087237982e-06,0.0005699859575633431,-0.00010026429881148172,-0.001351702692219417,-0.000538213517496694,0.000287681863822907,-9.455329697613535e-05,-0.0001629387494460205,0.0,0.0011009626011395518,-6.042425325118207e-05,6.360341331057562e-06,0.0,-0.00044654064706523,-0.0005037929946204306,-2.94706863622333e-06,-4.8545423938324214e-05,0.0
2025-06-24,0.0,0.0,0.00013127202061009868,-6.426759063563655e-06,0.002334488587667674,-0.00016295795775811417,-0.001142018882589746,-9.644411964234573e-05,-0.000868891969393007,-0.0004661083663071858,-0.0005269682433041017,0.0,0.0010418076427714806,3.85246551859314e-05,-0.0002698804930539901,0.0,-0.0009054808834043637,-0.0001595600422325122,7.411729465586379e-06,2.8868464777127845e-05,0.0
2025-06-25,0.0,0.0,7.588626752096268e-05,6.539370147594066e-06,-0.000308299086270572,0.00031906149214860555,0.0004467817833493787,-0.00024679016350628163,-0.001967375309921353,-0.00013593942929471942,-6.046590322299206e-05,0.0,0.00023188101837827435,0.00022516139051041197,-4.304634356988232e-05,0.0,0.000371793325190925,0.0008979136960532985,1.3100713412712416e-05,0.0001580201288201629,0.0
2025-06-26,0.0,0.0,4.044267235166904e-05,-5.446857338221563e-06,0.0007997274244136848,-0.0002621747572143472,-0.0016024835013031674,-0.00022345678067995506,9.061698032446913e-05,-0.0001505951640334291,-0.0001512066051538169,0.0,0.000933601450737162,7.01828929363154e-05,-2.2684511795725837e-06,0.0,-8.812379981688878e-05,-0.00042972987207742785,7.261360311846816e-06,-2.0344907807046814e-05,0.0
2025-06-27,0.0,0.0,-4.8920136423886984e-05,-8.244907731577754e-06,0.002097539689126446,4.762637786986934e-05,-0.000740856071645743,0.0002906896236327394,-0.0007063308601542306,-7.36788686384951e-05,-0.0003557185143661379,0.0,1.9367585188431735e-05,-3.892893521739368e-06,5.579934626128574e-05,0.0,-9.074531962990906e-05,-0.0007978678412579737,-2.591691560765823e-06,1.2225341802021839e-06,0.0
2025-06-30,0.0,0.0,0.00010244977225061166,4.122784980365281e-06,-0.0008249868160467577,7.078981178369054e-05,-0.00018182545498852953,6.12053746196356e-05,0.00011450678476486453,-0.0001331484957516546,-9.110180789199951e-05,0.0,0.0008079046641646243,-2.2404398000585787e-05,4.7416678672432266e-05,0.0,-0.0004684272485460522,-9.419807506652611e-05,-1.141747107726021e-06,-2.0614543631836124e-07,0.0
2025-07-01,0.0,0.0,0.00015544752914970449,-1.1129206934578327e-06,-0.0011984298310144803,-0.00035118192438355483,0.0020461154944358267,0.0004640489957770458,0.0012306562967100143,0.00031754948581869114,-0.00028204120751419703,0.0,-0.00019673962822382152,-9.251621219556749e-05,-0.00012042736104580024,0.0,-0.0009012380427715905,-0.0005997056168166176,-1.4676745542577469e-05,-7.115441346709078e-05,0.0
2025-07-02,0.0,0.0,-5.9542857089004905e-05,-7.79098361269881e-07,-0.0003397631149200525,-0.00031557134735710896,0.0009015499160188595,0.00023927688229929966,-0.001068922849219646,-0.00025732522356824994,-0.00028001467708350936,0.0,0.0002628431035984896,-7.94608875542141e-07,-1.0184473301855929e-05,0.0,0.00033323311798251487,0.0001254446237421436,-6.533516518884711e-07,0.00012851561117085443,0.0
2025-07-03,0.0,0.0,4.8235469330679126e-05,6.7168944427457074e-06,0.001320573473856529,-9.200045837426396e-05,-0.00015422565009318157,-0.0005623957683558375,-0.00033631333078790876,-0.00021562236455392736,-0.00024436922883071255,0.0,9.218591560811173e-05,4.461545138861531e-05,2.668818321891614e-05,0.0,-0.0005457588936822466,-0.00026358465140575993,6.2051284526710385e-06,-1.901257626466847e-05,0.0
2025-07-07,0.0,0.0,3.10874651250348e-05,8.509135162983097e-06,-0.0004570130120405691,0.0003092612273464593,-0.00024377983863982378,-8.002397898634189e-05,0.00014782102648547985,0.000212036461055512,0.00046719627213487325,0.0,-0.0006122220823308322,4.5730295634873255e-05,0.00014721687422208918,0.0,0.0006560131373492539,-1.7368673498538434e-05,-2.7233673338661725e-06,-6.742468744440344e-05,0.0
2025-07-08,0.0,0.0,-2.3003848521935613e-05,-1.02058217436524e-05,0.0009520580409583951,-0.00022294738753331905,-0.00040166888315558424,5.317040379504423e-05,-0.0005636619996455608,-0.00010036870739688758,-8.945726820328015e-05,0.0,-0.0001764644346743116,1.6906266277916943e-06,-9.254746902296468e-05,0.0,0.0008450234570959864,-0.00010166515181574132,7.761307889401375e-06,0.00010983398600981388,0.0
2025-07-09,0.0,0.0,-1.0380779004726115e-05,-1.4590948926418e-06,0.00018777454969766405,-0.00012430195749868478,-0.0009383667997171358,-0.0004319657456399936,-0.000532882130379296,-4.367258116255712e-05,3.4779288402495e-05,0.0,0.0005501524530860252,5.1259217640679464e-05,0.0001171680128956229,0.0,0.0002917817254726035,-7.136286164877159e-05,1.2443025600635004e-05,-3.632834563824586e-05,0.0
2025-07-10,0.0,0.0,-0.0008714197900421151,-0.00011610489507731881,-0.0011994193493749944,-0.0028253072208277476,0.019899726491942146,-0.0006742450140095474,0.03667465960021975,-0.0012538510947957618,-0.008898644289869195,0.0,-0.008807444096738407,-0.0009792961062928107,-0.0018022940778240695,0.00519634178620156,-0.011559452978456425,-0.010530411983557822,-9.946219626829039e-05,-0.0012575883009451356,0.0
2025-07-11,0.0,0.0,-0.0008628563140388448,-9.83009475966478e-05,-0.01144203583625221,-0.002155004570174389,0.01993840111887238,-0.0019080134706805224,0.03732354855088031,-0.0015930393475540872,-0.007693112618492148,0.0,-0.00825792169911567,-0.000855600004473542,-0.0016331490484445457,0.004789453648159639,-0.009085477894405933,-0.008924139520002108,-8.584998289043976e-05,-0.0010626113030067809,0.0
2025-07-14,0.0,0.0,-2.1361839406255564e-05,1.4091240890469394e-06,0.0004737266852163219,-0.00011576765752175852,-0.0004169668359401413,0.00011210813986190643,0.0007969226061613766,-0.00011140751510453628,-4.674825048778253e-05,0.0,-7.82796022697485e-05,-3.773299621069939e-05,3.7892992166537603e-06,0.00012490574493734426,-0.0005378317117504666,-0.00032096057180232285,4.745628369092229e-07,-2.415351835549119e-05,0.0
2025-07-15,0.0,0.0,7.65434050193619e-05,1.0018223633042407e-05,0.00038291148354681337,0.00043126181984557907,0.001852799460752258,-0.00030301570602916245,-0.0048643193087308245,-4.8048560799728024e-05,0.0004529438449363682,0.0,-0.0003910553989298071,0.00011115322232211657,-0.00010638418571594713,0.00014424121305186242,0.001531806231288596,0.0006108764448513326,7.878023318212387e-06,9.083506402497374e-05,0.0
2025-07-16,0.0,0.0,-0.0008343092156709647,-9.910684878145122e-05,-0.004398694616565349,-0.0024081833024244964,0.017526121111941573,-0.0016905267536296148,0.04211252971600571,-0.005173367804206144,-0.010905045763365248,0.0,-0.006781189314761557,-0.0008210137325844451,-0.001520031539012652,9.540105423897459e-05,-0.00950385847710676,-0.008402874425095755,-8.090043177586101e-05,-0.0009502544654676412,0.0
2025-07-17,0.0,0.0,-0.0006311478906661661,-8.495478223585296e-05,-0.0020805820682143344,-0.0021602835193477513,0.017336524189916575,-0.0009341874275004339,0.037966519990021486,-0.0048253474047197445,-0.009752563290627611,0.0,-0.006397465704240636,-0.0006438659121857614,-0.0013436111191659755,-1.4649453702208007e-05,-0.008490598803785068,-0.007730516110098909,-7.460959550834934e-05,-0.0008572270047841474,0.0
2025-07-18,0.0,0.0,-0.0006801202616231487,-7.580006508266267e-05,-0.005203755078095174,-0.0016649080199259217,0.011478919798419807,0.0017327276097753239,0.038550860788916674,-0.004155571983139109,-0.008581197777000102,0.0,-0.005684702188413764,-0.0006272597205260353,-0.0011762532627929059,-0.0009247318841237549,-0.007317672999282238,-0.006499954754626273,-6.230206650109963e-05,-0.0009041860723665333,0.0
2025-07-21,0.0,0.0,-0.0005221533950063237,-7.287800552025143e-05,-0.009232282166336286,-0.0015236711780360537,0.013857614590709166,0.002763256658667862,0.03153513853022763,-0.0039155458423681955,-0.0078120366881555825,0.0,-0.004775359196063554,-0.0005673749501218526,-0.005047695145010436,-0.0007983715302104996,-0.006265662784180094,-0.005580258074019594,-5.670782136716235e-05,-0.0007094560721485118,0.0
2025-07-22,0.0,0.0,-5.572457870663128e-05,-8.778815179253394e-06,-0.0013029234678718637,-0.0002420697980134983,0.0005647459307439318,5.413430511178735e-05,0.0045615635797254805,-0.00011018055637337237,-0.0005981072298976292,0.0,-0.00015316600385575224,-0.00012689498585562696,-4.8957316602501674e-05,-0.00010659089573298794,-0.0008201404940684359,-0.0005805555558743847,-9.085353716638159e-06,-0.00012938548869303491,0.0
2025-07-23,0.0,0.0,6.036158767523496e-06,-9.312005624415249e-06,0.0016338093812095361,-7.535573708328767e-05,-0.0004458412562303449,0.000499420499853416,-0.003333444345486991,0.00018629946679605408,0.00010847997388312158,0.0,0.0005372228947867624,4.017572718705443e-05,4.5570650863933915e-06,-4.558519652387433e-05,0.00012271859623348702,-0.0004229819214588426,5.010576054570318e-06,0.00010999148707447736,0.0
2025-07-24,0.0,0.0,2.4927969257090496e-05,7.811167315920596e-06,0.0008071828711894574,0.00027170043707339456,0.0006123587839816924,-0.0002770988113468334,-0.0033237067206712823,9.656157621524414e-05,0.00032434459364687196,0.0,0.00011141424151278612,4.1930541687548034e-05,5.595852029202479e-05,-1.755178703416113e-05,0.0003256422558893454,0.0003579822861851517,4.409491522969927e-06,3.929345352208895e-05,0.0
2025-07-25,0.0,0.0,2.357916121670852e-05,8.440807698046433e-07,0.0006822352566717427,-5.181177558543325e-05,0.0005797243911671857,-0.00030441108439901304,0.0004066982527987095,-7.711099190218368e-05,-0.0002856577432120422,0.0,-9.691434831435308e-05,1.0457719697848367e-07,1.632394376824796e-05,3.169465853433695e-05,-0.0004018184712696257,-0.0005245034923000019,-8.221125968793435e-07,-1.550661106506767e-05,0.0
2025-07-28,0.0,0.0,-3.8633593686231843e-07,1.3699925852429275e-05,0.000883549307985454,9.881771855561015e-05,-0.00023804701440008347,0.0004518774078260124,-0.0035134029776466846,8.633711402824401e-05,0.0004134287649942836,0.0,-0.0002666434828717326,0.00010759426320557357,7.685861547269187e-05,-4.620319266949134e-05,0.0007398837082687182,0.0004706876529456394,8.259675014873902e-06,0.00010208250473488743,0.0
2025-07-29,0.0,0.0,5.881035597727138e-06,-3.2713531192496642e-06,-0.0007246207859079729,-1.2031411555996768e-05,0.0032496945494293883,-0.00041356607074177765,-5.299074766446088e-05,-0.00019180531174886606,-0.0003191978541431384,0.0,-0.0004543288741068949,-0.00011541653021853067,-4.430987648847053e-05,-0.0001377941445381576,-0.0001247958794137402,0.0002242203042720492,-7.1237912021779315e-06,-0.00011690739311813123,0.0
2025-07-30,0.0,0.0,2.489614318442867e-05,6.441935441931857e-06,0.0014782412202560546,0.00011750506302201334,0.0018526510043648803,9.813579200797229e-05,-0.004943460111133946,5.794720911192486e-05,0.00030074067798875614,0.0,-0.0003139207199226307,8.541296984768826e-05,6.34211557079831e-05,0.0001406634304148037,0.00029041960557683877,0.00042720775219223794,6.1602489971948875e-06,-2.7501569547766676e-05,0.0
2025-07-31,0.0,0.0,-0.00039607899488985996,-4.450452960322044e-05,-0.006406214480990324,-0.0010360298771929632,-0.010320791015025893,-0.002833687670111544,0.02975949105905612,0.0019004074698535517,-0.000767651095758215,0.0,-0.00389191728059695,-0.0003341276046333226,-0.004086827658470042,-0.0006175192378618227,-0.00441489580991998,0.00017036755518568675,-3.765681971628802e-05,-0.00054305538324337,0.0
2025-08-01,0.0,0.0,-0.0004788458294168558,-6.376030077185864e-05,-0.008867416928059459,-0.0012337474612945792,0.015418337228196355,0.001294788916041019,0.010996667079556655,-0.003328719812654264,-0.001791614485425308,0.0,-0.004330264757429439,-0.0005029136052692347,-0.0034352827145901297,-0.0007056504806127661,-0.0018317945830850987,-0.0007928407459612263,-5.578573383056758e-05,-0.0006567685196678889,0.0
2025-08-04,0.0,0.0,8.218705424718146e-05,4.751177481740346e-06,0.0009887621942041014,2.649869819565734e-06,-0.002596066954465903,3.3900481940143945e-05,-0.004063047840475897,0.00013038849530266905,0.000485621060104649,0.0,0.0008662577917134748,4.9691513840136384e-05,-2.595564963431881e-05,0.00016323664499471886,0.0006456961913634401,0.0006969193396169637,7.4272687508500335e-06,2.477740085707076e-05,0.0
2025-08-05,0.0,0.0,-0.0004644055010952714,-5.45789510275917e-05,0.0014213409820324208,-0.0013148454433039303,0.010964784822891344,0.0004710431351898081,0.000516901796989766,0.0007979124027807025,-0.001032516549099971,0.0,-0.004040983157456407,-0.00044866918417158083,0.00021500903806815838,-0.0007129836644042672,-0.00039452021240826,-0.0005395091439527461,-4.4441376119678524e-05,-0.0004888412195070534,0.0
2025-08-06,0.0,0.0,-0.0003590651859901499,-4.692497368171468e-05,0.003455806214039986,-0.0009949992491333545,0.005378734146119973,-0.0002172327046147532,-0.000516504381796512,0.0011072333774651,-0.001706857723637753,0.0,-0.0030509764030472487,-0.000317855145354515,0.00017549782220197658,-0.0005115976708474227,-0.0010266388950027072,-0.0007022339788175028,-4.143941833721881e-05,-0.00039564713384407976,0.0
2025-08-07,0.0,0.0,-3.6590058366865134e-05,-4.181360593034618e-06,-0.0006117015744867282,2.018668171785594e-05,0.0026813472762956536,0.00036789404740968784,-0.0025983656158811153,-0.00015179115727580184,-1.891251286982587e-05,0.0,-1.2432635796720548e-05,-1.3144970605762953e-05,1.3385054053215986e-05,1.4689586891003699e-05,0.000498255470309239,1.6325213816600903e-05,-2.961366723065815e-06,-4.9234866264432145e-05,0.0
2025-08-08,0.0,0.0,2.758889176798481e-05,3.1095618351203655e-07,0.00045358195869844853,4.452638364422362e-05,-0.0006532068677962966,0.0002520509459694731,-0.0011400478758160082,-8.232103055828832e-05,-5.822509887296046e-05,0.0,0.00015427019167416414,4.9177721001369794e-05,-1.2718285337105176e-05,2.5431070442127196e-06,-0.00012261660078435876,0.00030950662523324124,1.3421404406960616e-06,4.575736915324834e-05,0.0
2025-08-11,0.0,0.0,-6.349083890053262e-05,3.7094652644605996e-07,0.0007070784204002145,-2.922280239235457e-05,0.0002568533830433761,-0.00015378867932269724,5.882694215708639e-05,-1.1685428775061457e-05,-8.401441801812737e-05,0.0,-0.000223523182747664,1.0793344088523994e-05,3.350965005273661e-06,2.5029565426214727e-05,-0.00014514550036510282,-2.964175879527353e-06,-8.335949449805391e-07,-7.141469914968487e-07,0.0
2025-08-12,0.0,0.0,1.7170242063934815e-05,-9.76255418778005e-08,0.000823791188165543,-0.00016797708506371793,-0.0043528512879505155,-0.00012841076520365285,0.001783562965818275,-1.9526374345477104e-05,8.476099419753302e-05,0.0,0.0005214777464630956,2.0610547720566717e-05,-8.388890916587698e-07,3.7922900970269874e-05,-8.344685851903455e-06,8.199766432651079e-05,3.1596460586816788e-06,3.151479252102608e-05,0.0
2025-08-13,0.0,0.0,-2.8006218891536965e-05,-4.629327566130388e-06,-0.0005251145773388505,-0.00023354248126879022,0.001647213836031558,0.0006170248061571279,0.0010204360155585124,-0.00019037139425403388,-0.0005430892930472636,0.0,-7.989883003520909e-05,-4.716847884857992e-05,2.6034851714692997e-05,-8.918505519030662e-05,-0.000541037975701146,-0.0004575653743053784,-1.7532298616544043e-06,-3.0251047786139865e-05,0.0
2025-08-14,0.0,0.0,3.9142468636159215e-05,2.710778327745522e-07,0.0004538600817456384,0.000129549171121731,-0.00041529904106651916,-0.0001589958537471861,-0.0004807235126552678,5.17320715735306e-05,4.2496649969761546e-05,0.0,-8.839171318859515e-05,2.5675335159866183e-05,-1.8882921025610393e-05,9.051814557616174e-06,-0.00019740674673718317,0.0004896577669062235,3.296424415198695e-06,3.1613272163432196e-05,0.0
2025-08-15,0.0,0.0,-6.678910867032864e-05,-3.6901312457857647e-06,-0.0002317915253551711,1.7277793714753215e-05,-0.0015623318371906225,7.600829941692422e-05,0.0016749039287700107,4.549407995089322e-05,-4.4307640556129346e-05,0.0,7.292675803342863e-06,-2.8505164303616135e-05,9.424479124777244e-06,-1.6203110161935354e-05,0.00036435768316860073,7.754360661068466e-05,-1.5700337157888416e-06,-5.377393518307336e-07,0.0
2025-08-18,0.0,0.0,-3.9617104684395305e-06,-6.606752874931164e-07,-7.175251855751075e-05,-6.0143333405825866e-05,0.0044735121979196935,0.00017737541429875547,-0.0033988060004022658,-7.6748216811931e-05,-0.00015590182117526663,0.0,-0.00016021622309806555,1.8839213030231138e-05,1.622090408064927e-05,1.7448971880862016e-05,-0.0001712677086541936,-0.0003362896660249817,-4.5553735060607694e-07,6.717458463505709e-06,0.0
2025-08-19,0.0,0.0,-6.828685720130156e-05,-6.9509240512727615e-06,-0.0007185454133609853,-8.580964785423993e-05,0.0008890026606568902,-0.0001403239692106678,0.00548323331256706,-0.00010586068735663617,-0.0007138471285153131,0.0,-0.0005887929151257923,-0.00011037655048453093,1.5104916336248792e-05,-9.092958421501665e-05,-0.0009254421407361088,-0.0009623876680250817,-9.147366351581815e-06,-0.00010855927043785813,0.0
2025-08-20,0.0,0.0,-1.3282989709830894e-05,-2.0846348530024865e-06,-0.0007402050175155245,1.966395895814342e-05,0.0007892614497078121,0.0003572559597118524,-2.9312159551486694e-05,0.00015018184812593677,7.539239072157367e-05,0.0,-2.2492372887539247e-05,-1.4115300072915175e-05,1.6964459990281063e-06,-5.224109686843576e-05,-0.00032779675948989284,-2.745050724133752e-05,-2.4225136378885404e-06,-1.029763056296408e-05,0.0
2025-08-21,0.0,0.0,-2.3291123580350317e-05,8.775449223952236e-07,-4.347344093069694e-05,-6.295260824864049e-05,0.0016453122178760604,-0.00015782282478139786,-0.0005267434914562608,1.609842310730525e-05,-8.756501183537768e-06,0.0,-0.0002825308255780569,-3.817762143929274e-06,3.7846407388211073e-06,-5.8730800184824544e-05,-4.645557390849098e-05,-2.949612489497322e-05,1.6486658707410683e-06,1.1064393335330318e-05,0.0
2025-08-22,0.0,0.0,9.720680357179403e-06,-2.896246468713881e-07,0.00023107143916129003,-0.00023611924281785948,-0.0015398622147308472,0.0004627091299126765,-0.0008636218006867757,-3.706947887807677e-05,-6.53116654551894e-05,0.0,0.0007363889315221313,-1.6358911306716024e-05,5.098778626430513e-06,-3.223074528469448e-05,-0.00010857699890014227,-0.00010193991470357211,4.857041255555705e-06,3.671719856738597e-05,0.0
2025-08-25,0.0,0.0,4.680509510918661e-06,5.888058354732784e-06,0.00022216016437293096,0.00010988277530615993,0.0006771770230003249,0.00038136336048542885,-0.0027487896081638263,0.00013252971825153392,0.000345294882411723,0.0,-0.00021344332181042272,2.2161396971867846e-05,-8.332311643224465e-06,-8.238670592138932e-06,0.0003403293318960318,0.0005626731123070453,6.1579579716083055e-06,5.061967590227947e-05,0.0
2025-08-26,0.0,0.0,3.5489470722707434e-05,2.5158404945617246e-06,-0.000144236480682014,-3.091955587631451e-05,0.0008791346535184374,0.0005185688026767832,-0.001768812020062016,3.320448814382593e-05,5.165208160681778e-05,0.0,0.00023048949523235204,2.4798754213742162e-05,-1.1239811585937905e-05,3.508955656654662e-05,-0.00013384044157906116,-0.0002690464153438238,3.914109147237516e-06,1.1369608726959253e-05,0.0
2025-08-27,0.0,0.0,-3.486749435484748e-05,5.203391959040051e-07,-0.00020142351975549477,-7.799059153023973e-05,0.001734301148312578,-0.0005786034994436501,-5.966885310398906e-05,-8.967532345482976e-05,-0.0002156731333432249,0.0,-4.576215639387829e-05,-2.3975203943845617e-05,-8.86558622887495e-06,-6.579890186046364e-05,-0.00015819010192851674,-5.1081719614001764e-05,-1.395158747533249e-06,-5.615923712634641e-06,0.0
2025-08-28,0.0,0.0,1.8981075935300528e-05,-1.5321728103066985e-06,-0.00047404347063466357,-1.1270678434099554e-05,-0.001113165254671089,-0.00031554358266477206,0.0023620104037020972,-0.000210206084595696,-0.0002238833835372933,0.0,0.00011109214592141398,8.484999022223029e-06,5.8254574763110575e-06,-4.059746575657379e-05,-6.473085715902327e-05,-8.980223558825717e-05,2.1407132677527256e-06,3.1270650461844886e-05,0.0
2025-08-29,0.0,0.0,-7.737524857259022e-05,-3.5545864354789673e-06,-0.0015412120926018014,-9.51609201551018e-05,0.0004566523028340097,-0.000478834531360009,0.005631594714752219,-9.732895397499691e-05,-0.0005378609442149226,0.0,-0.00041986254190126,-6.481791422286278e-05,1.8263237910987268e-05,-0.0001061160554962073,-0.0008483752801025576,-0.00026897923277096475,-7.105208374363426e-06,-4.436251526292699e-05,0.0
2025-09-02,0.0,0.0,1.432619227510713e-05,1.105649043684463e-06,-0.001967937644347037,-1.6708585917426383e-05,-0.0005132010049092584,-0.00022396332009996106,0.0037076247174978594,4.0921451624861827e-05,1.5738904256115682e-05,0.0,-0.0004196594203153582,3.066408061934596e-05,9.15827688681447e-06,-4.5799259192623974e-05,1.2302640534332665e-05,0.00012103184740813733,-1.8827136831044556e-06,-1.5759124209916396e-05,0.0
2025-09-03,0.0,0.0,1.8459380990686666e-05,-2.730540287839583e-07,-0.0004438518421432114,1.7722687901984904e-05,-0.0003912884792449667,2.3653670201045918e-05,0.0005463710269797417,-0.00023445016769355065,-0.00028661179155413385,0.0,8.245767926073205e-05,1.0840541417511326e-06,2.897826296300232e-06,0.00012414738197397308,0.00012738894509160825,0.0003019796490824414,5.522179799666142e-07,1.3882705779777287e-05,0.0
2025-09-04,0.0,0.0,3.419309676777702e-05,8.571346375631922e-08,0.0007603444798479492,-4.757124689506488e-05,-0.0018410516957221845,0.00012668796090134493,0.00041617880007510655,-5.266623415949717e-05,-5.529122081118776e-05,0.0,0.00018414693098460153,-3.153671638981073e-08,-1.85383275993602e-05,4.34161837671327e-06,-0.0001482991052496191,-0.00019338710815466897,2.326983243387023e-06,3.559823416592143e-05,0.0
2025-09-05,0.0,0.0,-1.987873081583935e-05,-5.566032268689979e-06,-0.0014269205533748441,-0.0001326172328483255,-0.003136562393865283,0.0009119940779291069,0.005412212655876214,-0.0003502514953831956,-0.0003850672173607572,0.0,-0.00011931603701213073,-6.588834952204851e-05,3.2310468895718715e-05,5.4956824460686456e-05,0.00046326386611406783,-0.0002694325712218823,-4.015496276910525e-06,-2.4144471624804563e-05,0.0
2025-09-08,0.0,0.0,-2.451159164181503e-06,-2.6230951774408443e-06,-0.0004929512783988094,1.5686780999651234e-05,0.0008633286143328589,-0.00015394939648008532,-0.0012154556164336028,-4.04905440273412e-05,7.679567483394323e-05,0.0,0.00021251033381883278,3.094328679981552e-05,9.692368034325835e-06,3.174873927587647e-05,0.00014499941641504116,7.224256669274148e-05,2.503111381725999e-06,5.685218725790496e-05,0.0
2025-09-09,0.0,0.0,4.928843031880249e-05,4.854133323179256e-06,0.0006822224748844058,0.00013553963652851962,-0.0020969198649295195,0.0004403130285863324,-0.0018442835557210269,0.00018719204059447492,0.0003853260932887709,0.0,0.00013383052864433115,3.478648727488123e-05,-7.256320774805345e-06,1.912095815946764e-05,0.0002026330266968468,0.0007713073903509379,2.1779964148856763e-06,6.19467059351491e-06,0.0
2025-09-10,0.0,0.0,1.4731351937720318e-05,3.6184594072273123e-06,0.00031637337002424215,9.789630965003834e-05,0.005901171858784943,0.0002542369750543477,-0.008979239839796482,0.00027587937813049884,0.0003572918687966692,0.0,0.00023872995460083243,3.311626173352518e-05,-6.294883852136883e-06,-4.75350126346117e-05,0.0005922213974450322,5.888027771630555e-05,6.215690928056095e-06,-3.547325411443897e-05,0.0
2025-09-11,0.0,0.0,-1.8936343860240408e-05,-3.7270671094266584e-06,0.00019651484510310735,-0.00016033904061020163,0.0006736446992213763,1.6844665787378588e-05,0.0007291609541608124,-0.00014221250038284894,-0.0004250431697074286,0.0,0.00014860211110069577,-5.4173816733405974e-05,1.7182288012488126e-05,7.2439233066330655e-06,-0.0007344286846312914,-0.0004036354701123235,-2.2198402919557277e-06,-1.5319116229791166e-05,0.0
2025-09-12,0.0,0.0,-8.11604885113653e-07,2.8909974416361974e-06,6.802327420325771e-05,0.0001257412038311069,-0.0007157411786024859,-0.0008107941043062686,-0.00018972002663242282,-4.636000010078967e-05,0.0002130382829260563,0.0,4.807872900016233e-05,2.4880248437810382e-05,-7.73768685944482e-06,4.784019431562994e-05,0.00036237852774120144,0.000561006754916292,2.1656890434053853e-06,-8.281393539562656e-06,0.0
2025-09-15,0.0,0.0,-3.4081395475727295e-05,-8.818761401221432e-07,-0.0003751796489701448,2.7953551504384527e-06,-0.0016779597255624223,-0.0003404490747832903,0.0014777333539607862,-0.00013512691816299632,-5.004288030897863e-05,0.0,0.00023882524708286265,2.0001634568785932e-05,3.470996251587078e-06,4.2170676028453064e-05,0.0003360200627264831,-4.368783527927689e-06,5.420937924572873e-06,8.998623176261974e-06,0.0
2025-09-16,0.0,0.0,1.1593950114807856e-05,3.853909989853495e-07,-0.0002460121167148499,-1.87651772567618e-06,-0.004581431833705213,0.000574359308346227,0.004290576618277864,-3.3553626769794453e-05,-2.954475959089653e-05,0.0,0.00013388462666694828,1.1203525878313546e-05,1.2877477414371605e-05,-9.908865053027179e-05,1.943204505412688e-05,5.654260911032438e-05,-2.162868916345611e-06,6.712406364082265e-05,0.0
2025-09-17,0.0,0.0,3.893843718946657e-05,-2.184196590548221e-06,-8.448561588221548e-05,-0.00011004152985445194,-0.0010764524356812744,-0.0006043416204431079,0.00516270739785385,-0.0002364121956502513,-0.0004926428451093173,0.0,-0.00037742042265358905,-2.5165862326963478e-05,2.4167436283764176e-05,-6.058994611943605e-05,-0.0009314602972228386,-0.00022872100879773455,-5.105352219279932e-06,-4.7324842304618045e-05,0.0
2025-09-18,0.0,0.0,5.445930961789141e-05,3.730149637269772e-06,0.0010802247424262779,-0.0001139027076636212,0.0015749426451122928,0.0008809555449257878,-0.006611452281184371,0.00013044680672981424,0.0005201123813254188,0.0,0.0002482435207749392,3.4905091012260234e-05,-2.7599689003020983e-05,8.528610197939754e-05,0.0005951453162271886,0.00011453007822492811,7.333373613401331e-06,5.002244699822689e-05,0.0
2025-09-19,0.0,0.02269596190151397,-0.0003077053991131992,0.005974541594452135,-0.006922556678917988,-0.0008554006497048117,0.025699735058251044,-0.0064164939029180065,-0.030057056245922364,-0.003509133041563091,-0.0014727385013614397,0.0,-0.0030754344283892114,-0.00029683925996177533,0.006253494551406418,-0.0004499529076299356,-0.0007463113885276262,0.0001341944695807118,-3.246498034913814e-05,-0.00042734702340925437,0.0
2025-09-22,0.0,0.030253090320927545,-0.00026034785182523813,0.00524424398377805,-0.006315113302043797,0.0026793668975940137,0.020843746648468275,-0.004257249022167953,-0.0355883446450789,-0.002974697961097724,-0.0018375791972302241,0.0,-0.0024436118804173623,-0.0002715418400867221,0.005967617237284738,-0.000437983778807164,-0.0008394729962558356,-0.000539063780652764,-2.4835428408598868e-05,-0.00037749477050340275,0.0
2025-09-23,0.0,0.039728037595503446,-0.0002881457527461606,0.0038358437538534313,-0.005893480322693864,-9.656522186207543e-05,0.006850447371705148,-0.00444988400505892,-0.01982639941930142,-0.0028054121669210154,-0.00624506121499567,0.0,-0.0026988239327971585,-0.00030370796535722543,-0.00011304347419117088,-0.0005479770460137404,-0.0015067412277929362,-0.0016350515782442843,-3.153347033409972e-05,-0.0003821089490979824,0.0
2025-09-24,0.0,0.03603162403474991,-0.0002530750422623574,0.003087350529166706,-0.004344305138552898,7.35742519314981e-05,0.0019897852318654374,-0.004185479675494527,-0.015284191260534596,-0.0024189437503635697,-0.005340610784750559,0.0,-0.0024422018758577316,-0.00021938471034033125,-7.949621175671814e-06,-0.0004478474322576428,-0.0011866098541494577,-0.004777669383382331,-2.583579309996866e-05,-0.0003274428231620024,0.0
2025-09-25,0.0,0.028843017274718802,-0.00021854898461395357,0.0021207548176176635,0.000522905532966661,6.150669145584854e-05,0.00430204100977688,-0.0035277488475675828,-0.011920041362569883,-0.0021882532889083324,-0.004800611709284579,0.0,-0.0022158715847765617,-0.00021485964869678875,1.781557132096885e-05,-0.0003935167277032241,-0.0010434626209360545,-0.0009458752422599401,-2.0935695807881394e-05,-0.0002531401685106835,0.0
2025-09-26,0.0,0.024970936953419204,-0.0002027293084083282,-0.0001437648073339265,0.0012429656950078624,-8.726338150904026e-05,0.006725916694592826,-0.0035173654090296415,-0.014916967473819126,-0.0020504638211209063,-0.0005931647540306645,0.0,-0.0017263919894303786,-0.00020975338797451387,2.7690093186356554e-05,-0.0003413177929485361,-0.0004881584468139702,-0.004676492769690982,-2.0375989345510756e-05,-0.00028006806714183643,0.0
2025-09-29,0.0,0.02245886187861737,-0.00015882101889353492,-0.0020117902998218994,0.001651021331535961,-0.0010588472905919011,0.008100142383470066,-0.0029216280488200685,-0.020237092722650618,-0.0017524503420335916,-0.00015312744199117573,0.0,-0.0014840352787032808,-0.0001623684434346143,-0.0010650366219765398,-0.0002128850687667756,0.0005385352909893365,-0.0037563719549480665,-1.7212101674923835e-05,-0.00021035951901807702,0.0
2025-09-30,0.0,0.017477573322099593,-0.0001444842007688736,-0.0018879492867430112,9.050717921681856e-05,-0.000995311038711498,0.01272814623309071,-0.0027437450336495646,-0.01971891967463235,-0.0016104692565659575,0.0002870693256398771,0.0,-0.0014093875838329818,-0.00015810853626267067,-0.0009692700675383754,-0.00022140921579482872,0.0010385271759999273,-0.003681256684062627,-1.636152120993326e-05,-0.004349437647635967,0.0
2025-10-01,0.0,-0.0077441290694438,8.879567214847839e-08,-0.00010558182760084245,1.6603906617694564e-05,-2.3457643332017164e-06,0.00737464680951877,-3.480766399898555e-05,-0.00023069404980952113,-4.1416048212374046e-05,-6.383885439882608e-05,0.0,3.0176372729506795e-05,5.599647454393713e-07,-3.715230283867117e-05,4.4276089747252376e-06,0.0004898328562175855,0.00014853904798237116,5.054051306792849e-07,1.8304429123486548e-05,0.0
2025-10-02,0.0,0.015521189955792214,-0.00012037391208580663,0.002603426097489092,-0.004035860345670203,-0.0008717299795538459,-0.0005430095343140207,-0.0019542301647048517,-0.014191119823721288,-0.001360000950613862,0.0021928638065300335,0.0,-0.0012024979749202958,-0.00011867993645443158,0.003972777575113443,-0.00018321658971024932,0.001066038129839894,0.0005043028866858479,-1.2557768108865936e-05,-0.0063803735618078485,0.0
2025-10-03,0.0,0.018419459836617552,-0.0001339259101328402,0.0027048667192545103,-0.004772340144327113,-0.0009209731859971459,0.0028647046267995524,-0.002322577794352583,-0.012785059875743049,0.0021377500299070602,-0.00033210991068757106,0.0,-0.0012286043856241761,-0.00013783145159806313,0.003611513504696486,-0.0002289090153509293,-0.0006968792296464729,-0.0033925523547515615,-1.4028403405777731e-05,-0.0039013309733320293,0.0
2025-10-06,0.0,0.021455874254266427,-0.0001122040220058252,0.003541773185014141,-0.004315514051552623,-0.0007283970190658379,-0.008069442415742756,-0.0022497297566413735,-0.009803834052080698,0.0039652185398079565,0.0007788396603487235,0.0,-0.0010660336898179017,-9.74909730871085e-05,0.002865967512011989,-0.00018626270368078094,-0.0007416928921787844,-0.0028543335299137836,-1.0410706109452488e-05,-0.002212757144079631,0.0
2025-10-07,0.0,0.019986662046836245,-0.00011011059391495407,0.0006315685962872651,-0.003986991510691269,0.0026581788024799234,-0.009904003800588701,-0.0017885180120954022,-0.011452336873009714,0.002403790862306323,-0.0013143386541852806,0.0,-0.001129869988404279,-0.00011069004359613764,0.0016686614769015166,-0.0001899209689238165,-0.005058840677585864,-0.002732768700022873,-1.2914860866086579e-05,-0.0018684339129093185,0.0
2025-10-08,0.0,0.00457996611458833,-6.436342576410237e-07,-5.678498449064595e-05,-0.0004799840266251597,-9.008741010029832e-05,-0.001624391425671945,-1.324202239815983e-05,-0.0019964243888302424,-0.00023183423528714067,-0.00023062782352497452,0.0,-1.1646898919236495e-05,5.529959913665042e-06,-0.00010116928502713202,9.958186397431143e-06,0.00022670758752790787,-0.00018209255691080395,5.553223275229596e-07,0.00010410505916514518,0.0
2025-10-09,0.0,0.0033733096760146797,8.826257817556664e-06,0.00031942013619097945,0.0006837285621211428,9.617768728615791e-05,-0.004969650073375131,0.00013315814080519517,-0.0013580956611806555,0.00011086666591597974,0.00030350617896290205,0.0,-2.5366220076643298e-05,8.584936402769843e-06,0.0002625988386559773,2.6300018781048482e-05,0.0002985943558198034,0.00043150751654643174,6.423912146675929e-08,-0.00011015242332221287,0.0
2025-10-10,0.0,0.0034388470622339073,-2.536951603257726e-05,-0.00040484039208918757,-0.001342665805144902,-3.560561416009016e-05,0.0012993147160378915,-0.0001847829662728652,0.0014227807447723811,2.060651608578462e-05,-0.0003016190552801584,0.0,-0.00024823988941026845,-1.9291844515884255e-05,4.940024557772982e-05,-7.257162781204194e-06,-0.000482381625953196,-0.00026935428065572725,-3.3075822460262687e-06,0.0005094594830904915,0.0
2025-10-13,0.0,-0.007778126423586107,2.0803216001045294e-05,0.0004698702274271785,4.730488202018407e-05,-1.856003560006883e-05,0.003074338042816871,0.0003082606743107577,-0.00021915730838072134,0.00010064423053124036,0.00047002810909674286,0.0,0.00019205968471163078,1.7909137523755493e-05,-4.042658753096798e-05,1.8403063706559728e-05,0.0006530049522428111,0.0003568984999048688,2.7942006201296134e-06,-0.0003123285762114507,0.0
2025-10-14,0.0,-0.0015624326152061663,-1.254735065397874e-05,-0.00029599567466553206,-0.00042400604826107677,-0.00019544669314165014,0.0008694190988225436,-8.995054284431647e-05,0.003515924584031438,-1.0893788508353763e-06,-0.00024567672415855973,0.0,-3.32418703849844e-05,-1.5593148701606636e-05,4.5338422877416046e-05,-9.920651780311214e-06,-0.0007118209761198396,-0.0004268003032468354,-2.1806905061094674e-06,0.0002681511746754246,0.0
2025-10-15,0.0,-0.004354787155053053,1.2008406624636507e-05,0.00020434587614346147,-0.00014578526827074834,2.576679254385171e-05,2.910637746544875e-06,0.00019994595649907264,0.0012891904781677094,0.00011995927534726517,0.0003638509166601772,0.0,0.00013317607976712394,-1.781923822500339e-06,-5.339923630214016e-05,1.9777496963303528e-05,0.0005047795412190872,0.00038710293420964395,1.0342741798701095e-06,8.86633822798008e-06,0.0
2025-10-16,0.0,-0.0026136907787091546,-4.33249807280209e-06,-0.00011199319101319258,-0.0006860893343886253,0.00020507939095464577,0.0023844058025130344,7.033477851304572e-05,-0.0009459124474650443,0.00010174240962658454,0.00034832035717043824,0.0,4.249341712297093e-05,4.128149229564739e-06,-4.87239386577111e-05,1.9585649565475325e-05,0.0011554262531265694,0.00017396546271500682,7.579809428152911e-07,-0.00020329955907391617,0.0
2025-10-17,0.0,-0.027962205797556428,-7.105873007645256e-05,-0.0022543449703950544,-0.001986412724562854,-0.0007167823699102474,-0.02507001807807152,-0.0013633212737395699,-0.008619637979023292,-0.0019645106582437087,-0.004000564382028407,0.0,-0.0007315865003430077,-8.28995204541393e-05,-0.0016931632922789486,-0.00013826535990409117,-0.0036876912499231376,-0.001954940849505444,-9.295456483830145e-06,0.0013770751693398878,0.0
2025-10-20,0.0,-0.00024675237311988507,2.488935781829772e-06,8.065785487820776e-05,-0.0006914146433125538,-6.705295962211935e-05,-0.0024377353173041794,7.605228265376157e-05,0.0012687820676166306,-1.9622609688602077e-05,4.9363487811801554e-05,0.0,7.144632214208663e-05,1.2725400184271894e-06,-6.485252047726958e-06,1.407830300028095e-06,-2.901569234659007e-06,-3.924363898035604e-06,1.0898300205229236e-06,-0.0001867093766670068,0.0
2025-10-21,0.0,0.0026763301344848167,-7.511668293089897e-06,1.6808834346609264e-05,0.0016070827736766706,-1.6388013227274303e-05,-0.00205623355053991,-0.00011816915274421441,0.0001251167848824869,-0.0001265915216254014,-0.0002704116695923936,0.0,-8.33309614221428e-05,-3.200452163119958e-06,4.283218008624759e-05,-5.954298526990309e-06,-0.00020160444648217174,-0.00032657419637247,-1.746622719356447e-07,-5.4944472208768094e-05,0.0
2025-10-22,0.0,0.0022526654460338635,-8.220319923969992e-06,-8.16848653650698e-05,-0.00013908088279480577,8.396889734093096e-05,-0.00127976138422492,-0.0001481654990117265,-1.9914575239005083e-06,9.424323955477612e-05,1.2970265471458353e-05,0.0,-2.9924207646742432e-05,-7.641406885306552e-06,-8.214983850415511e-05,-2.423782794545859e-05,2.958668107145429e-05,0.00017054365603392033,-9.211507316859627e-07,4.0085907170842386e-05,0.0
2025-10-23,0.0,-0.004236697130541867,8.908560505261958e-06,0.00010564272013936782,0.00014096344866941501,-3.0547021141124134e-05,0.0020823397957074885,0.00012793557070452793,-0.00011776667622484527,1.2891211987338391e-05,0.0001275045268777364,0.0,6.837830165587651e-05,8.126612315807118e-06,2.9119763137793603e-05,-5.851047242211738e-06,0.0002546252163896992,-7.240248671789087e-05,1.2171086729458443e-06,-0.00015374834908183505,0.0
2025-10-24,0.0,0.0018374534672606635,1.3342848720579231e-05,4.67789942609001e-05,0.00019191322515061532,-7.369775018705935e-05,-0.0006085808422873207,-3.306454875618564e-05,-0.0016296407075730296,-0.0001417629277245258,-0.00018938570954593614,0.0,2.7736591161809168e-05,5.011026277169537e-07,-2.287516393702227e-05,1.869975069842991e-05,-0.0002678677706451568,5.662168638817522e-05,5.938270630427258e-07,0.0001283417365923606,0.0
2025-10-27,0.0,-0.0031167331771983497,2.1889685967853463e-05,0.0001842870429063885,0.0011840955803390368,9.441696480919776e-05,-0.0005698950817552006,-6.952508556631876e-06,-0.0011559391129447733,-6.329748356848075e-05,0.00011495447832558792,0.0,0.00012335500164211734,9.881742737921076e-06,0.0001191347274668679,1.6764782712085742e-05,0.00038326890057385765,0.00018821566398811995,1.1320548039343961e-06,-0.0001858116198277318,0.0
2025-10-28,0.0,0.0026592415738914688,6.421606752958584e-06,7.376095438525049e-05,0.0002738478265356288,6.79271852151199e-05,0.0004610395741825313,-0.00024394374527536393,-0.0040499490203592114,-9.986959607751963e-05,-1.26365860941835e-07,0.0,2.6493411128388974e-05,1.865888300330292e-05,6.055195037470845e-05,1.791867796055685e-05,0.00033035476905357575,0.00020594484526052434,1.1017139156779192e-06,-0.0002991834363979592,0.0
2025-10-29,0.0,-0.003291502816992975,9.228578233609445e-07,0.00030872959154431764,0.00030665831865062457,0.0001333996283693923,0.0017416690074346097,0.00011586549102359824,-0.0019480793026288301,5.3634428966217035e-05,0.0002743483866531407,0.0,1.1517816382805926e-05,2.7592364426219456e-05,8.215366360617149e-05,-3.1844458471541603e-07,0.0008852295436459628,9.735446461167294e-05,2.6873668083675985e-06,-0.00011793240707509353,0.0
2025-10-30,0.0,-0.00938730118215264,-2.3460177265741578e-05,-0.0006154228754602677,-0.0013855303628340053,-0.00018643745904107709,0.021022519832475134,-1.2481768339751148e-05,-0.0008579909007366965,-0.00029241442216576194,-0.0007763684145286956,0.0,-0.00026698661944566694,-2.9117518909749316e-05,-0.0003724999015592388,-3.306890577569016e-05,-0.0011974272589466359,-0.0005796847697184943,-2.529954254496455e-06,0.0004037907163990575,0.0
2025-10-31,0.0,0.0010927647465606705,-1.2908841872557295e-05,-0.00021298080317761273,-0.00015768345858164362,-0.00014185706411189505,0.0040635952899965855,5.72653334739992e-05,-0.0007824700097138759,-0.0003154137323184425,-0.0005857659796439929,0.0,-0.00010949294307831432,-1.1444114118320798e-05,-0.00013464763480599065,-2.5217136534902646e-05,-0.0005036690528369969,-0.0002838407027842098,-7.163075461146174e-07,6.527750908200819e-05,0.0
2025-11-03,0.0,-0.007815701102282135,-0.0001024563484170268,0.0011995412193370365,0.002496604964929528,0.005493952412973261,-0.01675000783729247,-0.0014024472232998866,0.018960111945860905,0.00362913909881021,0.0014449563361968384,0.0,-0.0007945675664199582,-8.280251249724872e-05,0.008138937422784868,-0.00013771055525777821,-0.0035187880457590096,-0.002024298448617942,-8.071885047591758e-06,0.005381536718491614,0.0
2025-11-04,0.0,-0.0004722078467032098,-8.19490942744151e-05,0.001917528823517655,0.006730279152121231,0.004086445965683144,-0.016308299252279362,-0.0014368720282991066,0.01849644187966211,0.0027671587483899703,-0.0007050755661461433,0.0,-0.0008557322038163003,-8.999694652771933e-05,0.004025121947811371,-0.0001319629715060167,-0.004048650123519973,-0.0020125624097080096,-9.570404718873627e-06,0.004548160073872088,0.0
2025-11-05,0.0,-0.0019636630623668383,6.504486138339278e-06,-1.8228482863522077e-05,-0.00021740864926526188,-0.00015761431430311168,-0.0017275217405295362,0.00022624683056005242,0.0028715484512576023,-2.0019727309840418e-05,9.575893471700653e-05,0.0,3.435684174748349e-05,3.2900756228332762e-06,-9.703779294274739e-05,3.4533955584720947e-06,6.861198005710806e-05,3.2119915652471104e-05,4.5284075877317757e-07,-3.203689216056942e-05,0.0
2025-11-06,0.0,-0.0005047711214297146,4.887689398928646e-07,-0.000373957175826653,-0.0005479664488107494,3.337955433136905e-05,0.002348944005530179,4.57042498067297e-05,0.002550977111643843,7.301388517171048e-05,-0.00021510744612282529,0.0,-6.72654152551258e-05,-7.48779418469818e-06,-0.0003779461526489669,-2.8398961786673315e-05,-0.0003629692549603804,-0.00020262456794327421,-8.044633956155143e-07,6.6520348748122e-05,0.0
2025-11-07,0.0,0.0027246349631006583,-3.4124239968395375e-06,-0.00014441900932470747,-0.0002862310422667505,-0.0001231262957842455,-0.0012971168079843054,-1.1195952511689616e-05,-0.00023573663288271873,4.265950554557807e-05,-0.00010577217540907319,0.0,-5.27131387796035e-06,-1.1574876171599013e-05,-1.9538313198300128e-05,-1.767928614913438e-05,-0.00025481182538904246,-0.00010897151813172093,-1.1464935832300796e-06,8.956387919004365e-05,0.0
2025-11-10,0.0,-0.00041963418605189817,2.8905377460657425e-06,0.0002571878162126763,-0.000279255513091943,0.0001789684298838315,0.0007994375650659802,1.6013762585630545e-05,-0.004698168382006845,-5.941455510268326e-05,0.00017893514697260582,0.0,0.00012200767069223042,1.3850446104937426e-05,0.00020384421768717548,1.2017004990292268e-05,0.0004822582436868131,0.00024221249091916155,1.6625563338214304e-06,-0.00011719118615319355,0.0
2025-11-11,0.0,0.0018384033179583703,-4.204265895370448e-06,-0.00044227014695627856,-0.00047512873493364,-0.00017492607397995297,-0.000294221601592648,-0.00016165632448228613,0.002569800447107695,-0.00016107464711289862,-0.0004638735220706264,0.0,-4.681638493544277e-05,-1.3542805743145233e-05,-0.0003097806375524266,-2.4236544127998914e-05,-0.0003942728875108853,-0.00015407860422184463,-1.5448312480250136e-06,5.410983799127196e-05,0.0
2025-11-12,0.0,-0.0040927960402792896,2.946011870882297e-06,-0.00018961132686520082,-0.0006386081091776172,2.6964582354047778e-05,0.006006528388639271,-6.673836321895166e-05,-0.000528954181285915,-4.83940141638925e-06,-6.409264647559698e-05,0.0,-8.450936234771257e-06,4.397566724860459e-06,-2.4862419420651483e-05,1.4445724833945985e-05,-0.0002850308737987993,-3.317331157384404e-05,3.17195170518558e-08,1.921385619171531e-05,0.0
2025-11-13,0.0,0.0012907669360667784,-4.022094342692522e-06,-3.4812361391581975e-05,-0.00014402241083923822,0.00029382500610370885,-0.0028864561755315987,3.932385016531745e-05,0.0029469891700756173,0.00022362606595839954,0.00019536212359675537,0.0,-5.7905369858247784e-05,2.2256068523275174e-07,-9.67342184930893e-05,-1.607937163565585e-05,2.7286570856120684e-05,6.0474714717432404e-05,-8.436534839543867e-07,-1.0754885592987803e-05,0.0
2025-11-14,0.0,0.002773555241138481,2.483901274462786e-06,2.0253708222197492e-05,0.000596630096645831,-9.084057160335668e-05,-0.0002983757446646529,-0.00018130359239892577,-0.0024442839296649754,-7.50018637214328e-05,-8.071366578132205e-05,0.0,-2.2370458421777824e-05,-2.857134190030388e-06,-7.708545839570785e-05,-2.1212961914575173e-05,0.00023460804022525095,-3.674745735514698e-05,-9.275006205742512e-08,1.7343288830343716e-05,0.0
2025-11-17,0.0,-0.00459464542680782,-1.2024517823740178e-05,0.00023281878439494058,0.00025912735173784507,0.00027863223811053217,0.001659234363880352,8.506441852247637e-06,0.0017577652121846254,0.0001056953867767628,0.00020063767491906165,0.0,-4.471670020108568e-05,2.527573975516094e-06,0.00021852190900926993,1.5236115446541935e-05,0.0004307526431814798,8.990146755036635e-05,1.279295241312571e-07,7.856261013402047e-05,0.0
2025-11-18,0.0,-0.0010033744849497483,-1.253216428917037e-05,-0.00017739812558449988,-0.0009983548731289302,-0.00040844662370962195,-0.002645781378390416,8.680956771072758e-05,0.001066566959617793,-0.0001915810909911067,-0.00046313800499604707,0.0,-0.0001305694590860414,-1.5930395066994247e-05,-0.0005066271035245144,-3.0429628207599875e-05,-0.0005301172406364241,-0.0002557325915896781,-1.6779793888538076e-06,9.073721238724193e-05,0.0
2025-11-19,0.0,-0.006477623520157683,1.4938024135751054e-05,0.0003615269392281788,0.00032042050795560995,0.00018805841976349963,0.004832751356033782,0.00027083042773748227,-0.0022223847614418757,0.00011261269982915795,0.00026664150063988173,0.0,2.4602058818186737e-05,1.2178734434111025e-05,0.00038924122410330733,2.5560691036662347e-05,0.00019327314313992427,0.0001173723304115186,1.2558644397292034e-06,-0.00010738250496524632,0.0
2025-11-20,0.0,0.008894763709681758,-1.0999338326530021e-05,-0.0002210464288572786,-0.0008027178947270855,-6.22336999695737e-05,-0.004271111603878053,-6.790093503551177e-05,0.0011691363492258716,4.458676314006427e-05,-0.00027935292048359567,0.0,-0.0001430229203012081,-1.1949010088357697e-05,-0.0003143559977294465,-1.1677637764509474e-05,-0.0003887356396675076,-8.797272620382837e-05,-2.041729215664838e-06,9.699493291110296e-05,0.0
2025-11-21,0.0,0.003466083691760713,5.825290601911125e-07,-0.000459687973555261,3.4464603464942623e-06,-0.0005358583884211773,-0.0021610245604508083,0.00013360070860787832,0.0010137248441400432,-0.00023428429168511483,-0.00047433821779028357,0.0,-4.7334164190527064e-06,-1.187760000866372e-05,7.744119099747926e-05,-8.531285980832321e-06,-0.0003644608258659733,-0.00023040355803001858,-8.652496823881404e-07,1.6844836763330734e-05,0.0
2025-11-24,0.0,-0.0011246936680217035,1.7228084695201365e-05,0.0004569497816751464,6.765605681995773e-05,-1.0443641010052934e-05,-0.002984937157215095,0.00015584826339778111,-0.00034803556925720736,-0.00020646721379546928,0.00012267534861856028,0.0,0.0001114846133342777,1.0072220427407306e-05,0.0002333933019567011,2.251161211430132e-05,0.0003938859347023191,0.00025690147845217753,2.0466509035654493e-06,-3.635588813114248e-05,0.0
2025-11-25,0.0,-0.0011906396476607517,2.986389864774756e-06,-2.5759682115451127e-05,0.00041996821009598895,-0.0001939301743637059,-0.005722027665625712,5.36782397249011e-05,0.0045169884207632155,0.00012695343848906013,6.718186057357717e-05,0.0,8.731988998397083e-05,1.1965076489101794e-06,0.0002038235291765833,1.903167853982879e-05,-4.4160856447952174e-05,-3.0042122886070333e-05,-1.9213653707031994e-07,-8.525896884546691e-05,0.0
2025-11-26,0.0,-0.00655704534430368,1.1160887210328067e-06,4.0805663419515165e-05,0.00016589026613232638,6.521861448730362e-05,0.0035435652406546614,-6.106961646788582e-05,-0.00015221946464799574,9.513727235037003e-05,0.00023159096883365593,0.0,9.654571500536304e-05,5.417936541037721e-06,0.00023816279686122294,5.407116651074675e-06,0.00013724238901659594,0.00011299264579827176,1.1121301002727305e-07,4.653031621303962e-06,0.0
2025-11-28,0.0,-0.0024122188969392666,-1.4041698225022948e-06,0.0001537493934476719,-0.00012578956106053252,5.694591745824401e-05,-0.002907642960749024,-4.98747068677103e-05,0.0033159657039895374,2.406383757068767e-05,0.00014833387675286525,0.0,6.142826942639838e-05,3.851834626205416e-06,0.00017178020993001766,-4.484028997539307e-06,5.437602004263256e-05,5.4152911660526604e-05,2.240252342257772e-07,-1.1012939674650939e-05,0.0
2025-12-01,0.0,-0.0054279285284836165,7.12578630056315e-06,0.0002860770393962077,2.8290257245017214e-05,0.00032689544909574736,0.0035291071566165566,0.00018553276825852665,-0.001334593458607966,0.00023367879123020047,0.00042176496130940516,0.0,3.747072789810502e-05,1.147569178591701e-05,0.00020256719033073453,-4.436684868329823e-06,0.00040629076437537215,0.0003418685025125892,4.6170517445217804e-07,-0.00016651561263516645,0.0
2025-12-02,0.0,-0.002803592147233913,2.5708375527314043e-06,0.0001352899940541656,0.0005479831345062414,0.00018328845888962095,-0.0002920976728860436,1.886365913458636e-05,-2.5047391449831147e-05,1.3806168809502722e-05,0.00027018494990069947,0.0,5.494572997163157e-05,7.994210849737401e-06,0.00032901220726866756,2.34019828270122e-05,0.0002731015920916825,-6.112766575642331e-06,1.0443925357335985e-06,-8.891333831816724e-05,0.0
2025-12-03,0.0,-0.006333928311533232,3.9523725316421366e-06,-1.8362339270008854e-05,0.000208178982987077,-0.000242917407563447,0.0034798036935174415,0.00033849876860173045,0.0018340399669635604,5.8709356816882136e-05,5.1029269076664774e-05,0.0,6.092687984199981e-05,1.4341110780864263e-06,0.00018632542272791278,-1.546243101831473e-05,-0.00025683510086972616,-8.115949517025281e-05,2.7516248864232606e-07,-4.526558277355517e-05,0.0
2025-12-04,0.0,0.007942455753555955,2.7306653714825706e-07,1.9416693773484373e-05,0.0001033021224198516,-9.604474899377324e-05,-0.006594120338341197,-3.500648114631612e-05,-0.0021678244785617307,0.00011405661681915258,0.00011236161442822884,0.0,8.176992941015364e-06,3.946607234538049e-06,3.78441765882323e-05,-8.929227958579065e-07,4.0553833852818855e-05,-2.9622123354753477e-05,5.781731192441397e-07,-3.154898444966345e-05,0.0
2025-12-05,0.0,0.0027337370018131746,-9.084231615113505e-07,2.5240043880221663e-05,0.00010040376370257231,9.172906933051228e-05,-0.00364308310678102,-4.4362600643081326e-05,0.0007604625571347307,-8.227545489165183e-05,-4.035397109893729e-05,0.0,1.2590559286283776e-05,1.3704601789452922e-06,-9.75274689621955e-05,5.553455555066264e-06,1.6319271804590002e-05,6.258257746154586e-05,5.608265391953034e-08,-5.9237179370206366e-05,0.0
2025-12-08,0.0,-0.00363597236145613,6.083304200708069e-06,0.00020593456590459538,0.00026234799000283276,7.277809598134691e-05,0.003050812120463209,-0.0001346224890752725,-0.001561839534532844,0.00016622020183839833,0.000309470076916972,0.0,1.9046171239679548e-05,8.143187244314082e-06,0.000252832826348498,1.6863980350086257e-05,0.00023989918724800358,9.588663906273318e-05,8.913788097993807e-07,-0.00010250947976477368,0.0
2025-12-09,0.0,0.00047993531270645873,-3.749100699094402e-06,-0.00011326238346014844,-0.000395002486535255,-0.00013674727621058522,0.001972708339640944,-8.611388955824181e-05,-0.00029368195573410694,-0.00017663450269798583,-0.0001937999526782433,0.0,-4.38446167974043e-05,-1.1522690180336848e-06,-0.00012039478478904561,-1.2860135178907736e-05,-5.2490459793799044e-05,3.0292011237470495e-05,-5.490917327877318e-07,3.57979304583941e-05,0.0
2025-12-10,0.0,-0.0017186002832879077,-1.9748504964133863e-06,-0.00028861866923780843,-0.00013932267622079192,-0.00023582935635241623,0.0023284468127053037,0.000317124604485141,0.0008476888100623359,-9.400499838931736e-05,-0.00025490494084610266,0.0,3.674581326641724e-05,-2.0853827165765067e-06,-0.00024345411506617246,-1.100537529776912e-05,-0.0003215957288004098,-0.0003004091295548579,-1.7167816376748816e-07,-5.548534362582146e-06,0.0
2025-12-11,0.0,-0.0004938254195382963,-2.992639168424515e-06,-0.0001266898228967292,-0.0003525901416773364,-0.00018863566303964005,-0.0005809075256215379,-0.00010257380417669736,0.0020495427219622137,0.00011717900323051506,-4.472789770262886e-05,0.0,3.0413278694947296e-05,-2.0983246574620123e-06,0.00010742176685666835,6.615442399109713e-06,-0.0004973044903417191,-0.00015974730722493474,-4.317184861322125e-07,3.4504144495545175e-05,0.0
2025-12-12,0.0,0.005022130976964745,-9.243609642493205e-06,-0.0003500330556507475,-0.0008788194001197111,-5.0561197225653526e-05,-0.0010985988386654488,-9.010426970294284e-05,0.0017773349234174868,2.576826832027118e-05,-0.00030665183721545475,0.0,-0.00012343595139228426,-1.1356994931010318e-05,-0.00027860249609358914,-9.174228858863749e-06,-0.0005752816640211822,-0.00020040113644348087,-1.820853299457507e-06,7.615842428001802e-05,0.0
2025-12-15,0.0,-0.0007687676497832308,6.9777223007548225e-06,-7.107423247229572e-05,9.590731895134375e-05,0.0001990622982053318,-0.0005154062959682459,0.00012811239599069477,-0.0004594376589447946,0.0002225819343067252,0.00020819544002545487,0.0,2.659353525694564e-05,2.4812796316393826e-07,0.00020133242455011233,1.1583331299276547e-05,8.139455329375656e-05,3.219630942109461e-05,5.1089788240729346e-08,3.221560356147634e-05,0.0
2025-12-16,0.0,0.002985922492274473,2.7475825793472778e-06,0.00014324371293340799,1.505225734666632e-05,9.653688389572174e-05,-0.003046556912930043,-3.042903533217664e-05,-0.0009145453400960651,-3.5219415672530646e-05,0.00013987007265394563,0.0,1.0775767328965319e-05,5.367700713113013e-06,0.00019342825611554093,3.428622605176901e-05,0.00020552385572619042,0.00011085127151062857,3.609668172564111e-07,-2.7575412491132566e-05,0.0
2025-12-17,0.0,0.008610768610691655,-1.4516643248047392e-05,-0.0004130885562890173,-0.0011813504583056689,-0.00022782689942701245,-0.002493183915994124,-0.0002588901123786267,0.0018153995311835924,-0.00012460496210793884,-0.0005111959167708041,0.0,-0.0001606050843384983,-1.8147759279487957e-05,-0.0005219122669332873,-4.998825529186615e-05,-0.0006790374614396508,-0.00011992157490313404,-1.9590465820829576e-06,9.654492386333962e-05,0.0
2025-12-18,0.0,-0.0017292257249629794,1.0743046632100974e-05,0.00018523922630651543,0.0005827379886437015,0.00014365770749471055,-0.0019424078156455304,-2.936014410758782e-05,-0.0005858504300633588,-1.4644241505115674e-05,0.00026503429532786366,0.0,8.336882399298268e-05,1.2891016122973734e-05,0.00017000504660932142,3.128723376311809e-05,0.0004574402750927922,0.00012536267833209921,1.3800000722911894e-06,-2.3603107710832953e-05,0.0
2025-12-19,0.0,-0.0024028870205026753,5.351972580448696e-06,8.299391070532361e-05,0.00032125393508875,2.589525120329575e-05,0.00392215126202472,6.596379651769603e-05,-0.003612020904943891,-8.447052296951807e-05,3.07001164702031e-05,0.0,4.154874061364569e-05,9.154518893406908e-06,-2.8395048145279933e-05,1.078170927837417e-05,0.00012632594066984068,2.020711033001721e-05,1.0490697774460922e-06,-0.00012952537703225103,0.0
2025-12-22,0.0,0.0011045032285970646,-5.867179066735726e-07,7.154854412587397e-05,-0.0006643326791351892,-0.00010758300342219446,0.00021409990756304786,8.201526563832856e-05,-0.001195134480491536,9.203915235306975e-06,-4.5046506630244676e-05,0.0,5.872945133280141e-05,5.6502201067855015e-09,-3.910882504839369e-05,-5.727056096049539e-06,-0.00020945726896701503,-0.00010041310623818203,6.050149645945983e-07,-8.248271121054189e-06,0.0
2025-12-23,0.0,0.0006402190038247157,3.7181211995913725e-06,2.4159945087642853e-05,-0.00022959121004023642,0.00023335448427189848,0.0003961660648902632,3.499513648916493e-05,-0.002812537671663673,6.193407746745566e-05,0.00010318754871184443,0.0,6.55086233040678e-05,5.196016307105469e-06,7.399810746449437e-05,5.435870386702631e-07,0.00014875026304597,0.00012569188860321254,8.267085197800862e-07,-2.0239021253152904e-05,0.0
2025-12-24,0.0,-0.00045680129390229807,-3.3633479428725813e-06,1.2701225517396803e-05,0.00021658892325285978,-1.4139135190729957e-05,-0.0004727276547080994,-7.852195670695825e-06,0.0005973846337696681,-3.167041140643423e-05,-7.496763374594678e-05,0.0,8.468093659913349e-06,-3.2679762106601e-06,6.494864575167306e-05,5.09783763552661e-06,-0.00010861905039813088,-2.5950493781054518e-05,-4.3115614755648334e-07,1.5772054004944448e-05,0.0
2025-12-26,0.0,-0.0012133095425737594,1.1812348547245903e-06,1.2826714796791705e-05,-0.00035355679573239457,0.00013019863734138604,0.001819483522488563,3.149678281867338e-05,-0.0009843226654589199,5.736200951163978e-05,9.277506516592454e-05,0.0,8.764817073079849e-06,6.750492722114223e-07,-0.00013085440850640548,6.5585130358033344e-06,0.00012055273678781772,6.71507839853612e-05,5.065183702251063e-08,-1.6274974577902904e-05,0.0
2025-12-29,0.0,-0.0002182457135845861,-4.571487322384141e-06,-0.0001121833562798269,0.0013481991088349424,-1.806704426977196e-05,-4.15009976031111e-05,-6.692810853347123e-05,0.0006108639772617053,-5.9798712716444685e-05,-0.00014816133735053028,0.0,-4.731781643281009e-05,-6.150921128006675e-06,1.4337883522435452e-05,-1.8293293642508918e-05,-5.096865415004162e-05,-8.395287492783676e-05,-5.440476988789587e-07,5.171532762116449e-05,0.0
2025-12-30,0.0,-0.0006538905640642856,4.321146591663126e-06,4.322130922875672e-05,9.348915382429573e-05,0.00019172016492456298,-0.0016607651107384547,2.813776304473603e-05,0.0008395203026076298,0.0001455554920908389,0.0001858505180472314,0.0,4.1456621350651965e-06,8.264481940989084e-07,-1.4916331212547207e-05,-4.804821985766742e-06,0.00016980566805579328,0.00010345447387023754,3.4402399620718407e-07,-5.278035507245635e-06,0.0
2025-12-31,0.0,-0.000642194776528604,-1.7870719001614448e-06,-9.20617379920538e-06,6.955961142277728e-05,5.3068177387326915e-05,0.0008996997340593171,3.7893144073037135e-05,0.00011684826437512175,9.60339554214075e-05,0.00011713382739411693,0.0,-2.4293833758214263e-05,2.413373208456156e-06,-0.00011398566856658451,1.0675029457323654e-06,8.340542863864361e-05,6.28973105245359e-05,9.973168855163935e-08,-9.739682329626756e-06,0.0
2026-01-02,0.0,-0.016955039791850313,1.4368500008553938e-05,0.0003325777531575959,0.0006585422063429061,0.00021784027847215198,0.007996853169072338,0.000510437954608289,0.0012413298639036424,0.000645016051756344,0.0008691575902806739,0.0,0.0001248585536192115,1.5057324179859458e-05,3.0729530305126374e-05,1.898393826557914e-06,0.0005823017317274984,7.290472295212042e-05,1.58426021229109e-06,-6.477653054383532e-05,0.0
2026-01-05,0.0,-0.009244516015762982,6.588233496885101e-06,0.00022963518331889018,-0.00023809772510945126,7.210634670126032e-05,0.0014962898082069853,0.00022855965483699336,0.002904699238160488,0.0003120132295689401,0.0005495199292682787,0.0,0.00013476232604368692,1.1841994637726305e-05,0.0004150949758857034,-8.005427061473589e-06,-5.7589706960150394e-05,0.00013604014036235762,1.6990916662581193e-06,-0.00017815025461789032,0.0
2026-01-06,0.0,-0.0017226052743616882,2.7244758407359102e-06,8.871052698573856e-05,-0.0002230493302220124,-0.00015229351428250673,0.00043033059512878613,-8.17313926928763e-05,0.001158068516763866,-0.00010438724764192525,-4.8033091940798134e-05,0.0,9.252037549594035e-06,-1.7033338963631751e-06,-1.976315228658515e-05,3.459172701666892e-05,-5.59632498800533e-07,-0.00014848191132482355,2.268914431956628e-07,7.282561092225581e-07,0.0
2026-01-07,0.0,0.0011058034829744545,-6.452184576352248e-06,-8.262940638497501e-05,0.00010210630322711467,-8.025448003833383e-05,0.0024056861857676137,-0.00019546845626896778,-0.0020534754405275163,-0.00020289926020207114,-0.00014875265093729217,0.0,-5.221329426535488e-05,1.969626908301849e-06,-2.1392929644828418e-05,4.8078484140591776e-06,0.00021154875566854053,0.00020320805584893645,2.919508276560994e-07,-0.00010018286101745946,0.0
2026-01-08,0.0,0.0045691613423476385,-9.585657919222138e-06,-0.0002820536810266318,-0.000585030382328322,-0.0003813238942934061,-0.0013289852478619024,9.270665348079174e-06,0.0013758317018297966,-0.00011974797815746119,-0.0004226155697567499,0.0,-8.104360161817134e-05,-1.2899013352939983e-05,-0.0003536650017564834,-4.590721087676178e-05,-0.0004547970714337407,-0.0003012367101506881,-2.382932645053111e-06,7.550061943026147e-05,0.0
2026-01-09,0.0,-0.011928994496008816,2.01458582537432e-05,0.00032556047197271343,0.0005043143969154507,0.00023874235736103672,0.0021421837295264035,0.00020960483319936753,0.0026698689817350463,0.00028471892859372946,0.0005918787967250927,0.0,0.00011770882344104908,1.2659018457029676e-05,0.0005818933829963881,2.010621780621706e-05,0.0007018130117385953,0.0001668279801703837,7.375339804976803e-07,-4.869544341916127e-05,0.0
2026-01-12,0.0,-0.0016988281267435457,3.440205820031978e-06,-0.0001853931022670549,-0.0007211388734387203,-0.00010124700876823489,0.0034699491577661334,4.138357710027629e-05,-0.00014425861346467617,-4.1191313717880984e-05,-9.628458361366637e-05,0.0,6.830812842574703e-06,-1.4027633877762352e-06,-0.0005063480228526332,6.956080766236817e-06,0.0002099212195358184,-0.00014206578466688727,-8.741368768162562e-07,1.375462746700494e-05,0.0
2026-01-13,0.0,0.0005680348122178436,-2.7947473406141716e-06,-1.9772920631544455e-05,-0.0001866841763830257,-0.00010593662827907205,0.002241319945369774,8.176121836014037e-05,-0.0013655347691073072,-0.00013007025507415226,-0.0001853933776409522,0.0,-5.695197937775898e-05,-8.090702944361992e-06,-1.8640425782576187e-05,-2.2772431787789447e-05,0.0003732569566338474,-0.00019623530211722306,-1.264796540854685e-06,7.356837870180297e-05,0.0
2026-01-14,0.0,-0.0008815898194942107,-4.141366269428022e-06,-0.00035631883803221784,-0.0006916813994083115,-0.0002787546782088597,0.003466690333647243,0.0001768691736508017,0.0007237257342559145,5.828641613583874e-05,-0.00014695785686196644,0.0,-4.8709428093394146e-05,-1.1495628698583141e-05,-0.00032994213001258377,-3.410314128568601e-05,-0.00020488034033485855,-0.00016966714075332054,-1.558965426267075e-06,9.148418979072325e-05,0.0
2026-01-15,0.0,-0.009083227235694102,1.0674228696392783e-05,0.0005240514945626176,0.0009259984889801037,0.00018096942402927654,0.002200302305409685,0.00028227916498294384,-0.00030296505630640624,0.0003990478461174188,0.0006710435434783904,0.0,9.598245050712433e-05,8.021895359281057e-06,0.00044328387549998766,3.1057251659835465e-05,0.00043490936426899066,0.0001636364941724061,1.2024767297362195e-06,-4.988226288036787e-05,0.0
2026-01-16,0.0,-0.004110746279728572,2.7775381419023817e-06,4.799995711610508e-05,0.0003446335530361208,6.376694798729612e-05,0.0011480739935579298,-2.8710234680675434e-05,0.001084755535569415,0.00013904763580591117,0.00022120209890184178,0.0,2.8299568116433096e-05,-5.210244101020822e-06,0.0003275762295158677,3.085630138590506e-06,9.39172635764686e-05,-3.837721367991667e-05,5.351991613378876e-07,-5.476652314740163e-05,0.0
2026-01-20,0.0,0.01720117603757898,-7.667814520148674e-05,0.0019336472164688916,-0.015140474244408977,-0.0018960234141573232,-0.014481038544702618,-0.001203732475633882,0.015230115882794257,-0.002510667390334606,-0.0004291205595309891,0.0,-0.0006896979215040696,-6.636014776132304e-05,0.001534126317059719,-0.00012698956257624502,-0.002776958781703743,-0.0016421680352348544,-8.430947845954664e-06,0.0006173571963775677,0.0
2026-01-21,0.0,-0.002603901446765422,8.485920527617047e-06,0.00017418253438258174,4.004239025816661e-05,-5.80897434505484e-05,0.00032024679941963785,0.00040123338479318947,-0.0017827792500730577,6.433540292664561e-05,0.0001935683212671499,0.0,7.977269221216225e-05,7.433894047607372e-06,0.00019803446617180226,-7.825662280978906e-06,0.00030043002401547794,-1.599334368620163e-05,9.63279812671254e-07,-7.684265735417341e-05,0.0
2026-01-22,0.0,0.006529239965685996,-5.0751684675910615e-05,0.005368010219192986,-0.0023672771160680763,0.0023545536018915007,-0.02082040027726048,-0.000993996808776652,0.019031829432196973,-0.0020798024951167865,0.0004084853641233288,0.0,-0.0004359474971388456,-4.312317595618273e-05,0.0033412392174649724,-8.360921391902605e-05,-0.0023185230304334017,-0.001156333150548819,-4.986634627819062e-06,0.00038257613770469826,0.003751617945750962
2026-01-23,0.0,0.015221584231360552,-5.5764575846438706e-05,0.0025840143733089627,-0.0023471968731221884,0.0024141972587890838,-0.011124735272303676,-0.0011882963239399757,0.009441474147465295,-0.002099057232077234,-0.0003553763543980154,0.0,-0.00044555077473978043,-5.3343031598500584e-05,0.0014620215565141065,-9.06544017875864e-05,-0.001957039192588196,-0.0012089009632384566,-5.888609070968792e-06,0.0004306325573045682,-0.00033407326077418637
2026-01-26,0.0,-0.002600830649982011,3.945165839950161e-06,0.00013759634206239602,-0.00011302987335871928,0.00024105132396822979,-0.0020838054343915446,-4.4606863746250724e-06,0.002466195287882028,8.295426710637488e-05,0.00014826137186273874,0.0,6.24863757481605e-05,4.937426989489336e-06,0.00022168044818755145,6.5314038063163425e-06,5.028173179232043e-05,9.58843072813003e-05,5.270526672398627e-07,-6.164798582317804e-06,1.5935394319775524e-05
2026-01-27,0.0,-0.004974660558961508,4.620888167403765e-06,-0.00013465784952704923,-0.00023249748965620265,0.00019481820200144273,0.002023124934769943,-7.844426332565858e-05,0.00023715009705205237,6.447655088201443e-05,0.00034134702781418724,0.0,0.00011050263089256839,6.260617423446148e-06,-7.832850225583665e-07,2.6523616638147963e-06,0.0004308739188786277,0.0001024469429728031,4.01281624425242e-07,2.5652344975519645e-06,9.66127567534605e-05
2026-01-28,0.0,0.0051100597613711884,-3.034459883856106e-06,0.00021956675462118241,-0.0008344640991771145,1.648614986868996e-05,0.0003000164704189401,-5.6218636915652404e-05,-0.0033375574173950817,-0.00015047267276040166,-0.0001809509875752291,0.0,-4.890478277116018e-05,2.791845869122122e-06,-0.00031385162843804854,-9.813855767581482e-06,-9.419453456870411e-05,1.213836608797772e-05,2.814258664006491e-07,9.577259012024698e-06,9.07803924386514e-06
2026-01-29,0.0,0.0007804484012311486,1.2692587706959616e-05,0.0006799419291821929,0.00043438913019017145,0.0005071771637585112,-0.013804983589271874,0.0010392411595632834,0.003274198115166327,0.0005955421969133824,0.001099349437524856,0.0,0.00012318613883263892,5.539173013107031e-06,0.0010859767655711713,1.2902625239318184e-05,0.00031499513620718983,0.00018241529509039484,1.408588745838686e-06,-0.00010591266410490182,9.411699666712252e-05
2026-01-30,0.0,0.0016069962691994122,-4.242325072253679e-06,-0.0002695824802260577,0.001655872150014337,-5.214835757342065e-05,0.0022510360363551807,-7.712122283726718e-05,-0.0015511423851541917,-8.925314082209798e-05,-0.0005529431206629104,0.0,-0.00012176457059253493,-8.66393681334609e-06,0.00013447679280743224,-2.196066207341477e-05,-0.0003134678775884303,-0.00017454620024139576,-1.710288234943565e-06,6.221260757496329e-05,-7.500218441567437e-05
2026-02-02,0.0,-0.00467392036299219,-1.1886935554269052e-06,-0.0003425431293558323,0.0007169557804536444,-0.00025418597294509654,0.001978538438891342,0.00011029156739353688,0.004246753836994882,-0.00018399325386992543,-0.0003130752240660742,0.0,-3.682955137766612e-05,3.702230757218522e-06,-0.0003092864772406903,1.346690071341017e-05,-0.0002961574320497276,-0.0001900971058884631,-7.478600095651473e-07,-4.9319681795801165e-05,-2.954378410284725e-05
2026-02-03,0.0,0.004200334055670607,-1.0556126089523044e-05,-0.0006576616242958827,-0.0015594731308833723,-0.00040016091505577084,0.0005914233541455816,9.356174313567e-05,0.0017815506887002008,-3.9714671956275066e-05,-0.0003626164370319693,0.0,-6.832428955670915e-05,-7.456273631563511e-06,-0.0006318035577821818,-3.9945062964307485e-05,-0.00017543709892100384,-0.00031873358983672447,-1.7185897235597592e-06,0.0001340407606952171,-2.3933477229746893e-05
2026-02-04,0.0,0.004992402603016033,-1.1033863711978214e-05,-0.0009940773824965582,-0.0004457502967399017,-0.00030952341214323525,0.001571219221657122,-0.00025824105017462594,0.0016661385807479057,-0.0001218685021212515,-0.000767001745297119,0.0,-0.00012514783912729623,-1.8736857268709787e-05,-0.0006674756305732749,-3.713931237124546e-05,-0.0006829164283794729,-0.00032693332771964977,-1.8844200433110441e-06,8.448474767964748e-05,-0.00012035760201066633
2026-02-05,0.0,-0.0032208934552155344,-2.43683722092223e-06,0.0004271025657628519,0.00046257944631889966,0.00031238551042486046,-0.0007743188712081017,0.00038965850308083846,0.001736505713968134,0.00022477236748245574,0.0003989523515766785,0.0,-2.5553943324554962e-05,-5.705659841981781e-07,0.00014804248896791578,7.330001681976226e-06,0.0002102748454751932,4.223364542503549e-05,-9.1363726274268e-08,1.281271788780916e-05,1.6643983578562126e-05
2026-02-06,0.0,-0.01014753471579588,6.144810397140372e-06,-0.0003774781667845589,-0.00035227472333234505,-0.0004763486892889607,0.004466190754892296,-5.4351106546550454e-05,-0.010791545508378658,-0.00016592002507902562,-0.00027247417569416926,0.0,7.073545728178768e-05,-1.6254871903460073e-06,-0.0003488720681772417,-6.008056923156239e-06,-0.00012364215820495628,-0.0001989037475014551,3.531481402839769e-08,-2.77590193222153e-05,-2.0202960746190917e-05
2026-02-09,0.0,0.0004961333262424872,6.874362207673823e-06,-3.225969675474394e-06,-0.00022793733994755372,0.00012643716999966373,-0.0018041247433590313,-0.00014449588885950132,-0.0018591327572447247,0.0001067609702295226,0.0003385416384575693,0.0,9.727092730493162e-05,4.3988048292145795e-06,0.00017633906602176203,4.759621676146447e-06,0.00040544184131530506,0.00012551516901825044,9.6198345578692e-07,-4.268633798957481e-05,7.212162527073197e-05
2026-02-10,0.0,0.0010539412434857898,-2.634466817485223e-06,-0.00030994938320425686,7.040220765806848e-05,-6.970862346742518e-05,0.0005867793547413014,-4.404530079940398e-05,0.0002720441376058147,-2.9120897370754628e-05,-0.0001410351242775651,0.0,-2.9704822772680904e-05,-9.431196004801106e-06,-0.00039278172767220204,-4.002423921995401e-06,2.1819122939019386e-05,-8.971688069543508e-05,-1.5019647258384517e-07,9.374482312366102e-05,4.5295306099228314e-07
2026-02-11,0.0,-0.0029129565312012162,1.0271645744716336e-06,-3.984559214532252e-05,-0.00010789062007198966,0.00020250258143317962,0.0014886818144886627,0.00022158009426113089,-0.00038408246677093527,5.484664123130492e-05,0.00023161475698533357,0.0,2.031206072252746e-05,5.37043171539638e-06,-0.00011050441143338474,-1.6181315307618326e-05,0.0004365827733803611,3.1798474094662382e-06,-4.384950144725936e-07,1.3239776924601002e-05,-1.0175808809282857e-06
2026-02-12,0.0,0.0009319814711427621,-9.511091268396131e-06,-0.0003359138538852127,0.0003384382311598516,7.12341035689415e-05,0.001962946896830825,-8.644041455573188e-05,-7.720682981846028e-05,6.542323199139333e-05,-5.54141563345531e-05,0.0,-7.451463256779971e-05,-7.547291482995239e-06,-0.00014791811171063762,1.058337647932145e-06,6.44821578889461e-05,-5.9293324658097474e-05,-1.3059438343469498e-06,0.0001303909881895781,-4.959122795901395e-05
2026-02-13,0.0,-0.0015345999776522623,-7.632859978978692e-07,-0.000226967374427893,-0.0005736669782602302,-0.0003710483626341264,0.0017269394379379466,-3.3776763114340067e-05,0.0026674043547225967,-0.00014167191018632508,-0.00024332772176006295,0.0,-2.4570217360928535e-05,-9.538536208244814e-06,-0.00019311674348256036,-9.688937773474102e-06,-9.807504010136622e-05,-0.00016545085907469087,-4.415963689802116e-07,0.00013619357816156696,-5.248850041878568e-05
2026-02-17,0.0,-0.0015144027720450648,3.5437836535953606e-06,0.00015777885121854435,0.0006691419288712488,7.737762983470176e-05,0.0008506943089875707,0.00012487501057891967,-0.0012216708912018426,9.768951075012425e-05,0.000101966523510931,0.0,3.7508541158451716e-06,-2.5673946712485678e-06,0.0001282444119218018,1.2005969016202285e-05,-0.00013608607165441905,-1.2602301864169524e-05,9.449787319132941e-07,-2.78746311593173e-05,1.980098876121347e-05
2026-02-18,0.0,-0.005681842302891316,4.856508446003096e-06,0.0005007719961174495,-0.0001409471479176562,0.0002279277441165732,0.0015332937920192469,6.643225377931869e-05,-0.00019694027689470817,0.00014190685952008078,0.0003967268578419503,0.0,3.9467319475028524e-05,1.28959132944389e-05,0.0004507320292360534,-3.2490090110344136e-06,0.00015941118781312782,0.00018507560410030433,8.463928765993546e-07,-0.0001303781735351988,4.2728447578415426e-05
2026-02-19,0.0,0.0013234373025891033,-2.170170954553642e-06,2.302825828857935e-05,-9.337382337338412e-05,-8.875311891383408e-05,-0.0007870255812052196,-1.2763071482893226e-05,-0.0002745711184194144,3.16424644027577e-05,1.970453780645448e-05,0.0,-1.6363582416139763e-05,-1.0212592206257885e-08,0.00014952361762115424,-7.446336754991876e-06,0.00013108679271136084,-0.0001159486947290584,1.0354012012333202e-07,5.398511812415834e-05,1.4958478053352792e-06
2026-02-20,0.0,0.0003607223783495539,1.7121853410833688e-06,1.33719029284593e-05,-0.00021149030642909905,0.00016952825137737243,-0.0014365150980990005,9.490654908399059e-05,-0.0002686805668019876,-5.784817337199655e-06,5.1874111432592684e-05,0.0,4.363274974627032e-05,4.819789635796185e-07,-0.000285778594519788,1.102209033080042e-05,4.253705303088398e-05,4.2331891476047115e-05,3.0280592717717207e-07,-1.552769689913778e-05,3.6878392285956494e-05
2026-02-23,0.0,-0.003886345755391374,8.583396377296812e-08,7.10367973685358e-05,-0.0005515887544239491,0.0002680130684607762,0.004473016749383024,0.00024483005583460747,-0.0017999392131441139,0.00018781625682494363,0.0003205032835223859,0.0,-9.628168245590443e-06,-1.0761517657342312e-06,0.00021671357899214622,-5.558384653726856e-06,0.000661139458059342,0.0001383181542686015,-7.238746187361589e-07,3.9894692328940225e-05,-4.2598607995047565e-05
2026-02-24,0.0,-0.0008154462001661034,1.7600514267476363e-06,0.00012042905074149957,0.0003599459431802947,-0.00011451284703327749,0.0003348341600310223,-5.406155148353353e-05,-0.0002605335769388373,-0.0001045644418124457,-8.362902892117968e-05,0.0,1.999794066121635e-05,1.2669762092130596e-06,-0.00020267568059771646,4.783708462180263e-06,4.871152341816287e-06,-8.650997671227206e-05,-1.7549321938817352e-07,2.4639125137762043e-05,3.0527712767886624e-05
2026-02-25,0.0,-0.0016786295025549847,4.473823408308506e-06,0.00013964800325973192,0.00030160596438712217,0.00017310581949419798,-0.0015651983344520393,-0.0001337982464642059,-9.985843844848019e-05,-1.9942791178496205e-05,0.00019787687054325515,0.0,6.574662153157641e-05,7.785050499353784e-06,0.00028661242200777454,1.38815268104415e-05,-8.483286950471125e-05,0.00025724216840557895,1.0826996921613005e-06,-4.1360446020794785e-05,4.450286379639127e-05
2026-02-26,0.0,0.006108600329937097,-8.517429876648262e-06,-0.0006972740671942479,-0.0005445099788008896,-0.0005089144037233699,-0.004356347332563237,-0.00018765947302192346,0.005502225742829631,-0.0001522857448370933,-0.0005805061383253318,0.0,-9.46844175739427e-05,-1.302783419429625e-05,-0.00028107024264083236,-1.851205712863715e-05,-0.0006808933077015605,-0.00032065354014661034,-9.293485641876967e-07,6.754219892585959e-05,-5.723523062250036e-05
2026-02-27,0.0,-0.0010739871168589654,-5.62447926829695e-06,-0.00039355809081791787,-0.0004892151831825987,8.975644464931723e-05,0.0001245737736484398,7.866233518189283e-05,0.004631622817549058,-0.00017826149490133766,-0.00031385710538416045,0.0,-5.418438786161054e-05,-6.983143356550437e-06,-0.0003598615442447703,-2.2491418243239872e-05,0.00016135666603880883,-0.00018429816579768402,-1.288345559185384e-06,0.00010042433331323986,-9.880551342589163e-05
2026-03-02,0.0,0.005509634028227128,6.634068225011189e-07,0.0007191502396336688,-0.0002405289054160896,-0.00017884908492362198,-0.0013943165822920545,-0.00011903072612035222,-0.0047460133622219125,-2.072151899082733e-05,-1.4172623807331974e-05,0.0,-4.080323616434834e-05,-1.106410227469086e-06,0.0005513161024714233,-1.5628059334885373e-05,5.766575763386378e-05,-0.00011785253720481004,7.357889872861207e-07,-3.194530919395453e-05,3.459410878711971e-05
2026-03-03,0.0,-0.0015635254621918504,-5.749327867922638e-05,0.0014147043884465832,0.021541971080731002,-0.0019888205123453837,-0.01614548296717569,0.0029769108811649094,-0.002319096511201657,0.001696928098098318,-0.0008500272823980526,0.0,-0.000551044010911249,-5.383045382962746e-05,0.0016776964933455096,0.005014982684715695,-0.002427837517107616,-0.0011843740984226522,-5.329023535670513e-06,0.0004562322567703814,-0.0003440554632571308
2026-03-04,0.0,-0.004788517430384109,3.282197097427802e-06,-5.728061594047207e-05,0.0001423377224341396,2.9097428011888582e-05,-0.001272168438757243,9.400898114244466e-05,-0.0008352282767842834,-8.043659147417836e-05,0.0001680322876137369,0.0,5.358585164668209e-05,4.371981422163836e-06,0.00018932905085750767,0.00010151202411473603,0.00010761529118581345,9.076163792802461e-05,8.112696774994167e-07,-2.6301937542716914e-05,2.7413350163521012e-05
2026-03-05,0.0,0.0033503958279740287,-9.32289443845378e-06,0.0004282630465778231,6.95541825892626e-05,0.00015748370735951117,6.906267621908935e-05,-0.000271908840852925,-0.0018843904903520503,-0.00014938479391558845,-0.00018394619575365367,0.0,-5.2058676762665665e-05,-1.0371712210973695e-07,0.00010719850593682301,-9.08959376098575e-05,-9.520504556233267e-05,0.00012958776963435323,4.4051893731026715e-07,9.087205749085808e-06,2.829108500980275e-05
2026-03-06,0.0,0.008318776338384293,-1.6170407207738262e-05,-0.0006222641322451705,-0.0016721246030796527,-5.1484053330625584e-05,-0.00031166274612054456,-0.00024612813656398926,0.0006896259845774744,-0.00021969110304602066,-0.0004931868213515975,0.0,-0.00010287960897199105,-6.41184810821967e-06,-0.0007087188201613595,-0.00016083261574081908,-0.00024264937656610572,-0.00014577442025731462,-1.3533266432958928e-06,8.245575459126138e-05,-5.212398073614014e-05
2026-03-09,0.0,-0.008339391654768769,1.1517079671039356e-05,0.0004873427162796831,0.0009051221754001817,0.00017072207560835106,0.0026250295294243664,0.00022077851329312635,-0.001062802639071242,0.00014536005811784797,0.00045569025353274506,0.0,8.431416608952261e-05,7.8526934904211e-06,0.00031333479273006754,0.00014622969505684313,0.00047513390376772296,0.0001580365849486922,8.198789701986751e-07,-6.676443922821237e-05,2.9788825643801368e-05
2026-03-10,0.0,-0.0027902532084701503,3.047529614809148e-06,0.0002556015824263652,-8.153704886454394e-05,0.00018365206339721746,-0.00016947920308815756,0.00020745107721903064,-0.0003720067899484203,0.0001896347050617253,0.00042385515322720946,0.0,3.898247292612612e-05,4.638795866321419e-06,8.888099125983068e-05,0.0001296505489898894,0.0002758029969576539,0.00015894550510737494,5.471997686283634e-07,-5.701871187300915e-05,4.7946142941969125e-05
2026-03-11,0.0,-0.00020564494543745537,-7.583130229773388e-07,0.0001386592630993541,0.00020239760916344884,6.531531348741293e-05,6.907373499298597e-05,4.351748554998029e-05,-0.0008265078192652431,3.642248528944181e-05,0.00011308971229492121,0.0,-8.11009472739821e-06,5.181772083780254e-06,2.7930067663536895e-05,-0.00013636606660804088,0.00018929566391046732,5.169442761228035e-05,6.670944096065623e-07,-3.699241112029407e-05,1.0497299992008602e-05
2026-03-12,0.0,0.0021007318054546698,-8.603915014636962e-06,-8.165990748172647e-05,7.180193764997483e-05,6.515318612200852e-05,0.0012086219184325175,-0.00011886451066296308,-0.0003686705036994864,-1.4481309058084896e-05,-0.00010474736020377878,0.0,-9.15630314314601e-05,-4.731780018411413e-06,0.00017438453311463542,-0.00015985414415285205,-2.9269577024027688e-05,7.82709616441845e-05,-6.232013648007736e-07,9.236911146073964e-05,-7.862032491722827e-07
2026-03-13,0.0,-0.002037362179143354,-5.045642008313228e-06,1.199964999133718e-05,5.469667750600954e-05,-0.00014764707997473245,0.0042553016378675534,4.7102149077297636e-05,0.0006640702173197621,-0.00011600524749862118,-0.0002309411410627571,0.0,-7.768420689264512e-05,-5.701514783307065e-06,-0.0002349434117419752,-8.755023284468238e-05,-0.0002416275069776798,-8.695774260423714e-05,-7.826575128401069e-07,7.92727960037369e-05,-2.6564122113349135e-05
2026-03-16,0.0,-0.0020077967966041776,1.1461329466186691e-05,-0.00013313316215408932,0.0006423886318143446,0.00010066979150260072,-0.0013006437000940008,4.520391616518599e-05,-0.00022032407038738433,7.936106722631828e-05,0.0001914737312880277,0.0,8.439603250143257e-05,2.904242463728807e-06,-0.00012916636875726084,6.834407381709189e-05,0.0001263527917694518,7.080293443539713e-05,5.512459328628827e-07,-3.210202985805396e-05,2.022375359768012e-05
2026-03-17,0.0,-0.0024813533319663628,-2.3241696208580495e-06,-6.115579831266621e-05,0.00014534825384145827,-9.34926081332492e-05,0.0013876723085838039,2.7915545548418824e-05,0.0012852816399164524,-7.773068683452136e-05,-5.995262492035358e-05,0.0,1.1746064515079022e-05,-1.4320655845018009e-06,-0.00012307883594744884,-5.5544638028431556e-05,-7.885980071695858e-05,-1.6890321391403382e-05,1.9751854823225152e-07,-1.419778973060868e-05,2.9636088255568203e-05
2026-03-18,0.0,0.0028722442237748003,-1.097631306064533e-05,0.00010283915573862379,0.0006976614794874658,3.26322022071758e-05,-0.0004897620893277166,5.46673456008253e-05,-0.0009290974698150378,-7.205679921143404e-06,-1.3152188986648161e-05,0.0,-8.282664692488718e-05,2.1323366990562897e-07,0.0001774323108888337,-7.603390749896626e-05,-4.501794124555161e-05,-6.910608501947864e-05,4.513589240264521e-07,2.1428338853883306e-05,7.0433447518689594e-06
2026-03-19,0.0,-0.0033515464263624284,-2.539185101834438e-06,-6.780840314776077e-05,0.0015129861846362377,-0.00018120557350216962,0.001747027819624991,3.96658949659498e-05,0.0010432182604992735,-8.954680916842261e-06,-4.418559133468475e-05,0.0,2.4721239709654154e-05,1.844159214203756e-07,3.5016863812117882e-06,-0.00011480336758930287,-7.556568757451088e-05,3.4582992733333054e-05,2.0299186783250532e-07,-1.7334074228774095e-06,1.607043364571306e-08
2026-03-20,0.0,0.0034713288161203337,-8.374029403787034e-06,0.00024690980610269503,0.00027728095528710417,-3.245151400344676e-05,-0.00034494944075991185,-6.033280121324307e-05,0.0014463740118223212,-0.00010638774217743355,-0.0003640564745152411,0.0,-0.00011062208138917784,3.1705766397718328e-06,0.00011992103585329456,-0.00013426541311568115,-0.00048115680686783985,-9.878571183328383e-05,-6.915137137068449e-07,-6.25746305308126e-05,-4.352844323208269e-05
2026-03-23,0.0,-0.0058774246726063795,8.413199166690819e-06,-0.00018849711202088143,0.0016701141925650337,-4.7544491037374015e-05,0.0002245989958269412,0.00018238130074342898,0.00030136179053599776,0.00015301335345508163,0.00032907828808414336,0.0,9.431612667702097e-05,4.816257318482049e-06,-0.00017556166890399932,4.0989532601845395e-05,0.0001867958147574733,8.212567067934773e-05,6.598265498842834e-07,-3.326099560136374e-05,5.4479906066951574e-05
2026-03-24,0.0,-0.0055931787261450094,3.329885867649901e-08,0.0002909350982856218,6.903695970500445e-05,-6.139123468217392e-05,0.003240173971779031,0.0003280351378965544,0.0007021645442278068,0.0001801932771645226,0.00020671206259644664,0.0,-5.376626550554139e-06,3.6860655021014963e-06,0.00041611672424061996,-0.00010797614174718351,3.276241602545582e-05,-4.221883380910174e-05,1.2606542519811486e-07,1.8400898807902685e-05,5.250501504840306e-06
2026-03-25,0.0,0.0027048727571200026,1.320324574929292e-06,-0.00033044005576133434,-0.0009836260414069348,-0.00011770624744179142,0.0003672438764510122,0.00011639550961310176,-0.002248235964751877,-1.936215079456627e-05,2.3360557976428997e-06,0.0,1.550245778074704e-05,2.7753539040285867e-06,-0.0005156080123116455,5.9249221161428514e-05,8.330627521880782e-05,-1.1672932826889415e-05,3.154477175885208e-08,-7.695462625299018e-06,-1.2773537291287627e-05
2026-03-26,0.0,0.0024496100975471835,-1.877503687807119e-05,-0.0006206102106164624,3.192319232819818e-06,-0.00035955230205870353,0.006689830763203869,-0.0002723400242301832,0.0006515472432474523,-0.0002801998081453892,-0.0007671852963715559,0.0,-0.00016817145810414137,-1.5605156560682466e-05,-0.0003802413811210409,-0.00031299336252820636,-0.0005969490856965708,-0.000155493629015728,-1.4838386821677062e-06,0.0001450456884611851,-9.938910784016439e-05
2026-03-27,0.0,0.000954943257780283,-8.350753402740815e-06,-0.0002900277216897895,-0.0020930420021091425,1.0585073593569194e-05,0.0036412120173167084,9.353627685771727e-05,0.0007546591588131202,5.3168033227867645e-05,4.084695872846877e-06,0.0,-7.307244859921808e-05,-3.772708474740602e-06,-0.0003817836043176065,-0.0001991684473866412,0.0001572339047267654,-4.4656276839862355e-05,-1.1175315532232003e-06,8.375359100333676e-05,2.0244509642448894e-07
2026-03-30,0.0,0.007700491824491895,-3.538446170739981e-06,-0.00047356707770705025,-0.0003889024278798531,7.857529920117859e-05,-0.004806892964293236,-0.0001838125346257033,0.000642882656774646,-4.7546986760182985e-05,-0.0002582117507675674,0.0,-6.07562097847663e-05,-5.936745761047431e-06,-0.00032489867665155825,-2.166335488629559e-06,-0.00040497694465171236,6.853138389715206e-05,-5.031655155163708e-07,6.349917276550097e-05,-4.042574755708716e-05
2026-03-31,0.0,-0.0032271586424525434,1.5043877688086338e-05,0.0003454005845161534,0.00016080546007673363,0.0001228844585428636,-0.003936067800525717,0.00012175682003750729,-0.002210215386865888,0.000165042855750544,0.0005005376347551813,0.0,0.00019879459607728169,1.1312364675769809e-05,0.0004067002576365608,0.0003129389473935651,0.00039637628101876765,9.991613472931822e-05,1.83012300327605e-06,-0.00015709298881124182,6.556707202248768e-05
2026-04-01,0.0,-0.004507427001834985,9.394478205350778e-06,-6.399710708759887e-05,-0.00016076803721687405,0.0001288771196741277,0.00017372993960765304,0.00017885996022501925,0.0009102743030977023,2.359867685359021e-05,0.0002329381581880341,0.0,6.203174181132129e-05,4.27156080960294e-06,0.0003971042749857795,0.00029937420597886226,0.00022802172723118685,-3.4668308758646973e-05,8.930223755582677e-07,-3.2154637733678316e-05,1.709140767090474e-05
2026-04-02,0.0,0.006109863504279001,-5.161227968189031e-06,-0.00012698102781769083,0.00038532332168161876,-0.00029592281801104486,-0.00022148873815186487,-0.00023638028520921346,-0.002995402936083663,-0.00022123318208681214,-0.0004109433130318682,0.0,-5.8034322997148335e-05,-1.0024280379103694e-05,-9.168185293494807e-05,-8.458256243759708e-05,-0.0002160200107986579,-6.097872801861387e-05,-6.707875304574578e-07,5.3968565654378964e-05,-9.912893456684446e-06
2026-04-06,0.0,0.0021945324951661016,-2.910702602051691e-06,-0.00026782320762718664,7.394232949137214e-05,-0.00011647649948356639,3.91925853322761e-05,-8.074991205770515e-06,-0.0005797392148408631,-0.00016995743009873623,-0.00027270786997386776,0.0,-4.796941175955367e-06,-1.5976664509158214e-06,-0.00021811276213006686,-5.5996145748012614e-05,-0.00017598180001324182,-8.025615880782183e-05,-5.248222926466838e-07,-5.200330010647625e-06,3.93504166974366e-06
2026-04-07,0.0,2.0072397850068313e-05,5.160121796210038e-06,0.00012408654854851459,-0.0003131175661055738,-4.237807856320719e-06,-0.0002544130874742312,4.0245916145549565e-05,-0.00010225990798781726,3.6738798445443144e-05,5.863253701127863e-05,0.0,1.952628638898085e-05,2.1741200996217317e-07,1.736639902542164e-05,-3.589260975432173e-05,3.664836162937252e-05,4.2869232242788435e-05,8.495347292642905e-07,8.258913011451735e-07,-1.1740193630585191e-07
2026-04-08,0.0,-0.012094761769093687,2.181167705614986e-05,0.00021463638402824392,0.0015509897194016034,0.0002675143897398688,-0.0031991322321130167,0.0004497051244207514,0.0035572159874591724,0.00031066730914141444,0.0007569292186409005,0.0,0.0002139982962251685,1.159082593127017e-05,1.1574191493446406e-05,0.00047029828507234514,0.00034716779925141397,7.999938393661934e-05,1.1770405975389676e-06,-0.00012495117713272373,6.912202570855943e-05
2026-04-09,0.0,-0.002130311838955734,5.171908071845144e-06,0.0005243954575432225,0.00016442237689019007,0.00010983045693069293,-0.002259124889222086,0.0001739377133156226,0.000286933297752312,0.00010475792477840709,0.0002379951911385264,0.0,5.546688612083177e-05,2.029909056262141e-06,0.0004869939138309118,0.00014278994012513046,0.00017600010335639196,1.736868971427552e-05,1.697788191305159e-07,-1.461172875681432e-05,4.1213499299378765e-05
2026-04-10,0.0,-0.0029568071445529864,4.0267972347472585e-06,0.00028506430176781367,0.00047316715783082136,0.00022342112488150587,0.0012152826772050263,0.0001813365674181982,-0.0024774431496107363,0.0001753754435537616,0.00041549745023131135,0.0,4.637111069133188e-05,3.3792617563297963e-06,0.00016916532309395327,9.876164864608319e-05,0.00039423131195447797,0.0001506939407276437,1.0316093775055864e-06,-5.1742277418104134e-05,6.853403136086039e-05
2026-04-13,0.0,-0.0019208046801283962,2.847851199839287e-06,6.84769697084156e-05,0.0004854849063605296,-0.00011447264868940515,9.656730281976111e-05,-0.00032405290663259714,0.0006978250654672558,-4.764934838529661e-05,-6.832588190776312e-05,0.0,4.1382351594735495e-05,1.8379885161774723e-06,1.6752368638732473e-05,2.963026300009143e-05,-0.00017940716895656697,1.0506160949320248e-05,8.089354358993303e-07,-7.443743054703e-05,1.0323430515952765e-05
2026-04-14,0.0,0.0020863671416994634,5.405441186777209e-06,0.0004199760528544247,-0.00011629189221211422,0.00010163998100411534,-0.003911859204678625,-3.746029431270573e-05,-0.0029346293664467837,2.6709928428434587e-05,0.0002838716910729816,0.0,8.776006267731569e-05,4.283210723313581e-06,0.00020592914291794884,0.00023398225002408107,0.00032331568239730643,0.00017234881115814338,9.19721146460692e-07,-6.547794797133813e-05,3.9777989065091935e-05
2026-04-15,0.0,0.006218551364107594,-1.6862035327760115e-06,4.274861357969617e-05,0.0003369195407178019,-8.074501012228161e-05,-0.0025033265435800423,-0.0005491709800028704,-0.0022173456313859252,-0.0003290265819832494,-0.00038704122232681437,0.0,-3.7587517080417063e-06,-1.195030119565375e-06,-0.00014775180003113314,8.064132191495932e-06,-0.0001803308540360843,0.00011396385911890267,1.3532356467388558e-07,-2.8277600307196043e-05,1.485759668439033e-05
2026-04-16,0.0,0.010033274918713253,-4.408632074219207e-06,-0.00034749356017706873,-0.00046094859251023107,-0.00025736228005378975,-0.0032114699775104005,-0.0003917435059281292,-0.0015339072680977395,-0.00035192700359939,-0.0005769159667004808,0.0,-6.18402679376951e-05,-9.303288397132295e-06,-0.0005420177166200121,-0.00015902759678445774,-0.00018189765463121413,-7.991858378080668e-05,-7.599472573910335e-07,7.198064261360222e-05,-1.3040728352762838e-05
2026-04-17,0.0,-0.004642945998892478,1.101222623381854e-05,0.00020441738436228346,0.00019970711534664232,-5.964785432563749e-05,0.00015940028160796316,0.0001397477082264436,0.00023225915003907693,0.00010624277640051971,0.00024093193945914915,0.0,7.54961974304023e-05,9.86629902997784e-07,6.0069271246243616e-05,0.0002696393957322511,0.0001994542248496753,-4.464568546311623e-06,2.5242634819548735e-07,-8.255299971111647e-05,9.680572571615313e-06
2026-04-20,0.0,-0.0035907952818107214,-1.692715025218203e-06,9.763185586202094e-05,0.00029471059288282975,-0.00012466607675372388,0.0038688302469023494,0.00011282128505199669,-0.000500470767384964,3.883244585347473e-05,2.7949910442436054e-05,0.0,7.233930068495029e-07,-2.1169243147100354e-06,0.00012350458575299816,-1.2898388743346444e-05,-9.619633088361196e-05,-3.835364621163247e-05,-1.9559866365949244e-08,-2.8056717881897852e-05,2.3292891547318888e-05
2026-04-21,0.0,0.0009695629478737033,-6.583845995483033e-06,0.0004981899942498799,0.0007996679164148229,3.2210794315260666e-05,-0.0008508387018621166,-0.00026267782118416863,0.0003715347622312015,-9.51440518087883e-05,-7.377742731686648e-05,0.0,-5.645885358480235e-05,4.010151992702967e-06,0.0001361721290151635,-0.00013510835144206045,-4.088769760550448e-05,6.200435688401285e-05,-7.926842616898461e-08,-3.3412735758106375e-05,5.06580015497771e-06
2026-04-22,0.0,0.003708311667687092,1.794950941457255e-06,-2.5797604079842718e-05,-0.0004263066787829478,-8.095236503720404e-05,-0.0009769360236146496,-0.00020561052958445632,-0.0016528207959512764,-0.00028918532625839266,-0.0002919709573756188,0.0,9.251182978987915e-06,4.720562889684186e-06,-0.00026276128826513423,-5.4986581927753304e-05,8.240020329963044e-05,5.4082096431342513e-05,-2.9383462130357974e-08,-1.6342343055644575e-05,-1.4757921065469345e-06
2026-04-23,0.0,0.001405808037816536,-9.973436684767808e-06,-0.00021294386847539593,-0.00013015408243666898,-0.00016902928798904343,0.0016127881295253388,0.00030521646872953834,0.00018831779732964016,-0.0001498629591535454,-0.000353259332468589,0.0,-5.9796627051707414e-05,-1.0012692325537718e-05,5.137706093145261e-05,-0.00012186724364250147,-9.582639813649277e-05,-0.0003328580638470701,-1.332698120643739e-06,0.00014814204152217196,-3.490754508112632e-05
2026-04-24,0.0,-0.002181426278453469,9.055517542238991e-06,0.0005598866803603886,0.0006147632555059332,0.0002914690700758782,-0.0005849064179372088,-1.0533006045603324e-05,-0.0036045611002508415,2.6384461921314523e-05,0.000494255709891353,0.0,9.010916156019805e-05,9.670917414375459e-06,5.351607123729035e-05,0.0001314539793007283,0.0005235767617109213,0.0003215354123166699,1.0532914813224752e-06,-6.816028601829309e-05,0.00010056518376646163
2026-04-27,0.0,0.004980941018383589,-1.7890092372037e-06,0.00023237102851497715,0.00041112939769995943,1.2431475767286926e-05,-0.00045329270959315604,2.2790833516691394e-05,-0.005936764801195815,3.98285410339351e-05,2.9044739349372295e-05,0.0,1.4425634616628547e-05,3.420518196432722e-06,0.0002780089289018059,2.4859484540767224e-05,-9.656448139531634e-05,2.427537072907833e-05,5.921945478924007e-07,-8.309470904567691e-06,2.1747813093991788e-05
2026-04-28,0.0,0.0051256947892069915,-1.2817439659134873e-05,-0.0004102262169074708,0.0001327100042360571,-6.448027822791857e-05,-0.000721068442015721,-0.000293360529280284,9.761409137593047e-05,-0.0001069017876635936,-0.0004058151676993027,0.0,-7.36870540921572e-05,-1.0551678413356499e-05,-0.00031196927485306614,-0.00018721875872988562,-0.000302563976643265,-6.944810415140078e-05,-1.0912344304023436e-06,6.115385912251747e-05,-5.221371680617015e-05
2026-04-29,0.0,-0.0026334974055816085,-3.4084495127561652e-06,0.0002857597181579602,0.00033020290480593323,7.550542956386713e-05,0.00013532256585105373,9.938124411342127e-05,0.0025172941008090866,-0.0001759485601974739,-8.98150068121828e-05,0.0,-2.1734389535948452e-05,2.324861087218131e-06,6.251044097396047e-05,-0.00014901986143339273,-7.180881879546158e-05,4.002781941216983e-05,-2.383884856515053e-08,-3.6438662771470266e-05,1.310737500428939e-05
2026-04-30,0.0,-0.01160827171227502,-2.6461561856629015e-06,-0.0012112347579909324,-0.0009608622130129196,-0.0005461856300239751,0.012175067717606791,0.00034689577842416004,0.005899760096971879,-0.0003745877884453394,-0.0007363984184673711,0.0,5.563655112623966e-07,-1.0354620400570723e-05,-0.0008871656845806375,-0.00011426028297332157,-0.0002445795877965458,-0.00039406032206545233,-1.1555893406980944e-06,0.00012749871526152728,-9.027849862482725e-05
2026-05-01,0.0,0.0012722382036798319,-2.9045698863172523e-06,-6.124347905234195e-05,-0.00010767879124069096,-0.00015230113645148258,0.00021522485727976104,-0.00023000372079726335,0.00028466347848202234,-0.00027533811637469804,-0.00025680107507857625,0.0,-2.2853989868672903e-05,-4.3489401201356496e-07,-0.0001818786404256742,5.648877531992842e-05,4.115780352972193e-06,5.9400243156013804e-05,-9.673735698390907e-08,-9.574600285759943e-06,5.465697641630733e-06
2026-05-04,0.0,0.005369280538872034,-6.9629828860261005e-06,0.00015269453791427745,0.0004199797424093918,-8.148317798004068e-05,-0.001955387235748951,-8.671642631728586e-05,-0.001536276931495606,-0.00015787246098255062,-0.00023065050396843534,0.0,-4.9157959739271756e-05,-1.436136320563078e-06,-0.00019456337893171416,-0.00011030706952568428,-5.706555661532525e-05,2.0364415323752966e-05,-9.395681884586163e-08,2.106863326263326e-05,-1.926975036462865e-05
2026-05-05,0.0,-0.008522827113208342,3.4356283198342416e-06,-9.577056228897429e-05,8.552318128843273e-05,-0.00010955744844929824,0.003122199046504792,0.0001841421210466588,0.003268234392287017,-4.647127218695632e-05,0.0001049367001383153,0.0,4.046801529954645e-05,3.267084902653912e-06,-6.152234037562487e-07,5.707210550958807e-05,0.00019844028587004403,2.5492630268280497e-05,2.0187341077067592e-07,-3.9547971794138236e-05,1.9741430425575593e-05
2026-05-06,0.0,-0.00985078093235453,2.0304373985245998e-05,0.00031408329046266753,0.00021400950939491625,0.0003690861485175674,0.003587931927710508,0.00033558311352221114,-0.0034755382706131988,0.00030564504978407986,0.0008493480053705718,0.0,0.00016666843346676685,9.398671528371193e-06,0.00046120110654065266,0.00045226955378739955,0.0005814289472165432,0.00010635046338430473,1.508308316834499e-06,-0.0001842257687510885,0.00010194450790164443
2026-05-07,0.0,0.004328343770844123,2.783264385216482e-06,0.0005695380448988013,-0.00018301624876385786,0.00023140731550557944,-0.0014772523343853095,-0.0002207316128070222,-0.0032448385523831114,-3.463510031759959e-05,7.271804156001871e-06,0.0,-2.05668166304877e-05,1.8692317963097315e-06,0.00022634949501416923,9.143614193758524e-05,5.121640540635755e-05,0.00014496115243134607,9.294834049758697e-09,-3.7025813303869556e-05,5.238014285191377e-06
2026-05-08,0.0,-0.009434919532572694,4.438215865173773e-06,0.00021760859465015658,0.00046078352345179513,0.00017032269192431004,0.004441696314608196,0.00033943489146679925,-0.00018890431984230904,-0.00014665183613820146,0.000313898797168026,0.0,7.642158948842175e-05,6.005840673460486e-06,0.00040747239461406265,0.000122179664274559,0.0004209970847471739,0.00022695536470295104,6.262409433829588e-07,-9.29131672961752e-05,7.228520934300783e-05
