Date,prediction_column,rank_correlation,top_k_hit_rate,all_asset_positive_rate,top_k_avg_realized_20d,bottom_k_avg_realized_20d,top_bottom_spread_20d
2022-01-03,pred_ensemble,-0.5285714285714286,0.2,0.23809523809523808,-0.05642548657309894,-0.003162711653860639,-0.0532627749192383
2022-01-04,pred_ensemble,-0.6896103896103896,0.0,0.14285714285714285,-0.08297602108433062,0.017023765966663752,-0.09999978705099438
2022-01-05,pred_ensemble,-0.29480519480519485,0.0,0.14285714285714285,-0.1190044785122009,-0.03548673590657325,-0.08351774260562765
2022-01-06,pred_ensemble,-0.551948051948052,0.0,0.19047619047619047,-0.12860806556758203,-0.025961899849629287,-0.10264616571795274
2022-01-07,pred_ensemble,-0.5948051948051949,0.0,0.19047619047619047,-0.13003147601981363,0.008221030653029437,-0.13825250667284306
2022-01-10,pred_ensemble,-0.49350649350649345,0.0,0.19047619047619047,-0.11266824977587722,-0.011011549978606826,-0.10165669979727039
2022-01-11,pred_ensemble,-0.22077922077922077,0.2,0.19047619047619047,-0.08697527154060829,-0.0014592021975497805,-0.08551606934305851
2022-01-12,pred_ensemble,-0.4831168831168831,0.0,0.14285714285714285,-0.12820129032180302,-0.0340703144876322,-0.09413097583417082
2022-01-13,pred_ensemble,-0.4688311688311688,0.2,0.19047619047619047,-0.09532292622492375,-0.012937944655980749,-0.082384981568943
2022-01-14,pred_ensemble,-0.5792207792207792,0.0,0.19047619047619047,-0.1355317187438639,-0.01064802323299403,-0.12488369551086988
2022-01-18,pred_ensemble,-0.18311688311688312,0.4,0.3333333333333333,-0.06432292117652179,0.007465376316144768,-0.07178829749266656
2022-01-19,pred_ensemble,-0.18311688311688312,0.4,0.38095238095238093,-0.05177748903813382,0.0037162600292643512,-0.05549374906739817
2022-01-20,pred_ensemble,-0.2896103896103896,0.4,0.2857142857142857,-0.07354306427160573,0.010697267407841693,-0.08424033167944742
2022-01-21,pred_ensemble,-0.2155844155844156,0.4,0.42857142857142855,-0.0623413810473044,0.01293914812533652,-0.07528052917264091
2022-01-24,pred_ensemble,-0.43506493506493504,0.2,0.2857142857142857,-0.0960937883355359,0.01022457784616706,-0.10631836618170297
2022-01-25,pred_ensemble,-0.4402597402597402,0.2,0.23809523809523808,-0.08856877750916455,0.006848071947089807,-0.09541684945625435
2022-01-26,pred_ensemble,-0.02727272727272727,0.4,0.3333333333333333,-0.05279610791699616,0.016888063216465077,-0.06968417113346123
2022-01-27,pred_ensemble,0.1077922077922078,0.4,0.7619047619047619,-0.02969457203713053,0.012153823209695002,-0.04184839524682553
2022-01-28,pred_ensemble,0.014285714285714285,0.4,0.3333333333333333,-0.04848826201252878,0.0009606949815671895,-0.04944895699409597
2022-01-31,pred_ensemble,-0.5896103896103897,0.0,0.19047619047619047,-0.11281440163913163,0.00582058956034206,-0.1186349911994737
2022-02-01,pred_ensemble,-0.3532467532467533,0.2,0.23809523809523808,-0.025319242186135415,0.014418227797739247,-0.03973746998387466
2022-02-02,pred_ensemble,-0.5961038961038961,0.0,0.2857142857142857,-0.1277311231647349,0.02345084638940744,-0.15118196955414234
2022-02-03,pred_ensemble,-0.20129870129870128,0.4,0.2857142857142857,-0.010660804978035631,-0.011597844658626255,0.0009370396805906244
2022-02-04,pred_ensemble,-0.5506493506493506,0.0,0.2857142857142857,-0.11348604487553185,0.01555253591065251,-0.12903858078618435
2022-02-07,pred_ensemble,-0.5597402597402598,0.0,0.23809523809523808,-0.10292131883354413,0.0036306265774013412,-0.10655194541094548
2022-02-08,pred_ensemble,-0.20129870129870128,0.2,0.23809523809523808,-0.02522961703631641,-0.012520851199830684,-0.012708765836485727
2022-02-09,pred_ensemble,-0.5636363636363637,0.0,0.23809523809523808,-0.11536428984879372,-0.023434904905647147,-0.09192938494314658
2022-02-10,pred_ensemble,-0.3948051948051948,0.2,0.23809523809523808,-0.05804984366019221,0.028610247842344026,-0.08666009150253623
2022-02-11,pred_ensemble,-0.3675324675324675,0.0,0.23809523809523808,-0.08360572510849404,0.008661076651741272,-0.09226680176023531
2022-02-14,pred_ensemble,-0.2558441558441559,0.2,0.38095238095238093,-0.03439576801101156,0.00928118959317541,-0.04367695760418697
2022-02-15,pred_ensemble,-0.20649350649350648,0.2,0.38095238095238093,-0.01389032624287927,0.009651106835587831,-0.0235414330784671
2022-02-16,pred_ensemble,-0.1909090909090909,0.0,0.38095238095238093,-0.03187883575157737,0.011354766292857744,-0.04323360204443512
2022-02-17,pred_ensemble,0.33896103896103896,1.0,0.7142857142857143,0.034888497484831096,0.01654542816395852,0.018343069320872575
2022-02-18,pred_ensemble,0.43766233766233764,1.0,0.7142857142857143,0.05042480241822238,0.009432294111125894,0.040992508307096484
2022-02-22,pred_ensemble,0.5974025974025974,1.0,0.7619047619047619,0.09154860987534578,0.006989022235146214,0.08455958764019957
2022-02-23,pred_ensemble,0.6311688311688312,1.0,0.7619047619047619,0.0798537504959321,0.011349481708164721,0.06850426878776739
2022-02-24,pred_ensemble,0.37142857142857144,1.0,0.8571428571428571,0.09846633192443019,0.004235375709910794,0.09423095621451939
2022-02-25,pred_ensemble,0.21038961038961035,1.0,0.7619047619047619,0.08332418773920654,0.02881933918003572,0.054504848559170815
2022-02-28,pred_ensemble,0.09090909090909091,1.0,0.8571428571428571,0.039223390910930744,0.02759782207951842,0.011625568831412324
2022-03-01,pred_ensemble,0.4116883116883117,1.0,0.8095238095238095,0.12135321183020524,0.0242425000483538,0.09711071178185143
2022-03-02,pred_ensemble,0.6116883116883116,1.0,0.8571428571428571,0.07534101950349555,0.015332913639100675,0.06000810586439487
2022-03-03,pred_ensemble,0.4688311688311688,1.0,0.7619047619047619,0.05518725144525112,0.012898896179667618,0.0422883552655835
2022-03-04,pred_ensemble,0.7116883116883117,1.0,0.7619047619047619,0.10528984089588053,0.002663126066819532,0.102626714829061
2022-03-07,pred_ensemble,0.8415584415584414,1.0,0.7619047619047619,0.18381071015074535,-0.0050129515499475865,0.18882366170069292
2022-03-08,pred_ensemble,0.7506493506493507,1.0,0.7619047619047619,0.1593798651011767,-0.005969045692104302,0.16534891079328098
2022-03-09,pred_ensemble,0.3766233766233766,1.0,0.8571428571428571,0.058195162730369975,-0.0022965014193691013,0.060491664149739076
2022-03-10,pred_ensemble,0.45714285714285713,1.0,0.8095238095238095,0.0756098456625629,0.010462889286060451,0.06514695637650245
2022-03-11,pred_ensemble,0.48441558441558447,1.0,0.8571428571428571,0.08239008816336688,0.015469460074219921,0.06692062808914695
2022-03-14,pred_ensemble,0.1753246753246753,1.0,0.9047619047619048,0.06539008481837065,0.02858152135773593,0.03680856346063472
2022-03-15,pred_ensemble,-0.16103896103896104,0.4,0.7142857142857143,0.01293134678653789,0.02194065066155102,-0.009009303875013131
2022-03-16,pred_ensemble,0.20519480519480518,0.6,0.5238095238095238,0.025410474493546654,-0.009461299244607525,0.03487177373815418
2022-03-17,pred_ensemble,-0.1974025974025974,0.0,0.42857142857142855,-0.0291059629591325,-0.019422590939620555,-0.009683372019511947
2022-03-18,pred_ensemble,-0.37142857142857144,0.0,0.38095238095238093,-0.04483466665959501,-0.0016424594454039765,-0.043192207214191036
2022-03-21,pred_ensemble,-0.35194805194805195,0.2,0.47619047619047616,-0.04753942304845997,-0.0007332274358377688,-0.0468061956126222
2022-03-22,pred_ensemble,-0.5064935064935064,0.2,0.38095238095238093,-0.06295402548659354,0.01723031525456522,-0.08018434074115877
2022-03-23,pred_ensemble,-0.15974025974025974,0.2,0.38095238095238093,-0.029517532917143808,-0.02360688863458904,-0.005910644282554767
2022-03-24,pred_ensemble,-0.7,0.0,0.23809523809523808,-0.1272850893904989,-0.0014568590195011,-0.1258282303709978
2022-03-25,pred_ensemble,-0.4142857142857143,0.0,0.19047619047619047,-0.062083212133412766,-0.006448961001714393,-0.05563425113169837
2022-03-28,pred_ensemble,-0.6909090909090909,0.0,0.19047619047619047,-0.1369308029294035,-0.011529681208363706,-0.1254011217210398
2022-03-29,pred_ensemble,-0.40649350649350646,0.0,0.14285714285714285,-0.14205486195468883,-0.05102521292808808,-0.09102964902660075
2022-03-30,pred_ensemble,-0.37792207792207794,0.0,0.14285714285714285,-0.07192045459356924,-0.01255022023627581,-0.05937023435729343
2022-03-31,pred_ensemble,-0.37272727272727274,0.0,0.14285714285714285,-0.08588900130310011,-0.019333331786365628,-0.06655566951673447
2022-04-01,pred_ensemble,-0.35844155844155845,0.0,0.09523809523809523,-0.10789577785933349,-0.028672574005144225,-0.07922320385418927
2022-04-04,pred_ensemble,-0.1909090909090909,0.2,0.09523809523809523,-0.09114205205854498,-0.05593415877158041,-0.03520789328696457
2022-04-05,pred_ensemble,-0.5428571428571428,0.2,0.19047619047619047,-0.07299046292373088,-0.015739807352463588,-0.05725065557126729
2022-04-06,pred_ensemble,-0.5935064935064935,0.0,0.14285714285714285,-0.11011271812125549,-0.019252579615573317,-0.09086013850568217
2022-04-07,pred_ensemble,-0.6610389610389611,0.0,0.09523809523809523,-0.1287324530953468,-0.02029710994788454,-0.10843534314746227
2022-04-08,pred_ensemble,-0.7220779220779221,0.0,0.047619047619047616,-0.1461147285902387,-0.038745590831277044,-0.10736913775896165
2022-04-11,pred_ensemble,-0.612987012987013,0.0,0.047619047619047616,-0.10505491538002179,-0.022485285410724542,-0.08256962996929725
2022-04-12,pred_ensemble,-0.6701298701298701,0.0,0.047619047619047616,-0.10920998903569075,-0.021728272664094293,-0.08748171637159646
2022-04-13,pred_ensemble,-0.764935064935065,0.0,0.047619047619047616,-0.1553482264531215,-0.03392098054890382,-0.12142724590421766
2022-04-14,pred_ensemble,-0.4701298701298702,0.0,0.09523809523809523,-0.09466972283960576,-0.029813587065600843,-0.06485613577400491
2022-04-18,pred_ensemble,-0.5610389610389611,0.0,0.09523809523809523,-0.11111357732059077,-0.023275279388204017,-0.08783829793238675
2022-04-19,pred_ensemble,-0.6064935064935064,0.2,0.14285714285714285,-0.07070893220945382,-0.010428364855771343,-0.06028056735368247
2022-04-20,pred_ensemble,-0.5649350649350648,0.0,0.09523809523809523,-0.1305640058021785,-0.032908883797653464,-0.09765512200452503
2022-04-21,pred_ensemble,-0.36103896103896105,0.2,0.14285714285714285,-0.102003351635086,-0.04665106052097423,-0.055352291114111773
2022-04-22,pred_ensemble,-0.3181818181818181,0.2,0.19047619047619047,-0.07988257053346651,-0.02844471805946669,-0.05143785247399982
2022-04-25,pred_ensemble,-0.22727272727272727,0.2,0.19047619047619047,-0.0698817888664075,-0.04105844384141037,-0.02882334502499713
2022-04-26,pred_ensemble,-0.16753246753246753,0.4,0.19047619047619047,-0.01034651976583929,-0.02320690464710675,0.01286038488126746
2022-04-27,pred_ensemble,-0.14935064935064934,0.2,0.23809523809523808,-0.037582079051081574,-0.0069962219219821264,-0.030585857129099447
2022-04-28,pred_ensemble,-0.3,0.2,0.19047619047619047,-0.03429546944463491,-0.021280118317154394,-0.013015351127480514
2022-04-29,pred_ensemble,0.2675324675324675,0.4,0.5714285714285714,-0.0010537525729061858,-0.0026035630122266174,0.0015498104393204316
2022-05-02,pred_ensemble,-0.00909090909090909,0.4,0.38095238095238093,0.014717791561570137,-0.004911115245289865,0.019628906806860004
2022-05-03,pred_ensemble,-0.3974025974025974,0.2,0.2857142857142857,-0.013302114076443172,-0.004235129773904944,-0.009066984302538227
2022-05-04,pred_ensemble,-0.287012987012987,0.2,0.2857142857142857,-0.03776707319536612,-0.006676515604405875,-0.031090557590960244
2022-05-05,pred_ensemble,0.12337662337662336,0.4,0.3333333333333333,-0.00045988169918116385,-0.012041763090822766,0.011581881391641603
2022-05-06,pred_ensemble,0.21688311688311687,0.8,0.6666666666666666,0.01705725633383377,0.001262430592247976,0.015794825741585795
2022-05-09,pred_ensemble,0.36363636363636365,0.8,0.8571428571428571,0.06287704612273566,0.04393812501386296,0.0189389211088727
2022-05-10,pred_ensemble,0.438961038961039,0.8,0.7619047619047619,0.04726941026230018,0.004430755567648004,0.04283865469465217
2022-05-11,pred_ensemble,0.4506493506493507,0.8,0.7142857142857143,0.027836174825367398,0.0013162642620081488,0.02651991056335925
2022-05-12,pred_ensemble,0.11298701298701298,0.4,0.38095238095238093,0.014118583014501796,-0.01227096754928434,0.026389550563786134
2022-05-13,pred_ensemble,-0.35454545454545455,0.0,0.14285714285714285,-0.08310855850470907,-0.0598859322979536,-0.023222626206755463
2022-05-16,pred_ensemble,-0.03896103896103896,0.0,0.14285714285714285,-0.06488412021308029,-0.06586761324688936,0.0009834930338090686
2022-05-17,pred_ensemble,-0.12857142857142856,0.0,0.14285714285714285,-0.06980344602301758,-0.06383616665977054,-0.0059672793632470356
2022-05-18,pred_ensemble,-0.35584415584415585,0.0,0.047619047619047616,-0.07277102926681231,-0.02239566503918373,-0.050375364227628575
2022-05-19,pred_ensemble,-0.21688311688311687,0.0,0.047619047619047616,-0.06449392706744257,-0.025770550089251977,-0.038723376978190595
2022-05-20,pred_ensemble,0.20129870129870128,0.2,0.09523809523809523,-0.014291168638328133,-0.0399148543260683,0.025623685687740164
2022-05-23,pred_ensemble,-0.07662337662337662,0.0,0.047619047619047616,-0.04216049995343256,-0.0348832349342673,-0.007277265019165258
2022-05-24,pred_ensemble,0.174025974025974,0.2,0.09523809523809523,-0.03183223980189402,-0.03305055882146859,0.0012183190195745666
2022-05-25,pred_ensemble,0.24285714285714283,0.4,0.2857142857142857,-0.01548220705652421,-0.03798432362429536,0.02250211656777115
2022-05-26,pred_ensemble,-0.01948051948051948,0.0,0.047619047619047616,-0.06977818809993837,-0.04811078011728147,-0.0216674079826569
2022-05-27,pred_ensemble,-0.3948051948051948,0.0,0.047619047619047616,-0.11559925388834594,-0.04113807074896873,-0.0744611831393772
2022-05-31,pred_ensemble,-0.2727272727272727,0.0,0.047619047619047616,-0.08023982243292294,-0.05689671461369576,-0.023343107819227174
2022-06-01,pred_ensemble,-0.4207792207792207,0.0,0.047619047619047616,-0.08494752590470227,-0.03166470846146106,-0.05328281744324121
2022-06-02,pred_ensemble,-0.5363636363636364,0.0,0.047619047619047616,-0.17252639743346124,-0.035414130697216176,-0.13711226673624505
2022-06-03,pred_ensemble,-0.13636363636363635,0.0,0.09523809523809523,-0.06472534179123428,-0.06529108151037089,0.000565739719136607
2022-06-06,pred_ensemble,0.01818181818181818,0.2,0.14285714285714285,-0.05016313097313372,-0.05488251851682839,0.004719387543694671
2022-06-07,pred_ensemble,-0.12337662337662336,0.0,0.047619047619047616,-0.0664350070427056,-0.04792610037214318,-0.018508906670562417
2022-06-08,pred_ensemble,-0.3506493506493506,0.0,0.14285714285714285,-0.06051909756921303,-0.02897612293148033,-0.0315429746377327
2022-06-09,pred_ensemble,-0.6415584415584416,0.0,0.19047619047619047,-0.11829620005443811,7.655268002675353e-05,-0.11837275273446486
2022-06-10,pred_ensemble,-0.40129870129870127,0.2,0.2857142857142857,-0.07711909058021604,-0.03007161589450482,-0.04704747468571122
2022-06-13,pred_ensemble,-0.07792207792207792,0.4,0.5238095238095238,-0.009511218850203163,-0.011122480898355325,0.0016112620481521615
2022-06-14,pred_ensemble,-0.18441558441558442,0.4,0.5238095238095238,-0.010708783019148859,-0.006063530264581729,-0.00464525275456713
2022-06-15,pred_ensemble,-0.24805194805194808,0.4,0.5714285714285714,-0.018394515866589578,-0.011536968417589399,-0.006857547449000179
2022-06-16,pred_ensemble,0.3038961038961039,0.8,0.7619047619047619,0.00973336597984784,-0.015532614875218353,0.025265980855066192
2022-06-17,pred_ensemble,0.5064935064935064,0.8,0.8095238095238095,0.05590927145519962,-0.018966106249984672,0.07487537770518429
2022-06-21,pred_ensemble,0.6233766233766234,0.8,0.8095238095238095,0.06293357004789209,-0.011937721909305777,0.07487129195719787
2022-06-22,pred_ensemble,0.6571428571428571,0.8,0.8571428571428571,0.0831560369034979,-0.014794643431643006,0.09795068033514091
2022-06-23,pred_ensemble,0.6454545454545455,1.0,0.8571428571428571,0.05961193713217918,0.0038947257770833186,0.055717211355095865
2022-06-24,pred_ensemble,0.21688311688311687,0.6,0.7142857142857143,0.016059874902362402,-0.007326586343682573,0.023386461246044973
2022-06-27,pred_ensemble,0.0,0.8,0.6190476190476191,0.01079724874082848,0.0044815388814552605,0.00631570985937322
2022-06-28,pred_ensemble,0.6142857142857143,0.8,0.8095238095238095,0.0666867812301704,0.0027998945494757343,0.06388688668069466
2022-06-29,pred_ensemble,0.525974025974026,0.8,0.8095238095238095,0.08253194627740727,0.00848418407788174,0.07404776219952554
2022-06-30,pred_ensemble,0.7038961038961039,0.8,0.8095238095238095,0.11884129934499899,0.0052578945713158244,0.11358340477368316
2022-07-01,pred_ensemble,0.5337662337662338,0.8,0.8095238095238095,0.14091236267755666,0.025424825992618815,0.11548753668493784
2022-07-05,pred_ensemble,0.574025974025974,1.0,0.8095238095238095,0.15913775997029878,0.030852385570261064,0.1282853744000377
2022-07-06,pred_ensemble,0.5064935064935064,1.0,0.9047619047619048,0.17676725127370782,0.04709081033946816,0.12967644093423966
2022-07-07,pred_ensemble,0.4194805194805195,1.0,0.8571428571428571,0.13561112295030245,0.0331189969781827,0.10249212597211975
2022-07-08,pred_ensemble,0.47922077922077916,1.0,0.8095238095238095,0.10436917212469358,0.04227606256111314,0.06209310956358045
2022-07-11,pred_ensemble,0.6610389610389611,1.0,0.9047619047619048,0.144564276100269,0.025596033951369602,0.11896824214889941
2022-07-12,pred_ensemble,0.5545454545454546,1.0,0.9523809523809523,0.1157024171995134,0.03403905762254387,0.08166335957696952
2022-07-13,pred_ensemble,0.6064935064935064,1.0,0.9523809523809523,0.16154734382696723,0.0608717452067471,0.10067559862022013
2022-07-14,pred_ensemble,0.638961038961039,1.0,0.9047619047619048,0.16720167292243712,0.0566750560490296,0.11052661687340752
2022-07-15,pred_ensemble,0.3675324675324675,1.0,0.9047619047619048,0.15482257565920063,0.07546175389477247,0.07936082176442816
2022-07-18,pred_ensemble,0.4051948051948052,1.0,0.9523809523809523,0.11142201637651623,0.05634660311576774,0.055075413260748496
2022-07-19,pred_ensemble,0.33246753246753247,1.0,0.9523809523809523,0.0930816292240126,0.05193815959519921,0.04114346962881339
2022-07-20,pred_ensemble,0.1077922077922078,0.8,0.9047619047619048,0.037664547637102766,0.03174878571609072,0.005915761921012043
2022-07-21,pred_ensemble,-0.04285714285714286,0.8,0.9047619047619048,0.03159190544114254,0.04947396935040134,-0.017882063909258797
2022-07-22,pred_ensemble,0.42337662337662335,1.0,0.8571428571428571,0.06740905062400575,0.036936682842001245,0.030472367782004503
2022-07-25,pred_ensemble,-0.07012987012987014,0.8,0.7619047619047619,0.025095087860526544,0.030434065546932156,-0.005338977686405611
2022-07-26,pred_ensemble,0.12727272727272726,1.0,0.8571428571428571,0.050770227046583336,0.02575232138931367,0.025017905657269666
2022-07-27,pred_ensemble,0.461038961038961,1.0,0.6666666666666666,0.047389385609107035,-0.004617054529073994,0.05200644013818103
2022-07-28,pred_ensemble,0.2909090909090909,0.8,0.6666666666666666,0.029960134850296916,0.018716542367408228,0.011243592482888688
2022-07-29,pred_ensemble,-0.15714285714285717,0.4,0.38095238095238093,-0.044642061094984385,-0.005111570894899375,-0.03953049020008501
2022-08-01,pred_ensemble,-0.2155844155844156,0.4,0.3333333333333333,-0.05588054030919307,-0.0007262712151027805,-0.05515426909409029
2022-08-02,pred_ensemble,-0.39090909090909093,0.2,0.2857142857142857,-0.045010295722830065,0.010349023167264205,-0.05535931889009427
2022-08-03,pred_ensemble,-0.461038961038961,0.0,0.19047619047619047,-0.09482748670798116,-0.023609047494235536,-0.07121843921374563
2022-08-04,pred_ensemble,-0.2753246753246753,0.2,0.19047619047619047,-0.09047906945242315,-0.021805737418075944,-0.06867333203434721
2022-08-05,pred_ensemble,-0.3337662337662338,0.0,0.19047619047619047,-0.12403548628721883,-0.05006252045021693,-0.0739729658370019
2022-08-08,pred_ensemble,-0.1987012987012987,0.0,0.19047619047619047,-0.06192940358987857,-0.020115878417461895,-0.041813525172416675
2022-08-09,pred_ensemble,-0.03766233766233767,0.0,0.19047619047619047,-0.0663395736815453,-0.04488618839150695,-0.021453385290038353
2022-08-10,pred_ensemble,-0.17662337662337665,0.2,0.14285714285714285,-0.061138066950483294,-0.024678786516586747,-0.03645928043389655
2022-08-11,pred_ensemble,0.031168831168831172,0.2,0.19047619047619047,-0.050438701098425076,-0.026554827867999765,-0.02388387323042531
2022-08-12,pred_ensemble,-0.0935064935064935,0.2,0.19047619047619047,-0.06792891416738023,-0.040804727096741635,-0.027124187070638593
2022-08-15,pred_ensemble,-0.4168831168831169,0.2,0.14285714285714285,-0.1270379735032438,-0.026005858211105747,-0.10103211529213806
2022-08-16,pred_ensemble,-0.4116883116883117,0.2,0.14285714285714285,-0.11755003303021745,-0.03391790481706285,-0.0836321282131546
2022-08-17,pred_ensemble,-0.37922077922077924,0.2,0.14285714285714285,-0.13640993820577643,-0.046075185189964674,-0.09033475301581176
2022-08-18,pred_ensemble,-0.6350649350649351,0.0,0.09523809523809523,-0.1510643607440751,-0.042725677212182324,-0.10833868353189277
2022-08-19,pred_ensemble,-0.7636363636363636,0.0,0.09523809523809523,-0.14942820146020402,-0.02415285861739531,-0.12527534284280872
2022-08-22,pred_ensemble,-0.7064935064935066,0.0,0.09523809523809523,-0.1297966477523607,-0.014284232184016976,-0.11551241556834371
2022-08-23,pred_ensemble,-0.803896103896104,0.0,0.09523809523809523,-0.14234923062914778,-0.02010484304967721,-0.12224438757947056
2022-08-24,pred_ensemble,-0.8077922077922077,0.0,0.09523809523809523,-0.1524947937730722,-0.03249949159708576,-0.11999530217598645
2022-08-25,pred_ensemble,-0.6649350649350649,0.0,0.047619047619047616,-0.1857670222123168,-0.08213479196127531,-0.1036322302510415
2022-08-26,pred_ensemble,-0.7220779220779221,0.0,0.047619047619047616,-0.15604788549103957,-0.04484134632438721,-0.11120653916665235
2022-08-29,pred_ensemble,-0.7090909090909091,0.0,0.047619047619047616,-0.14167526000501315,-0.036011117643173815,-0.10566414236183934
2022-08-30,pred_ensemble,-0.5194805194805194,0.0,0.047619047619047616,-0.10640112810454302,-0.0295231627443588,-0.07687796536018422
2022-08-31,pred_ensemble,-0.5766233766233767,0.0,0.047619047619047616,-0.13228115268190194,-0.0287901726500271,-0.10349098003187483
2022-09-01,pred_ensemble,-0.6285714285714287,0.0,0.047619047619047616,-0.12714294530368248,-0.04149559133046403,-0.08564735397321845
2022-09-02,pred_ensemble,-0.6597402597402597,0.0,0.047619047619047616,-0.08515967681657566,-0.013950091521461205,-0.07120958529511445
2022-09-06,pred_ensemble,-0.23376623376623373,0.0,0.19047619047619047,-0.040008325706802794,-0.006816979771257415,-0.03319134593554538
2022-09-07,pred_ensemble,-0.2753246753246753,0.0,0.14285714285714285,-0.05507866192712929,-0.013020452419958639,-0.04205820950717065
2022-09-08,pred_ensemble,-0.2727272727272727,0.0,0.14285714285714285,-0.07176146754355099,-0.021067378307028362,-0.05069408923652263
2022-09-09,pred_ensemble,-0.6506493506493506,0.0,0.09523809523809523,-0.12517260041295034,-0.037961216501854134,-0.0872113839110962
2022-09-12,pred_ensemble,-0.748051948051948,0.0,0.047619047619047616,-0.16988829142105635,-0.02788750561180999,-0.14200078580924635
2022-09-13,pred_ensemble,-0.5246753246753247,0.0,0.09523809523809523,-0.12787056982938577,-0.026435408327642285,-0.10143516150174349
2022-09-14,pred_ensemble,-0.6168831168831169,0.0,0.047619047619047616,-0.1330370565551954,-0.025056335592708923,-0.10798072096248648
2022-09-15,pred_ensemble,-0.5,0.0,0.09523809523809523,-0.09068002288833658,-0.022339757701159348,-0.06834026518717723
2022-09-16,pred_ensemble,-0.4883116883116883,0.2,0.09523809523809523,-0.10058609454751799,-0.027060549085190577,-0.07352554546232741
2022-09-19,pred_ensemble,-0.44935064935064933,0.2,0.09523809523809523,-0.07104973897089958,-0.023712274845505178,-0.047337464125394406
2022-09-20,pred_ensemble,-0.36623376623376624,0.2,0.14285714285714285,-0.05438145499292975,-0.016986844840322222,-0.037394610152607526
2022-09-21,pred_ensemble,-0.0935064935064935,0.2,0.19047619047619047,-0.02419245753749526,-0.02978841715807745,0.005595959620582191
2022-09-22,pred_ensemble,-0.07402597402597402,0.2,0.14285714285714285,-0.004148542260729649,-0.015232717932434747,0.0110841756717051
2022-09-23,pred_ensemble,0.2922077922077922,0.6,0.47619047619047616,0.04656180755492543,-0.01270666059581338,0.05926846815073881
2022-09-26,pred_ensemble,0.4077922077922078,0.8,0.6666666666666666,0.07822197660287748,-0.01315754407414509,0.09137952067702257
2022-09-27,pred_ensemble,0.5987012987012986,1.0,0.7142857142857143,0.10124039764131595,-0.011888524762656626,0.11312892240397258
2022-09-28,pred_ensemble,0.16883116883116883,0.6,0.5238095238095238,0.041332106896572095,-0.017920733516774968,0.059252840413347066
2022-09-29,pred_ensemble,0.16883116883116883,0.8,0.6190476190476191,0.026793442591729822,0.00444908297844131,0.02234435961328851
2022-09-30,pred_ensemble,0.3155844155844156,0.8,0.6666666666666666,0.06010204443639751,-0.015281704614112601,0.07538374905051011
2022-10-03,pred_ensemble,0.21818181818181817,0.6,0.6190476190476191,-0.034880895662925425,-0.023175738766194498,-0.011705156896730927
2022-10-04,pred_ensemble,-0.12337662337662336,0.2,0.5238095238095238,-0.08089986953661013,-0.020363412668926627,-0.060536456867683504
2022-10-05,pred_ensemble,0.005194805194805195,0.4,0.42857142857142855,-0.09176917130857758,-0.026577911908450446,-0.06519125940012713
2022-10-06,pred_ensemble,-0.051948051948051945,0.4,0.5238095238095238,-0.09376326983798922,-0.027629516177010417,-0.0661337536609788
2022-10-07,pred_ensemble,0.07532467532467534,0.4,0.6190476190476191,-0.02720299798623769,-0.006217193243613894,-0.020985804742623793
2022-10-10,pred_ensemble,0.11428571428571428,0.6,0.7142857142857143,0.024390325572808468,0.029796795308820734,-0.005406469736012266
2022-10-11,pred_ensemble,0.22597402597402597,0.8,0.7619047619047619,0.06633051833960817,0.0293954053777546,0.03693511296185356
2022-10-12,pred_ensemble,0.2909090909090909,0.6,0.7142857142857143,0.0446512487311773,0.02541261048068657,0.019238638250490728
2022-10-13,pred_ensemble,0.3051948051948052,0.8,0.8095238095238095,0.1384217806864198,0.022111174719253123,0.11631060596716668
2022-10-14,pred_ensemble,0.5168831168831168,0.8,0.8571428571428571,0.21914129274732508,0.023819937720873076,0.195321355026452
2022-10-17,pred_ensemble,0.503896103896104,1.0,0.8571428571428571,0.2084919358220933,0.021068497340443915,0.18742343848164938
2022-10-18,pred_ensemble,0.44155844155844154,1.0,0.9047619047619048,0.15368040147134718,0.03733534397502034,0.11634505749632684
2022-10-19,pred_ensemble,0.3168831168831169,1.0,0.9047619047619048,0.08184141462267465,0.028897169914334508,0.05294424470834014
2022-10-20,pred_ensemble,0.02727272727272727,1.0,0.8571428571428571,0.06760930584493514,0.13181759212210128,-0.06420828627716614
2022-10-21,pred_ensemble,0.41818181818181815,0.8,0.8095238095238095,0.10037947651794565,0.021031603050212722,0.07934787346773294
2022-10-24,pred_ensemble,0.016883116883116882,0.6,0.8095238095238095,0.03098348086704066,0.04143330791949888,-0.010449827052458224
2022-10-25,pred_ensemble,0.3246753246753247,0.8,0.8571428571428571,0.0994729578583915,-0.006768811027707456,0.10624176888609896
2022-10-26,pred_ensemble,0.08181818181818182,0.8,0.9047619047619048,0.030679220277820374,0.03827516341145567,-0.007595943133635295
2022-10-27,pred_ensemble,0.03636363636363636,1.0,0.9523809523809523,0.05455510328946804,0.05885101045084262,-0.004295907161374582
2022-10-28,pred_ensemble,0.029870129870129873,0.8,0.9047619047619048,0.024728786958899775,0.02339284917401365,0.0013359377848861237
2022-10-31,pred_ensemble,0.08961038961038961,0.8,0.8571428571428571,0.04610218999155089,0.02028666268158419,0.025815527309966703
2022-11-01,pred_ensemble,0.4207792207792207,1.0,0.9047619047619048,0.1685881403593573,0.025538604489915805,0.1430495358694415
2022-11-02,pred_ensemble,0.1753246753246753,1.0,0.9047619047619048,0.1387589618430333,0.09157797758214314,0.04718098426089015
2022-11-03,pred_ensemble,0.348051948051948,0.8,0.9047619047619048,0.19265953468438513,0.04126845360540963,0.1513910810789755
2022-11-04,pred_ensemble,0.20909090909090908,0.8,0.8571428571428571,0.11597357370001109,0.07875542544125444,0.03721814825875665
2022-11-07,pred_ensemble,0.22337662337662337,0.8,0.8571428571428571,0.06963619626978576,0.017923974402034304,0.05171222186775146
2022-11-08,pred_ensemble,-0.08961038961038961,0.8,0.8095238095238095,0.0622436670829468,0.08767732230541621,-0.02543365522246941
2022-11-09,pred_ensemble,0.22987012987012984,1.0,0.8571428571428571,0.08032757786554975,0.05703021962675916,0.023297358238790596
2022-11-10,pred_ensemble,-0.3311688311688311,0.2,0.5714285714285714,-0.02494451786339027,0.01739605112550415,-0.04234056898889442
2022-11-11,pred_ensemble,-0.20129870129870128,0.6,0.6666666666666666,-0.0060745800354977675,0.014974606456961137,-0.021049186492458904
2022-11-14,pred_ensemble,-0.08961038961038961,0.6,0.7619047619047619,0.01809023006022752,0.02492479008693387,-0.006834560026706349
2022-11-15,pred_ensemble,-0.1077922077922078,0.4,0.7142857142857143,-0.0171351219684428,0.022814978268255893,-0.03995010023669869
2022-11-16,pred_ensemble,-0.23636363636363636,0.6,0.6190476190476191,0.0037270963714324036,0.021292421921919758,-0.017565325550487353
2022-11-17,pred_ensemble,-0.07792207792207792,0.4,0.5238095238095238,-0.005628400772077114,0.010814878055237042,-0.016443278827314157
2022-11-18,pred_ensemble,-0.005194805194805195,0.6,0.47619047619047616,0.003379718176334223,-0.010915191472550111,0.014294909648884335
2022-11-21,pred_ensemble,-0.24805194805194808,0.4,0.42857142857142855,-0.014640876372582734,-0.009417197737943184,-0.00522367863463955
2022-11-22,pred_ensemble,-0.1064935064935065,0.6,0.47619047619047616,0.003595715427800239,0.006463202844043292,-0.002867487416243053
2022-11-23,pred_ensemble,-0.425974025974026,0.2,0.38095238095238093,-0.03755379124380594,0.007182707536243549,-0.04473649878004948
2022-11-25,pred_ensemble,-0.39350649350649347,0.2,0.2857142857142857,-0.028679130159112165,-0.010050383850064981,-0.018628746309047185
2022-11-28,pred_ensemble,-0.10259740259740259,0.2,0.38095238095238093,-0.02249518925048577,-0.012994142592617464,-0.009501046657868306
2022-11-29,pred_ensemble,-0.022077922077922082,0.4,0.23809523809523808,-0.0189084606007631,-0.012367648503185613,-0.006540812097577488
2022-11-30,pred_ensemble,-0.3246753246753247,0.2,0.19047619047619047,-0.04348022247674606,-0.00021510111733076266,-0.04326512135941529
2022-12-01,pred_ensemble,-0.2831168831168831,0.0,0.09523809523809523,-0.04912174457032057,-0.02975420399194815,-0.019367540578372422
2022-12-02,pred_ensemble,-0.2311688311688312,0.2,0.23809523809523808,-0.04474089523127389,-0.055551864261112985,0.010810969029839093
2022-12-05,pred_ensemble,-0.03766233766233767,0.2,0.3333333333333333,-0.012436510187717497,-0.027007531773921144,0.014571021586203646
2022-12-06,pred_ensemble,-0.01038961038961039,0.2,0.38095238095238093,-0.02743922585055587,-0.030671022163976835,0.003231796313420965
2022-12-07,pred_ensemble,0.15844155844155844,0.4,0.5238095238095238,-0.0025963510777595954,-0.0014934264838180277,-0.0011029245939415677
2022-12-08,pred_ensemble,0.0961038961038961,0.4,0.5238095238095238,0.01794730393767454,-0.0260381757812977,0.04398547971897224
2022-12-09,pred_ensemble,0.3675324675324675,0.6,0.5238095238095238,0.040754476083000715,-0.0034363173581558825,0.044190793441156596
2022-12-12,pred_ensemble,0.34025974025974026,0.8,0.5714285714285714,0.04542243618254873,-0.005226816654487187,0.05064925283703592
2022-12-13,pred_ensemble,0.2727272727272727,0.8,0.5714285714285714,0.026637248007450508,0.006586828167224179,0.02005041984022633
2022-12-14,pred_ensemble,0.3766233766233766,0.8,0.5714285714285714,0.020621279445327833,-0.01117724232571624,0.03179852177104407
2022-12-15,pred_ensemble,0.5012987012987012,1.0,0.7619047619047619,0.06207030921539838,-0.011608232175671284,0.07367854139106966
2022-12-16,pred_ensemble,0.525974025974026,1.0,0.7142857142857143,0.06323610419295193,0.0064442098241910715,0.056791894368760865
2022-12-19,pred_ensemble,0.33246753246753247,0.8,0.7142857142857143,0.03949816682719498,0.010697684150023035,0.028800482677171946
2022-12-20,pred_ensemble,0.6493506493506493,1.0,0.7142857142857143,0.11356909503452065,0.0013738550040596654,0.11219524003046098
2022-12-21,pred_ensemble,0.7064935064935066,1.0,0.7142857142857143,0.12743411000218652,-0.005743822362426121,0.13317793236461264
2022-12-22,pred_ensemble,0.4909090909090909,1.0,0.7619047619047619,0.12475067048663849,0.006204570664217424,0.11854609982242106
2022-12-23,pred_ensemble,0.535064935064935,1.0,0.7619047619047619,0.15792518526137433,0.005831823504049783,0.15209336175732455
2022-12-27,pred_ensemble,0.5948051948051949,1.0,0.7619047619047619,0.1830191310756609,0.005728002414254729,0.17729112866140617
2022-12-28,pred_ensemble,0.6207792207792208,1.0,0.7619047619047619,0.24315912816646965,0.006937677732970271,0.23622145043349937
2022-12-29,pred_ensemble,0.6090909090909091,1.0,0.7619047619047619,0.13229240093440522,0.007269848268034407,0.12502255266637083
2022-12-30,pred_ensemble,0.587012987012987,1.0,0.8095238095238095,0.15684927856943043,0.014642581856203752,0.14220669671322667
2023-01-03,pred_ensemble,0.7727272727272727,1.0,0.8571428571428571,0.2003246153254834,0.011179262488126373,0.18914535283735703
2023-01-04,pred_ensemble,0.7090909090909091,1.0,0.8095238095238095,0.2081945280960559,0.0015356846178925742,0.20665884347816332
2023-01-05,pred_ensemble,0.6896103896103896,1.0,0.8095238095238095,0.20285986895445482,0.007390496769715438,0.1954693721847394
2023-01-06,pred_ensemble,0.4753246753246753,0.8,0.8095238095238095,0.21970797660676028,0.028616418181999625,0.19109155842476067
2023-01-09,pred_ensemble,0.6285714285714287,1.0,0.7619047619047619,0.16678081986517754,0.013864391499727024,0.15291642836545052
2023-01-10,pred_ensemble,0.6974025974025975,1.0,0.7142857142857143,0.22096830552709568,-0.0032436670067199414,0.2242119725338156
2023-01-11,pred_ensemble,0.45584415584415583,1.0,0.5714285714285714,0.1313225324342003,0.04810329100425046,0.08321924142994985
2023-01-12,pred_ensemble,0.3363636363636363,1.0,0.6190476190476191,0.14937685282807758,0.00666145430937839,0.1427153985186992
2023-01-13,pred_ensemble,0.34545454545454546,1.0,0.6666666666666666,0.16660196699379498,0.012018417216403421,0.15458354977739155
2023-01-17,pred_ensemble,0.5883116883116883,1.0,0.6190476190476191,0.11770176541184911,0.0004935772790182202,0.11720818813283089
2023-01-18,pred_ensemble,0.7220779220779221,1.0,0.6666666666666666,0.13254666351942762,-0.015629333464227724,0.14817599698365536
2023-01-19,pred_ensemble,0.7948051948051948,1.0,0.6666666666666666,0.17447348398080947,-0.026403014894158815,0.20087649887496828
2023-01-20,pred_ensemble,0.4688311688311688,1.0,0.6666666666666666,0.12209226672083284,0.01216886459584432,0.10992340212498852
2023-01-23,pred_ensemble,0.36883116883116884,0.6,0.42857142857142855,0.024874177191285974,-0.03948518986254026,0.06435936705382624
2023-01-24,pred_ensemble,0.4090909090909091,0.8,0.38095238095238093,0.053709567823316574,-0.030206759840550258,0.08391632766386684
2023-01-25,pred_ensemble,0.45194805194805193,0.8,0.42857142857142855,0.09437457193899115,-0.03410304909093227,0.12847762102992344
2023-01-26,pred_ensemble,0.5415584415584416,0.6,0.23809523809523808,0.04824249810792149,-0.056750681030975136,0.10499317913889664
2023-01-27,pred_ensemble,0.44675324675324674,0.4,0.2857142857142857,0.011433136156645119,-0.038074000308135146,0.04950713646478026
2023-01-30,pred_ensemble,-0.17662337662337665,0.4,0.38095238095238093,-0.021704271684813325,0.017766578015526856,-0.03947084970034018
2023-01-31,pred_ensemble,0.21168831168831168,0.4,0.19047619047619047,0.050012558409562737,-0.03618162985813296,0.0861941882676957
2023-02-01,pred_ensemble,0.10909090909090909,0.4,0.19047619047619047,0.022414912326356683,-0.0390517163488775,0.06146662867523418
2023-02-02,pred_ensemble,0.031168831168831172,0.4,0.23809523809523808,-0.0030172933442248473,-0.030846728795002408,0.02782943545077756
2023-02-03,pred_ensemble,0.07922077922077922,0.0,0.23809523809523808,-0.026397725668788084,-0.0043845358077591046,-0.02201318986102898
2023-02-06,pred_ensemble,0.11948051948051949,0.2,0.19047619047619047,-0.0030657706817601047,-0.022893598472146958,0.019827827790386852
2023-02-07,pred_ensemble,-0.11038961038961038,0.2,0.14285714285714285,-0.023940647504079916,-0.0405349001085775,0.016594252604497584
2023-02-08,pred_ensemble,0.21038961038961035,0.2,0.09523809523809523,-0.017616096444739292,-0.048772840635842904,0.031156744191103612
2023-02-09,pred_ensemble,0.09480519480519481,0.4,0.2857142857142857,-0.02113951664585443,-0.026027194564809796,0.004887677918955367
2023-02-10,pred_ensemble,0.02727272727272727,0.0,0.2857142857142857,-0.05554525676341256,-0.029394999224350248,-0.02615025753906231
2023-02-13,pred_ensemble,-0.33246753246753247,0.4,0.23809523809523808,-0.016376689025378522,0.016845938413477014,-0.03322262743885554
2023-02-14,pred_ensemble,-0.2909090909090909,0.4,0.2857142857142857,-0.0336088832815626,0.004423255893312295,-0.03803213917487489
2023-02-15,pred_ensemble,-0.22337662337662337,0.4,0.3333333333333333,-0.01809952671778616,0.004461407809713847,-0.022560934527500007
2023-02-16,pred_ensemble,-0.033766233766233764,0.6,0.38095238095238093,0.010241131496705936,0.001219690689658015,0.00902144080704792
2023-02-17,pred_ensemble,0.22857142857142856,0.6,0.3333333333333333,0.055594506112654575,-0.006946697169728999,0.06254120328238358
2023-02-21,pred_ensemble,0.2506493506493506,0.8,0.42857142857142855,0.09726967675938192,0.010293608080839655,0.08697606867854227
2023-02-22,pred_ensemble,0.26883116883116887,0.8,0.38095238095238093,0.09260630036202896,0.008318358367020062,0.0842879419950089
2023-02-23,pred_ensemble,0.4324675324675325,1.0,0.38095238095238093,0.10250346442672638,-0.01646513580056208,0.11896860022728846
2023-02-24,pred_ensemble,0.22727272727272727,0.8,0.5238095238095238,0.07570098457167425,0.024776243660019515,0.050924740911654734
2023-02-27,pred_ensemble,0.35454545454545455,0.8,0.5714285714285714,0.07918767438625977,0.001337239226392417,0.07785043515986735
2023-02-28,pred_ensemble,0.3506493506493506,0.8,0.7142857142857143,0.06980761886162382,0.019363497286803043,0.05044412157482077
2023-03-01,pred_ensemble,0.535064935064935,0.8,0.6190476190476191,0.11074329023576537,0.014258965344458785,0.0964843248913066
2023-03-02,pred_ensemble,0.5610389610389611,0.8,0.7142857142857143,0.10927484571858889,-0.031230455029754568,0.14050530074834347
2023-03-03,pred_ensemble,0.3766233766233766,0.8,0.6666666666666666,0.09268022814767676,0.0011219231203569713,0.09155830502731979
2023-03-06,pred_ensemble,0.1961038961038961,0.8,0.7619047619047619,0.06378939852991863,0.04640054288871294,0.017388855641205694
2023-03-07,pred_ensemble,0.33896103896103896,1.0,0.7619047619047619,0.09424558400512373,0.048332765477306826,0.0459128185278169
2023-03-08,pred_ensemble,0.5753246753246753,1.0,0.7619047619047619,0.09491487341628715,0.015883781071177872,0.07903109234510929
2023-03-09,pred_ensemble,0.10909090909090909,0.8,0.7619047619047619,0.07045217514479103,0.059055730629614,0.011396444515177032
2023-03-10,pred_ensemble,0.5337662337662338,1.0,0.9047619047619048,0.08322000945231763,0.027249146364029798,0.05597086308828783
2023-03-13,pred_ensemble,0.38311688311688313,1.0,0.9523809523809523,0.06438565026063361,0.021672361355854975,0.04271328890477864
2023-03-14,pred_ensemble,0.2675324675324675,0.8,0.9047619047619048,0.06295117288122616,0.03186005678215855,0.03109111609906761
2023-03-15,pred_ensemble,0.13896103896103898,1.0,0.9523809523809523,0.059311553839872654,0.04262309095014285,0.016688462889729805
2023-03-16,pred_ensemble,0.07012987012987014,0.8,0.9047619047619048,0.04128570394630837,0.019934790737962227,0.021350913208346145
2023-03-17,pred_ensemble,0.1987012987012987,1.0,0.8571428571428571,0.060392422344295135,0.005640763053759201,0.05475165929053594
2023-03-20,pred_ensemble,0.3948051948051948,1.0,0.8571428571428571,0.059313194418594326,0.01969430494206421,0.03961888947653011
2023-03-21,pred_ensemble,0.3766233766233766,1.0,0.8571428571428571,0.05444407114027685,0.025879633504345967,0.028564437635930882
2023-03-22,pred_ensemble,0.16363636363636364,0.8,0.8095238095238095,0.036756087422134785,0.028634976681547575,0.00812111074058721
2023-03-23,pred_ensemble,0.125974025974026,0.8,0.7142857142857143,0.02958748774017821,0.018820000128297987,0.010767487611880223
2023-03-24,pred_ensemble,0.15324675324675324,1.0,0.8095238095238095,0.03752280312463245,0.010264694989798895,0.027258108134833557
2023-03-27,pred_ensemble,-0.15584415584415584,0.4,0.7142857142857143,0.0027201485925429703,0.02771929049084614,-0.024999141898303167
2023-03-28,pred_ensemble,0.17012987012987013,0.8,0.7619047619047619,0.024698924187264094,0.013004451302639053,0.01169447288462504
2023-03-29,pred_ensemble,0.1155844155844156,0.8,0.7619047619047619,0.04712470697761293,0.012158880806487637,0.03496582617112529
2023-03-30,pred_ensemble,0.0987012987012987,0.8,0.8571428571428571,0.01914423230610234,0.022296805668348574,-0.0031525733622462353
2023-03-31,pred_ensemble,0.12727272727272726,0.8,0.6666666666666666,0.042571620133119326,0.01762741272439885,0.024944207408720477
2023-04-03,pred_ensemble,-0.1961038961038961,0.6,0.5714285714285714,0.01036984921263322,0.011052848632867018,-0.0006829994202337975
2023-04-04,pred_ensemble,0.0038961038961038965,0.6,0.6190476190476191,0.01796795809702887,-0.0019262996548443656,0.019894257751873236
2023-04-05,pred_ensemble,0.07012987012987014,0.4,0.42857142857142855,-0.022354411943956976,-0.008161396816833543,-0.014193015127123433
2023-04-06,pred_ensemble,0.1909090909090909,0.6,0.6666666666666666,0.0279871839707051,0.005745386228334981,0.022241797742370117
2023-04-10,pred_ensemble,0.2558441558441559,0.6,0.5714285714285714,0.019003457145674064,-0.0026482122722587763,0.02165166941793284
2023-04-11,pred_ensemble,0.08441558441558442,0.4,0.47619047619047616,0.008055906876965113,-0.006058750031548854,0.014114656908513967
2023-04-12,pred_ensemble,0.10519480519480517,0.6,0.5714285714285714,0.019445027191841935,0.006545797226872385,0.01289922996496955
2023-04-13,pred_ensemble,0.11298701298701298,0.6,0.3333333333333333,0.020067803290336618,-0.006588999065957379,0.026656802356293998
2023-04-14,pred_ensemble,0.09090909090909091,0.6,0.47619047619047616,0.0138939365525784,0.0010464638120695423,0.012847472740508858
2023-04-17,pred_ensemble,0.24025974025974026,0.6,0.47619047619047616,0.017228888393155374,-0.005335057102872231,0.022563945496027606
2023-04-18,pred_ensemble,0.2714285714285714,0.6,0.38095238095238093,0.005148715433958451,-0.014960782508280123,0.020109497942238576
2023-04-19,pred_ensemble,0.3103896103896104,0.8,0.47619047619047616,0.04634560518593058,-0.015688937583176667,0.06203454276910725
2023-04-20,pred_ensemble,0.45714285714285713,0.6,0.3333333333333333,0.06625223588734934,-0.014689313939295711,0.08094154982664505
2023-04-21,pred_ensemble,0.21818181818181817,0.6,0.38095238095238093,0.06339038880455103,-0.013037228565845905,0.07642761737039694
2023-04-24,pred_ensemble,0.6922077922077923,0.8,0.42857142857142855,0.10743070845896356,-0.0349823861295238,0.14241309458848736
2023-04-25,pred_ensemble,0.17922077922077922,0.8,0.42857142857142855,0.09173349762559883,0.019150647529321874,0.07258285009627696
2023-04-26,pred_ensemble,0.37272727272727274,0.8,0.42857142857142855,0.08764213803167997,-0.0046661820297700055,0.09230832006144998
2023-04-27,pred_ensemble,0.39350649350649347,1.0,0.38095238095238093,0.14308651923543336,-0.018251134976099027,0.1613376542115324
2023-04-28,pred_ensemble,0.5610389610389611,0.8,0.38095238095238093,0.13811368118212466,-0.034104894145493315,0.17221857532761797
2023-05-01,pred_ensemble,0.38571428571428573,0.8,0.38095238095238093,0.1252026024806074,-0.016636700572731367,0.14183930305333878
2023-05-02,pred_ensemble,0.34935064935064936,0.8,0.38095238095238093,0.12334844825464805,-0.025800839785702866,0.1491492880403509
2023-05-03,pred_ensemble,0.4896103896103896,0.8,0.5238095238095238,0.16043519742965123,-0.020510153087930093,0.18094535051758132
2023-05-04,pred_ensemble,0.5402597402597402,1.0,0.6666666666666666,0.1717709824248225,-0.005526234549034359,0.17729721697385686
2023-05-05,pred_ensemble,0.461038961038961,0.8,0.47619047619047616,0.14440925226731807,0.0016522269389482424,0.14275702532836984
2023-05-08,pred_ensemble,0.3194805194805195,0.6,0.5714285714285714,0.053977319704594406,0.006173663891785241,0.04780365581280917
2023-05-09,pred_ensemble,0.6077922077922078,1.0,0.6190476190476191,0.12925039854480097,-0.002842092471782398,0.13209249101658338
2023-05-10,pred_ensemble,0.6571428571428571,1.0,0.6666666666666666,0.1278555388833449,-0.022414111942492255,0.15026965082583715
2023-05-11,pred_ensemble,0.7064935064935066,1.0,0.6666666666666666,0.1352013609647626,-0.02269116528935373,0.15789252625411632
2023-05-12,pred_ensemble,0.49610389610389616,1.0,0.7142857142857143,0.1595622367211849,0.01512470333140643,0.1444375333897785
2023-05-15,pred_ensemble,0.4636363636363636,1.0,0.7142857142857143,0.1495872851450843,0.014355663618269232,0.13523162152681506
2023-05-16,pred_ensemble,0.7337662337662337,0.8,0.7142857142857143,0.16548805624217652,-0.012558341728712685,0.1780463979708892
2023-05-17,pred_ensemble,0.6025974025974027,1.0,0.8095238095238095,0.1725775657274821,0.028423918391339398,0.1441536473361427
2023-05-18,pred_ensemble,0.5,1.0,0.8571428571428571,0.11978012251146927,0.013097560204232028,0.10668256230723724
2023-05-19,pred_ensemble,0.551948051948052,0.8,0.8095238095238095,0.10170190792490312,0.00300691980108303,0.09869498812382009
2023-05-22,pred_ensemble,0.3987012987012987,1.0,0.8571428571428571,0.11420726419265792,0.006063247921160286,0.10814401627149764
2023-05-23,pred_ensemble,0.5116883116883117,0.8,0.8571428571428571,0.12525886548630247,0.009859837775611302,0.11539902771069116
2023-05-24,pred_ensemble,0.438961038961039,0.8,0.8571428571428571,0.12486707147376488,0.02095862960945403,0.10390844186431086
2023-05-25,pred_ensemble,0.27792207792207796,1.0,0.8571428571428571,0.05017466561427848,0.026186812920559598,0.023987852693718885
2023-05-26,pred_ensemble,0.7324675324675325,1.0,0.8571428571428571,0.05049933356862368,-0.0034696240394725296,0.05396895760809621
2023-05-30,pred_ensemble,0.5701298701298702,1.0,0.8571428571428571,0.04104331491941928,-0.0002557046979613675,0.041299019617380646
2023-05-31,pred_ensemble,0.5142857142857142,1.0,0.8095238095238095,0.05440990948023172,0.011766075902621109,0.04264383357761061
2023-06-01,pred_ensemble,0.15584415584415584,0.8,0.8095238095238095,0.03867999067937038,0.029353611863847107,0.00932637881552327
2023-06-02,pred_ensemble,0.2831168831168831,1.0,0.8571428571428571,0.03335871311462415,0.018179162442777397,0.015179550671846752
2023-06-05,pred_ensemble,0.42207792207792205,0.8,0.8095238095238095,0.052550515321329996,0.014805151058855204,0.037745364262474795
2023-06-06,pred_ensemble,0.4636363636363636,0.8,0.5714285714285714,0.03976446352128051,-0.003391223573408819,0.04315568709468933
2023-06-07,pred_ensemble,0.20779220779220778,0.6,0.6190476190476191,0.04227426498744478,0.00474438535468118,0.0375298796327636
2023-06-08,pred_ensemble,0.20909090909090908,0.8,0.6190476190476191,0.04448224450038405,0.0015428289486294267,0.04293941555175462
2023-06-09,pred_ensemble,0.1155844155844156,0.8,0.7619047619047619,0.05974312194716935,0.015081617690875192,0.04466150425629416
2023-06-12,pred_ensemble,0.487012987012987,0.8,0.6666666666666666,0.06607552993472039,-0.0013674959578176438,0.06744302589253803
2023-06-13,pred_ensemble,0.3038961038961039,1.0,0.9047619047619048,0.07439947998620577,0.025586863280311435,0.04881261670589434
2023-06-14,pred_ensemble,0.18181818181818182,1.0,0.9047619047619048,0.0469745223152163,0.024135917250380425,0.022838605064835878
2023-06-15,pred_ensemble,0.2311688311688312,0.8,0.6190476190476191,0.04642532976124199,0.010210670301025715,0.03621465946021627
2023-06-16,pred_ensemble,0.612987012987013,1.0,0.7142857142857143,0.07432829013722872,0.008536643601664751,0.06579164653556396
2023-06-20,pred_ensemble,0.1909090909090909,0.8,0.8571428571428571,0.05679461751135486,0.03149340628510937,0.02530121122624549
2023-06-21,pred_ensemble,-0.26103896103896107,0.6,0.7619047619047619,0.021973300721601287,0.049083848018626905,-0.027110547297025618
2023-06-22,pred_ensemble,-0.2675324675324675,0.8,0.8571428571428571,0.02278796582235467,0.04359962417172081,-0.020811658349366137
2023-06-23,pred_ensemble,-0.4974025974025974,0.6,0.8095238095238095,0.011083719170163087,0.054321195840568846,-0.043237476670405756
2023-06-26,pred_ensemble,-0.27662337662337666,0.6,0.8095238095238095,0.044211285963707936,0.06252145899457492,-0.01831017303086699
2023-06-27,pred_ensemble,0.1012987012987013,0.8,0.8571428571428571,0.043329200302542725,0.034002566226026223,0.009326634076516502
2023-06-28,pred_ensemble,-0.07272727272727272,0.6,0.7619047619047619,0.03969318209464978,0.02857764771752307,0.011115534377126712
2023-06-29,pred_ensemble,0.1753246753246753,0.8,0.8571428571428571,0.06446930558588078,0.027175157629925485,0.037294147955955294
2023-06-30,pred_ensemble,0.20909090909090908,0.6,0.7619047619047619,0.04252935899104697,0.01670008505680578,0.02582927393424119
2023-07-03,pred_ensemble,0.1064935064935065,0.6,0.7619047619047619,0.0483736835718314,0.012658457221756115,0.03571522635007529
2023-07-05,pred_ensemble,0.24675324675324672,0.8,0.7142857142857143,0.024271402907863514,0.002121946091797544,0.02214945681606597
2023-07-06,pred_ensemble,0.006493506493506493,0.4,0.6666666666666666,0.012116460960180441,0.01934877925980587,-0.00723231829962543
2023-07-07,pred_ensemble,-0.015584415584415586,0.6,0.7619047619047619,0.015352166661250588,0.020501417829346513,-0.005149251168095925
2023-07-10,pred_ensemble,-0.012987012987012986,0.6,0.7619047619047619,0.026515974334276948,0.018089804320197023,0.008426170014079925
2023-07-11,pred_ensemble,-0.13116883116883118,0.6,0.7142857142857143,0.012763742092288389,0.023451817587603997,-0.010688075495315608
2023-07-12,pred_ensemble,-0.312987012987013,0.0,0.3333333333333333,-0.03692747570028463,-0.0046476532229442254,-0.0322798224773404
2023-07-13,pred_ensemble,-0.4974025974025974,0.2,0.2857142857142857,-0.05048687855857248,-0.005589412452356291,-0.044897466106216186
2023-07-14,pred_ensemble,-0.2558441558441559,0.2,0.2857142857142857,-0.050152049590965773,0.015437692812918024,-0.0655897424038838
2023-07-17,pred_ensemble,-0.4246753246753247,0.2,0.23809523809523808,-0.04237690609585667,0.014343898936205468,-0.05672080503206214
2023-07-18,pred_ensemble,-0.4194805194805195,0.0,0.14285714285714285,-0.07780901018419299,-0.01615500842076134,-0.06165400176343165
2023-07-19,pred_ensemble,-0.35974025974025975,0.2,0.14285714285714285,-0.05245577796447025,-0.03738177955037889,-0.015073998414091357
2023-07-20,pred_ensemble,-0.08571428571428572,0.2,0.09523809523809523,-0.03553978668198714,-0.027768683650384964,-0.007771103031602174
2023-07-21,pred_ensemble,0.044155844155844164,0.2,0.09523809523809523,-0.023597898647323645,-0.023270605620203243,-0.0003272930271204025
2023-07-24,pred_ensemble,0.24675324675324672,0.4,0.14285714285714285,-0.006955590135761369,-0.03251356012207414,0.02555796998631277
2023-07-25,pred_ensemble,-0.0974025974025974,0.2,0.09523809523809523,-0.039829320876751284,-0.031370124309491265,-0.008459196567260019
2023-07-26,pred_ensemble,0.16623376623376623,0.4,0.14285714285714285,-0.013813823524316348,-0.03982047742188939,0.02600665389757304
2023-07-27,pred_ensemble,0.174025974025974,0.2,0.14285714285714285,-0.03745605893585193,-0.0436240629198934,0.006168003984041472
2023-07-28,pred_ensemble,0.11428571428571428,0.4,0.09523809523809523,-0.024119703285463135,-0.04125987664121189,0.017140173355748755
2023-07-31,pred_ensemble,-0.044155844155844164,0.2,0.14285714285714285,-0.057441866571186065,-0.035238081407773666,-0.0222037851634124
2023-08-01,pred_ensemble,0.04285714285714286,0.2,0.19047619047619047,-0.02697609724537131,-0.023439138455678667,-0.0035369587896926444
2023-08-02,pred_ensemble,-0.03636363636363636,0.4,0.47619047619047616,0.0012784430768817856,-0.002477379792330825,0.0037558228692126105
2023-08-03,pred_ensemble,0.05714285714285714,0.4,0.5238095238095238,-0.0003347104739511497,-0.01600359464570489,0.015668884171753737
2023-08-04,pred_ensemble,-0.22467532467532467,0.4,0.42857142857142855,0.0008673211961570448,0.01214974394718269,-0.011282422751025645
2023-08-07,pred_ensemble,-0.0987012987012987,0.4,0.2857142857142857,-0.00866898614583662,0.00016720914524981367,-0.008836195291086434
2023-08-08,pred_ensemble,-0.09480519480519481,0.4,0.2857142857142857,-0.0015015043517802474,-0.0028081466485576855,0.0013066422967774381
2023-08-09,pred_ensemble,-0.087012987012987,0.4,0.3333333333333333,0.0037018121900310287,-0.003236898907984065,0.006938711098015094
2023-08-10,pred_ensemble,0.2558441558441559,0.4,0.3333333333333333,0.0009330292065728773,-0.009895278721907319,0.010828307928480196
2023-08-11,pred_ensemble,-0.02077922077922078,0.6,0.42857142857142855,0.021823063024101464,0.005574216462943848,0.016248846561157618
2023-08-14,pred_ensemble,0.1077922077922078,0.4,0.3333333333333333,-0.008644965187525156,-0.007478005229621898,-0.001166959957903258
2023-08-15,pred_ensemble,-0.13506493506493505,0.6,0.6190476190476191,0.0022364729212256186,0.00589195431051337,-0.0036554813892877513
2023-08-16,pred_ensemble,0.17662337662337665,0.8,0.7142857142857143,0.03139526108867463,0.021384465993543912,0.010010795095130719
2023-08-17,pred_ensemble,0.11948051948051949,0.6,0.7142857142857143,0.004917769660000193,0.009257591323998171,-0.004339821663997978
2023-08-18,pred_ensemble,0.062337662337662345,0.6,0.7619047619047619,0.004981145563390088,0.017679668056516284,-0.012698522493126196
2023-08-21,pred_ensemble,-0.08051948051948052,0.6,0.7142857142857143,-0.011538817337219509,0.013171678987028469,-0.024710496324247978
2023-08-22,pred_ensemble,-0.16623376623376623,0.4,0.6666666666666666,-0.020994169056165024,0.01403016549001208,-0.03502433454617711
2023-08-23,pred_ensemble,-0.18961038961038962,0.4,0.3333333333333333,-0.05262669637630246,-0.010384992842105012,-0.04224170353419745
2023-08-24,pred_ensemble,-0.01948051948051948,0.4,0.3333333333333333,-0.032746957242399934,-0.007701244939770024,-0.02504571230262991
2023-08-25,pred_ensemble,-0.20519480519480518,0.2,0.2857142857142857,-0.03622163963756784,-0.0039371050087294805,-0.03228453462883836
2023-08-28,pred_ensemble,-0.2038961038961039,0.2,0.14285714285714285,-0.05404562492859581,-0.015051076847197397,-0.03899454808139841
2023-08-29,pred_ensemble,-0.07532467532467534,0.0,0.09523809523809523,-0.07198378983303433,-0.034913565931272705,-0.03707022390176162
2023-08-30,pred_ensemble,-0.033766233766233764,0.2,0.14285714285714285,-0.06373074757447775,-0.03904203663914128,-0.02468871093533647
2023-08-31,pred_ensemble,-0.15454545454545454,0.2,0.14285714285714285,-0.05151116228964683,-0.03183803642372705,-0.01967312586591978
2023-09-01,pred_ensemble,0.014285714285714285,0.2,0.09523809523809523,-0.04880098708949845,-0.058564210669998576,0.009763223580500129
2023-09-05,pred_ensemble,-0.1922077922077922,0.2,0.09523809523809523,-0.07168597920235682,-0.05502427346837315,-0.01666170573398367
2023-09-06,pred_ensemble,0.07922077922077922,0.2,0.09523809523809523,-0.04905421843439069,-0.057553786089935534,0.008499567655544847
2023-09-07,pred_ensemble,0.1961038961038961,0.2,0.09523809523809523,-0.03961708088200409,-0.06057632318125006,0.02095924229924597
2023-09-08,pred_ensemble,0.2545454545454545,0.4,0.14285714285714285,-0.026765936808687617,-0.04778642276189624,0.021020485953208625
2023-09-11,pred_ensemble,0.535064935064935,0.6,0.14285714285714285,0.0016460267172501374,-0.04790076488933277,0.04954679160658291
2023-09-12,pred_ensemble,0.1155844155844156,0.4,0.14285714285714285,0.0025553282268616197,-0.029676342528695842,0.03223167075555746
2023-09-13,pred_ensemble,0.2506493506493506,0.4,0.14285714285714285,0.005693342968170567,-0.03218951621156576,0.03788285917973633
2023-09-14,pred_ensemble,0.5883116883116883,0.4,0.14285714285714285,0.0030666872797806776,-0.06090000252977805,0.06396668980955873
2023-09-15,pred_ensemble,0.38311688311688313,0.6,0.23809523809523808,0.010151735481476364,-0.03936003219411823,0.04951176767559459
2023-09-18,pred_ensemble,0.3506493506493506,0.6,0.23809523809523808,0.016288929705018364,-0.013661363165949857,0.02995029287096822
2023-09-19,pred_ensemble,0.2935064935064935,0.6,0.23809523809523808,0.010077376356916745,-0.030049418986636777,0.040126795343553526
2023-09-20,pred_ensemble,0.14675324675324675,0.2,0.23809523809523808,-0.004858708046093741,-0.015421373901787817,0.010562665855694077
2023-09-21,pred_ensemble,0.21168831168831168,0.8,0.42857142857142855,0.009380545031687925,-0.01160357136427106,0.020984116395958985
2023-09-22,pred_ensemble,0.24415584415584415,0.4,0.2857142857142857,-0.0004902988571631406,-0.022428221439031403,0.021937922581868264
2023-09-25,pred_ensemble,0.29480519480519485,0.8,0.3333333333333333,0.013380890205335328,-0.015923508172882395,0.029304398378217723
2023-09-26,pred_ensemble,0.20129870129870128,0.8,0.38095238095238093,0.033777712808451876,0.003111772681743252,0.030665940126708625
2023-09-27,pred_ensemble,0.125974025974026,0.6,0.2857142857142857,0.008520203546410587,-0.03015065335762457,0.038670856904035156
2023-09-28,pred_ensemble,-0.36103896103896105,0.4,0.2857142857142857,-0.020474270989821842,-0.009887202629239122,-0.01058706836058272
2023-09-29,pred_ensemble,-0.2545454545454545,0.4,0.23809523809523808,-0.01949087209568905,0.00214907041692356,-0.02163994251261261
2023-10-02,pred_ensemble,0.11688311688311687,0.6,0.23809523809523808,0.0037003659107840425,-0.023409581090477038,0.02710994700126108
2023-10-03,pred_ensemble,-0.04805194805194805,0.6,0.42857142857142855,0.0057585451706765765,-0.0016791201064783935,0.00743766527715497
2023-10-04,pred_ensemble,-0.1064935064935065,0.8,0.42857142857142855,0.03237583304392677,0.024975858454654398,0.007399974589272374
2023-10-05,pred_ensemble,0.08441558441558442,0.8,0.8571428571428571,0.05237208577233783,0.032721528668543075,0.019650557103794757
2023-10-06,pred_ensemble,0.04805194805194805,0.6,0.8095238095238095,0.035007296948437114,0.02124517862076809,0.013762118327669024
2023-10-09,pred_ensemble,-0.02727272727272727,0.8,0.7142857142857143,0.04224345792316677,0.027383956401648257,0.014859501521518513
2023-10-10,pred_ensemble,-0.187012987012987,0.6,0.7142857142857143,0.018349753900833776,0.029016439281780614,-0.010666685380946839
2023-10-11,pred_ensemble,0.11168831168831168,0.6,0.5714285714285714,0.01288761031216128,0.01592286652760817,-0.0030352562154468896
2023-10-12,pred_ensemble,0.2662337662337662,0.6,0.5714285714285714,-0.003138604699132075,-0.00899806870427069,0.005859464005138615
2023-10-13,pred_ensemble,0.16363636363636364,0.8,0.8095238095238095,0.0009100642424658911,0.003800360719567708,-0.002890296477101817
2023-10-16,pred_ensemble,0.059740259740259746,0.8,0.6666666666666666,0.022182080509171677,0.022038990975603624,0.00014308953356805335
2023-10-17,pred_ensemble,-0.012987012987012986,0.8,0.8571428571428571,0.031407059481113,0.05030741839100035,-0.018900358909887352
2023-10-18,pred_ensemble,0.0961038961038961,0.8,0.8571428571428571,0.03513900121847393,0.03207155953070948,0.0030674416877644467
2023-10-19,pred_ensemble,0.44285714285714284,0.8,0.8571428571428571,0.07616522087939419,0.030385029504640105,0.04578019137475409
2023-10-20,pred_ensemble,0.5558441558441559,0.8,0.9047619047619048,0.09437484651813463,0.032213666165524034,0.0621611803526106
2023-10-23,pred_ensemble,0.29480519480519485,0.8,0.9047619047619048,0.08094229088290963,0.022401317683971002,0.05854097319893863
2023-10-24,pred_ensemble,-0.2597402597402597,0.8,0.9047619047619048,0.06150111650319059,0.07832749041100047,-0.01682637390780988
2023-10-25,pred_ensemble,0.6805194805194805,1.0,0.9047619047619048,0.13761547983374273,0.03695844935471684,0.10065703047902588
2023-10-26,pred_ensemble,0.5077922077922078,1.0,0.8571428571428571,0.13122534072845507,0.0382722584395897,0.09295308228886537
2023-10-27,pred_ensemble,0.5779220779220778,1.0,0.8571428571428571,0.13088395273978803,0.037765393838987624,0.09311855890080041
2023-10-30,pred_ensemble,0.6883116883116883,1.0,0.9047619047619048,0.12418679906566137,0.04287038763930966,0.08131641142635171
2023-10-31,pred_ensemble,0.39610389610389607,1.0,0.9047619047619048,0.11310983748709105,0.05954721080955396,0.05356262667753709
2023-11-01,pred_ensemble,0.45194805194805193,1.0,0.9047619047619048,0.07937936401694738,0.044204548826754377,0.035174815190193005
2023-11-02,pred_ensemble,0.3922077922077922,1.0,0.8571428571428571,0.07215020646921158,0.041868046409548755,0.030282160059662826
2023-11-03,pred_ensemble,0.05324675324675325,0.8,0.8571428571428571,0.023206261340506563,0.023156758796924935,4.9502543581627506e-05
2023-11-06,pred_ensemble,0.22467532467532467,1.0,0.8571428571428571,0.055458506041559864,0.022063695174198282,0.03339481086736158
2023-11-07,pred_ensemble,0.26883116883116887,0.6,0.7619047619047619,0.03734305497605297,0.008886199438140285,0.028456855537912683
2023-11-08,pred_ensemble,0.025974025974025972,0.8,0.8571428571428571,0.030580011832356722,0.03944581265344242,-0.0088658008210857
2023-11-09,pred_ensemble,-0.24935064935064938,0.8,0.8571428571428571,0.029425357313088575,0.060769995937455044,-0.03134463862436647
2023-11-10,pred_ensemble,-0.4311688311688312,0.4,0.7619047619047619,0.01209872995121355,0.06411460644975937,-0.052015876498545825
2023-11-13,pred_ensemble,-0.45974025974025967,0.6,0.8095238095238095,0.02395333807557789,0.06613650299950158,-0.04218316492392369
2023-11-14,pred_ensemble,-0.06623376623376624,0.4,0.7619047619047619,0.017608565842040978,0.038028113599146575,-0.020419547757105597
2023-11-15,pred_ensemble,-0.14545454545454545,0.6,0.8095238095238095,0.029116521162020726,0.046851120220336925,-0.0177345990583162
2023-11-16,pred_ensemble,0.10909090909090909,0.8,0.8095238095238095,0.04926346234206906,0.011272097493252642,0.03799136484881642
2023-11-17,pred_ensemble,-0.29740259740259745,1.0,0.9047619047619048,0.03165732657499061,0.06779765561538423,-0.03614032904039362
2023-11-20,pred_ensemble,-0.13896103896103898,0.8,0.8095238095238095,0.04827420213332567,0.049072696134027496,-0.0007984940007018243
2023-11-21,pred_ensemble,0.2636363636363636,0.8,0.7619047619047619,0.04560669928640686,0.029428557492778906,0.01617814179362795
2023-11-22,pred_ensemble,0.0012987012987012987,1.0,0.8571428571428571,0.053513434038945464,0.059935622561373546,-0.006422188522428082
2023-11-24,pred_ensemble,0.20649350649350648,1.0,0.9047619047619048,0.04175173780126133,0.0378617651255194,0.003889972675741933
2023-11-27,pred_ensemble,-0.15584415584415584,1.0,0.9047619047619048,0.05752529112186346,0.07976353163804113,-0.02223824051617767
2023-11-28,pred_ensemble,-0.1077922077922078,1.0,0.9047619047619048,0.05585910352421628,0.0721991230540731,-0.016340019529856815
2023-11-29,pred_ensemble,-0.11428571428571428,1.0,0.8571428571428571,0.05490898074073769,0.04699963534806852,0.007909345392669166
2023-11-30,pred_ensemble,0.05454545454545454,0.8,0.8571428571428571,0.05785460211076136,0.05702800746646515,0.0008265946442962135
2023-12-01,pred_ensemble,-0.21818181818181817,0.6,0.8095238095238095,0.03031757916388922,0.04063009196454783,-0.010312512800658612
2023-12-04,pred_ensemble,0.36363636363636365,1.0,0.9047619047619048,0.05222813142938128,0.022016055477457552,0.030212075951923725
2023-12-05,pred_ensemble,0.15454545454545454,0.8,0.8571428571428571,0.03135575116662914,0.032286580776863104,-0.0009308296102339617
2023-12-06,pred_ensemble,0.3207792207792208,1.0,0.8571428571428571,0.06352445340281773,0.021514832099843884,0.04200962130297385
2023-12-07,pred_ensemble,0.022077922077922082,0.8,0.8571428571428571,0.0479710166758069,0.049438308644299545,-0.0014672919684926428
2023-12-08,pred_ensemble,-0.06493506493506493,0.6,0.9047619047619048,0.03447280075545787,0.04413830056849579,-0.009665499813037923
2023-12-11,pred_ensemble,0.1012987012987013,1.0,0.9047619047619048,0.06758247170679436,0.03489565007623461,0.032686821630559755
2023-12-12,pred_ensemble,-0.032467532467532464,1.0,0.8095238095238095,0.050794577568311274,0.023292589554735878,0.027501988013575396
2023-12-13,pred_ensemble,0.13376623376623376,0.8,0.8095238095238095,0.040311219477049895,0.024330947291709724,0.01598027218534017
2023-12-14,pred_ensemble,0.5558441558441559,0.6,0.38095238095238093,0.04771183509772867,-0.037134239625435425,0.0848460747231641
2023-12-15,pred_ensemble,0.5103896103896104,0.6,0.42857142857142855,0.023608165039366115,-0.028287110638279267,0.05189527567764538
2023-12-18,pred_ensemble,-0.01038961038961039,0.4,0.5238095238095238,0.013164302245409765,0.0005380226586163328,0.012626279586793432
2023-12-19,pred_ensemble,-0.04935064935064935,0.4,0.47619047619047616,0.022666966759212516,0.005276071367507273,0.01739089539170524
2023-12-20,pred_ensemble,-0.2753246753246753,0.4,0.6666666666666666,0.04200284473283415,0.038371230816082666,0.003631613916751486
2023-12-21,pred_ensemble,0.2922077922077922,0.6,0.5714285714285714,0.04873770185990354,0.00471278451163204,0.0440249173482715
2023-12-22,pred_ensemble,-0.087012987012987,0.4,0.5238095238095238,0.044784097563669543,0.03684593635877016,0.007938161204899381
2023-12-26,pred_ensemble,-0.015584415584415586,0.4,0.5238095238095238,0.04698319620199738,0.0504797322732657,-0.003496536071268319
2023-12-27,pred_ensemble,-0.15714285714285717,0.4,0.5238095238095238,0.029601338644564223,0.013548351075944588,0.016052987568619635
2023-12-28,pred_ensemble,0.04285714285714286,0.4,0.6666666666666666,0.06765746656564868,0.031111631695171504,0.036545834870477176
2023-12-29,pred_ensemble,0.01038961038961039,0.4,0.6666666666666666,0.04079529673339688,0.042075061205254505,-0.001279764471857625
2024-01-02,pred_ensemble,-0.1,0.8,0.6666666666666666,0.05343971648829675,0.0723715388393767,-0.018931822351079958
2024-01-03,pred_ensemble,-0.18181818181818182,0.8,0.7619047619047619,0.06778149657223613,0.08502018202667061,-0.01723868545443448
2024-01-04,pred_ensemble,-0.09220779220779221,0.6,0.7142857142857143,0.07305501111505748,0.058318733501831255,0.014736277613226226
2024-01-05,pred_ensemble,-0.287012987012987,0.6,0.6190476190476191,0.07822924391229329,0.1443048908462876,-0.0660756469339943
2024-01-08,pred_ensemble,0.1,0.8,0.7142857142857143,0.0764227443595451,0.09603732180708524,-0.019614577447540138
2024-01-09,pred_ensemble,0.4805194805194805,0.8,0.7619047619047619,0.14782314941814564,-0.012178373582719625,0.16000152300086526
2024-01-10,pred_ensemble,0.4077922077922078,0.8,0.8095238095238095,0.13196354365114688,0.009182103899711391,0.12278143975143549
2024-01-11,pred_ensemble,0.42337662337662335,0.8,0.7619047619047619,0.18451749709573,0.01639572959717379,0.16812176749855623
2024-01-12,pred_ensemble,0.28051948051948056,0.8,0.7619047619047619,0.1333124669211529,0.019908260587628446,0.11340420633352445
2024-01-16,pred_ensemble,0.3311688311688311,1.0,0.7619047619047619,0.178252551098714,0.016236848688874005,0.16201570240983998
2024-01-17,pred_ensemble,0.17012987012987013,1.0,0.7619047619047619,0.15733900339842974,0.07549834615674973,0.08184065724168
2024-01-18,pred_ensemble,0.2935064935064935,0.8,0.8571428571428571,0.17617044047128608,0.03649076783563987,0.1396796726356462
2024-01-19,pred_ensemble,0.08181818181818182,0.6,0.8095238095238095,0.09228933893841444,0.01928305470181093,0.07300628423660352
2024-01-22,pred_ensemble,-0.1961038961038961,0.8,0.8571428571428571,0.07237844062303105,0.06930460516925463,0.003073835453776416
2024-01-23,pred_ensemble,0.15194805194805194,0.8,0.8095238095238095,0.07382944080876523,0.05870823120538806,0.015121209603377171
2024-01-24,pred_ensemble,0.16493506493506493,1.0,0.9047619047619048,0.10546004101629851,0.06867544336382873,0.036784597652469775
2024-01-25,pred_ensemble,-0.0987012987012987,0.8,0.9047619047619048,0.07715149032189447,0.07091342644534797,0.006238063876546504
2024-01-26,pred_ensemble,-0.04285714285714286,0.8,0.8571428571428571,0.0893619118750851,0.07009699432114994,0.019264917553935168
2024-01-29,pred_ensemble,0.20909090909090908,0.8,0.7619047619047619,0.07086495033920141,0.01988541568128257,0.050979534657918844
2024-01-30,pred_ensemble,0.062337662337662345,1.0,0.8095238095238095,0.10851442167792995,0.02271870305206707,0.08579571862586288
2024-01-31,pred_ensemble,0.2571428571428571,1.0,0.9047619047619048,0.08663659633146717,0.020891653103844998,0.06574494322762217
2024-02-01,pred_ensemble,0.4168831168831169,0.8,0.8571428571428571,0.14059792894858442,0.007563776501204078,0.13303415244738034
2024-02-02,pred_ensemble,-0.005194805194805195,1.0,0.9047619047619048,0.09443273046904772,0.041135707240114526,0.0532970232289332
2024-02-05,pred_ensemble,0.32597402597402597,1.0,0.9047619047619048,0.08090103107980809,0.02629890829991941,0.05460212277988868
2024-02-06,pred_ensemble,0.34545454545454546,1.0,0.9047619047619048,0.11398031673972535,0.03361571151817522,0.08036460522155013
2024-02-07,pred_ensemble,0.374025974025974,1.0,0.9047619047619048,0.12277129922722821,0.04040200765099762,0.08236929157623059
2024-02-08,pred_ensemble,0.3337662337662338,0.8,0.9047619047619048,0.08981922232129798,0.04253903989218464,0.04728018242911334
2024-02-09,pred_ensemble,0.011688311688311687,1.0,0.9047619047619048,0.056537849539311805,0.04466190461770969,0.011875944921602113
2024-02-12,pred_ensemble,0.33896103896103896,1.0,0.9523809523809523,0.08651431645955614,0.028516622279766545,0.05799769417978959
2024-02-13,pred_ensemble,-0.04155844155844156,1.0,0.9523809523809523,0.059185700205172644,0.08222569893655929,-0.023039998731386645
2024-02-14,pred_ensemble,0.12987012987012986,1.0,0.9523809523809523,0.0645049061823371,0.04763209833685358,0.016872807845483527
2024-02-15,pred_ensemble,0.05454545454545454,0.8,0.7142857142857143,0.05799957028130236,0.02507902383682472,0.03292054644447764
2024-02-16,pred_ensemble,0.2727272727272727,0.8,0.8571428571428571,0.07086894615161839,0.03228240380181737,0.038586542349801016
2024-02-20,pred_ensemble,0.287012987012987,1.0,1.0,0.07889685842705578,0.03029917483521083,0.04859768359184495
2024-02-21,pred_ensemble,0.36623376623376624,1.0,0.9523809523809523,0.11593101170275104,0.04318243365186425,0.07274857805088679
2024-02-22,pred_ensemble,0.21038961038961035,1.0,0.9523809523809523,0.06237385517635898,0.0353740185922861,0.02699983658407288
2024-02-23,pred_ensemble,0.17142857142857143,1.0,0.9523809523809523,0.06606975715293535,0.036298060278560126,0.029771696874375225
2024-02-26,pred_ensemble,0.033766233766233764,1.0,0.9523809523809523,0.06724115984238517,0.05818255444586144,0.009058605396523728
2024-02-27,pred_ensemble,0.461038961038961,1.0,0.9047619047619048,0.058846763425021154,0.014122614381285814,0.04472414904373534
2024-02-28,pred_ensemble,-0.01038961038961039,1.0,1.0,0.0568639536177578,0.04702193587350885,0.009842017744248949
2024-02-29,pred_ensemble,-0.045454545454545456,0.8,0.9523809523809523,0.047610412929178426,0.03888263128713265,0.008727781642045775
2024-03-01,pred_ensemble,-0.2584415584415584,0.6,0.7619047619047619,0.01696569306666982,0.04189212220802121,-0.02492642914135139
2024-03-04,pred_ensemble,-0.22987012987012984,0.2,0.6190476190476191,0.0015728331430506115,0.04423196895268326,-0.04265913580963265
2024-03-05,pred_ensemble,-0.14285714285714285,0.6,0.8095238095238095,0.00597539919490222,0.03382273767992392,-0.027847338485021703
2024-03-06,pred_ensemble,-0.13896103896103898,0.4,0.5714285714285714,-0.008846568618214668,0.014982961298286667,-0.023829529916501335
2024-03-07,pred_ensemble,-0.2506493506493506,0.4,0.5238095238095238,-0.012441219746276188,0.014010321080036059,-0.026451540826312247
2024-03-08,pred_ensemble,-0.16623376623376623,0.4,0.6190476190476191,0.004554828971282144,0.015918887562350093,-0.01136405859106795
2024-03-11,pred_ensemble,0.04675324675324675,0.8,0.7142857142857143,0.02740476300965484,0.027189953687012137,0.00021480932264270405
2024-03-12,pred_ensemble,0.01038961038961039,0.4,0.47619047619047616,-0.00988911923365574,0.0012526790952308796,-0.01114179832888662
2024-03-13,pred_ensemble,0.251948051948052,0.8,0.5714285714285714,0.027375907760128947,0.015955107010913183,0.011420800749215764
2024-03-14,pred_ensemble,-0.011688311688311687,0.6,0.42857142857142855,0.003470924842642309,0.008588630864439662,-0.0051177060217973535
2024-03-15,pred_ensemble,0.07922077922077922,0.4,0.38095238095238093,0.003200503149642242,0.00810355256823463,-0.004903049418592388
2024-03-18,pred_ensemble,-0.07272727272727272,0.4,0.2857142857142857,-0.0034659838702525867,0.025683188522292656,-0.029149172392545244
2024-03-19,pred_ensemble,-0.14415584415584418,0.0,0.23809523809523808,-0.03182118161287133,0.0013565136303646864,-0.033177695243236015
2024-03-20,pred_ensemble,-0.22597402597402597,0.2,0.23809523809523808,-0.03677327464763804,-0.0012999879127175485,-0.03547328673492049
2024-03-21,pred_ensemble,-0.2701298701298701,0.2,0.23809523809523808,-0.0793597219363307,-0.05135706746563995,-0.028002654470690752
2024-03-22,pred_ensemble,-0.5207792207792208,0.2,0.23809523809523808,-0.07044802682798545,0.0144235343421663,-0.08487156117015175
2024-03-25,pred_ensemble,-0.42337662337662335,0.0,0.23809523809523808,-0.0572532007213354,-0.0013317706492009585,-0.05592143007213444
2024-03-26,pred_ensemble,-0.22857142857142856,0.2,0.3333333333333333,-0.03375489629468529,-0.0027084480817869626,-0.031046448212898328
2024-03-27,pred_ensemble,-0.274025974025974,0.2,0.2857142857142857,-0.06009531820884142,-0.034537202885454324,-0.025558115323387094
2024-03-28,pred_ensemble,-0.1974025974025974,0.0,0.2857142857142857,-0.04954629189629571,-0.034175085936581896,-0.015371205959713814
2024-04-01,pred_ensemble,-0.35844155844155845,0.2,0.3333333333333333,-0.04843274383909173,-0.005377317852866881,-0.043055425986224846
2024-04-02,pred_ensemble,-0.1961038961038961,0.2,0.23809523809523808,-0.05502776277849051,-0.024858966204630507,-0.030168796573860002
2024-04-03,pred_ensemble,-0.22857142857142856,0.2,0.23809523809523808,-0.06554832829628617,-0.0270040965492923,-0.03854423174699387
2024-04-04,pred_ensemble,-0.2961038961038961,0.0,0.23809523809523808,-0.051140102717698956,-0.001986431501023467,-0.049153671216675486
2024-04-05,pred_ensemble,-0.18311688311688312,0.2,0.23809523809523808,-0.051600190926297376,-0.010364077853084418,-0.041236113073212954
2024-04-08,pred_ensemble,-0.14285714285714285,0.2,0.2857142857142857,-0.030743059215387402,-0.01642018786207431,-0.014322871353313091
2024-04-09,pred_ensemble,-0.05324675324675325,0.4,0.2857142857142857,-0.02323892044268594,-0.01497372794409424,-0.0082651924985917
2024-04-10,pred_ensemble,-0.10909090909090909,0.4,0.6666666666666666,-0.027330219974216495,0.005104481962643126,-0.03243470193685962
2024-04-11,pred_ensemble,-0.49350649350649345,0.2,0.6190476190476191,-0.03986942947097849,0.026534036413223626,-0.06640346588420212
2024-04-12,pred_ensemble,-0.4142857142857143,0.4,0.7142857142857143,-0.014005941603120764,0.03343903427713677,-0.047444975880257534
2024-04-15,pred_ensemble,-0.2584415584415584,0.6,0.7142857142857143,0.006098485946801224,0.04003806974232451,-0.03393958379552329
2024-04-16,pred_ensemble,-0.24675324675324672,0.6,0.7142857142857143,-0.001379440308391122,0.04111434241993781,-0.04249378272832893
2024-04-17,pred_ensemble,0.2350649350649351,0.8,0.8095238095238095,0.05930485098329361,0.022171800286295906,0.03713305069699771
2024-04-18,pred_ensemble,-0.03896103896103896,0.8,0.7619047619047619,0.05177081771033816,0.039805586306649675,0.011965231403688485
2024-04-19,pred_ensemble,0.187012987012987,0.8,0.8095238095238095,0.08616344094830135,0.046731880418937985,0.03943156052936336
2024-04-22,pred_ensemble,0.04285714285714286,0.8,0.8095238095238095,0.062368313382690686,0.04145966519300202,0.02090864818968867
2024-04-23,pred_ensemble,-0.16103896103896104,0.8,0.8095238095238095,0.03295448300112147,0.048724017362696624,-0.015769534361575153
2024-04-24,pred_ensemble,0.07922077922077922,0.8,0.8095238095238095,0.046553901340790536,0.021248312388485836,0.0253055889523047
2024-04-25,pred_ensemble,0.0961038961038961,1.0,0.8095238095238095,0.07893105229987407,0.03713126878968918,0.041799783510184894
2024-04-26,pred_ensemble,0.6077922077922078,1.0,0.8095238095238095,0.09119442987487032,0.01216857590453948,0.07902585397033084
2024-04-29,pred_ensemble,0.49350649350649345,0.8,0.8571428571428571,0.09945867036051248,0.005790258256492509,0.09366841210401997
2024-04-30,pred_ensemble,0.251948051948052,1.0,0.8571428571428571,0.11346906414986417,0.020109543331509404,0.09335952081835477
2024-05-01,pred_ensemble,0.21818181818181817,1.0,0.9047619047619048,0.10961311239367469,0.030987973979350582,0.07862513841432411
2024-05-02,pred_ensemble,0.5402597402597402,1.0,0.9047619047619048,0.09958559365011613,0.020755703481884914,0.07882989016823122
2024-05-03,pred_ensemble,0.4090909090909091,1.0,0.8095238095238095,0.09670145877378888,0.020924713769877833,0.07577674500391104
2024-05-06,pred_ensemble,0.24805194805194808,1.0,0.7619047619047619,0.07299000809623823,0.013676108468112468,0.05931389962812576
2024-05-07,pred_ensemble,0.5727272727272726,1.0,0.8571428571428571,0.12927812688146512,0.006169265859767315,0.1231088610216978
2024-05-08,pred_ensemble,0.4896103896103896,1.0,0.7619047619047619,0.12377250206431101,0.022951712672044523,0.10082078939226649
2024-05-09,pred_ensemble,0.4922077922077922,0.8,0.6190476190476191,0.10367078073855165,0.0019979380387242117,0.10167284269982745
2024-05-10,pred_ensemble,0.3896103896103896,1.0,0.6190476190476191,0.10868144294082613,0.0077976475354411875,0.10088379540538495
2024-05-13,pred_ensemble,0.029870129870129873,0.6,0.5714285714285714,0.1073426914003099,0.03085463842521672,0.07648805297509317
2024-05-14,pred_ensemble,-0.022077922077922082,0.6,0.5714285714285714,0.11420821695268657,0.021365570627677143,0.09284264632500942
2024-05-15,pred_ensemble,0.12857142857142856,0.6,0.47619047619047616,0.09461124982307483,0.018597204429981317,0.0760140453930935
2024-05-16,pred_ensemble,0.5220779220779221,0.8,0.47619047619047616,0.12632306436479618,-0.007932102003554386,0.13425516636835055
2024-05-17,pred_ensemble,0.5246753246753247,0.8,0.47619047619047616,0.13765194487327587,-0.003101382647711004,0.14075332752098688
2024-05-20,pred_ensemble,0.6324675324675325,0.8,0.5238095238095238,0.1374979216462253,-0.003071532856298731,0.14056945450252403
2024-05-21,pred_ensemble,0.5441558441558442,0.8,0.5238095238095238,0.11885971716838999,-0.0033674064876864974,0.12222712365607648
2024-05-22,pred_ensemble,0.6025974025974027,1.0,0.5714285714285714,0.10999769422301653,-0.00830430738096859,0.11830200160398512
2024-05-23,pred_ensemble,0.45324675324675323,0.8,0.7142857142857143,0.06321418541210451,0.008355553962802898,0.054858631449301615
2024-05-24,pred_ensemble,0.49610389610389616,1.0,0.6190476190476191,0.07691784618317636,0.009070715837886434,0.06784713034528993
2024-05-28,pred_ensemble,0.6805194805194805,1.0,0.6190476190476191,0.051312016170184285,-0.026847742845137423,0.07815975901532171
2024-05-29,pred_ensemble,0.6012987012987013,0.8,0.8095238095238095,0.05850206858708107,-0.005079942402543103,0.06358201098962417
2024-05-30,pred_ensemble,0.44415584415584414,0.8,0.7619047619047619,0.050121111993057445,0.002947243446236203,0.04717386854682124
2024-05-31,pred_ensemble,0.20519480519480518,0.8,0.6190476190476191,0.05636128418298023,0.020587225500960038,0.035774058682020195
2024-06-03,pred_ensemble,0.21168831168831168,1.0,0.6190476190476191,0.046648604925118596,0.02918267694103711,0.017465927984081486
2024-06-04,pred_ensemble,0.3701298701298701,1.0,0.7142857142857143,0.06441357438097337,0.018916464473865836,0.04549710990710753
2024-06-05,pred_ensemble,0.4753246753246753,0.8,0.6666666666666666,0.042569326229265125,-0.01602743664805175,0.058596762877316876
2024-06-06,pred_ensemble,0.7584415584415585,1.0,0.5238095238095238,0.05346054301697314,-0.018483849519389174,0.07194439253636231
2024-06-07,pred_ensemble,0.348051948051948,0.8,0.6666666666666666,0.03962756428028722,0.008213363998019352,0.031414200282267865
2024-06-10,pred_ensemble,0.3649350649350649,0.8,0.7619047619047619,0.04695750068063833,0.020532660516736988,0.026424840163901342
2024-06-11,pred_ensemble,0.23896103896103899,1.0,0.9047619047619048,0.03137791182920506,0.016825456760524805,0.014552455068680255
2024-06-12,pred_ensemble,-0.15194805194805194,0.8,0.8571428571428571,0.017633290921315825,0.013536624319565881,0.004096666601749944
2024-06-13,pred_ensemble,-0.3532467532467533,0.4,0.7142857142857143,0.0023575639446836937,0.024286432318504626,-0.021928868373820933
2024-06-14,pred_ensemble,-0.12857142857142856,0.6,0.7619047619047619,0.013752772708830241,0.012159548406195597,0.0015932243026346438
2024-06-17,pred_ensemble,-0.3064935064935065,0.4,0.6666666666666666,-0.025620727806970313,0.04746687249844328,-0.07308760030541359
2024-06-18,pred_ensemble,-0.11948051948051949,0.4,0.6190476190476191,-0.04199035870375203,-0.0038769370199113863,-0.03811342168384064
2024-06-20,pred_ensemble,-0.5324675324675324,0.4,0.5714285714285714,-0.04921570053084914,0.027741363187304337,-0.07695706371815347
2024-06-21,pred_ensemble,-0.44415584415584414,0.2,0.6666666666666666,-0.019864847023020115,0.024388718612342375,-0.04425356563536249
2024-06-24,pred_ensemble,-0.05064935064935065,0.6,0.6190476190476191,0.01439355308716952,0.010492669349983098,0.003900883737186422
2024-06-25,pred_ensemble,-0.4974025974025974,0.2,0.5238095238095238,-0.07693212765443624,0.02997580152241308,-0.10690792917684933
2024-06-26,pred_ensemble,-0.37142857142857144,0.2,0.5714285714285714,-0.08902201329482125,0.011773950550709488,-0.10079596384553073
2024-06-27,pred_ensemble,-0.35584415584415585,0.4,0.6190476190476191,-0.05597642747170721,0.015646180810458675,-0.07162260828216588
2024-06-28,pred_ensemble,-0.12207792207792208,0.4,0.6190476190476191,-0.051303668647831556,-0.005535054070735024,-0.04576861457709653
2024-07-01,pred_ensemble,-0.6909090909090909,0.4,0.6190476190476191,-0.07613843469404098,0.05872414185199855,-0.13486257654603953
2024-07-02,pred_ensemble,-0.5337662337662338,0.2,0.6666666666666666,-0.03467533991124623,0.03559832478749536,-0.07027366469874159
2024-07-03,pred_ensemble,-0.44415584415584414,0.2,0.47619047619047616,-0.0693690716940498,0.03658154057813825,-0.10595061227218805
2024-07-05,pred_ensemble,-0.32857142857142857,0.2,0.47619047619047616,-0.10269839992669842,0.008078983685126384,-0.1107773836118248
2024-07-08,pred_ensemble,-0.2194805194805195,0.0,0.3333333333333333,-0.14538357977101843,-0.039313591769433165,-0.10606998800158526
2024-07-09,pred_ensemble,-0.15194805194805194,0.2,0.42857142857142855,-0.08897795723104454,-0.02396881582790351,-0.06500914140314103
2024-07-10,pred_ensemble,-0.14025974025974028,0.4,0.3333333333333333,-0.11016521454943337,-0.04703823861920202,-0.06312697593023135
2024-07-11,pred_ensemble,-0.34675324675324676,0.0,0.38095238095238093,-0.08616896079077067,-0.02431499677883986,-0.061853964011930815
2024-07-12,pred_ensemble,-0.125974025974026,0.4,0.47619047619047616,-0.08029371472731121,-0.03766987658625389,-0.04262383814105732
2024-07-15,pred_ensemble,0.04805194805194805,0.2,0.38095238095238093,-0.06985980759317992,-0.05381054029615151,-0.016049267297028408
2024-07-16,pred_ensemble,-0.02077922077922078,0.2,0.3333333333333333,-0.04464983820320163,-0.024830685779640472,-0.01981915242356116
2024-07-17,pred_ensemble,0.08961038961038961,0.4,0.38095238095238093,0.008393086328372545,-0.013456074389162076,0.02184916071753462
2024-07-18,pred_ensemble,0.24545454545454545,0.8,0.6190476190476191,0.03219899232860117,0.008056735460171516,0.024142256868429655
2024-07-19,pred_ensemble,0.16233766233766234,0.8,0.7619047619047619,0.04038549208057527,0.028211283400137233,0.012174208680438038
2024-07-22,pred_ensemble,-0.1077922077922078,0.6,0.7142857142857143,0.024005417413824136,0.018851910504320668,0.005153506909503468
2024-07-23,pred_ensemble,-0.13506493506493505,0.8,0.7142857142857143,0.03586620555551214,0.030862231873721346,0.005003973681790796
2024-07-24,pred_ensemble,0.15194805194805194,1.0,0.8095238095238095,0.08484550119413847,0.04085282060788216,0.043992680586256314
2024-07-25,pred_ensemble,0.32987012987012987,1.0,0.8095238095238095,0.07772287870859618,0.03855968931082128,0.0391631893977749
2024-07-26,pred_ensemble,0.17272727272727273,1.0,0.8095238095238095,0.07146054455815638,0.015130698236432783,0.0563298463217236
2024-07-29,pred_ensemble,0.4506493506493507,1.0,0.8095238095238095,0.07536754119040738,0.011834291844585,0.06353324934582238
2024-07-30,pred_ensemble,0.44675324675324674,1.0,0.8095238095238095,0.09786865334079149,0.021865851042875306,0.07600280229791619
2024-07-31,pred_ensemble,0.08831168831168833,0.8,0.7619047619047619,0.035640726161324784,0.01691080961078737,0.018729916550537413
2024-08-01,pred_ensemble,0.22467532467532467,1.0,0.9047619047619048,0.03562764766325484,0.014247193222056587,0.02138045444119825
2024-08-02,pred_ensemble,0.5311688311688313,1.0,0.8571428571428571,0.07967702210972286,0.02307119525902581,0.056605826850697046
2024-08-05,pred_ensemble,0.33766233766233766,1.0,0.9047619047619048,0.05491924191700983,0.0319554373382724,0.02296380457873743
2024-08-06,pred_ensemble,-0.3025974025974026,0.8,0.9047619047619048,0.011499189831571055,0.043993668741150384,-0.03249447890957933
2024-08-07,pred_ensemble,0.015584415584415586,0.8,0.8571428571428571,0.029799187487385793,0.03028607135578796,-0.0004868838684021666
2024-08-08,pred_ensemble,-0.4285714285714285,0.4,0.7142857142857143,-0.03475510456722812,0.01259977640217418,-0.047354880969402297
2024-08-09,pred_ensemble,-0.34025974025974026,0.6,0.8095238095238095,-0.02323602416888555,0.027079452656492364,-0.05031547682537792
2024-08-12,pred_ensemble,-0.5922077922077922,0.6,0.7142857142857143,-0.014946778627714851,0.02658296476131967,-0.04152974338903452
2024-08-13,pred_ensemble,-0.36103896103896105,0.8,0.7619047619047619,-0.003609371060125599,0.02261721032937225,-0.02622658138949785
2024-08-14,pred_ensemble,-0.535064935064935,0.8,0.8095238095238095,-0.0017049098617049952,0.032726654758129525,-0.03443156461983452
2024-08-15,pred_ensemble,-0.548051948051948,0.4,0.7619047619047619,-0.030013680627552542,0.048508502101110504,-0.07852218272866304
2024-08-16,pred_ensemble,-0.7,0.4,0.7142857142857143,-0.03130299608287497,0.05724014958529318,-0.08854314566816815
2024-08-19,pred_ensemble,-0.37792207792207794,0.6,0.7142857142857143,-0.037758102458843854,0.03168498415798837,-0.06944308661683223
2024-08-20,pred_ensemble,-0.174025974025974,0.6,0.7619047619047619,-0.021735882104052705,-0.013897686102272022,-0.007838196001780684
2024-08-21,pred_ensemble,-0.0987012987012987,0.6,0.9047619047619048,-0.020190723254877363,0.024275994512155386,-0.044466717767032746
2024-08-22,pred_ensemble,0.32597402597402597,0.8,0.8095238095238095,0.018358458652842004,0.009298507953691781,0.009059950699150223
2024-08-23,pred_ensemble,-0.022077922077922082,0.6,0.7619047619047619,-0.03006220004079112,0.007975325421033342,-0.03803752546182446
2024-08-26,pred_ensemble,0.1909090909090909,0.6,0.7619047619047619,0.007503694803709627,0.0045183000916451995,0.002985394712064427
2024-08-27,pred_ensemble,0.16623376623376623,0.6,0.7142857142857143,0.014020378627830255,0.011339520490713028,0.002680858137117227
2024-08-28,pred_ensemble,0.17142857142857143,0.6,0.7619047619047619,0.019053401738827504,0.02207335299331199,-0.0030199512544844855
2024-08-29,pred_ensemble,0.11168831168831168,0.8,0.8095238095238095,0.031362775848094014,0.03018514358632187,0.0011776322617721435
2024-08-30,pred_ensemble,0.005194805194805195,0.6,0.7619047619047619,0.004314428072726817,0.012409269561912305,-0.00809484148918549
2024-09-03,pred_ensemble,0.6,0.8,0.8095238095238095,0.050770741333853155,0.002087661545536368,0.048683079788316784
2024-09-04,pred_ensemble,0.44415584415584414,0.8,0.8095238095238095,0.05449095604053496,0.009644767886206296,0.04484618815432866
2024-09-05,pred_ensemble,0.5220779220779221,1.0,0.8095238095238095,0.0761857538070431,0.025424885886087267,0.05076086792095583
2024-09-06,pred_ensemble,0.6428571428571428,1.0,0.8095238095238095,0.13277329280622033,0.02656678767855756,0.10620650512766278
2024-09-09,pred_ensemble,0.4311688311688312,0.8,0.7619047619047619,0.09716380739910147,0.03309125440669507,0.0640725529924064
2024-09-10,pred_ensemble,0.43376623376623374,0.8,0.7619047619047619,0.09625737596459542,-0.005403882105466562,0.10166125807006199
2024-09-11,pred_ensemble,0.12857142857142856,0.6,0.7142857142857143,0.05389654467700866,0.024392486193724205,0.029504058483284457
2024-09-12,pred_ensemble,0.29740259740259745,0.6,0.7142857142857143,0.039253851538733175,0.027225589130836038,0.012028262407897138
2024-09-13,pred_ensemble,0.34675324675324676,0.8,0.7142857142857143,0.05601982462388737,0.003041587599831064,0.0529782370240563
2024-09-16,pred_ensemble,0.34675324675324676,0.8,0.7142857142857143,0.07499246271328663,0.007822568780943295,0.06716989393234334
2024-09-17,pred_ensemble,0.06363636363636363,0.6,0.6190476190476191,0.03201785337614358,0.009741909955518357,0.02227594342062522
2024-09-18,pred_ensemble,-0.012987012987012986,0.8,0.6666666666666666,0.03476495013546284,0.03096300380412185,0.00380194633134099
2024-09-19,pred_ensemble,0.23376623376623373,0.8,0.6190476190476191,0.021283691598602595,0.0065069619860725235,0.01477672961253007
2024-09-20,pred_ensemble,0.2571428571428571,0.6,0.6190476190476191,0.023401652932709592,-0.004031615930354548,0.02743326886306414
2024-09-23,pred_ensemble,0.007792207792207793,0.6,0.5714285714285714,0.027467779478089427,-0.013106478264872545,0.04057425774296197
2024-09-24,pred_ensemble,0.12727272727272726,0.8,0.5714285714285714,0.03366691398815762,0.011334648344214982,0.022332265643942636
2024-09-25,pred_ensemble,0.03636363636363636,0.6,0.5238095238095238,0.0066051366789166895,0.007342202818000065,-0.0007370661390833757
2024-09-26,pred_ensemble,-0.062337662337662345,0.4,0.5238095238095238,-0.012071550543384246,0.010796175574434885,-0.02286772611781913
2024-09-27,pred_ensemble,-0.03506493506493507,0.4,0.47619047619047616,-0.005329563895157175,-0.011725277032750614,0.006395713137593439
2024-09-30,pred_ensemble,-0.22987012987012984,0.4,0.5238095238095238,-0.00743865737468401,0.0015636578592911564,-0.009002315233975166
2024-10-01,pred_ensemble,0.024675324675324677,0.4,0.47619047619047616,0.010876929869136399,0.010856960979815634,1.9968889320765015e-05
2024-10-02,pred_ensemble,-0.16103896103896104,0.4,0.47619047619047616,-0.009575405642663414,0.021787215376878465,-0.031362621019541875
2024-10-03,pred_ensemble,0.15714285714285717,0.4,0.3333333333333333,0.005857044352232932,-0.01021823295459907,0.016075277306832003
2024-10-04,pred_ensemble,-0.24935064935064938,0.4,0.23809523809523808,-0.03398853588248827,-0.0016535548387589527,-0.03233498104372932
2024-10-07,pred_ensemble,0.10519480519480517,0.4,0.38095238095238093,-0.036672682757380004,-0.015548890874165111,-0.021123791883214893
2024-10-08,pred_ensemble,0.22727272727272727,0.4,0.42857142857142855,-0.022993791942885956,-0.012945898643747445,-0.010047893299138511
2024-10-09,pred_ensemble,0.22207792207792207,0.4,0.47619047619047616,-0.011842001495890075,-0.016882577338872884,0.005040575842982809
2024-10-10,pred_ensemble,0.43506493506493504,0.8,0.6190476190476191,0.008977982470020884,-0.007638567149132358,0.016616549619153244
2024-10-11,pred_ensemble,0.3103896103896104,0.6,0.5238095238095238,-0.016517882838739006,-0.005977798399762424,-0.010540084438976582
2024-10-14,pred_ensemble,-0.3051948051948052,0.2,0.42857142857142855,-0.04414332870265549,0.025795764340334794,-0.06993909304299029
2024-10-15,pred_ensemble,0.12077922077922078,0.6,0.42857142857142855,0.030669041938655828,-0.0022333331982199887,0.032902375136875814
2024-10-16,pred_ensemble,-0.08051948051948052,0.6,0.47619047619047616,0.018056622505658426,0.011829629553435406,0.00622699295222302
2024-10-17,pred_ensemble,-0.3155844155844156,0.4,0.5238095238095238,-0.00046530328093039584,0.02181213539773119,-0.02227743867866159
2024-10-18,pred_ensemble,-0.3532467532467533,0.4,0.38095238095238093,-0.0182935942129858,0.019442296101067468,-0.037735890314053264
2024-10-21,pred_ensemble,-0.5883116883116883,0.0,0.38095238095238093,-0.031010897454843,0.03431388612784274,-0.06532478358268573
2024-10-22,pred_ensemble,-0.45974025974025967,0.2,0.42857142857142855,-0.03191112654861681,0.019218887496769387,-0.051130014045386196
2024-10-23,pred_ensemble,-0.26103896103896107,0.4,0.47619047619047616,-0.003272538044000872,0.01733168425184477,-0.02060422229584564
2024-10-24,pred_ensemble,-0.14285714285714285,0.4,0.47619047619047616,0.008274027244758609,0.020899902382457047,-0.012625875137698438
2024-10-25,pred_ensemble,-0.16623376623376623,0.6,0.5714285714285714,0.0200601690365944,0.024893285028797996,-0.004833115992203596
2024-10-28,pred_ensemble,-0.2545454545454545,0.2,0.6190476190476191,-0.009156577987432546,0.030934263391222183,-0.04009084137865473
2024-10-29,pred_ensemble,-0.2662337662337662,0.2,0.6190476190476191,-0.01087871998779626,0.031204000203299588,-0.04208272019109585
2024-10-30,pred_ensemble,-0.06883116883116883,0.4,0.6190476190476191,0.016421084820627384,0.014903525782236615,0.0015175590383907697
2024-10-31,pred_ensemble,0.40389610389610386,1.0,0.8571428571428571,0.04037670631968493,0.0038696168188484537,0.036507089500836476
2024-11-01,pred_ensemble,0.3363636363636363,1.0,0.8095238095238095,0.047234140508639964,0.03938486926047371,0.007849271248166256
2024-11-04,pred_ensemble,0.3311688311688311,1.0,0.9047619047619048,0.058509827256467604,0.04385624332493836,0.014653583931529247
2024-11-05,pred_ensemble,0.14545454545454545,1.0,0.8095238095238095,0.05420149834923116,0.040046562947381494,0.014154935401849665
2024-11-06,pred_ensemble,-0.05454545454545454,0.6,0.7142857142857143,0.03002237700978607,0.024363416775740453,0.005658960234045617
2024-11-07,pred_ensemble,-0.0961038961038961,0.4,0.6666666666666666,0.00038367908924739067,0.019471868614334475,-0.019088189525087083
2024-11-08,pred_ensemble,-0.023376623376623374,0.6,0.6190476190476191,0.018891670556101837,0.017735862298700077,0.0011558082574017609
2024-11-11,pred_ensemble,-0.24285714285714283,0.4,0.6190476190476191,0.0007379405142347917,0.01911440680434089,-0.018376466290106096
2024-11-12,pred_ensemble,-0.16623376623376623,0.4,0.7619047619047619,0.002294435933604011,0.02806448000949453,-0.02577004407589052
2024-11-13,pred_ensemble,-0.11688311688311687,0.6,0.6190476190476191,0.019502252864897974,0.02107250115259234,-0.0015702482876943646
2024-11-14,pred_ensemble,-0.13896103896103898,0.6,0.7142857142857143,0.005896605103053188,0.01832611706782781,-0.012429511964774622
2024-11-15,pred_ensemble,0.045454545454545456,0.8,0.6666666666666666,0.022545464957404216,0.02910117038401914,-0.006555705426614922
2024-11-18,pred_ensemble,0.06103896103896104,0.6,0.6666666666666666,0.029546873770384764,0.022637775880730127,0.006909097889654638
2024-11-19,pred_ensemble,0.02077922077922078,0.4,0.2857142857142857,-0.011794666402340281,-0.021595045634680798,0.009800379232340516
2024-11-20,pred_ensemble,-0.04285714285714286,0.4,0.2857142857142857,-0.010492281260053771,-0.01636220063089302,0.005869919370839248
2024-11-21,pred_ensemble,0.059740259740259746,0.6,0.3333333333333333,-0.0016778408941380495,-0.038866909315456555,0.03718906842131851
2024-11-22,pred_ensemble,0.1987012987012987,0.4,0.38095238095238093,0.012107877088428975,-0.032418340592939666,0.04452621768136864
2024-11-25,pred_ensemble,0.13636363636363635,0.6,0.42857142857142855,0.015183868193244066,-0.011321409039008402,0.026505277232252468
2024-11-26,pred_ensemble,0.28051948051948056,0.6,0.47619047619047616,0.008982427539996096,-0.01951746673195025,0.028499894271946345
2024-11-27,pred_ensemble,0.30129870129870134,0.6,0.38095238095238093,0.0024270095366381696,-0.032445035753889,0.03487204529052717
2024-11-29,pred_ensemble,0.08441558441558442,0.4,0.2857142857142857,-0.021695595135410462,-0.021691475362474465,-4.119772935996802e-06
2024-12-02,pred_ensemble,-0.21428571428571425,0.0,0.09523809523809523,-0.03207021404024486,-0.013457651342120514,-0.01861256269812435
2024-12-03,pred_ensemble,0.2155844155844156,0.0,0.14285714285714285,-0.026780203468569554,-0.02702383623947231,0.0002436327709027554
2024-12-04,pred_ensemble,0.1012987012987013,0.0,0.09523809523809523,-0.022343263808095547,-0.019507672072689154,-0.002835591735406394
2024-12-05,pred_ensemble,0.059740259740259746,0.4,0.3333333333333333,-0.008199311055043124,-0.019917040055022685,0.011717728999979561
2024-12-06,pred_ensemble,0.17662337662337665,0.4,0.19047619047619047,-0.011791827994880166,-0.02647110092723326,0.014679272932353094
2024-12-09,pred_ensemble,0.15714285714285717,0.4,0.23809523809523808,-0.008845418195114307,-0.02589168284756409,0.017046264652449784
2024-12-10,pred_ensemble,0.2545454545454545,0.6,0.14285714285714285,-0.0051295143012791925,-0.03577868988995427,0.03064917558867508
2024-12-11,pred_ensemble,0.3077922077922078,0.4,0.19047619047619047,-0.01483318724575573,-0.04552655391036346,0.030693366664607733
2024-12-12,pred_ensemble,0.2714285714285714,0.4,0.19047619047619047,-0.009495570292938061,-0.02728277705202369,0.017787206759085628
2024-12-13,pred_ensemble,0.34935064935064936,0.8,0.38095238095238093,0.012547107328266893,-0.016747562141077532,0.029294669469344427
2024-12-16,pred_ensemble,0.18571428571428572,0.8,0.42857142857142855,0.0005565605821362896,-0.008777231534728092,0.009333792116864381
2024-12-17,pred_ensemble,0.41038961038961036,0.6,0.42857142857142855,0.01596494252824483,-0.004607453492963698,0.020572396021208528
2024-12-18,pred_ensemble,0.6272727272727273,1.0,0.8571428571428571,0.0550489688493343,-0.00670160686425243,0.06175057571358673
2024-12-19,pred_ensemble,0.7285714285714285,1.0,0.9047619047619048,0.08018309252737162,0.016122126676837035,0.06406096585053458
2024-12-20,pred_ensemble,0.6597402597402597,1.0,0.8095238095238095,0.06379484207973576,0.014950421243473478,0.04884442083626229
2024-12-23,pred_ensemble,0.3363636363636363,1.0,0.8095238095238095,0.04297132513928994,0.026340844284649934,0.016630480854640004
2024-12-24,pred_ensemble,0.03506493506493507,0.6,0.6666666666666666,-0.0216498355499948,0.010898473769405448,-0.03254830931940025
2024-12-26,pred_ensemble,-0.15714285714285717,0.6,0.7619047619047619,0.008757939147665716,0.01453862337635945,-0.0057806842286937336
2024-12-27,pred_ensemble,-0.125974025974026,0.6,0.7619047619047619,0.019708308160014076,0.03711550861667181,-0.017407200456657734
2024-12-30,pred_ensemble,0.33766233766233766,0.8,0.9047619047619048,0.047281498051178227,0.028626357753329713,0.018655140297848514
2024-12-31,pred_ensemble,0.26883116883116887,0.8,0.9047619047619048,0.037193537919480345,0.021086093352003177,0.016107444567477168
2025-01-02,pred_ensemble,0.3194805194805195,0.8,0.8571428571428571,0.016188016968533447,0.009038260610584103,0.007149756357949344
2025-01-03,pred_ensemble,0.15714285714285717,0.6,0.8571428571428571,0.002650702060242094,0.017718785644144662,-0.015068083583902568
2025-01-06,pred_ensemble,-0.0961038961038961,0.6,0.8095238095238095,-0.004367822582236047,0.024875977811330375,-0.029243800393566423
2025-01-07,pred_ensemble,-0.16753246753246753,0.8,0.8095238095238095,0.02645935645521331,0.03347265049793187,-0.007013294042718558
2025-01-08,pred_ensemble,-0.36883116883116884,0.6,0.8095238095238095,0.03256101943828753,0.04557082382595597,-0.013009804387668439
2025-01-10,pred_ensemble,-0.07922077922077922,0.6,0.8571428571428571,0.04497746381022734,0.03628215010832318,0.008695313701904156
2025-01-13,pred_ensemble,0.11298701298701298,0.6,0.8571428571428571,0.05699599492702299,0.03524730654582382,0.021748688381199165
2025-01-14,pred_ensemble,0.11688311688311687,0.6,0.8095238095238095,0.019518543611042306,0.015484060806773513,0.004034482804268793
2025-01-15,pred_ensemble,0.05844155844155843,0.6,0.8095238095238095,0.05070730176895606,0.026010982928787164,0.024696318840168898
2025-01-16,pred_ensemble,-0.033766233766233764,0.8,0.8571428571428571,0.046358595633191536,0.02443535322928363,0.021923242403907906
2025-01-17,pred_ensemble,-0.23376623376623373,0.6,0.8095238095238095,0.031201007372728996,0.04734017103278494,-0.016139163660055945
2025-01-21,pred_ensemble,-0.006493506493506493,0.4,0.6666666666666666,0.020897570584190173,0.009634209294963192,0.01126336128922698
2025-01-22,pred_ensemble,0.044155844155844164,0.6,0.7142857142857143,0.018858374731010617,0.020969748509805087,-0.0021113737787944696
2025-01-23,pred_ensemble,0.18961038961038962,0.4,0.5714285714285714,-0.004296695259532091,-0.004196584540321746,-0.00010011071921034453
2025-01-24,pred_ensemble,-0.3220779220779221,0.4,0.5714285714285714,-0.030854316792410397,0.007503630954338059,-0.03835794774674846
2025-01-27,pred_ensemble,-0.06103896103896104,0.6,0.5238095238095238,0.0021447628718932687,0.020155168264379596,-0.01801040539248633
2025-01-28,pred_ensemble,0.35974025974025975,0.4,0.5238095238095238,-0.001215807035278993,-0.02033134907035803,0.019115542035079036
2025-01-29,pred_ensemble,-0.11428571428571428,0.2,0.42857142857142855,-0.034936149222631704,-0.01748171697412899,-0.017454432248502714
2025-01-30,pred_ensemble,0.2558441558441559,0.4,0.5238095238095238,-0.010048763484837719,-0.02857114782839838,0.018522384343560662
2025-01-31,pred_ensemble,-0.07402597402597402,0.2,0.47619047619047616,-0.02920774087123814,-0.02408034658555127,-0.00512739428568687
2025-02-03,pred_ensemble,-0.5714285714285714,0.0,0.38095238095238093,-0.04772937571738287,0.017991766795388275,-0.06572114251277114
2025-02-04,pred_ensemble,-0.40259740259740256,0.4,0.42857142857142855,-0.016512525715349845,0.024871774285100744,-0.04138430000045059
2025-02-05,pred_ensemble,-0.5168831168831168,0.2,0.38095238095238093,-0.07240272858487788,0.0019540760130834834,-0.07435680459796136
2025-02-06,pred_ensemble,-0.17792207792207793,0.4,0.38095238095238093,-0.04572178128297908,-0.00024445967929667136,-0.04547732160368241
2025-02-07,pred_ensemble,-0.5402597402597402,0.2,0.3333333333333333,-0.08843786894459757,-0.0009339165425736428,-0.08750395240202392
2025-02-10,pred_ensemble,-0.38051948051948054,0.2,0.23809523809523808,-0.09197284747082898,-0.0019888037277478567,-0.08998404374308112
2025-02-11,pred_ensemble,-0.11038961038961038,0.2,0.23809523809523808,-0.07667947999514432,-0.04412931158787168,-0.032550168407272644
2025-02-12,pred_ensemble,-0.36233766233766235,0.2,0.19047619047619047,-0.09472811057763057,-0.03457018869507975,-0.06015792188255082
2025-02-13,pred_ensemble,-0.5064935064935064,0.2,0.2857142857142857,-0.07400166312249161,-0.018425334301468532,-0.05557632882102308
2025-02-14,pred_ensemble,-0.125974025974026,0.6,0.47619047619047616,-0.02418410428405047,-0.02463887155184532,0.00045476726779485055
2025-02-18,pred_ensemble,-0.05844155844155843,0.0,0.3333333333333333,-0.06654039966936176,-0.0527164166174342,-0.013823983051927557
2025-02-19,pred_ensemble,-0.20519480519480518,0.0,0.3333333333333333,-0.08548979042120597,-0.03628270391910049,-0.04920708650210548
2025-02-20,pred_ensemble,-0.26493506493506497,0.0,0.23809523809523808,-0.057781249463960814,-0.04215434910574538,-0.015626900358215436
2025-02-21,pred_ensemble,-0.27662337662337666,0.0,0.2857142857142857,-0.05906207971066009,-0.025588850513725413,-0.03347322919693468
2025-02-24,pred_ensemble,-0.574025974025974,0.2,0.38095238095238093,-0.02492267331975233,0.008273712738607952,-0.03319638605836028
2025-02-25,pred_ensemble,-0.43376623376623374,0.0,0.19047619047619047,-0.028455443350498544,-0.012553004301445635,-0.01590243904905291
2025-02-26,pred_ensemble,-0.6090909090909091,0.0,0.14285714285714285,-0.07139124203997774,-0.004792209688314286,-0.06659903235166345
2025-02-27,pred_ensemble,-0.3766233766233766,0.0,0.19047619047619047,-0.041435954663234485,0.0032449427065036397,-0.044680897369738126
2025-02-28,pred_ensemble,-0.6597402597402597,0.0,0.19047619047619047,-0.07220140592034383,0.007184791088511111,-0.07938619700885494
2025-03-03,pred_ensemble,-0.4701298701298702,0.2,0.23809523809523808,-0.04896809828636981,-0.01573214237247087,-0.03323595591389894
2025-03-04,pred_ensemble,-0.37532467532467534,0.2,0.47619047619047616,-0.04657122189791205,-0.005540192927608522,-0.04103102897030353
2025-03-05,pred_ensemble,-0.3675324675324675,0.2,0.3333333333333333,-0.040809864080343684,-0.007281440491404556,-0.03352842358893913
2025-03-06,pred_ensemble,-0.5688311688311689,0.0,0.2857142857142857,-0.09013129181731735,-0.009136265086051542,-0.08099502673126581
2025-03-07,pred_ensemble,-0.5766233766233767,0.0,0.14285714285714285,-0.14211576301196777,-0.06295595136855799,-0.07915981164340978
2025-03-10,pred_ensemble,-0.5441558441558442,0.0,0.047619047619047616,-0.09175739140855385,-0.03396645735311112,-0.05779093405544273
2025-03-11,pred_ensemble,-0.6194805194805195,0.0,0.047619047619047616,-0.11012307706499995,-0.01830362398851306,-0.0918194530764869
2025-03-12,pred_ensemble,-0.17922077922077922,0.2,0.19047619047619047,-0.024874719374463995,-0.0031325071505582834,-0.02174221222390571
2025-03-13,pred_ensemble,-0.36363636363636365,0.2,0.14285714285714285,-0.04948259908034749,-0.009728848923241306,-0.03975375015710618
2025-03-14,pred_ensemble,-0.5168831168831168,0.0,0.09523809523809523,-0.06404599586630047,-0.008981430102657728,-0.05506456576364274
2025-03-17,pred_ensemble,-0.6688311688311688,0.0,0.09523809523809523,-0.0654205927159899,-0.0038734940177412636,-0.06154709869824864
2025-03-18,pred_ensemble,-0.4584415584415585,0.2,0.14285714285714285,-0.05464548807226612,-0.004381267130819766,-0.05026422094144636
2025-03-19,pred_ensemble,-0.6610389610389611,0.0,0.09523809523809523,-0.09732059388837148,-0.005958177163911027,-0.09136241672446045
2025-03-20,pred_ensemble,-0.5974025974025974,0.0,0.09523809523809523,-0.10743282472822888,-0.01663652707700889,-0.09079629765121999
2025-03-21,pred_ensemble,-0.7090909090909091,0.0,0.09523809523809523,-0.13855948641455929,-0.004355515439137259,-0.13420397097542203
2025-03-24,pred_ensemble,-0.49610389610389616,0.0,0.14285714285714285,-0.126647385044587,-0.032274872382419176,-0.09437251266216783
2025-03-25,pred_ensemble,-0.5831168831168831,0.0,0.19047619047619047,-0.10697403291369185,-0.023644155557868207,-0.08332987735582364
2025-03-26,pred_ensemble,-0.36233766233766235,0.0,0.2857142857142857,-0.06637197878064656,-0.019335040387476975,-0.04703693839316958
2025-03-27,pred_ensemble,-0.2909090909090909,0.0,0.38095238095238093,-0.035351858696132464,0.004381765629596401,-0.03973362432572886
2025-03-28,pred_ensemble,-0.03506493506493507,0.6,0.42857142857142855,-0.0029932838608161872,0.00762866063597718,-0.010621944496793368
2025-03-31,pred_ensemble,0.015584415584415586,0.6,0.42857142857142855,0.004130978876566016,0.01735796550377975,-0.013226986627213734
2025-04-01,pred_ensemble,-0.012987012987012986,0.4,0.3333333333333333,-0.011159787663674004,0.009397016622350263,-0.020556804286024265
2025-04-02,pred_ensemble,0.27662337662337666,0.4,0.23809523809523808,0.01966028076658157,-0.030399590941346012,0.05005987170792758
2025-04-03,pred_ensemble,0.7766233766233767,1.0,0.6666666666666666,0.11321395280880835,-0.009015019245219125,0.12222897205402747
2025-04-04,pred_ensemble,0.7064935064935066,1.0,0.8571428571428571,0.12924494146414878,0.004129053984077302,0.12511588748007146
2025-04-07,pred_ensemble,0.45454545454545453,1.0,0.8571428571428571,0.1065983755480044,0.029453732009601042,0.07714464353840336
2025-04-08,pred_ensemble,0.5688311688311689,1.0,0.9047619047619048,0.14014389504376265,0.03538473802042539,0.10475915702333727
2025-04-09,pred_ensemble,0.32597402597402597,0.8,0.8095238095238095,0.04709551017588949,0.030492479471100987,0.016603030704788503
2025-04-10,pred_ensemble,0.37922077922077924,1.0,0.9047619047619048,0.08819077523263248,0.04655650525510071,0.04163426997753177
2025-04-11,pred_ensemble,0.36233766233766235,1.0,0.9047619047619048,0.09958447776327457,0.032933613487279564,0.06665086427599501
2025-04-14,pred_ensemble,0.3077922077922078,1.0,0.8571428571428571,0.12052863512945619,0.07697720109789649,0.0435514340315597
2025-04-15,pred_ensemble,0.43376623376623374,1.0,0.7619047619047619,0.12807065247611238,0.04059741671881356,0.08747323575729882
2025-04-16,pred_ensemble,0.8324675324675326,1.0,0.8095238095238095,0.17783731087304008,-0.0019511681132811987,0.17978847898632128
2025-04-17,pred_ensemble,0.7311688311688312,1.0,0.8571428571428571,0.17821463968078705,0.0023741028528228457,0.1758405368279642
2025-04-21,pred_ensemble,0.8714285714285716,1.0,0.9523809523809523,0.27623243254610486,0.003039129320881484,0.2731933032252234
2025-04-22,pred_ensemble,0.6649350649350649,1.0,0.8571428571428571,0.19793817516877418,0.02181277709151863,0.17612539807725555
2025-04-23,pred_ensemble,0.4454545454545455,1.0,0.8095238095238095,0.17789974748547652,0.054967672478558785,0.12293207500691773
2025-04-24,pred_ensemble,0.06493506493506493,1.0,0.7142857142857143,0.08741801878994622,0.09766847731498662,-0.010250458525040404
2025-04-25,pred_ensemble,0.3844155844155844,1.0,0.7142857142857143,0.08569619257346481,0.03579643242425419,0.04989976014921062
2025-04-28,pred_ensemble,0.37272727272727274,1.0,0.7142857142857143,0.09139867417819411,0.0613555305562735,0.030043143621920614
2025-04-29,pred_ensemble,0.5454545454545454,1.0,0.7142857142857143,0.07667422476277115,0.0029364784529174017,0.07373774630985375
2025-04-30,pred_ensemble,0.05064935064935065,1.0,0.8095238095238095,0.052211111181938996,0.10204472981349963,-0.04983361863156063
2025-05-01,pred_ensemble,0.42207792207792205,1.0,0.8095238095238095,0.055621369913398055,-0.003589108972735522,0.05921047888613358
2025-05-02,pred_ensemble,0.39610389610389607,1.0,0.7142857142857143,0.03508927931633412,-0.014193422784298027,0.049282702100632146
2025-05-05,pred_ensemble,0.37142857142857144,1.0,0.7142857142857143,0.04565001986977881,0.043376868741784994,0.002273151127993818
2025-05-06,pred_ensemble,0.20909090909090908,1.0,0.8571428571428571,0.06178982451660562,0.07056990918901684,-0.008780084672411224
2025-05-07,pred_ensemble,0.6597402597402597,1.0,0.7142857142857143,0.057985917257016385,-0.0018866493646714888,0.05987256662168788
2025-05-08,pred_ensemble,0.7298701298701298,1.0,0.8571428571428571,0.0768556179201759,0.005246700227381829,0.07160891769279407
2025-05-09,pred_ensemble,0.625974025974026,1.0,0.8095238095238095,0.07978635834502885,0.0021029608672405776,0.07768339747778828
2025-05-12,pred_ensemble,0.35584415584415585,1.0,0.8571428571428571,0.029959815021678483,0.01252532750484523,0.017434487516833255
2025-05-13,pred_ensemble,0.04675324675324675,1.0,0.8571428571428571,0.0363922115698724,0.026069071547427526,0.010323140022444874
2025-05-14,pred_ensemble,0.03636363636363636,1.0,0.9047619047619048,0.03543223971314191,0.015656776613110913,0.019775463100030997
2025-05-15,pred_ensemble,-0.10909090909090909,1.0,0.8095238095238095,0.019087112652525117,0.026853778690957862,-0.007766666038432745
2025-05-16,pred_ensemble,0.2753246753246753,0.8,0.6190476190476191,0.01992841843486992,0.009558146361577303,0.010370272073292618
2025-05-19,pred_ensemble,0.05454545454545454,0.8,0.6190476190476191,0.0222089202487741,0.018182214503036365,0.004026705745737734
2025-05-20,pred_ensemble,0.125974025974026,0.6,0.6666666666666666,0.00802879442521114,0.0022249294062726354,0.005803865018938504
2025-05-21,pred_ensemble,0.051948051948051945,1.0,0.7142857142857143,0.041496841719881106,0.0428864027045132,-0.001389560984632096
2025-05-22,pred_ensemble,0.1753246753246753,1.0,0.9047619047619048,0.03954746419573647,0.03190397910991154,0.007643485085824936
2025-05-23,pred_ensemble,0.1974025974025974,0.8,0.8571428571428571,0.0446972450264906,0.028879317997255072,0.015817927029235526
2025-05-27,pred_ensemble,0.6727272727272726,1.0,0.7619047619047619,0.046757417632006734,-0.0009909672446604123,0.047748384876667146
2025-05-28,pred_ensemble,0.4805194805194805,1.0,0.8571428571428571,0.05070712565126003,0.005810365872163459,0.04489675977909657
2025-05-29,pred_ensemble,0.6012987012987013,1.0,0.8095238095238095,0.056725087343560784,0.000432721955244042,0.056292365388316744
2025-05-30,pred_ensemble,0.5987012987012986,1.0,0.8571428571428571,0.05176542802259445,-0.0037196589734650896,0.055485086996059536
2025-06-02,pred_ensemble,0.7402597402597402,1.0,0.8095238095238095,0.05652587224212424,-0.007322097358387602,0.06384796960051184
2025-06-03,pred_ensemble,0.7441558441558441,1.0,0.8095238095238095,0.06527854001526019,0.001537003051199548,0.06374153696406064
2025-06-04,pred_ensemble,0.6779220779220779,1.0,0.8571428571428571,0.06237197754446022,0.009812072802530181,0.05255990474193004
2025-06-05,pred_ensemble,0.5363636363636364,1.0,0.8571428571428571,0.05014297879945997,0.010023141159691228,0.04011983763976874
2025-06-06,pred_ensemble,0.6636363636363637,1.0,0.8571428571428571,0.06682177013739388,0.017031725241810625,0.04979004489558325
2025-06-09,pred_ensemble,0.5064935064935064,1.0,0.8095238095238095,0.04424805428934495,0.021035841990269956,0.023212212299074997
2025-06-10,pred_ensemble,0.44155844155844154,1.0,0.7619047619047619,0.038841802660609034,0.025205154509179907,0.013636648151429127
2025-06-11,pred_ensemble,0.587012987012987,1.0,0.8095238095238095,0.03509038518881047,0.0051821192497949475,0.02990826593901552
2025-06-12,pred_ensemble,0.6831168831168831,1.0,0.7619047619047619,0.03820811864884725,-0.0002373529924796447,0.038445471641326896
2025-06-13,pred_ensemble,0.4623376623376624,0.8,0.7142857142857143,0.041604961290432674,-0.004822253798405463,0.04642721508883814
2025-06-16,pred_ensemble,0.059740259740259746,0.6,0.6666666666666666,0.009207670661140099,0.02450295834959575,-0.015295287688455651
2025-06-17,pred_ensemble,0.06363636363636363,0.6,0.7142857142857143,0.030605344335926588,0.02806134941090561,0.0025439949250209773
2025-06-18,pred_ensemble,0.36363636363636365,0.8,0.6666666666666666,0.03963340217536519,0.010414945196319825,0.02921845697904537
2025-06-20,pred_ensemble,-0.00909090909090909,0.6,0.7142857142857143,0.04236599965046177,0.02994533592716666,0.01242066372329511
2025-06-23,pred_ensemble,0.087012987012987,0.8,0.8095238095238095,0.01474702102829888,0.030148962957593152,-0.015401941929294272
2025-06-24,pred_ensemble,0.14805194805194805,0.8,0.7619047619047619,0.0350435150417852,0.017916743352302866,0.01712677168948233
2025-06-25,pred_ensemble,0.36623376623376624,0.8,0.8571428571428571,0.03430641084702331,0.024441108626268714,0.009865302220754595
2025-06-26,pred_ensemble,0.16233766233766234,0.8,0.7619047619047619,0.02683635856181745,0.02152345023398019,0.005312908327837262
2025-06-27,pred_ensemble,0.23766233766233766,0.6,0.7142857142857143,0.017713954419322508,0.02028942590499403,-0.002575471485671523
2025-06-30,pred_ensemble,0.2350649350649351,0.6,0.6666666666666666,0.007781292573567478,0.015976066112866682,-0.008194773539299205
2025-07-01,pred_ensemble,0.0974025974025974,0.6,0.6190476190476191,0.02084323493039515,0.005028323632160592,0.015814911298234556
2025-07-02,pred_ensemble,0.11818181818181818,0.8,0.47619047619047616,0.03512945287867335,0.012458647997045014,0.022670804881628336
2025-07-03,pred_ensemble,0.32857142857142857,0.6,0.42857142857142855,0.007584028386841757,-0.01561719123003964,0.023201219616881395
2025-07-07,pred_ensemble,0.16883116883116883,0.6,0.6666666666666666,0.03567287090821418,0.002138987425409122,0.03353388348280506
2025-07-08,pred_ensemble,-0.2025974025974026,0.4,0.6666666666666666,0.0016886645666391864,0.03208178109252531,-0.030393116525886124
2025-07-09,pred_ensemble,0.14415584415584418,0.6,0.7142857142857143,-0.002896828299148657,-0.0010911783442897783,-0.0018056499548588787
2025-07-10,pred_ensemble,0.15714285714285717,0.6,0.7142857142857143,0.006034713043620887,0.003896946851341854,0.002137766192279033
2025-07-11,pred_ensemble,0.12727272727272726,0.6,0.7142857142857143,0.008718903123255984,0.001999997894195049,0.006718905229060934
2025-07-14,pred_ensemble,0.16493506493506493,0.6,0.6666666666666666,0.010623994100780765,-0.006091513792929137,0.016715507893709902
2025-07-15,pred_ensemble,0.39350649350649347,0.8,0.7619047619047619,0.04216562619061108,0.0011575777753866311,0.04100804841522445
2025-07-16,pred_ensemble,0.07792207792207792,0.8,0.8095238095238095,0.0454190869993472,0.03648693467674691,0.008932152322600292
2025-07-17,pred_ensemble,0.4909090909090909,1.0,0.7619047619047619,0.047298904518238635,0.01411766211491008,0.03318124240332856
2025-07-18,pred_ensemble,0.41298701298701296,1.0,0.7142857142857143,0.04317708688476283,0.00854792887676925,0.03462915800799358
2025-07-21,pred_ensemble,0.36233766233766235,1.0,0.8571428571428571,0.043319477175682186,0.010157551834625167,0.03316192534105702
2025-07-22,pred_ensemble,0.5649350649350648,1.0,0.8095238095238095,0.038596936319138034,0.009585701881818842,0.02901123443731919
2025-07-23,pred_ensemble,0.4,0.8,0.6666666666666666,0.026103295077118217,0.0007108242040255952,0.025392470873092623
2025-07-24,pred_ensemble,0.3974025974025974,1.0,0.6666666666666666,0.016296246647153144,0.0006359141016182735,0.01566033254553487
2025-07-25,pred_ensemble,0.5311688311688313,1.0,0.9047619047619048,0.050697264066768624,0.011889286013199519,0.03880797805356911
2025-07-28,pred_ensemble,0.08831168831168833,1.0,0.9047619047619048,0.029641062093321714,0.02278301378095602,0.006858048312365694
2025-07-29,pred_ensemble,0.2831168831168831,0.8,0.7142857142857143,0.038388120062957595,0.013605963481977179,0.024782156580980416
2025-07-30,pred_ensemble,0.22077922077922077,1.0,0.9047619047619048,0.03206848879861148,0.023600471681161174,0.008468017117450308
2025-07-31,pred_ensemble,-0.13506493506493505,0.6,0.8095238095238095,0.023316280837547932,0.02109535527847788,0.0022209255590700527
2025-08-01,pred_ensemble,0.27792207792207796,0.8,0.7619047619047619,0.037463460719711295,0.01882680324591124,0.018636657473800056
2025-08-04,pred_ensemble,0.14675324675324675,0.4,0.6190476190476191,-0.00047282663669798717,-0.003908348291806485,0.003435521655108498
2025-08-05,pred_ensemble,0.0961038961038961,0.6,0.6666666666666666,0.010957485026163538,0.01646868127859329,-0.005511196252429752
2025-08-06,pred_ensemble,0.15454545454545454,0.4,0.7142857142857143,0.015519616897597,0.011289520430351762,0.004230096467245238
2025-08-07,pred_ensemble,0.34545454545454546,0.6,0.7619047619047619,0.02381706425766459,-0.012452617757617478,0.036269682015282065
2025-08-08,pred_ensemble,0.41038961038961036,0.8,0.7142857142857143,0.049321790785427776,-0.007570826037117539,0.05689261682254532
2025-08-11,pred_ensemble,0.4285714285714285,0.8,0.6666666666666666,0.050880921619145106,-0.0029453213547431913,0.0538262429738883
2025-08-12,pred_ensemble,0.01038961038961039,0.8,0.7142857142857143,0.022213197779130243,0.026231257191770708,-0.004018059412640464
2025-08-13,pred_ensemble,0.08571428571428572,0.8,0.7619047619047619,0.026631657136810837,0.016164362651946162,0.010467294484864675
2025-08-14,pred_ensemble,0.2532467532467532,0.8,0.7142857142857143,0.033230885825697845,0.014572513605106164,0.018658372220591683
2025-08-15,pred_ensemble,0.36103896103896105,0.8,0.7619047619047619,0.0477652602144943,0.013811198909967603,0.033954061304526696
2025-08-18,pred_ensemble,0.512987012987013,1.0,0.7619047619047619,0.06400620585008773,0.014084094061431896,0.04992211178865584
2025-08-19,pred_ensemble,0.2922077922077922,1.0,0.7619047619047619,0.07114296107587262,0.029486949391947802,0.04165601168392481
2025-08-20,pred_ensemble,0.4701298701298702,1.0,0.7619047619047619,0.08130112405815022,0.006847827160988284,0.07445329689716194
2025-08-21,pred_ensemble,0.3168831168831169,1.0,0.8095238095238095,0.07269578805123281,0.017688950706511684,0.05500683734472112
2025-08-22,pred_ensemble,0.3207792207792208,1.0,0.7142857142857143,0.07830051571175015,0.012884462036212564,0.06541605367553759
2025-08-25,pred_ensemble,0.45324675324675323,1.0,0.8095238095238095,0.0758959677707343,0.017230210144147252,0.05866575762658705
2025-08-26,pred_ensemble,0.44675324675324674,0.8,0.7142857142857143,0.06084804530235401,-0.004132146015525184,0.0649801913178792
2025-08-27,pred_ensemble,0.4753246753246753,0.8,0.6666666666666666,0.05352974682999392,-0.015402310799704378,0.0689320576296983
2025-08-28,pred_ensemble,0.13636363636363635,0.6,0.7142857142857143,0.05695305975824758,0.01807457218823958,0.038878487570008
2025-08-29,pred_ensemble,0.1974025974025974,1.0,0.8095238095238095,0.07698707932246793,0.03180541700470265,0.04518166231776528
2025-09-02,pred_ensemble,0.3246753246753247,0.8,0.7619047619047619,0.08273214725136724,0.013820766839060417,0.06891138041230682
2025-09-03,pred_ensemble,0.11298701298701298,0.6,0.8095238095238095,0.09026484341313083,0.03230535051419394,0.05795949289893689
2025-09-04,pred_ensemble,0.07272727272727272,0.6,0.7619047619047619,0.0801709955267366,0.027103118554895687,0.053067876971840906
2025-09-05,pred_ensemble,-0.20779220779220778,0.6,0.8095238095238095,0.055215431599133405,0.04510318629990904,0.010112245299224366
2025-09-08,pred_ensemble,0.08571428571428572,0.6,0.7142857142857143,0.07211431478317291,0.037064236883209076,0.03505007789996384
2025-09-09,pred_ensemble,0.01818181818181818,0.8,0.8095238095238095,0.07484209879872297,0.026274977046746084,0.04856712175197689
2025-09-10,pred_ensemble,0.17922077922077922,0.8,0.7619047619047619,0.07461732469910534,0.016120704348852398,0.058496620350252944
2025-09-11,pred_ensemble,-0.029870129870129873,0.8,0.6190476190476191,0.07528903445157953,0.02571002896070791,0.04957900549087162
2025-09-12,pred_ensemble,0.032467532467532464,0.8,0.5238095238095238,0.03748495407184878,-0.003095947064517457,0.04058090113636623
2025-09-15,pred_ensemble,-0.13116883116883118,0.6,0.5714285714285714,0.021135518300052957,0.0333282479608755,-0.012192729660822545
2025-09-16,pred_ensemble,-0.06753246753246753,0.8,0.6666666666666666,0.03393142709677703,0.03814900928889622,-0.004217582192119186
2025-09-17,pred_ensemble,-0.17662337662337665,0.6,0.7142857142857143,0.020095201003704967,0.0529520016619955,-0.03285680065829053
2025-09-18,pred_ensemble,-0.07922077922077922,0.6,0.6666666666666666,0.0037344605034094203,0.043562426968253944,-0.03982796646484452
2025-09-19,pred_ensemble,-0.3038961038961039,0.8,0.7142857142857143,0.010477910487654585,0.04874298144324749,-0.03826507095559291
2025-09-22,pred_ensemble,0.03896103896103896,0.8,0.7619047619047619,0.021203054225406782,0.01604493296138365,0.005158121264023131
2025-09-23,pred_ensemble,-0.06883116883116883,0.8,0.8571428571428571,0.015709693720651497,0.021923761290724774,-0.006214067570073277
2025-09-24,pred_ensemble,-0.007792207792207793,0.8,0.8571428571428571,0.03765267234591332,0.022610148206286772,0.015042524139626545
2025-09-25,pred_ensemble,-0.08571428571428572,0.6,0.8571428571428571,0.0212985243488073,0.029842712209998946,-0.008544187861191644
2025-09-26,pred_ensemble,-0.23636363636363636,0.4,0.8095238095238095,0.013075998877825002,0.031380366915369315,-0.018304368037544313
2025-09-29,pred_ensemble,-0.44935064935064933,0.8,0.8571428571428571,0.025971240470617607,0.04169642004373544,-0.01572517957311783
2025-09-30,pred_ensemble,-0.014285714285714285,0.8,0.8095238095238095,0.034485480305594396,0.028552483488454582,0.0059329968171398136
2025-10-01,pred_ensemble,0.0935064935064935,1.0,0.7619047619047619,0.031198419980692373,0.027454725212384058,0.003743694768308315
2025-10-02,pred_ensemble,-0.3090909090909091,0.4,0.7142857142857143,-0.013620050012495732,0.019007959722952973,-0.0326280097354487
2025-10-03,pred_ensemble,-0.01038961038961039,0.6,0.6190476190476191,-0.004243772040477767,0.01959740811153492,-0.023841180152012687
2025-10-06,pred_ensemble,-0.20779220779220778,0.4,0.5238095238095238,-0.020011136302757127,0.01635625530984399,-0.03636739161260112
2025-10-07,pred_ensemble,0.11818181818181818,0.6,0.42857142857142855,-0.015810697164631148,0.005555113459282279,-0.021365810623913427
2025-10-08,pred_ensemble,-0.1948051948051948,0.2,0.38095238095238093,-0.018200444293123286,-0.00031715152842639596,-0.01788329276469689
2025-10-09,pred_ensemble,-0.26883116883116887,0.2,0.42857142857142855,-0.036188790181251165,0.0020946379864050122,-0.038283428167656175
2025-10-10,pred_ensemble,0.2961038961038961,0.8,0.6666666666666666,0.004262836522257074,-0.0010436785925988178,0.005306515114855892
2025-10-13,pred_ensemble,0.087012987012987,0.6,0.6666666666666666,-0.008724699766698962,0.008479956017781,-0.01720465578447996
2025-10-14,pred_ensemble,0.1922077922077922,0.6,0.5714285714285714,0.0028652310889779376,0.0023862124176367906,0.00047901867134114706
2025-10-15,pred_ensemble,0.17142857142857143,0.6,0.5714285714285714,-0.0011497459700708923,-0.0004947724161121325,-0.0006549735539587598
2025-10-16,pred_ensemble,0.2701298701298701,0.8,0.5238095238095238,-0.005827077721337615,-0.003286074945826045,-0.0025410027755115696
2025-10-17,pred_ensemble,-0.005194805194805195,0.4,0.47619047619047616,-0.0302133947236513,-0.009910386491108314,-0.020303008232542986
2025-10-20,pred_ensemble,-0.26493506493506497,0.2,0.19047619047619047,-0.05011015848418872,-0.02192519505722208,-0.02818496342696664
2025-10-21,pred_ensemble,-0.3090909090909091,0.2,0.19047619047619047,-0.05542932764084194,-0.0067722730230812545,-0.04865705461776069
2025-10-22,pred_ensemble,-0.22467532467532467,0.4,0.23809523809523808,-0.03645552501532003,0.005317020659939509,-0.041772545675259544
2025-10-23,pred_ensemble,-0.5233766233766234,0.0,0.09523809523809523,-0.06919106226143237,-0.003937230291766425,-0.06525383196966594
2025-10-24,pred_ensemble,-0.12727272727272726,0.0,0.14285714285714285,-0.03966668522250312,-0.05346548881931128,0.013798803596808157
2025-10-27,pred_ensemble,0.051948051948051945,0.2,0.19047619047619047,-0.023970684463673876,-0.07242512523710878,0.04845444077343491
2025-10-28,pred_ensemble,-0.005194805194805195,0.0,0.19047619047619047,-0.035130344879326446,-0.0607167128108147,0.025586367931488253
2025-10-29,pred_ensemble,-0.2909090909090909,0.2,0.42857142857142855,-0.03727268063660823,-0.015335230092218332,-0.021937450544389895
2025-10-30,pred_ensemble,-0.29480519480519485,0.4,0.6190476190476191,-0.02535259911253629,0.018061197448314692,-0.04341379656085098
2025-10-31,pred_ensemble,-0.1961038961038961,0.2,0.42857142857142855,-0.022284582924700303,0.01545529422461236,-0.037739877149312664
2025-11-03,pred_ensemble,0.02727272727272727,0.6,0.47619047619047616,-0.007540965142758349,0.004389576180076271,-0.01193054132283462
2025-11-04,pred_ensemble,0.15974025974025974,0.6,0.6666666666666666,0.01879667256329216,0.01081545570925484,0.00798121685403732
2025-11-05,pred_ensemble,0.14285714285714285,0.8,0.6190476190476191,0.02573308098818381,0.022643306962049237,0.0030897740261345737
2025-11-06,pred_ensemble,0.11038961038961038,0.6,0.7142857142857143,0.031125331601778817,0.021598642190083273,0.009526689411695544
2025-11-07,pred_ensemble,0.2155844155844156,0.8,0.6190476190476191,0.044114756934799694,0.009038984784202887,0.035075772150596804
2025-11-10,pred_ensemble,0.13246753246753248,0.8,0.5238095238095238,0.016678125098873432,0.0011295394727113717,0.01554858562616206
2025-11-11,pred_ensemble,0.14155844155844155,0.8,0.5714285714285714,0.02347874752882424,0.009393138523574063,0.014085609005250176
2025-11-12,pred_ensemble,0.13636363636363635,0.8,0.6666666666666666,0.02515117013519046,0.006759812299045187,0.018391357836145275
2025-11-13,pred_ensemble,0.1753246753246753,0.8,0.7142857142857143,0.022557540414031775,0.009168618951711172,0.013388921462320603
2025-11-14,pred_ensemble,0.22207792207792207,0.6,0.6666666666666666,0.011169478452871574,0.005753240149059669,0.005416238303811905
2025-11-17,pred_ensemble,0.35974025974025975,0.6,0.6190476190476191,0.031012562772298156,-0.0045957954010155564,0.03560835817331371
2025-11-18,pred_ensemble,0.15974025974025974,0.6,0.6190476190476191,0.002877496740275309,0.007727232581255827,-0.004849735840980518
2025-11-19,pred_ensemble,0.1935064935064935,0.4,0.6190476190476191,0.019222136947882263,0.009884431660566873,0.00933770528731539
2025-11-20,pred_ensemble,0.7220779220779221,1.0,0.8095238095238095,0.07220254869994407,0.0023725146022500975,0.06983003409769396
2025-11-21,pred_ensemble,0.7155844155844155,1.0,0.7619047619047619,0.08104424365029672,-0.003845833174633384,0.0848900768249301
2025-11-24,pred_ensemble,0.6922077922077923,1.0,0.7619047619047619,0.05612577668562868,-7.636058550850589e-05,0.05620213727113719
2025-11-25,pred_ensemble,0.625974025974026,1.0,0.7142857142857143,0.05822320227850373,0.0008268416856121785,0.05739636059289155
2025-11-26,pred_ensemble,0.28181818181818186,1.0,0.6190476190476191,0.03135585864903412,0.011546121434220425,0.019809737214813695
2025-11-28,pred_ensemble,0.01948051948051948,0.6,0.6190476190476191,0.013814310852749622,0.005508636092665942,0.00830567476008368
2025-12-01,pred_ensemble,0.2662337662337662,0.8,0.6666666666666666,0.01650849607631486,0.005713124701365735,0.010795371374949127
2025-12-02,pred_ensemble,0.16233766233766234,0.6,0.6190476190476191,0.0016042056314560238,-0.0006574954776040753,0.002261701109060099
2025-12-03,pred_ensemble,0.6740259740259741,0.8,0.5714285714285714,0.02466427525953745,-0.0023716535182162434,0.027035928777753692
2025-12-04,pred_ensemble,0.45324675324675323,0.8,0.6190476190476191,0.03609385746663094,0.006495829577177981,0.02959802788945296
2025-12-05,pred_ensemble,0.13506493506493505,0.8,0.7142857142857143,0.029990598340958297,0.019797873013596323,0.010192725327361974
2025-12-08,pred_ensemble,-0.14935064935064934,0.8,0.8095238095238095,0.0261402860262691,0.027804581716563435,-0.0016642956902943352
2025-12-09,pred_ensemble,-0.21688311688311687,0.8,0.7619047619047619,0.02574259641056951,0.02957506935437564,-0.0038324729438061304
2025-12-10,pred_ensemble,-0.509090909090909,0.8,0.9047619047619048,0.011034533357133914,0.05292171893302786,-0.04188718557589395
2025-12-11,pred_ensemble,-0.2753246753246753,0.6,0.7619047619047619,0.03972121197254386,0.036719394430999544,0.0030018175415443132
2025-12-12,pred_ensemble,0.14285714285714285,0.8,0.8095238095238095,0.053454233407579245,0.016531128759606162,0.03692310464797308
2025-12-15,pred_ensemble,-0.0974025974025974,0.8,0.8571428571428571,0.012492262324498826,0.013001269063929354,-0.0005090067394305283
2025-12-16,pred_ensemble,-0.07662337662337662,0.8,0.8571428571428571,0.03591185752203792,0.07581851115060903,-0.03990665362857111
2025-12-17,pred_ensemble,0.3675324675324675,1.0,0.9047619047619048,0.11635157062745974,0.025936698784710388,0.09041487184274935
2025-12-18,pred_ensemble,-0.04025974025974026,0.6,0.7142857142857143,0.030573378211273705,0.020743442555395418,0.009829935655878287
2025-12-19,pred_ensemble,-0.2597402597402597,0.6,0.8095238095238095,0.04712012054092411,0.025639217357694078,0.021480903183230034
2025-12-22,pred_ensemble,-0.4883116883116883,0.8,0.8571428571428571,0.06221453420141214,0.06932703777222841,-0.007112503570816275
2025-12-23,pred_ensemble,-0.2922077922077922,0.6,0.7142857142857143,0.07984212329762866,0.04656474463295921,0.03327737866466945
2025-12-24,pred_ensemble,-0.174025974025974,0.8,0.8095238095238095,0.06523090631434965,0.04184287047017401,0.02338803584417564
2025-12-26,pred_ensemble,-0.14285714285714285,0.6,0.7619047619047619,0.0660204250681048,0.05095720898774283,0.015063216080361964
2025-12-29,pred_ensemble,0.1064935064935065,1.0,0.7142857142857143,0.1000514241278839,0.062415362937008445,0.03763606119087545
2025-12-30,pred_ensemble,0.3181818181818181,0.8,0.7619047619047619,0.10882244491248669,0.030266060629386415,0.07855638428310027
2025-12-31,pred_ensemble,0.42727272727272725,1.0,0.7619047619047619,0.10830411325858824,0.0005052896092610837,0.10779882364932716
2026-01-02,pred_ensemble,0.3987012987012987,0.8,0.7142857142857143,0.09154660415726448,-0.005937302298655212,0.0974839064559197
2026-01-05,pred_ensemble,-0.044155844155844164,0.6,0.5714285714285714,0.022291617263567477,0.018236873035947832,0.004054744227619644
2026-01-06,pred_ensemble,0.0025974025974025974,0.8,0.5238095238095238,0.03917770807940639,0.004389894531715899,0.03478781354769049
2026-01-07,pred_ensemble,0.2155844155844156,0.8,0.6190476190476191,0.013741294092469936,0.0015904139204211854,0.01215088017204875
2026-01-08,pred_ensemble,0.18441558441558442,1.0,0.7142857142857143,0.07720529449786846,0.012238831780960191,0.06496646271690827
2026-01-09,pred_ensemble,0.1012987012987013,0.8,0.6190476190476191,0.039895620425044354,0.03945623610034508,0.0004393843246992754
2026-01-12,pred_ensemble,-0.13246753246753248,0.8,0.7142857142857143,0.009754940086267806,0.04129259144521367,-0.03153765135894586
2026-01-13,pred_ensemble,0.20909090909090908,1.0,0.7142857142857143,0.054701427207633734,0.03822864057392694,0.01647278663370679
2026-01-14,pred_ensemble,-0.374025974025974,0.4,0.6666666666666666,-0.01516655712869779,0.03838506001835142,-0.053551617147049216
2026-01-15,pred_ensemble,-0.24935064935064938,0.4,0.6666666666666666,-0.013034968918644353,0.046386591514870124,-0.05942156043351447
2026-01-16,pred_ensemble,0.05064935064935065,0.8,0.6666666666666666,0.025964088130797335,-0.002991932440453682,0.028956020571251018
2026-01-20,pred_ensemble,0.05324675324675325,0.8,0.8095238095238095,0.061578513629819386,0.04598955870807035,0.015588954921749033
2026-01-21,pred_ensemble,-0.07012987012987014,0.8,0.6666666666666666,0.055312189645240054,0.05152249658141646,0.003789693063823596
2026-01-22,pred_ensemble,-0.4077922077922078,0.6,0.7142857142857143,0.014558074779387153,0.062243882354908964,-0.04768580757552181
2026-01-23,pred_ensemble,-0.23376623376623373,0.6,0.7142857142857143,-0.025488821121918637,0.027042038098465615,-0.05253085922038425
2026-01-26,pred_ensemble,-0.34545454545454546,0.4,0.6666666666666666,-0.03446829969144749,0.06227218652138104,-0.09674048621282853
2026-01-27,pred_ensemble,-0.14025974025974028,0.4,0.6666666666666666,-0.022125632472734403,0.023898422810393737,-0.04602405528312814
2026-01-28,pred_ensemble,-0.5662337662337662,0.0,0.6666666666666666,-0.05198765227946498,0.027079733446877863,-0.07906738572634284
2026-01-29,pred_ensemble,-0.07402597402597402,0.2,0.5714285714285714,-0.02234558328667684,-0.011504208227435742,-0.010841375059241098
2026-01-30,pred_ensemble,-0.6402597402597403,0.2,0.7142857142857143,-0.045754865179011305,0.06061415406858726,-0.10636901924759856
2026-02-02,pred_ensemble,-0.023376623376623374,0.4,0.5238095238095238,0.010813197674485719,0.017975492500773238,-0.007162294826287519
2026-02-03,pred_ensemble,-0.07792207792207792,0.4,0.6190476190476191,-0.010353765105117296,-0.004035645694920276,-0.00631811941019702
2026-02-04,pred_ensemble,-0.0025974025974025974,0.6,0.5714285714285714,0.025199257282087717,0.016204682119278835,0.008994575162808882
2026-02-05,pred_ensemble,-0.04025974025974026,0.8,0.5714285714285714,0.02213701818645648,0.014322568442797733,0.007814449743658747
2026-02-06,pred_ensemble,-0.24805194805194808,0.2,0.42857142857142855,-0.014632267212987316,0.010690625807210141,-0.025322893020197457
2026-02-09,pred_ensemble,-0.05714285714285714,0.4,0.38095238095238093,-0.0037804142490333926,-0.008338912819772015,0.004558498570738622
2026-02-10,pred_ensemble,0.007792207792207793,0.2,0.23809523809523808,-0.008819492294385656,-0.023133526582729047,0.01431403428834339
2026-02-11,pred_ensemble,0.03636363636363636,0.0,0.19047619047619047,-0.029204335197683194,-0.039292928820384466,0.010088593622701272
2026-02-12,pred_ensemble,-0.15844155844155844,0.2,0.23809523809523808,-0.025449422891079477,-0.007206053215313491,-0.018243369675765987
2026-02-13,pred_ensemble,0.006493506493506493,0.2,0.23809523809523808,-0.008813486730858421,0.008088147701879156,-0.016901634432737577
2026-02-17,pred_ensemble,-0.09220779220779221,0.4,0.3333333333333333,-0.0059413216985398695,-0.001631602793285447,-0.004309718905254422
2026-02-18,pred_ensemble,-0.21428571428571425,0.0,0.19047619047619047,-0.04128636685039309,-0.008108863138814093,-0.033177503711578994
2026-02-19,pred_ensemble,-0.33246753246753247,0.0,0.19047619047619047,-0.04622639002787008,-0.0017997326554012537,-0.04442665737246883
2026-02-20,pred_ensemble,-0.42727272727272725,0.0,0.14285714285714285,-0.08882698418333135,-0.03229494465310458,-0.056532039530226764
2026-02-23,pred_ensemble,-0.3701298701298701,0.0,0.14285714285714285,-0.07538096535933607,-0.006937521274665981,-0.06844344408467008
2026-02-24,pred_ensemble,-0.4766233766233766,0.0,0.14285714285714285,-0.08384203098829937,-0.008871245101806391,-0.07497078588649297
2026-02-25,pred_ensemble,-0.6454545454545455,0.0,0.14285714285714285,-0.09135616797703408,-0.019843196379468277,-0.07151297159756581
2026-02-26,pred_ensemble,-0.5298701298701299,0.0,0.14285714285714285,-0.11627011522242163,-0.05526430306378412,-0.06100581215863751
2026-02-27,pred_ensemble,-0.5428571428571428,0.0,0.14285714285714285,-0.11583511995129533,-0.008992653015498165,-0.10684246693579717
2026-03-02,pred_ensemble,-0.5987012987012986,0.0,0.14285714285714285,-0.12915641071284906,-0.020548749005187283,-0.10860766170766177
2026-03-03,pred_ensemble,-0.18961038961038962,0.2,0.14285714285714285,-0.03586221957394977,-0.008546791851804403,-0.027315427722145368
2026-03-04,pred_ensemble,-0.14675324675324675,0.2,0.14285714285714285,-0.04639406976091851,-0.007226785794699131,-0.03916728396621938
2026-03-05,pred_ensemble,-0.39350649350649347,0.0,0.14285714285714285,-0.0358039944497107,-0.0005319311764497847,-0.03527206327326091
2026-03-06,pred_ensemble,-0.0987012987012987,0.4,0.2857142857142857,-0.025856997263489844,-0.018699360960643154,-0.007157636302846691
2026-03-09,pred_ensemble,-0.37532467532467534,0.2,0.14285714285714285,-0.03777879049999653,-0.0062200262961772165,-0.03155876420381931
2026-03-10,pred_ensemble,0.22857142857142856,0.6,0.5238095238095238,0.0032140958609582436,-0.0015398178244400596,0.0047539136853983035
2026-03-11,pred_ensemble,0.35974025974025975,0.6,0.6190476190476191,0.00012044180907431202,-0.007030477533698254,0.007150919342772566
2026-03-12,pred_ensemble,0.2324675324675325,0.6,0.6190476190476191,0.004760798532814525,-0.0026930166055801007,0.007453815138394626
2026-03-13,pred_ensemble,0.3675324675324675,0.6,0.6666666666666666,0.02670973833787995,-0.0007629932987393672,0.027472731636619317
2026-03-16,pred_ensemble,0.35844155844155845,0.6,0.6666666666666666,0.03634609421249542,0.008896104335417276,0.027449989877078144
2026-03-17,pred_ensemble,0.44415584415584414,0.8,0.6666666666666666,0.04539148328942455,0.0052044775164419525,0.0401870057729826
2026-03-18,pred_ensemble,0.27662337662337666,0.8,0.7142857142857143,0.060429583686188025,0.007323496867410651,0.053106086818777376
2026-03-19,pred_ensemble,0.625974025974026,1.0,0.7619047619047619,0.09306770843123377,-0.0009696817344363895,0.09403739016567016
2026-03-20,pred_ensemble,0.6818181818181818,1.0,0.9047619047619048,0.1170550246576049,0.008886659165560418,0.10816836549204448
2026-03-23,pred_ensemble,0.7051948051948052,1.0,0.9047619047619048,0.09622838132531428,-0.008014817772490712,0.104243199097805
2026-03-24,pred_ensemble,0.6558441558441558,1.0,0.8571428571428571,0.1308136193004062,-0.004848953714493143,0.13566257301489934
2026-03-25,pred_ensemble,0.6428571428571428,1.0,0.8571428571428571,0.09366920629846702,0.01925612448408267,0.07441308181438436
2026-03-26,pred_ensemble,0.8766233766233766,1.0,0.8571428571428571,0.15743373203995187,-0.008875318762405104,0.16630905080235697
2026-03-27,pred_ensemble,0.7623376623376623,1.0,0.9047619047619048,0.18268728357438616,0.006326109511694167,0.176361174062692
2026-03-30,pred_ensemble,0.6246753246753247,1.0,0.8571428571428571,0.17245609689887606,0.007170393054636603,0.16528570384423946
2026-03-31,pred_ensemble,0.387012987012987,0.8,0.7142857142857143,0.10876885235293236,0.013450133127596731,0.09531871922533564
2026-04-01,pred_ensemble,0.2987012987012987,0.8,0.8095238095238095,0.05502605941903756,0.013794891866309621,0.04123116755272793
2026-04-02,pred_ensemble,0.41298701298701296,0.8,0.7619047619047619,0.07187001108935231,0.011426017629872743,0.060443993459479574
2026-04-06,pred_ensemble,0.5675324675324676,0.8,0.7142857142857143,0.06538480744942465,0.008265421379952342,0.05711938606947231
2026-04-07,pred_ensemble,0.5688311688311689,0.8,0.7142857142857143,0.06716781209378861,0.0129188721918998,0.05424893990188881
2026-04-08,pred_ensemble,0.548051948051948,1.0,0.7142857142857143,0.0775048522591757,0.009032220401677903,0.06847263185749779
2026-04-09,pred_ensemble,0.28441558441558445,0.8,0.6190476190476191,0.06357375302149233,0.0137327866716489,0.04984096634984343
2026-04-10,pred_ensemble,0.26103896103896107,0.6,0.6666666666666666,0.059932002004304,-0.005774090862927373,0.06570609286723138
2022-01-03,pred_mlp,-0.2961038961038961,0.2,0.23809523809523808,-0.050101014852920935,-0.019352739204523073,-0.03074827564839786
2022-01-04,pred_mlp,-0.5805194805194805,0.0,0.14285714285714285,-0.08198325495707896,-0.008098700395162962,-0.073884554561916
2022-01-05,pred_mlp,-0.2584415584415584,0.0,0.14285714285714285,-0.060725050212745255,-0.026137908736689662,-0.03458714147605559
2022-01-06,pred_mlp,-0.41038961038961036,0.0,0.19047619047619047,-0.07498545062838691,-0.025961899849629287,-0.04902355077875762
2022-01-07,pred_mlp,-0.34675324675324676,0.2,0.19047619047619047,-0.09892192515384723,-0.03578326982203146,-0.06313865533181577
2022-01-10,pred_mlp,-0.2532467532467532,0.2,0.19047619047619047,-0.083169200096333,-0.012925429916099195,-0.0702437701802338
2022-01-11,pred_mlp,0.033766233766233764,0.4,0.19047619047619047,-0.06400041147947921,-0.02474101497760379,-0.03925939650187542
2022-01-12,pred_mlp,-0.48571428571428565,0.2,0.14285714285714285,-0.09726272242460152,-0.0340703144876322,-0.06319240793696931
2022-01-13,pred_mlp,-0.3337662337662338,0.2,0.19047619047619047,-0.09362279167328084,-0.019569016320785403,-0.07405377535249544
2022-01-14,pred_mlp,-0.33766233766233766,0.0,0.19047619047619047,-0.1355317187438639,-0.034853723961386904,-0.100677994782477
2022-01-18,pred_mlp,-0.08051948051948052,0.4,0.3333333333333333,-0.06432292117652179,-0.008903246119994868,-0.055419675056526924
2022-01-19,pred_mlp,-0.22337662337662337,0.6,0.38095238095238093,-0.047664949543609204,0.00492898910283881,-0.05259393864644801
2022-01-20,pred_mlp,-0.33506493506493507,0.6,0.2857142857142857,-0.06628515812769312,0.007175967667468752,-0.07346112579516187
2022-01-21,pred_mlp,-0.20909090909090908,0.4,0.42857142857142855,-0.0623413810473044,0.002862480982553528,-0.06520386202985792
2022-01-24,pred_mlp,-0.43376623376623374,0.2,0.2857142857142857,-0.0960937883355359,0.0010094938645851315,-0.09710328220012103
2022-01-25,pred_mlp,-0.42337662337662335,0.2,0.23809523809523808,-0.08856877750916455,0.012299716393238791,-0.10086849390240334
2022-01-26,pred_mlp,0.00909090909090909,0.4,0.3333333333333333,-0.05279610791699616,0.0004102544371172412,-0.053206362354113405
2022-01-27,pred_mlp,0.11428571428571428,0.4,0.7619047619047619,-0.02969457203713053,0.01220518388450802,-0.041899755921638554
2022-01-28,pred_mlp,0.11298701298701298,0.6,0.3333333333333333,-0.03447855595413698,-0.0010192805909884806,-0.0334592753631485
2022-01-31,pred_mlp,-0.4584415584415585,0.0,0.19047619047619047,-0.10463657120801043,-0.0012829873321285711,-0.10335358387588185
2022-02-01,pred_mlp,-0.374025974025974,0.0,0.23809523809523808,-0.09570819426439166,-0.005465675649354229,-0.09024251861503743
2022-02-02,pred_mlp,-0.5922077922077922,0.0,0.2857142857142857,-0.1277311231647349,0.00452048141640784,-0.13225160458114274
2022-02-03,pred_mlp,-0.0974025974025974,0.4,0.2857142857142857,-0.010670506919582623,-0.01751789959159091,0.006847392672008288
2022-02-04,pred_mlp,-0.43636363636363634,0.0,0.2857142857142857,-0.11348604487553185,-0.019158641440456425,-0.09432740343507542
2022-02-07,pred_mlp,-0.4116883116883117,0.0,0.23809523809523808,-0.09963141489325456,-0.03411419094944499,-0.06551722394380957
2022-02-08,pred_mlp,-0.08831168831168833,0.2,0.23809523809523808,-0.02522961703631641,-0.01861294059915126,-0.00661667643716515
2022-02-09,pred_mlp,-0.42987012987012985,0.0,0.23809523809523808,-0.10446809392660869,-0.04196110345407402,-0.06250699047253466
2022-02-10,pred_mlp,-0.2922077922077922,0.2,0.23809523809523808,-0.05804984366019221,0.009243412776517478,-0.06729325643670969
2022-02-11,pred_mlp,-0.40259740259740256,0.0,0.23809523809523808,-0.08203724678681079,-0.004063782005093252,-0.07797346478171754
2022-02-14,pred_mlp,-0.2662337662337662,0.2,0.38095238095238093,-0.04060751142425874,-0.00039234725409031945,-0.04021516417016842
2022-02-15,pred_mlp,-0.12207792207792208,0.2,0.38095238095238093,-0.02530666781593709,-0.015684090154545083,-0.009622577661392007
2022-02-16,pred_mlp,-0.14805194805194805,0.2,0.38095238095238093,-0.024698117999686398,0.002509618363465238,-0.027207736363151637
2022-02-17,pred_mlp,0.2896103896103896,1.0,0.7142857142857143,0.034888497484831096,0.01654542816395852,0.018343069320872575
2022-02-18,pred_mlp,0.3233766233766234,1.0,0.7142857142857143,0.03385272447125902,0.009432294111125894,0.024420430360133125
2022-02-22,pred_mlp,0.509090909090909,1.0,0.7619047619047619,0.09154860987534578,0.006989022235146214,0.08455958764019957
2022-02-23,pred_mlp,0.6311688311688312,1.0,0.7619047619047619,0.08240630905411064,0.019898882267270258,0.06250742678684039
2022-02-24,pred_mlp,0.3896103896103896,1.0,0.8571428571428571,0.06963911827255784,0.004235375709910794,0.06540374256264704
2022-02-25,pred_mlp,0.3233766233766234,1.0,0.7619047619047619,0.059946723551636126,0.011381616134424144,0.04856510741721198
2022-02-28,pred_mlp,-0.14025974025974028,0.8,0.8571428571428571,0.019591222138497066,0.060831802103755585,-0.04124057996525852
2022-03-01,pred_mlp,0.12077922077922078,1.0,0.8095238095238095,0.0898603436206447,0.05242872825525617,0.037431615365388526
2022-03-02,pred_mlp,0.3948051948051948,1.0,0.8571428571428571,0.0679169918489125,0.043041079055396204,0.0248759127935163
2022-03-03,pred_mlp,0.12337662337662336,1.0,0.7619047619047619,0.05518725144525112,0.04298970747527471,0.01219754396997641
2022-03-04,pred_mlp,0.5948051948051949,1.0,0.7619047619047619,0.10528984089588053,0.015635165813429053,0.08965467508245148
2022-03-07,pred_mlp,0.7857142857142857,1.0,0.7619047619047619,0.19637935435552434,0.034934686438993626,0.16144466791653073
2022-03-08,pred_mlp,0.7389610389610389,1.0,0.7619047619047619,0.1540279593778313,-0.005969045692104302,0.1599970050699356
2022-03-09,pred_mlp,0.36233766233766235,1.0,0.8571428571428571,0.058195162730369975,-0.021905120075765106,0.08010028280613508
2022-03-10,pred_mlp,0.42207792207792205,1.0,0.8095238095238095,0.0756098456625629,0.02856800967047992,0.04704183599208298
2022-03-11,pred_mlp,0.45974025974025967,1.0,0.8571428571428571,0.08239008816336688,0.004467393543665032,0.07792269461970185
2022-03-14,pred_mlp,0.1974025974025974,1.0,0.9047619047619048,0.056310669122886604,0.011409619785782166,0.04490104933710444
2022-03-15,pred_mlp,-0.2155844155844156,0.6,0.7142857142857143,0.0015813779290695163,0.009972810881005368,-0.008391432951935852
2022-03-16,pred_mlp,0.35974025974025975,0.8,0.5238095238095238,0.037674644132881865,0.012142855773299077,0.025531788359582787
2022-03-17,pred_mlp,-0.23636363636363636,0.2,0.42857142857142855,-0.016168584682949082,0.02184695680606912,-0.0380155414890182
2022-03-18,pred_mlp,-0.2922077922077922,0.2,0.38095238095238093,-0.026050448570824104,0.017491852256970142,-0.04354230082779424
2022-03-21,pred_mlp,-0.3168831168831169,0.2,0.47619047619047616,-0.054703365423722804,-0.0007332274358377688,-0.05397013798788503
2022-03-22,pred_mlp,-0.348051948051948,0.2,0.38095238095238093,-0.06295402548659354,0.0028522965834366864,-0.06580632207003023
2022-03-23,pred_mlp,0.13116883116883118,0.0,0.38095238095238093,-0.022127978623610534,-0.08347091420830732,0.06134293558469679
2022-03-24,pred_mlp,-0.6350649350649351,0.0,0.23809523809523808,-0.1388885773365849,-0.0014568590195011,-0.1374317183170838
2022-03-25,pred_mlp,0.14805194805194805,0.2,0.19047619047619047,-0.033600030042855944,-0.10784513643560892,0.07424510639275297
2022-03-28,pred_mlp,-0.5688311688311689,0.0,0.19047619047619047,-0.12796353586168702,-0.006694287869732607,-0.1212692479919544
2022-03-29,pred_mlp,-0.47402597402597396,0.0,0.14285714285714285,-0.13350454420958488,-0.03680200372089106,-0.09670254048869381
2022-03-30,pred_mlp,-0.312987012987013,0.0,0.14285714285714285,-0.0814419261423047,-0.09076950664577195,0.009327580503467256
2022-03-31,pred_mlp,-0.18961038961038962,0.0,0.14285714285714285,-0.062034838384191396,-0.09304593274006571,0.03101109435587432
2022-04-01,pred_mlp,-0.36883116883116884,0.0,0.09523809523809523,-0.10995481016015984,-0.0456153694104217,-0.06433944074973814
2022-04-04,pred_mlp,-0.13506493506493505,0.2,0.09523809523809523,-0.06063684525663915,-0.08991967103784551,0.029282825781206362
2022-04-05,pred_mlp,-0.5831168831168831,0.2,0.19047619047619047,-0.06770950335078844,-0.014058640748020346,-0.0536508626027681
2022-04-06,pred_mlp,-0.6532467532467533,0.0,0.14285714285714285,-0.11266552624323453,-0.012843576765810738,-0.09982194947742379
2022-04-07,pred_mlp,-0.6415584415584416,0.0,0.09523809523809523,-0.1211013570830394,-0.025794883665916223,-0.09530647341712317
2022-04-08,pred_mlp,-0.6246753246753247,0.0,0.047619047619047616,-0.14471112735245975,-0.038745590831277044,-0.10596553652118271
2022-04-11,pred_mlp,-0.6818181818181818,0.0,0.047619047619047616,-0.13137337931307821,-0.022485285410724542,-0.10888809390235367
2022-04-12,pred_mlp,-0.6285714285714287,0.0,0.047619047619047616,-0.13562905164012015,-0.021728272664094293,-0.11390077897602585
2022-04-13,pred_mlp,-0.7454545454545455,0.0,0.047619047619047616,-0.1553482264531215,-0.03696017914771592,-0.11838804730540557
2022-04-14,pred_mlp,-0.41038961038961036,0.0,0.09523809523809523,-0.09466972283960576,-0.05056017343681796,-0.0441095494027878
2022-04-18,pred_mlp,-0.5636363636363637,0.0,0.09523809523809523,-0.11111357732059077,-0.023275279388204017,-0.08783829793238675
2022-04-19,pred_mlp,-0.5844155844155844,0.0,0.14285714285714285,-0.10260054985617406,-0.022353240655227348,-0.08024730920094672
2022-04-20,pred_mlp,-0.6454545454545455,0.0,0.09523809523809523,-0.1305640058021785,-0.032908883797653464,-0.09765512200452503
2022-04-21,pred_mlp,-0.45454545454545453,0.2,0.14285714285714285,-0.102003351635086,-0.02302411608946988,-0.07897923554561612
2022-04-22,pred_mlp,-0.4051948051948052,0.2,0.19047619047619047,-0.07370746938389797,-0.007696036898011993,-0.06601143248588598
2022-04-25,pred_mlp,-0.3025974025974026,0.2,0.19047619047619047,-0.0698817888664075,-0.036836965461373425,-0.03304482340503408
2022-04-26,pred_mlp,-0.14805194805194805,0.4,0.19047619047619047,-0.01034651976583929,-0.018097526866365808,0.007751007100526518
2022-04-27,pred_mlp,-0.14545454545454545,0.2,0.23809523809523808,-0.037582079051081574,-0.0069962219219821264,-0.030585857129099447
2022-04-28,pred_mlp,-0.2896103896103896,0.0,0.19047619047619047,-0.06785061689032068,-0.02774321531265671,-0.04010740157766397
2022-04-29,pred_mlp,0.3194805194805195,0.8,0.5714285714285714,0.013067553179652691,-0.0026035630122266174,0.01567111619187931
2022-05-02,pred_mlp,-0.062337662337662345,0.4,0.38095238095238093,-0.008199900183273701,-0.018610934948349513,0.010411034765075811
2022-05-03,pred_mlp,-0.5207792207792208,0.0,0.2857142857142857,-0.03576909615088075,0.020137138426041635,-0.055906234576922384
2022-05-04,pred_mlp,-0.35454545454545455,0.0,0.2857142857142857,-0.04471835611954269,-0.012168566663559055,-0.032549789455983635
2022-05-05,pred_mlp,0.17922077922077922,0.4,0.3333333333333333,2.7276344099691484e-05,-0.012041763090822766,0.012069039434922458
2022-05-06,pred_mlp,0.3025974025974026,0.6,0.6666666666666666,0.01184924878415201,0.001262430592247976,0.010586818191904034
2022-05-09,pred_mlp,0.3077922077922078,0.8,0.8571428571428571,0.06287704612273566,0.04393812501386296,0.0189389211088727
2022-05-10,pred_mlp,0.4285714285714285,1.0,0.7619047619047619,0.049434126598117745,0.013449289090876771,0.03598483750724098
2022-05-11,pred_mlp,0.464935064935065,0.8,0.7142857142857143,0.027836174825367398,0.0013162642620081488,0.02651991056335925
2022-05-12,pred_mlp,0.14805194805194805,0.4,0.38095238095238093,0.014118583014501796,-0.01227096754928434,0.026389550563786134
2022-05-13,pred_mlp,-0.43506493506493504,0.0,0.14285714285714285,-0.08310855850470907,-0.047928409684625375,-0.03518014882008369
2022-05-16,pred_mlp,-0.007792207792207793,0.2,0.14285714285714285,-0.05241992971409355,-0.06586761324688936,0.01344768353279581
2022-05-17,pred_mlp,-0.2935064935064935,0.0,0.14285714285714285,-0.07547527622584341,-0.06383616665977054,-0.011639109566072864
2022-05-18,pred_mlp,-0.20129870129870128,0.0,0.047619047619047616,-0.05998180012247243,-0.06235276838695971,0.0023709682644872804
2022-05-19,pred_mlp,0.174025974025974,0.0,0.047619047619047616,-0.05475877903158233,-0.06857921511424554,0.013820436082663215
2022-05-20,pred_mlp,0.2636363636363636,0.2,0.09523809523809523,-0.018240225974182955,-0.0399148543260683,0.02167462835188534
2022-05-23,pred_mlp,0.07532467532467534,0.0,0.047619047619047616,-0.04216049995343256,-0.0348832349342673,-0.007277265019165258
2022-05-24,pred_mlp,0.2675324675324675,0.2,0.09523809523809523,-0.03183223980189402,-0.06792074944950288,0.03608850964760886
2022-05-25,pred_mlp,0.3025974025974026,0.6,0.2857142857142857,-0.009236146014079249,-0.03798432362429536,0.02874817761021611
2022-05-26,pred_mlp,0.16103896103896104,0.0,0.047619047619047616,-0.0390462865542411,-0.05375194324675268,0.01470565669251158
2022-05-27,pred_mlp,-0.22727272727272727,0.0,0.047619047619047616,-0.10010756626958044,-0.06613630828749646,-0.033971257982083974
2022-05-31,pred_mlp,-0.059740259740259746,0.0,0.047619047619047616,-0.0817912973044449,-0.06318060989944559,-0.018610687404999313
2022-06-01,pred_mlp,-0.09480519480519481,0.0,0.047619047619047616,-0.09271258915873026,-0.0730158658354425,-0.019696723323287757
2022-06-02,pred_mlp,-0.5896103896103897,0.0,0.047619047619047616,-0.18220351274881036,-0.03074131877791215,-0.15146219397089822
2022-06-03,pred_mlp,-0.0974025974025974,0.0,0.09523809523809523,-0.05530862108070293,-0.053617063041756396,-0.0016915580389465362
2022-06-06,pred_mlp,0.08181818181818182,0.2,0.14285714285714285,-0.09702855269622931,-0.10282872245644448,0.0058001697602151625
2022-06-07,pred_mlp,0.007792207792207793,0.0,0.047619047619047616,-0.06607980903724264,-0.07673182075725608,0.01065201172001344
2022-06-08,pred_mlp,-0.35454545454545455,0.0,0.14285714285714285,-0.09604920758201156,-0.0452983346875621,-0.05075087289444946
2022-06-09,pred_mlp,-0.7181818181818181,0.0,0.19047619047619047,-0.12270179049740979,0.006815185880410679,-0.12951697637782048
2022-06-10,pred_mlp,-0.49870129870129876,0.0,0.2857142857142857,-0.07907600668781538,-0.01843638307005706,-0.06063962361775832
2022-06-13,pred_mlp,-0.20519480519480518,0.4,0.5238095238095238,-0.009511218850203163,-0.011122480898355325,0.0016112620481521615
2022-06-14,pred_mlp,-0.18181818181818182,0.4,0.5238095238095238,-0.010708783019148859,-0.008103883510879628,-0.0026048995082692313
2022-06-15,pred_mlp,-0.18181818181818182,0.2,0.5714285714285714,-0.05143752676367339,-0.010374013740705878,-0.04106351302296751
2022-06-16,pred_mlp,0.1974025974025974,0.8,0.7619047619047619,0.01279945364746471,-0.010996372319242864,0.023795825966707575
2022-06-17,pred_mlp,0.5493506493506494,0.8,0.8095238095238095,0.054659410132408645,-0.009668949382719871,0.06432835951512851
2022-06-21,pred_mlp,0.625974025974026,0.8,0.8095238095238095,0.05845579993378021,-0.011937721909305777,0.07039352184308599
2022-06-22,pred_mlp,0.5220779220779221,0.8,0.8571428571428571,0.08152272960688242,0.00080017685380529,0.08072255275307713
2022-06-23,pred_mlp,0.5974025974025974,1.0,0.8571428571428571,0.05961193713217918,-0.010429743810411684,0.07004168094259086
2022-06-24,pred_mlp,0.13506493506493505,0.6,0.7142857142857143,0.016059874902362402,-0.007326586343682573,0.023386461246044973
2022-06-27,pred_mlp,0.051948051948051945,0.8,0.6190476190476191,0.01079724874082848,0.0019394136740432887,0.008857835066785192
2022-06-28,pred_mlp,0.5636363636363637,0.8,0.8095238095238095,0.05846646540880389,-0.008666985947365058,0.06713345135616895
2022-06-29,pred_mlp,0.44675324675324674,0.8,0.8095238095238095,0.07609362737273147,0.00848418407788174,0.06760944329484973
2022-06-30,pred_mlp,0.8636363636363636,1.0,0.8095238095238095,0.1358800168485514,-0.0022708408844973826,0.13815085773304878
2022-07-01,pred_mlp,0.44415584415584414,0.8,0.8095238095238095,0.13800358836769,0.025424825992618815,0.11257876237507118
2022-07-05,pred_mlp,0.5337662337662338,1.0,0.8095238095238095,0.15052951401106324,0.02831752120995954,0.1222119928011037
2022-07-06,pred_mlp,0.47922077922077916,1.0,0.9047619047619048,0.16482002659220582,0.03373218272761258,0.13108784386459324
2022-07-07,pred_mlp,0.4311688311688312,1.0,0.8571428571428571,0.12753938493756606,0.01129027251846788,0.11624911241909817
2022-07-08,pred_mlp,0.4506493506493507,1.0,0.8095238095238095,0.10355989456765272,0.045636738356596006,0.05792315621105671
2022-07-11,pred_mlp,0.39610389610389607,1.0,0.9047619047619048,0.12677517377906225,0.051374920959496674,0.07540025281956558
2022-07-12,pred_mlp,0.44675324675324674,1.0,0.9523809523809523,0.1044134686120263,0.03403905762254387,0.07037441098948244
2022-07-13,pred_mlp,0.4324675324675325,1.0,0.9523809523809523,0.15717691490192776,0.05214764824037528,0.10502926666155248
2022-07-14,pred_mlp,0.5363636363636364,1.0,0.9047619047619048,0.16720167292243712,0.05232834319294868,0.11487332972948844
2022-07-15,pred_mlp,0.3051948051948052,1.0,0.9047619047619048,0.12951315137020214,0.08548832851724755,0.04402482285295459
2022-07-18,pred_mlp,0.087012987012987,1.0,0.9523809523809523,0.10213844533268066,0.09512343196078002,0.007015013371900636
2022-07-19,pred_mlp,0.2194805194805195,1.0,0.9523809523809523,0.0763044133100712,0.0489971019113979,0.027307311398673303
2022-07-20,pred_mlp,-0.04155844155844156,0.8,0.9047619047619048,0.05709886395282833,0.05409990019556406,0.0029989637572642724
2022-07-21,pred_mlp,-0.23766233766233766,0.8,0.9047619047619048,0.0365914312088196,0.06532124499303185,-0.02872981378421225
2022-07-22,pred_mlp,0.2792207792207792,1.0,0.8571428571428571,0.0667513616902069,0.03140701846686498,0.03534434322334192
2022-07-25,pred_mlp,-0.13116883116883118,0.6,0.7619047619047619,0.011663865911421167,0.026691045701983395,-0.015027179790562228
2022-07-26,pred_mlp,0.16103896103896104,1.0,0.8571428571428571,0.04175845007511736,0.02575232138931367,0.01600612868580369
2022-07-27,pred_mlp,0.4636363636363636,1.0,0.6666666666666666,0.045617268568104885,-0.0035488841939462557,0.04916615276205114
2022-07-28,pred_mlp,0.35454545454545455,0.8,0.6666666666666666,0.031001184308443584,0.026037478801228753,0.0049637055072148314
2022-07-29,pred_mlp,-0.24285714285714283,0.4,0.38095238095238093,-0.044642061094984385,0.009013011308508179,-0.053655072403492564
2022-08-01,pred_mlp,-0.2831168831168831,0.2,0.3333333333333333,-0.0647336479525931,-0.0007262712151027805,-0.06400737673749032
2022-08-02,pred_mlp,-0.39350649350649347,0.0,0.2857142857142857,-0.05426666068048027,0.010349023167264205,-0.06461568384774448
2022-08-03,pred_mlp,-0.36623376623376624,0.0,0.19047619047619047,-0.07386087323438792,-0.01760259530032384,-0.05625827793406408
2022-08-04,pred_mlp,-0.44285714285714284,0.0,0.19047619047619047,-0.12590857810746897,-0.02287505261971352,-0.10303352548775545
2022-08-05,pred_mlp,-0.34415584415584416,0.0,0.19047619047619047,-0.09846126030066278,-0.010089736839323704,-0.08837152346133907
2022-08-08,pred_mlp,-0.09220779220779221,0.0,0.19047619047619047,-0.06192940358987857,-0.051838915094152595,-0.010090488495725976
2022-08-09,pred_mlp,-0.14935064935064934,0.0,0.19047619047619047,-0.07344346747859361,-0.02881846720379484,-0.044625000274798765
2022-08-10,pred_mlp,-0.12207792207792208,0.0,0.14285714285714285,-0.052285181783694346,-0.027148151404577225,-0.02513703037911712
2022-08-11,pred_mlp,0.11298701298701298,0.2,0.19047619047619047,-0.050438701098425076,-0.03597360671553138,-0.014465094382893694
2022-08-12,pred_mlp,0.08571428571428572,0.2,0.19047619047619047,-0.038728747975332344,-0.04855066650149738,0.009821918526165034
2022-08-15,pred_mlp,-0.2675324675324675,0.2,0.14285714285714285,-0.10402672273680283,-0.044327037881428846,-0.05969968485537398
2022-08-16,pred_mlp,-0.44675324675324674,0.2,0.14285714285714285,-0.10593047766546693,-0.026017271959326925,-0.07991320570614
2022-08-17,pred_mlp,-0.36623376623376624,0.2,0.14285714285714285,-0.1285735700326846,-0.034608791506244185,-0.09396477852644042
2022-08-18,pred_mlp,-0.3207792207792208,0.0,0.09523809523809523,-0.1349870679805676,-0.05013851726876275,-0.08484855071180483
2022-08-19,pred_mlp,-0.7571428571428571,0.0,0.09523809523809523,-0.12938612665448307,-0.02415285861739531,-0.10523326803708775
2022-08-22,pred_mlp,-0.5610389610389611,0.0,0.09523809523809523,-0.10530578580569283,-0.022433461896269335,-0.08287232390942349
2022-08-23,pred_mlp,-0.6610389610389611,0.0,0.09523809523809523,-0.12264638473387246,-0.02010484304967721,-0.10254154168419524
2022-08-24,pred_mlp,-0.6649350649350649,0.0,0.09523809523809523,-0.1524947937730722,-0.054639523214610006,-0.0978552705584622
2022-08-25,pred_mlp,-0.4922077922077922,0.0,0.047619047619047616,-0.1857670222123168,-0.10223628615625113,-0.08353073605606567
2022-08-26,pred_mlp,-0.6233766233766234,0.0,0.047619047619047616,-0.15604788549103957,-0.04484134632438721,-0.11120653916665235
2022-08-29,pred_mlp,-0.7324675324675325,0.0,0.047619047619047616,-0.14570219341731933,-0.036011117643173815,-0.10969107577414551
2022-08-30,pred_mlp,-0.503896103896104,0.0,0.047619047619047616,-0.10640112810454302,-0.0295231627443588,-0.07687796536018422
2022-08-31,pred_mlp,-0.5545454545454546,0.0,0.047619047619047616,-0.13228115268190194,-0.04193256665572618,-0.09034858602617576
2022-09-01,pred_mlp,-0.5766233766233767,0.0,0.047619047619047616,-0.12335147307917223,-0.030394149225658817,-0.09295732385351341
2022-09-02,pred_mlp,-0.7129870129870131,0.0,0.047619047619047616,-0.08515967681657566,-0.02188968132259559,-0.06326999549398007
2022-09-06,pred_mlp,-0.22337662337662337,0.0,0.19047619047619047,-0.040008325706802794,-0.011520956727266319,-0.028487368979536475
2022-09-07,pred_mlp,-0.24805194805194808,0.0,0.14285714285714285,-0.0554197427133021,-0.015779164473284868,-0.03964057824001723
2022-09-08,pred_mlp,-0.2922077922077922,0.0,0.14285714285714285,-0.07176146754355099,-0.01636597802170865,-0.05539548952184234
2022-09-09,pred_mlp,-0.5844155844155844,0.0,0.09523809523809523,-0.12517260041295034,-0.037961216501854134,-0.0872113839110962
2022-09-12,pred_mlp,-0.6883116883116883,0.0,0.047619047619047616,-0.16794920586214918,-0.02788750561180999,-0.14006170025033918
2022-09-13,pred_mlp,-0.464935064935065,0.2,0.09523809523809523,-0.10627486258275436,-0.06003800832860899,-0.046236854254145365
2022-09-14,pred_mlp,-0.5766233766233767,0.0,0.047619047619047616,-0.1330370565551954,-0.06036528413391216,-0.07267177242128325
2022-09-15,pred_mlp,-0.5727272727272726,0.0,0.09523809523809523,-0.09068002288833658,-0.022339757701159348,-0.06834026518717723
2022-09-16,pred_mlp,-0.3818181818181818,0.2,0.09523809523809523,-0.10058609454751799,-0.042043195862541974,-0.058542898684976016
2022-09-19,pred_mlp,-0.37792207792207794,0.2,0.09523809523809523,-0.07104973897089958,-0.03803199234434398,-0.03301774662655561
2022-09-20,pred_mlp,-0.34285714285714286,0.2,0.14285714285714285,-0.05438145499292975,-0.011482061297778668,-0.042899393695151083
2022-09-21,pred_mlp,-0.15064935064935067,0.2,0.19047619047619047,-0.02419245753749526,-0.021676059689274375,-0.002516397848220886
2022-09-22,pred_mlp,-0.13246753246753248,0.2,0.14285714285714285,-0.004148542260729649,-0.01652278241044871,0.012374240149719062
2022-09-23,pred_mlp,0.2753246753246753,0.6,0.47619047619047616,0.04656180755492543,-0.009957079033256933,0.05651888658818236
2022-09-26,pred_mlp,0.44285714285714284,0.8,0.6666666666666666,0.07294171448745532,-0.002002379241680274,0.07494409372913559
2022-09-27,pred_mlp,0.5987012987012986,1.0,0.7142857142857143,0.11046829836093157,0.009994071880503164,0.1004742264804284
2022-09-28,pred_mlp,0.1064935064935065,0.6,0.5238095238095238,0.03927892282098475,0.002412901365750497,0.03686602145523426
2022-09-29,pred_mlp,0.16753246753246753,0.8,0.6190476190476191,0.026793442591729822,0.00444908297844131,0.02234435961328851
2022-09-30,pred_mlp,0.29740259740259745,0.8,0.6666666666666666,0.06010204443639751,0.002497548434675889,0.05760449600172162
2022-10-03,pred_mlp,0.20779220779220778,0.8,0.6190476190476191,-0.011141030807210428,-0.023175738766194498,0.01203470795898407
2022-10-04,pred_mlp,-0.10259740259740259,0.2,0.5238095238095238,-0.07178877449396734,-0.008353818655757017,-0.06343495583821032
2022-10-05,pred_mlp,0.0025974025974025974,0.6,0.42857142857142855,-0.057552626840646215,-0.01390030095570891,-0.0436523258849373
2022-10-06,pred_mlp,0.11948051948051949,0.4,0.5238095238095238,-0.02785693017327171,-0.02104692448788692,-0.0068100056853847915
2022-10-07,pred_mlp,-0.0038961038961038965,0.6,0.6190476190476191,-0.01911293200564579,0.008221840837366101,-0.02733477284301189
2022-10-10,pred_mlp,0.14805194805194805,0.8,0.7142857142857143,0.038500011520549535,0.04655185450365114,-0.008051842983101604
2022-10-11,pred_mlp,0.2792207792207792,0.8,0.7619047619047619,0.07466847329787343,0.032618815280966884,0.04204965801690655
2022-10-12,pred_mlp,0.2571428571428571,0.6,0.7142857142857143,0.0446512487311773,0.02541261048068657,0.019238638250490728
2022-10-13,pred_mlp,0.3038961038961039,0.8,0.8095238095238095,0.15380775051076273,0.03678713801397306,0.11702061249678966
2022-10-14,pred_mlp,0.5662337662337662,0.8,0.8571428571428571,0.21914129274732508,0.023819937720873076,0.195321355026452
2022-10-17,pred_mlp,0.35194805194805195,0.8,0.8571428571428571,0.16408517874696096,0.021068497340443915,0.14301668140651705
2022-10-18,pred_mlp,0.2636363636363636,1.0,0.9047619047619048,0.14184608582539848,0.06920343704171424,0.07264264878368425
2022-10-19,pred_mlp,0.2584415584415584,1.0,0.9047619047619048,0.06854749049613215,0.030906294300748517,0.037641196195383635
2022-10-20,pred_mlp,0.14415584415584418,1.0,0.8571428571428571,0.10468614294441525,0.08481714651232178,0.019868996432093472
2022-10-21,pred_mlp,0.4948051948051948,1.0,0.8095238095238095,0.12023229925507528,0.03303159876662502,0.08720070048845026
2022-10-24,pred_mlp,0.12467532467532469,0.8,0.8095238095238095,0.05778097649958489,0.07705892194313546,-0.01927794544355057
2022-10-25,pred_mlp,0.32597402597402597,1.0,0.8571428571428571,0.1328454548314495,0.020286500736704616,0.11255895409474488
2022-10-26,pred_mlp,-0.1012987012987013,0.8,0.9047619047619048,0.02125326812422319,0.08401018703584358,-0.06275691891162039
2022-10-27,pred_mlp,-0.0025974025974025974,1.0,0.9523809523809523,0.06687493825308648,0.05885101045084262,0.008023927802243855
2022-10-28,pred_mlp,0.16363636363636364,1.0,0.9047619047619048,0.05851378208045639,0.03146869142870865,0.02704509065174774
2022-10-31,pred_mlp,0.05844155844155843,1.0,0.8571428571428571,0.05182054882917466,0.019774605591181493,0.03204594323799317
2022-11-01,pred_mlp,0.43376623376623374,1.0,0.9047619047619048,0.13607170702937607,0.03718676795036455,0.09888493907901152
2022-11-02,pred_mlp,0.3246753246753247,1.0,0.9047619047619048,0.1488672269846229,0.0819721154476847,0.0668951115369382
2022-11-03,pred_mlp,0.39090909090909093,0.8,0.9047619047619048,0.16046127542668404,0.04126845360540963,0.11919282182127441
2022-11-04,pred_mlp,0.08441558441558442,0.8,0.8571428571428571,0.11864083174679993,0.08917214511826285,0.029468686628537077
2022-11-07,pred_mlp,0.31428571428571433,0.8,0.8571428571428571,0.07485164084596659,0.013148589142524836,0.06170305170344175
2022-11-08,pred_mlp,-0.06363636363636363,0.8,0.8095238095238095,0.058979185499467054,0.08102578729463716,-0.02204660179517011
2022-11-09,pred_mlp,0.3103896103896104,1.0,0.8571428571428571,0.08382532873643314,0.06843287125458034,0.015392457481852806
2022-11-10,pred_mlp,-0.2922077922077922,0.4,0.5714285714285714,-0.015112249751779227,0.036227890939843396,-0.05134014069162263
2022-11-11,pred_mlp,-0.14155844155844155,0.4,0.6666666666666666,-0.013472886366254766,0.017311115593908723,-0.03078400196016349
2022-11-14,pred_mlp,-0.13896103896103898,0.6,0.7619047619047619,0.020666702494789878,0.06419743139507025,-0.043530728900280376
2022-11-15,pred_mlp,-0.10519480519480517,0.4,0.7142857142857143,-0.018367351489694796,0.025828962379451915,-0.044196313869146714
2022-11-16,pred_mlp,-0.44935064935064933,0.2,0.6190476190476191,-0.030467225094059656,0.02568162114179091,-0.056148846235850564
2022-11-17,pred_mlp,-0.0012987012987012987,0.8,0.5238095238095238,0.023450717469276582,0.004091583276333033,0.01935913419294355
2022-11-18,pred_mlp,0.16363636363636364,0.6,0.47619047619047616,-0.007467609214415671,-0.01270223113575486,0.005234621921339189
2022-11-21,pred_mlp,-0.2025974025974026,0.2,0.42857142857142855,-0.02835179302363806,-0.002593802901252529,-0.02575799012238553
2022-11-22,pred_mlp,0.022077922077922082,0.6,0.47619047619047616,0.005069894553282351,0.0026475137861357023,0.0024223807671466483
2022-11-23,pred_mlp,-0.34415584415584416,0.0,0.38095238095238093,-0.04732587393768402,-0.01407127494401208,-0.03325459899367194
2022-11-25,pred_mlp,-0.23636363636363636,0.0,0.2857142857142857,-0.035382613555230646,-0.031288941466586714,-0.004093672088643932
2022-11-28,pred_mlp,0.11168831168831168,0.4,0.38095238095238093,-0.0007449322193864738,-0.012994142592617464,0.01224921037323099
2022-11-29,pred_mlp,0.21038961038961035,0.2,0.23809523809523808,-0.013880320139211477,-0.03085578481300748,0.016975464673796004
2022-11-30,pred_mlp,0.11818181818181818,0.4,0.19047619047619047,-0.025064023562720705,-0.0474427220231534,0.022378698460432698
2022-12-01,pred_mlp,0.00909090909090909,0.0,0.09523809523809523,-0.03246902484770457,-0.02975420399194815,-0.002714820855756424
2022-12-02,pred_mlp,-0.05844155844155843,0.2,0.23809523809523808,-0.04474089523127389,-0.059309571416759986,0.014568676185486094
2022-12-05,pred_mlp,-0.005194805194805195,0.2,0.3333333333333333,-0.018893334086930634,-0.027007531773921144,0.00811419768699051
2022-12-06,pred_mlp,-0.06493506493506493,0.2,0.38095238095238093,-0.02743922585055587,-0.007075186875459027,-0.020364038975096845
2022-12-07,pred_mlp,0.35584415584415585,0.6,0.5238095238095238,0.03455343885209894,-0.0016006463421239347,0.036154085194222876
2022-12-08,pred_mlp,0.07662337662337662,0.4,0.5238095238095238,0.005468911317145997,-0.0027524911549857258,0.008221402472131722
2022-12-09,pred_mlp,0.42727272727272725,0.8,0.5238095238095238,0.051212364548627896,-0.016558947500565923,0.06777131204919382
2022-12-12,pred_mlp,0.22987012987012984,0.8,0.5714285714285714,0.04977173590083352,0.003568856607679205,0.046202879293154316
2022-12-13,pred_mlp,0.24155844155844156,0.8,0.5714285714285714,0.03655043518062477,0.01496803391395778,0.02158240126666699
2022-12-14,pred_mlp,0.3116883116883117,0.8,0.5714285714285714,0.041509477078575795,-0.01117724232571624,0.05268671940429204
2022-12-15,pred_mlp,0.4311688311688312,0.8,0.7619047619047619,0.047330117108603534,-0.008043470890278636,0.05537358799888217
2022-12-16,pred_mlp,0.38571428571428573,0.8,0.7142857142857143,0.044706305605172615,-0.0030565378127633824,0.047762843417936
2022-12-19,pred_mlp,0.24805194805194808,0.8,0.7142857142857143,0.03949816682719498,0.019915242671234547,0.019582924155960434
2022-12-20,pred_mlp,0.6454545454545455,1.0,0.7142857142857143,0.11482629990845417,0.0013738550040596654,0.1134524449043945
2022-12-21,pred_mlp,0.6870129870129871,1.0,0.7142857142857143,0.12743411000218652,-0.008010366531138801,0.1354444765333253
2022-12-22,pred_mlp,0.4883116883116883,1.0,0.7619047619047619,0.1255953493353769,0.0344226486966982,0.09117270063867869
2022-12-23,pred_mlp,0.5584415584415584,1.0,0.7619047619047619,0.15624785204746194,0.018104604104202827,0.1381432479432591
2022-12-27,pred_mlp,0.6051948051948052,1.0,0.7619047619047619,0.1830191310756609,0.005728002414254729,0.17729112866140617
2022-12-28,pred_mlp,0.6246753246753247,1.0,0.7619047619047619,0.24315912816646965,0.006937677732970271,0.23622145043349937
2022-12-29,pred_mlp,0.6103896103896104,1.0,0.7619047619047619,0.1621537678050279,0.007269848268034407,0.15488391953699351
2022-12-30,pred_mlp,0.6597402597402597,1.0,0.8095238095238095,0.15684927856943043,0.014642581856203752,0.14220669671322667
2023-01-03,pred_mlp,0.7532467532467532,1.0,0.8571428571428571,0.22358628773412134,0.011179262488126373,0.21240702524599497
2023-01-04,pred_mlp,0.7363636363636364,1.0,0.8095238095238095,0.3004354273217831,0.01527628083793724,0.2851591464838458
2023-01-05,pred_mlp,0.6857142857142857,1.0,0.8095238095238095,0.22659726204128455,0.0005248392569616511,0.2260724227843229
2023-01-06,pred_mlp,0.5792207792207792,1.0,0.8095238095238095,0.24290419059925253,0.022774083990411163,0.22013010660884136
2023-01-09,pred_mlp,0.487012987012987,1.0,0.7619047619047619,0.17835201976534404,0.10927032203937992,0.06908169772596412
2023-01-10,pred_mlp,0.751948051948052,1.0,0.7142857142857143,0.2255349246890277,-0.0019075712968541713,0.22744249598588187
2023-01-11,pred_mlp,0.40259740259740256,0.8,0.5714285714285714,0.12182333712619216,0.05438543719937701,0.06743789992681515
2023-01-12,pred_mlp,0.26233766233766237,1.0,0.6190476190476191,0.09547247663115685,0.004091681046645479,0.09138079558451137
2023-01-13,pred_mlp,0.26493506493506497,1.0,0.6666666666666666,0.11047383433542338,0.05151827007070764,0.05895556426471574
2023-01-17,pred_mlp,0.461038961038961,1.0,0.6190476190476191,0.061813051480208346,0.06126216411314391,0.0005508873670644343
2023-01-18,pred_mlp,0.5077922077922078,0.8,0.6666666666666666,0.07041244775050712,0.004070014913779185,0.06634243283672793
2023-01-19,pred_mlp,0.44675324675324674,0.8,0.6666666666666666,0.09031420999652542,-0.008503526334697597,0.09881773633122302
2023-01-20,pred_mlp,0.39350649350649347,1.0,0.6666666666666666,0.12209226672083284,0.010963135496216391,0.11112913122461646
2023-01-23,pred_mlp,0.2194805194805195,0.6,0.42857142857142855,0.03852038282620436,-0.010778333559181097,0.04929871638538546
2023-01-24,pred_mlp,0.20649350649350648,0.6,0.38095238095238093,0.02166441612717702,0.023395595611199704,-0.0017311794840226824
2023-01-25,pred_mlp,0.41298701298701296,0.6,0.42857142857142855,0.04628705611541624,-0.03149806076618045,0.07778511688159669
2023-01-26,pred_mlp,0.3077922077922078,0.4,0.23809523809523808,0.016077396688458777,-0.03603998503357479,0.05211738172203357
2023-01-27,pred_mlp,0.2597402597402597,0.6,0.2857142857142857,0.02129685917825097,-0.015780441353824594,0.037077300532075565
2023-01-30,pred_mlp,-0.02857142857142857,0.6,0.38095238095238093,-0.007838830320563761,0.05301918809736692,-0.06085801841793068
2023-01-31,pred_mlp,0.2792207792207792,0.2,0.19047619047619047,0.01261186560806724,-0.03574565629498718,0.04835752190305442
2023-02-01,pred_mlp,0.05064935064935065,0.2,0.19047619047619047,-0.0025305403597906785,-0.013739490657579711,0.011208950297789032
2023-02-02,pred_mlp,-0.37792207792207794,0.2,0.23809523809523808,-0.020044544447094047,-0.024432179879276504,0.004387635432182457
2023-02-03,pred_mlp,-0.16103896103896104,0.0,0.23809523809523808,-0.03577985257035195,0.002015864262056222,-0.03779571683240817
2023-02-06,pred_mlp,-0.07012987012987014,0.2,0.19047619047619047,-0.019286706337170757,-0.021016525849144395,0.0017298195119736376
2023-02-07,pred_mlp,-0.15324675324675324,0.0,0.14285714285714285,-0.04989960999542999,-0.026262378251989026,-0.023637231743440967
2023-02-08,pred_mlp,0.2675324675324675,0.2,0.09523809523809523,-0.024801900978241465,-0.05144629559852476,0.026644394620283295
2023-02-09,pred_mlp,-0.05324675324675325,0.6,0.2857142857142857,-0.009808892852644125,-0.021715271961034267,0.011906379108390142
2023-02-10,pred_mlp,-0.2324675324675325,0.2,0.2857142857142857,-0.043825939588232846,-0.009456727728304259,-0.03436921185992858
2023-02-13,pred_mlp,-0.21168831168831168,0.4,0.23809523809523808,-0.036835730652839335,-0.022354087643805066,-0.014481643009034269
2023-02-14,pred_mlp,-0.3155844155844156,0.2,0.2857142857142857,-0.07642050130444686,-0.017528491861456087,-0.05889200944299077
2023-02-15,pred_mlp,-0.4506493506493507,0.2,0.3333333333333333,-0.016448025601776183,0.03181193551415851,-0.04825996111593469
2023-02-16,pred_mlp,0.06883116883116883,0.6,0.38095238095238093,0.010241131496705936,0.001219690689658015,0.00902144080704792
2023-02-17,pred_mlp,0.28831168831168835,0.8,0.3333333333333333,0.08384675803209511,-0.006946697169728999,0.09079345520182411
2023-02-21,pred_mlp,0.2935064935064935,0.8,0.42857142857142855,0.10255832709454982,-0.003925723718314411,0.10648405081286423
2023-02-22,pred_mlp,0.3064935064935065,0.8,0.38095238095238093,0.10074042416774771,-0.023044350236195332,0.12378477440394305
2023-02-23,pred_mlp,0.47792207792207797,1.0,0.38095238095238093,0.11253982939555626,-0.02806045719639032,0.1406002865919466
2023-02-24,pred_mlp,0.03896103896103896,0.6,0.5238095238095238,0.0480186773120241,0.05804541450122454,-0.010026737189200441
2023-02-27,pred_mlp,0.38831168831168833,0.8,0.5714285714285714,0.07918767438625977,-0.022083266338579755,0.10127094072483953
2023-02-28,pred_mlp,0.35974025974025975,0.8,0.7142857142857143,0.06980761886162382,-0.015447696411027367,0.08525531527265118
2023-03-01,pred_mlp,0.44675324675324674,0.8,0.6190476190476191,0.11074329023576537,0.009910018310888091,0.10083327192487729
2023-03-02,pred_mlp,0.37532467532467534,0.8,0.7142857142857143,0.08969533423489792,0.0029266694802579487,0.08676866475463997
2023-03-03,pred_mlp,0.3532467532467533,0.8,0.6666666666666666,0.07461333380811501,0.006289162317498098,0.06832417149061691
2023-03-06,pred_mlp,0.12207792207792208,1.0,0.7619047619047619,0.08535555841300302,0.049978456397022496,0.03537710201598052
2023-03-07,pred_mlp,0.06623376623376624,1.0,0.7619047619047619,0.07267041913867059,0.08792733934709103,-0.01525692020842044
2023-03-08,pred_mlp,0.464935064935065,1.0,0.7619047619047619,0.07873424327682166,0.004642471751569311,0.07409177152525234
2023-03-09,pred_mlp,-0.09090909090909091,0.8,0.7619047619047619,0.07045217514479103,0.09767454852352295,-0.027222373378731915
2023-03-10,pred_mlp,0.3194805194805195,1.0,0.9047619047619048,0.11402228611484433,0.06268045001169298,0.05134183610315135
2023-03-13,pred_mlp,0.17272727272727273,1.0,0.9523809523809523,0.06438565026063361,0.048969409627050764,0.01541624063358285
2023-03-14,pred_mlp,0.1935064935064935,0.8,0.9047619047619048,0.06295117288122616,0.033541609666083015,0.029409563215143146
2023-03-15,pred_mlp,0.14285714285714285,1.0,0.9523809523809523,0.05372061244175437,0.04262309095014285,0.011097521491611521
2023-03-16,pred_mlp,0.01038961038961039,0.8,0.9047619047619048,0.04539226011814237,0.02810792611701498,0.01728433400112739
2023-03-17,pred_mlp,0.212987012987013,1.0,0.8571428571428571,0.05383985524428141,0.017130181939557378,0.03670967330472403
2023-03-20,pred_mlp,0.4142857142857143,1.0,0.8571428571428571,0.06833558794361139,0.02426322306713924,0.04407236487647215
2023-03-21,pred_mlp,0.33896103896103896,0.8,0.8571428571428571,0.03527730350616602,0.028792147502337984,0.0064851560038280374
2023-03-22,pred_mlp,0.08831168831168833,0.8,0.8095238095238095,0.036756087422134785,0.029448335473310473,0.007307751948824312
2023-03-23,pred_mlp,0.06623376623376624,0.6,0.7142857142857143,0.018970315149667516,0.03297856376232784,-0.014008248612660326
2023-03-24,pred_mlp,0.20779220779220778,0.8,0.8095238095238095,0.0304438014176732,0.006756100977245416,0.023687700440427784
2023-03-27,pred_mlp,-0.13246753246753248,0.4,0.7142857142857143,0.01654972625883846,0.030527969445933056,-0.013978243187094598
2023-03-28,pred_mlp,0.0987012987012987,0.6,0.7619047619047619,0.01603537148356824,0.012689057577263619,0.0033463139063046217
2023-03-29,pred_mlp,0.07142857142857142,0.8,0.7619047619047619,0.05041512456816135,0.012158880806487637,0.03825624376167371
2023-03-30,pred_mlp,0.033766233766233764,1.0,0.8571428571428571,0.03687943444129917,0.017485780255779116,0.019393654185520057
2023-03-31,pred_mlp,0.2545454545454545,1.0,0.6666666666666666,0.05863239078009417,0.021008261455555077,0.037624129324539096
2023-04-03,pred_mlp,-0.09090909090909091,0.6,0.5714285714285714,0.016794039752244517,0.011399410584088398,0.005394629168156119
2023-04-04,pred_mlp,-0.1155844155844156,0.6,0.6190476190476191,0.01796795809702887,0.007351469073000216,0.010616489024028654
2023-04-05,pred_mlp,0.00909090909090909,0.4,0.42857142857142855,-0.016329243879311874,-0.0052379927725829,-0.011091251106728973
2023-04-06,pred_mlp,0.22207792207792207,0.6,0.6666666666666666,0.016873715198440165,0.0006030203339839835,0.016270694864456182
2023-04-10,pred_mlp,0.13766233766233765,0.6,0.5714285714285714,0.009588455638699233,-0.0077475783210489094,0.017336033959748143
2023-04-11,pred_mlp,0.15714285714285717,0.4,0.47619047619047616,0.020109269786333473,-0.008848416870464403,0.028957686656797876
2023-04-12,pred_mlp,0.18961038961038962,0.8,0.5714285714285714,0.020431508889199358,0.003425823201151301,0.017005685688048056
2023-04-13,pred_mlp,0.24025974025974026,0.8,0.3333333333333333,0.0443879764856143,-0.008990462513008324,0.05337843899862263
2023-04-14,pred_mlp,0.21168831168831168,0.6,0.47619047619047616,0.00483851685060106,0.0007708694245759151,0.0040676474260251455
2023-04-17,pred_mlp,0.3025974025974026,0.6,0.47619047619047616,0.03173080028044946,-0.024084262805971,0.05581506308642046
2023-04-18,pred_mlp,0.5454545454545454,1.0,0.38095238095238093,0.05256916126083846,-0.03367433961579562,0.08624350087663407
2023-04-19,pred_mlp,0.7025974025974026,0.8,0.47619047619047616,0.07370221254937577,-0.013754626204674469,0.08745683875405023
2023-04-20,pred_mlp,0.5961038961038961,0.8,0.3333333333333333,0.09743079834087161,-0.010753861929797059,0.10818466027066867
2023-04-21,pred_mlp,0.464935064935065,0.8,0.38095238095238093,0.09924748698282997,-0.02562198000069025,0.12486946698352022
2023-04-24,pred_mlp,0.5454545454545454,0.8,0.42857142857142855,0.10743070845896356,-0.007181971543485521,0.11461268000244908
2023-04-25,pred_mlp,0.1909090909090909,0.8,0.42857142857142855,0.0917142605973984,0.01768399093407076,0.07403026966332764
2023-04-26,pred_mlp,0.3987012987012987,0.8,0.42857142857142855,0.08992977514047644,-0.0007401195659119785,0.09066989470638842
2023-04-27,pred_mlp,0.42727272727272725,0.8,0.38095238095238093,0.12278053873204268,-0.026897005470423018,0.1496775442024657
2023-04-28,pred_mlp,0.2753246753246753,0.8,0.38095238095238093,0.11759098373542402,-0.009138087455940603,0.12672907119136462
2023-05-01,pred_mlp,0.32597402597402597,0.8,0.38095238095238093,0.1252026024806074,-0.004987929892353238,0.13019053237296066
2023-05-02,pred_mlp,0.33246753246753247,0.8,0.38095238095238093,0.1295602374557618,0.004070055414369356,0.12549018204139245
2023-05-03,pred_mlp,0.5454545454545454,1.0,0.5238095238095238,0.18599191933491338,-0.017198898418943575,0.20319081775385694
2023-05-04,pred_mlp,0.387012987012987,0.8,0.6666666666666666,0.10886315300149729,-0.0005429288706100266,0.10940608187210732
2023-05-05,pred_mlp,0.45194805194805193,0.8,0.47619047619047616,0.11270345574353105,-0.0060535669532082005,0.11875702269673925
2023-05-08,pred_mlp,-0.32597402597402597,0.4,0.5714285714285714,0.011528513990402733,0.12438168470184774,-0.112853170711445
2023-05-09,pred_mlp,0.5285714285714286,1.0,0.6190476190476191,0.09724567681892263,-0.008583284523889767,0.10582896134281239
2023-05-10,pred_mlp,0.6987012987012987,1.0,0.6666666666666666,0.13347399263883725,-0.022414111942492255,0.1558881045813295
2023-05-11,pred_mlp,0.7454545454545455,1.0,0.6666666666666666,0.12532457360652752,-0.02487198126932142,0.15019655487584893
2023-05-12,pred_mlp,0.3701298701298701,1.0,0.7142857142857143,0.13920128942054194,0.01512470333140643,0.12407658608913551
2023-05-15,pred_mlp,0.14025974025974028,1.0,0.7142857142857143,0.05373663779869631,0.04844255073705561,0.005294087061640695
2023-05-16,pred_mlp,0.6675324675324676,0.8,0.7142857142857143,0.16548805624217652,0.002401529448743167,0.16308652679343336
2023-05-17,pred_mlp,0.47792207792207797,1.0,0.8095238095238095,0.1560135294861884,0.041711542754354604,0.11430198673183381
2023-05-18,pred_mlp,0.32597402597402597,1.0,0.8571428571428571,0.10253680042048226,0.023071916023896976,0.07946488439658528
2023-05-19,pred_mlp,0.21038961038961035,0.8,0.8095238095238095,0.10170190792490312,0.048077346546661584,0.053624561378241536
2023-05-22,pred_mlp,0.18051948051948052,1.0,0.8571428571428571,0.017203880150218252,0.01301857315092465,0.0041853069992936025
2023-05-23,pred_mlp,0.3090909090909091,0.8,0.8571428571428571,0.03405451710163818,0.01449095282855919,0.019563564273078995
2023-05-24,pred_mlp,0.3701298701298701,0.8,0.8571428571428571,0.05484892154406955,0.03493356401330398,0.019915357530765565
2023-05-25,pred_mlp,-0.05064935064935065,0.8,0.8571428571428571,0.036654923252019064,0.02861269015283201,0.008042233099187054
2023-05-26,pred_mlp,0.1935064935064935,0.8,0.8571428571428571,0.032321337659401886,0.014547737397414573,0.017773600261987314
2023-05-30,pred_mlp,0.06753246753246753,0.8,0.8571428571428571,0.03320047983022625,0.03391098111573081,-0.0007105012855045598
2023-05-31,pred_mlp,0.4077922077922078,1.0,0.8095238095238095,0.05642853644000741,0.030191473147526127,0.02623706329248128
2023-06-01,pred_mlp,0.02857142857142857,0.8,0.8095238095238095,0.04494799919999835,0.04107509944900589,0.003872899750992455
2023-06-02,pred_mlp,0.07012987012987014,1.0,0.8571428571428571,0.02817806094789512,0.03867370650042221,-0.010495645552527091
2023-06-05,pred_mlp,-0.03766233766233767,0.6,0.8095238095238095,0.024550018397538897,0.028287120386085517,-0.003737101988546619
2023-06-06,pred_mlp,-0.2311688311688312,0.4,0.5714285714285714,0.009510545646663093,0.030752758935863423,-0.02124221328920033
2023-06-07,pred_mlp,0.12207792207792208,0.6,0.6190476190476191,0.02399991160199073,0.008653928265964294,0.015345983336026436
2023-06-08,pred_mlp,-0.3181818181818181,0.6,0.6190476190476191,0.00463444925781642,0.05347908839989581,-0.04884463914207939
2023-06-09,pred_mlp,-0.5506493506493506,0.4,0.7619047619047619,0.011536113149200866,0.0457652110083759,-0.03422909785917503
2023-06-12,pred_mlp,-0.15194805194805194,0.8,0.6666666666666666,0.02215153268533321,0.046869574929075376,-0.024718042243742168
2023-06-13,pred_mlp,0.006493506493506493,1.0,0.9047619047619048,0.06457481156211502,0.032732781624094945,0.03184202993802007
2023-06-14,pred_mlp,0.0,1.0,0.9047619047619048,0.046776849140967025,0.025498151122494584,0.02127869801847244
2023-06-15,pred_mlp,0.016883116883116882,0.6,0.6190476190476191,0.038512194471036286,0.016525071327079234,0.021987123143957052
2023-06-16,pred_mlp,0.5909090909090908,1.0,0.7142857142857143,0.07311886927994751,0.008536643601664751,0.06458222567828276
2023-06-20,pred_mlp,0.11038961038961038,0.8,0.8571428571428571,0.050114123994101686,0.02416119326896804,0.025952930725133647
2023-06-21,pred_mlp,-0.5064935064935064,0.4,0.7619047619047619,0.008907864986923041,0.04706502572659317,-0.038157160739670126
2023-06-22,pred_mlp,-0.2350649350649351,0.8,0.8571428571428571,0.022368567043126352,0.04085358521774531,-0.01848501817461896
2023-06-23,pred_mlp,-0.45454545454545453,0.6,0.8095238095238095,0.030546975828251166,0.05719476853134018,-0.026647792703089014
2023-06-26,pred_mlp,-0.23636363636363636,0.6,0.8095238095238095,0.044211285963707936,0.06304592680626282,-0.018834640842554887
2023-06-27,pred_mlp,0.07402597402597402,0.8,0.8571428571428571,0.03885172787149331,0.034002566226026223,0.004849161645467087
2023-06-28,pred_mlp,-0.1155844155844156,0.4,0.7619047619047619,0.033095846512885885,0.04170387160247384,-0.008608025089587953
2023-06-29,pred_mlp,0.17142857142857143,0.8,0.8571428571428571,0.06625156390764035,0.022322756329308358,0.043928807578331994
2023-06-30,pred_mlp,-0.02077922077922078,0.4,0.7619047619047619,0.019365412845562147,0.01670008505680578,0.002665327788756368
2023-07-03,pred_mlp,0.12857142857142856,0.6,0.7619047619047619,0.04991593352537431,0.012833934259963754,0.03708199926541056
2023-07-05,pred_mlp,0.33246753246753247,0.6,0.7142857142857143,0.02343487013499197,-0.003546339275724053,0.026981209410716023
2023-07-06,pred_mlp,0.0,0.6,0.6666666666666666,0.024448634639477794,0.01934877925980587,0.005099855379671923
2023-07-07,pred_mlp,0.062337662337662345,0.6,0.7619047619047619,0.028791952907752695,0.00858625917260276,0.020205693735149934
2023-07-10,pred_mlp,0.11168831168831168,0.6,0.7619047619047619,0.03224241397500174,0.007710279202151948,0.024532134772849788
2023-07-11,pred_mlp,0.02727272727272727,0.4,0.7142857142857143,0.0029162651691925666,0.007692191035849727,-0.00477592586665716
2023-07-12,pred_mlp,-0.3168831168831169,0.2,0.3333333333333333,-0.018900448489090248,0.004890489082022054,-0.0237909375711123
2023-07-13,pred_mlp,-0.2662337662337662,0.4,0.2857142857142857,-0.020127477389384363,-0.009425207786440782,-0.01070226960294358
2023-07-14,pred_mlp,-0.20909090909090908,0.2,0.2857142857142857,-0.0376302355446825,0.004457295542590845,-0.042087531087273346
2023-07-17,pred_mlp,-0.4246753246753247,0.2,0.23809523809523808,-0.04150850554513361,0.015500676610840869,-0.05700918215597448
2023-07-18,pred_mlp,-0.32857142857142857,0.0,0.14285714285714285,-0.06350154727131949,-0.01615500842076134,-0.047346538850558145
2023-07-19,pred_mlp,-0.22987012987012984,0.2,0.14285714285714285,-0.042360479644479775,-0.031145196406776397,-0.011215283237703377
2023-07-20,pred_mlp,0.1077922077922078,0.2,0.09523809523809523,-0.023922922264771905,-0.049060821613382835,0.02513789934861093
2023-07-21,pred_mlp,0.3051948051948052,0.2,0.09523809523809523,-0.019505675360409747,-0.04451897856694085,0.025013303206531102
2023-07-24,pred_mlp,0.38311688311688313,0.4,0.14285714285714285,-0.006955590135761369,-0.04304878183713987,0.0360931917013785
2023-07-25,pred_mlp,-0.02857142857142857,0.2,0.09523809523809523,-0.039829320876751284,-0.03888328661186098,-0.0009460342648903025
2023-07-26,pred_mlp,0.15974025974025974,0.6,0.14285714285714285,-0.006821717657883664,-0.03243370488456816,0.0256119872266845
2023-07-27,pred_mlp,0.1948051948051948,0.2,0.14285714285714285,-0.03745605893585193,-0.04667592551297846,0.009219866577126527
2023-07-28,pred_mlp,0.08311688311688312,0.2,0.09523809523809523,-0.04301411026027435,-0.042421815039497934,-0.0005922952207764176
2023-07-31,pred_mlp,-0.11298701298701298,0.2,0.14285714285714285,-0.04702788637157056,-0.022977000830800544,-0.024050885540770013
2023-08-01,pred_mlp,-0.07922077922077922,0.2,0.19047619047619047,-0.023421600461461335,-0.022413332130734976,-0.0010082683307263592
2023-08-02,pred_mlp,-0.033766233766233764,0.4,0.47619047619047616,0.004230026017302069,0.006696196978350955,-0.0024661709610488856
2023-08-03,pred_mlp,-0.07922077922077922,0.4,0.5238095238095238,0.004551184528322638,-0.009078372146843395,0.013629556675166032
2023-08-04,pred_mlp,0.087012987012987,0.6,0.42857142857142855,0.00783338671423155,-0.0057900152517154965,0.013623401965947047
2023-08-07,pred_mlp,0.12467532467532469,0.6,0.2857142857142857,0.004755662772363878,-0.006589942230241652,0.011345605002605529
2023-08-08,pred_mlp,-0.15194805194805194,0.4,0.2857142857142857,-8.36717772092932e-05,0.014315956043665912,-0.014399627820875206
2023-08-09,pred_mlp,-0.15584415584415584,0.4,0.3333333333333333,0.00038277892052034356,0.0002386112595132328,0.00014416766100711076
2023-08-10,pred_mlp,0.17792207792207793,0.4,0.3333333333333333,0.0009330292065728773,-0.018967604391915294,0.019900633598488173
2023-08-11,pred_mlp,-0.1961038961038961,0.4,0.42857142857142855,0.015263284426391088,0.0036397932550524814,0.011623491171338606
2023-08-14,pred_mlp,0.21818181818181817,0.6,0.3333333333333333,-0.0010907545541064545,-0.014413223167670153,0.013322468613563699
2023-08-15,pred_mlp,-0.08311688311688312,0.6,0.6190476190476191,0.0036700434077819644,0.004705814260591956,-0.0010357708528099916
2023-08-16,pred_mlp,0.09220779220779221,0.8,0.7142857142857143,0.03139526108867463,0.01701081514321088,0.014384445945463752
2023-08-17,pred_mlp,0.16493506493506493,0.8,0.7142857142857143,0.011821933229950088,0.009736755475476588,0.0020851777544735
2023-08-18,pred_mlp,-0.016883116883116882,0.8,0.7619047619047619,0.01439329100509017,0.01437823898570847,1.5052019381700879e-05
2023-08-21,pred_mlp,-0.13116883116883118,0.6,0.7142857142857143,-0.011538817337219509,0.014218537904688144,-0.025757355241907653
2023-08-22,pred_mlp,-0.06883116883116883,0.4,0.6666666666666666,-0.020994169056165024,0.00823214682787401,-0.029226315884039032
2023-08-23,pred_mlp,-0.12207792207792208,0.4,0.3333333333333333,-0.03725123886785573,-0.010209505171301703,-0.027041733696554028
2023-08-24,pred_mlp,-0.03506493506493507,0.2,0.3333333333333333,-0.042285303478572844,-0.013305289304680756,-0.028980014173892087
2023-08-25,pred_mlp,-0.2545454545454545,0.2,0.2857142857142857,-0.03622163963756784,0.0023150431313846863,-0.03853668276895252
2023-08-28,pred_mlp,-0.12987012987012986,0.2,0.14285714285714285,-0.047084821186949566,-0.021971809075098037,-0.02511301211185153
2023-08-29,pred_mlp,-0.12467532467532469,0.0,0.09523809523809523,-0.053117270592232056,-0.01696287631822706,-0.03615439427400499
2023-08-30,pred_mlp,0.29740259740259745,0.2,0.14285714285714285,-0.024712359944774408,-0.06011928281912358,0.03540692287434917
2023-08-31,pred_mlp,-0.05324675324675325,0.2,0.14285714285714285,-0.06156176241941613,-0.05589766292997822,-0.005664099489437913
2023-09-01,pred_mlp,0.029870129870129873,0.2,0.09523809523809523,-0.05046144302998532,-0.06097590738466108,0.010514464354675755
2023-09-05,pred_mlp,-0.16363636363636364,0.2,0.09523809523809523,-0.05340361891214287,-0.05328850900104436,-0.00011510991109851126
2023-09-06,pred_mlp,0.6103896103896104,0.2,0.09523809523809523,-0.027373119582020135,-0.07176561234487458,0.044392492762854445
2023-09-07,pred_mlp,0.5025974025974026,0.2,0.09523809523809523,-0.02918406466654979,-0.07049656821889376,0.04131250355234397
2023-09-08,pred_mlp,0.45584415584415583,0.4,0.14285714285714285,-0.011184508437876283,-0.05883334041101076,0.04764883197313448
2023-09-11,pred_mlp,0.5753246753246753,0.6,0.14285714285714285,-0.006035404132826239,-0.05773200375008856,0.05169659961726232
2023-09-12,pred_mlp,0.12207792207792208,0.4,0.14285714285714285,-0.0003385219301315967,-0.03121119607082703,0.03087267414069543
2023-09-13,pred_mlp,0.08181818181818182,0.2,0.14285714285714285,-0.02319506619242495,-0.03218951621156576,0.008994450019140808
2023-09-14,pred_mlp,0.4506493506493507,0.4,0.14285714285714285,-0.0004530384917714292,-0.058945727928023196,0.058492689436251764
2023-09-15,pred_mlp,0.39090909090909093,0.6,0.23809523809523808,0.0021895600970695205,-0.027207806778316624,0.029397366875386143
2023-09-18,pred_mlp,-0.0987012987012987,0.6,0.23809523809523808,-0.004425087440180398,0.008018309698301817,-0.012443397138482214
2023-09-19,pred_mlp,-0.005194805194805195,0.4,0.23809523809523808,-0.012393160920378832,-0.025126437359367083,0.01273327643898825
2023-09-20,pred_mlp,-0.05714285714285714,0.2,0.23809523809523808,-0.0073025722412980885,-0.015421373901787817,0.008118801660489727
2023-09-21,pred_mlp,0.20649350649350648,0.8,0.42857142857142855,0.009380545031687925,-0.008251818985381054,0.01763236401706898
2023-09-22,pred_mlp,0.11688311688311687,0.4,0.2857142857142857,-0.006035824865960504,-0.020315889759275386,0.014280064893314882
2023-09-25,pred_mlp,0.33766233766233766,0.8,0.3333333333333333,0.013380890205335328,-0.02169690978207346,0.035077799987408786
2023-09-26,pred_mlp,0.374025974025974,1.0,0.38095238095238093,0.04180540684518328,-0.019215148786629867,0.06102055563181315
2023-09-27,pred_mlp,0.26493506493506497,0.6,0.2857142857142857,0.008520203546410587,-0.029359035979161164,0.03787923952557175
2023-09-28,pred_mlp,-0.4077922077922078,0.4,0.2857142857142857,-0.020474270989821842,0.010392890102305642,-0.030867161092127483
2023-09-29,pred_mlp,-0.2597402597402597,0.4,0.23809523809523808,-0.02318837317867799,0.00214907041692356,-0.025337443595601552
2023-10-02,pred_mlp,0.04935064935064935,0.6,0.23809523809523808,0.0037003659107840425,0.001687844506643854,0.0020125214041401885
2023-10-03,pred_mlp,-0.14675324675324675,0.6,0.42857142857142855,0.0057585451706765765,0.0015706905302186325,0.004187854640457944
2023-10-04,pred_mlp,-0.06883116883116883,0.6,0.42857142857142855,0.018179393550383716,0.024975858454654398,-0.006796464904270681
2023-10-05,pred_mlp,-0.04155844155844156,0.6,0.8571428571428571,0.031557706657895104,0.03455821819745388,-0.003000511539558777
2023-10-06,pred_mlp,-0.12467532467532469,0.6,0.8095238095238095,0.02905830986629685,0.032774622010414235,-0.003716312144117384
2023-10-09,pred_mlp,0.17662337662337665,0.8,0.7142857142857143,0.03732731337068233,0.01956658646276619,0.017760726907916143
2023-10-10,pred_mlp,0.03506493506493507,1.0,0.7142857142857143,0.042083300309596484,0.02248279296349003,0.019600507346106456
2023-10-11,pred_mlp,0.07272727272727272,0.6,0.5714285714285714,0.02081719616971258,0.002811163411191786,0.018006032758520793
2023-10-12,pred_mlp,0.16623376623376623,0.6,0.5714285714285714,-0.0017220832793004126,-0.00899806870427069,0.007275985424970277
2023-10-13,pred_mlp,0.12727272727272726,0.8,0.8095238095238095,0.02123306645505161,0.02734596211318361,-0.006112895658132
2023-10-16,pred_mlp,0.1155844155844156,0.8,0.6666666666666666,0.022182080509171677,0.025123323481272396,-0.0029412429721007195
2023-10-17,pred_mlp,-0.33246753246753247,0.8,0.8571428571428571,0.011209531044410137,0.04315539197693121,-0.031945860932521074
2023-10-18,pred_mlp,-0.031168831168831172,1.0,0.8571428571428571,0.05754680624150525,0.06924498825702399,-0.01169818201551874
2023-10-19,pred_mlp,0.34025974025974026,0.8,0.8571428571428571,0.0743646046650039,0.04012146297931751,0.03424314168568639
2023-10-20,pred_mlp,0.37792207792207794,0.8,0.9047619047619048,0.08412293953064325,0.021906357692697796,0.06221658183794545
2023-10-23,pred_mlp,0.14935064935064934,0.8,0.9047619047619048,0.08094229088290963,0.05247988916176938,0.028462401721140257
2023-10-24,pred_mlp,-0.21688311688311687,0.8,0.9047619047619048,0.0743072627408405,0.07951203930932235,-0.005204776568481853
2023-10-25,pred_mlp,0.39350649350649347,1.0,0.9047619047619048,0.11038977898370592,0.06504183977897945,0.04534793920472646
2023-10-26,pred_mlp,0.14025974025974028,0.8,0.8571428571428571,0.09962295279912285,0.08695242357757968,0.012670529221543173
2023-10-27,pred_mlp,0.5688311688311689,1.0,0.8571428571428571,0.1269958308800354,0.048744512747422884,0.07825131813261252
2023-10-30,pred_mlp,0.5103896103896104,1.0,0.9047619047619048,0.11520072690411061,0.04827779419066278,0.06692293271344782
2023-10-31,pred_mlp,0.3818181818181818,1.0,0.9047619047619048,0.11310983748709105,0.0521336603021443,0.06097617718494675
2023-11-01,pred_mlp,0.5857142857142857,1.0,0.9047619047619048,0.09628276502190877,0.026075548480374477,0.07020721654153429
2023-11-02,pred_mlp,0.26883116883116887,1.0,0.8571428571428571,0.06319721502014905,0.050486918082125645,0.012710296938023405
2023-11-03,pred_mlp,-0.174025974025974,0.6,0.8571428571428571,0.0063992576656106024,0.03356855880880314,-0.027169301143192538
2023-11-06,pred_mlp,0.3207792207792208,1.0,0.8571428571428571,0.063470230989138,0.022063695174198282,0.041406535814939714
2023-11-07,pred_mlp,0.2662337662337662,0.6,0.7619047619047619,0.035348786656176114,0.009633863434554723,0.02571492322162139
2023-11-08,pred_mlp,0.015584415584415586,0.8,0.8571428571428571,0.0386920389540993,0.0437439242356098,-0.005051885281510501
2023-11-09,pred_mlp,-0.125974025974026,0.8,0.8571428571428571,0.041326694140588136,0.04874515341378858,-0.007418459273200444
2023-11-10,pred_mlp,-0.551948051948052,0.2,0.7619047619047619,0.0007657537719565344,0.07523011811323425,-0.07446436434127772
2023-11-13,pred_mlp,-0.6402597402597403,0.2,0.8095238095238095,-0.014444032070467272,0.0748107819737737,-0.08925481404424096
2023-11-14,pred_mlp,0.07792207792207792,0.6,0.7619047619047619,0.04000711389694911,0.03200760035333707,0.007999513543612037
2023-11-15,pred_mlp,-0.22857142857142856,0.6,0.8095238095238095,0.018757430358037674,0.0471499981139943,-0.028392567755956624
2023-11-16,pred_mlp,0.07662337662337662,0.8,0.8095238095238095,0.06629285634277908,0.03684777445768128,0.0294450818850978
2023-11-17,pred_mlp,-0.3220779220779221,1.0,0.9047619047619048,0.04436218127151657,0.06508340513273567,-0.0207212238612191
2023-11-20,pred_mlp,0.024675324675324677,0.8,0.8095238095238095,0.0485694566676725,0.028963773242749326,0.019605683424923172
2023-11-21,pred_mlp,0.10389610389610389,0.8,0.7619047619047619,0.029911498305171057,0.026609700703868523,0.0033017976013025342
2023-11-22,pred_mlp,-0.2532467532467532,0.8,0.8571428571428571,0.01899962915910276,0.07249212224068943,-0.05349249308158667
2023-11-24,pred_mlp,-0.15714285714285717,1.0,0.9047619047619048,0.03108812833492851,0.04449644439885932,-0.013408316063930805
2023-11-27,pred_mlp,-0.16493506493506493,0.6,0.9047619047619048,0.01970793389544845,0.06488803318170766,-0.04518009928625921
2023-11-28,pred_mlp,0.04805194805194805,1.0,0.9047619047619048,0.05572446350074456,0.06373542246026132,-0.008010958959516756
2023-11-29,pred_mlp,-0.36233766233766235,0.6,0.8571428571428571,0.018426855095646767,0.04024481716304047,-0.021817962067393705
2023-11-30,pred_mlp,0.06493506493506493,0.8,0.8571428571428571,0.04740251838094016,0.0438977857251144,0.0035047326558257583
2023-12-01,pred_mlp,-0.06753246753246753,0.6,0.8095238095238095,0.024953807762340442,0.031616893658866066,-0.006663085896525624
2023-12-04,pred_mlp,0.36103896103896105,0.8,0.9047619047619048,0.04027038192740502,0.022841278436563563,0.01742910349084146
2023-12-05,pred_mlp,0.2714285714285714,0.8,0.8571428571428571,0.04317655551616979,0.016556519184875617,0.026620036331294176
2023-12-06,pred_mlp,0.4948051948051948,1.0,0.8571428571428571,0.060343964136013194,0.013215714634160602,0.04712824950185259
2023-12-07,pred_mlp,0.27792207792207796,0.8,0.8571428571428571,0.05925269495840073,0.03180619620905123,0.0274464987493495
2023-12-08,pred_mlp,0.012987012987012986,0.6,0.9047619047619048,0.039794094302825524,0.030781865175683355,0.009012229127142168
2023-12-11,pred_mlp,0.07922077922077922,1.0,0.9047619047619048,0.06664277313234876,0.03504666126651732,0.03159611186583144
2023-12-12,pred_mlp,0.13766233766233765,1.0,0.8095238095238095,0.06424381982401153,0.024765533263478568,0.03947828656053297
2023-12-13,pred_mlp,0.02077922077922078,0.8,0.8095238095238095,0.05043361222318414,0.006490972504029436,0.04394263971915471
2023-12-14,pred_mlp,0.06103896103896104,0.6,0.38095238095238093,0.0454003947195768,0.009681281623857374,0.03571911309571942
2023-12-15,pred_mlp,-0.06103896103896104,0.4,0.42857142857142855,0.013779337365074817,0.013725103105239621,5.423425983519525e-05
2023-12-18,pred_mlp,0.045454545454545456,0.4,0.5238095238095238,0.007538042374780796,-0.007394683375895173,0.014932725750675968
2023-12-19,pred_mlp,0.062337662337662345,0.4,0.47619047619047616,0.02074850868792948,-0.011148222207721914,0.03189673089565139
2023-12-20,pred_mlp,0.02727272727272727,0.8,0.6666666666666666,0.07542299101297603,0.018997107321523644,0.05642588369145239
2023-12-21,pred_mlp,0.6701298701298701,1.0,0.5714285714285714,0.08626730267975606,-0.027035757151935756,0.11330305983169181
2023-12-22,pred_mlp,0.45974025974025967,0.8,0.5238095238095238,0.07924768247032458,-0.008035687908682632,0.08728337037900721
2023-12-26,pred_mlp,0.26493506493506497,0.6,0.5238095238095238,0.013038943516422808,0.00138585146583885,0.011653092050583957
2023-12-27,pred_mlp,-0.10259740259740259,0.6,0.5238095238095238,0.02531096010523748,0.01814318717484964,0.007167772930387839
2023-12-28,pred_mlp,0.1155844155844156,0.4,0.6666666666666666,0.07298079143860078,0.010665924316747266,0.062314867121853516
2023-12-29,pred_mlp,-0.14155844155844155,0.2,0.6666666666666666,0.0071906314326834805,0.032003057887641996,-0.024812426454958514
2024-01-02,pred_mlp,0.06103896103896104,0.8,0.6666666666666666,0.023296941818884198,0.05418964347764634,-0.030892701658762144
2024-01-03,pred_mlp,-0.17662337662337665,1.0,0.7619047619047619,0.06773211855836551,0.04578456797543114,0.021947550582934378
2024-01-04,pred_mlp,-0.0038961038961038965,0.8,0.7142857142857143,0.05901810529856151,0.08080997541935808,-0.021791870120796572
2024-01-05,pred_mlp,-0.06493506493506493,0.8,0.6190476190476191,0.14757213705175173,0.03503139191396605,0.11254074513778568
2024-01-08,pred_mlp,0.48181818181818176,1.0,0.7142857142857143,0.09565707279111821,0.049570677852332934,0.046086394938785274
2024-01-09,pred_mlp,0.5701298701298702,0.8,0.7619047619047619,0.19567610417577047,0.004808611476524893,0.19086749269924558
2024-01-10,pred_mlp,0.32987012987012987,1.0,0.8095238095238095,0.1894956423458229,0.028194370560692496,0.1613012717851304
2024-01-11,pred_mlp,0.44155844155844154,1.0,0.7619047619047619,0.19579059811269772,0.01639572959717379,0.17939486851552394
2024-01-12,pred_mlp,0.2909090909090909,0.8,0.7619047619047619,0.1380116539991452,0.019908260587628446,0.11810339341151675
2024-01-16,pred_mlp,0.27792207792207796,0.8,0.7619047619047619,0.15767901202485274,0.014173852891646032,0.14350515913320672
2024-01-17,pred_mlp,0.13636363636363635,0.8,0.7619047619047619,0.14303958935068145,0.09060988964632836,0.052429699704353086
2024-01-18,pred_mlp,0.20649350649350648,0.8,0.8571428571428571,0.12083479672513812,0.02902514442378301,0.09180965230135511
2024-01-19,pred_mlp,0.174025974025974,0.4,0.8095238095238095,0.08340409815305065,0.023161322595416235,0.060242775557634416
2024-01-22,pred_mlp,-0.22207792207792207,0.8,0.8571428571428571,0.07237844062303105,0.07799960094162577,-0.00562116031859472
2024-01-23,pred_mlp,0.0987012987012987,0.8,0.8095238095238095,0.06812899761031699,0.0645897660009938,0.003539231609323193
2024-01-24,pred_mlp,0.23376623376623373,1.0,0.9047619047619048,0.10546004101629851,0.026975477221938805,0.0784845637943597
2024-01-25,pred_mlp,-0.1064935064935065,0.8,0.9047619047619048,0.07967598414840675,0.0747540354316567,0.004921948716750044
2024-01-26,pred_mlp,-0.18571428571428572,0.4,0.8571428571428571,0.07260906870515808,0.07009699432114994,0.0025120743840081478
2024-01-29,pred_mlp,0.2038961038961039,0.8,0.7619047619047619,0.07410737952834072,0.029865925915683843,0.04424145361265688
2024-01-30,pred_mlp,0.11298701298701298,1.0,0.8095238095238095,0.07254611584778839,0.02271870305206707,0.049827412795721324
2024-01-31,pred_mlp,0.49870129870129876,1.0,0.9047619047619048,0.1431002771480207,0.013340691384589575,0.12975958576343113
2024-02-01,pred_mlp,0.43506493506493504,0.8,0.8571428571428571,0.14059792894858442,0.010823111090599302,0.12977481785798511
2024-02-02,pred_mlp,-0.1064935064935065,0.8,0.9047619047619048,0.09541080691397807,0.04424214860621341,0.05116865830776467
2024-02-05,pred_mlp,0.374025974025974,1.0,0.9047619047619048,0.08847234088056122,0.02629890829991941,0.062173432580641806
2024-02-06,pred_mlp,0.36883116883116884,1.0,0.9047619047619048,0.11398031673972535,0.03361571151817522,0.08036460522155013
2024-02-07,pred_mlp,0.41818181818181815,1.0,0.9047619047619048,0.12277129922722821,0.024522772179902664,0.09824852704732555
2024-02-08,pred_mlp,0.23636363636363636,0.8,0.9047619047619048,0.08981922232129798,0.03778432461967891,0.052034897701619065
2024-02-09,pred_mlp,-0.14285714285714285,1.0,0.9047619047619048,0.057776578078102325,0.04325545858915958,0.014521119488942746
2024-02-12,pred_mlp,-0.029870129870129873,1.0,0.9523809523809523,0.08126479444215344,0.02889574752640085,0.05236904691575259
2024-02-13,pred_mlp,-0.14285714285714285,1.0,0.9523809523809523,0.048686066364878176,0.04161698122408639,0.007069085140791784
2024-02-14,pred_mlp,-0.05584415584415584,1.0,0.9523809523809523,0.04302076548795197,0.044727615842348765,-0.0017068503543967925
2024-02-15,pred_mlp,-0.15844155844155844,0.8,0.7142857142857143,0.023253462329796547,0.03912816683034261,-0.015874704500546066
2024-02-16,pred_mlp,-0.33766233766233766,0.8,0.8571428571428571,0.026076182726148266,0.07281783375762348,-0.046741651031475207
2024-02-20,pred_mlp,-0.01818181818181818,1.0,1.0,0.08367788496133946,0.030525841973596667,0.053152042987742794
2024-02-21,pred_mlp,0.37922077922077924,1.0,0.9523809523809523,0.10732435509372631,0.034319651028761514,0.0730047040649648
2024-02-22,pred_mlp,0.059740259740259746,1.0,0.9523809523809523,0.031145004735355065,0.02937892008364622,0.0017660846517088442
2024-02-23,pred_mlp,-0.3532467532467533,1.0,0.9523809523809523,0.018682738022071856,0.07339241244925346,-0.0547096744271816
2024-02-26,pred_mlp,-0.4714285714285714,0.8,0.9523809523809523,0.016804764378346614,0.07627604678641191,-0.05947128240806529
2024-02-27,pred_mlp,0.2597402597402597,1.0,0.9047619047619048,0.05858606705763845,0.02767246356023443,0.03091360349740402
2024-02-28,pred_mlp,-0.11948051948051949,1.0,1.0,0.05475985054694839,0.04887712135796218,0.005882729188986205
2024-02-29,pred_mlp,-0.174025974025974,1.0,0.9523809523809523,0.040194941852563025,0.053949420656248526,-0.0137544788036855
2024-03-01,pred_mlp,-0.44415584415584414,0.6,0.7619047619047619,0.023161005561366466,0.057833377284685586,-0.03467237172331912
2024-03-04,pred_mlp,-0.10389610389610389,0.6,0.6190476190476191,0.01183071278581096,0.013485589952487586,-0.0016548771666766264
2024-03-05,pred_mlp,-0.312987012987013,0.8,0.8095238095238095,0.010192047397713112,0.03382273767992392,-0.02363069028221081
2024-03-06,pred_mlp,0.02077922077922078,0.6,0.5714285714285714,0.002814514156070436,0.00295846281144565,-0.00014394865537521425
2024-03-07,pred_mlp,0.02727272727272727,0.6,0.5238095238095238,0.000895087261648353,0.0019187407664251533,-0.0010236535047768005
2024-03-08,pred_mlp,-0.1987012987012987,0.4,0.6190476190476191,-0.007352098267432794,0.015225442737112594,-0.022577541004545388
2024-03-11,pred_mlp,0.09220779220779221,0.8,0.7142857142857143,0.020764606035689748,0.019618417197248307,0.0011461888384414406
2024-03-12,pred_mlp,0.10259740259740259,0.4,0.47619047619047616,-0.007397772322845597,0.0037453633776521667,-0.011143135700497764
2024-03-13,pred_mlp,0.2584415584415584,0.6,0.5714285714285714,0.01604293395419587,-0.0016354751747521324,0.017678409128948004
2024-03-14,pred_mlp,-0.04935064935064935,0.4,0.42857142857142855,-0.004944521306103655,0.00438307402426723,-0.009327595330370884
2024-03-15,pred_mlp,0.22467532467532467,0.6,0.38095238095238093,0.013885633330344028,0.003337845740035772,0.010547787590308257
2024-03-18,pred_mlp,0.02727272727272727,0.4,0.2857142857142857,-0.0034659838702525867,0.018299626335626384,-0.02176561020587897
2024-03-19,pred_mlp,-0.01038961038961039,0.0,0.23809523809523808,-0.03413100757333247,-0.011394856097659934,-0.022736151475672536
2024-03-20,pred_mlp,0.14025974025974028,0.2,0.23809523809523808,-0.028009230662008177,-0.04803020797927755,0.020020977317269376
2024-03-21,pred_mlp,-0.01818181818181818,0.2,0.23809523809523808,-0.06891263527409337,-0.05994095703181723,-0.00897167824227614
2024-03-22,pred_mlp,-0.44675324675324674,0.0,0.23809523809523808,-0.07902262248099465,-0.013460915453330391,-0.06556170702766426
2024-03-25,pred_mlp,-0.3077922077922078,0.0,0.23809523809523808,-0.055334934644734976,-0.007479769411155112,-0.04785516523357986
2024-03-26,pred_mlp,-0.22597402597402597,0.2,0.3333333333333333,-0.03375489629468529,0.0036995032082299375,-0.03745439950291523
2024-03-27,pred_mlp,-0.24415584415584415,0.2,0.2857142857142857,-0.061541741412873364,-0.034537202885454324,-0.02700453852741904
2024-03-28,pred_mlp,0.0038961038961038965,0.0,0.2857142857142857,-0.05105960970931802,-0.023983090173737166,-0.027076519535580854
2024-04-01,pred_mlp,-0.3090909090909091,0.2,0.3333333333333333,-0.049932657875716255,-0.011100386337301904,-0.03883227153841435
2024-04-02,pred_mlp,-0.24285714285714283,0.2,0.23809523809523808,-0.05887895523216262,-0.023251827757459063,-0.035627127474703556
2024-04-03,pred_mlp,-0.22207792207792207,0.2,0.23809523809523808,-0.06554832829628617,-0.03663415072354885,-0.028914177572737315
2024-04-04,pred_mlp,-0.35584415584415585,0.0,0.23809523809523808,-0.051140102717698956,0.001465520321117575,-0.05260562303881653
2024-04-05,pred_mlp,-0.1935064935064935,0.2,0.23809523809523808,-0.051600190926297376,-0.010364077853084418,-0.041236113073212954
2024-04-08,pred_mlp,-0.14415584415584418,0.2,0.2857142857142857,-0.030743059215387402,0.0020883732736028727,-0.03283143248899027
2024-04-09,pred_mlp,-0.07662337662337662,0.4,0.2857142857142857,-0.020722727997774904,-0.003432344853086211,-0.017290383144688695
2024-04-10,pred_mlp,-0.14155844155844155,0.4,0.6666666666666666,-0.027330219974216495,0.0030513725488484854,-0.03038159252306498
2024-04-11,pred_mlp,-0.5922077922077922,0.2,0.6190476190476191,-0.03596515062354801,0.030014816432234092,-0.0659799670557821
2024-04-12,pred_mlp,-0.6090909090909091,0.4,0.7142857142857143,-0.014005941603120764,0.04059750121220222,-0.054603442815322985
2024-04-15,pred_mlp,-0.34285714285714286,0.6,0.7142857142857143,0.004603725115891688,0.05297721260287491,-0.048373487486983224
2024-04-16,pred_mlp,-0.43376623376623374,0.4,0.7142857142857143,-0.024407648615648724,0.037006673053451934,-0.06141432166910066
2024-04-17,pred_mlp,-0.1948051948051948,0.6,0.8095238095238095,0.036214894721599354,0.05588913522455115,-0.019674240502951794
2024-04-18,pred_mlp,-0.21818181818181817,0.4,0.7619047619047619,-0.0002334002100975674,0.04719420029604708,-0.04742760050614465
2024-04-19,pred_mlp,-0.07402597402597402,0.6,0.8095238095238095,0.0529288356302567,0.06512621305397452,-0.01219737742371782
2024-04-22,pred_mlp,-0.029870129870129873,0.8,0.8095238095238095,0.062368313382690686,0.04145966519300202,0.02090864818968867
2024-04-23,pred_mlp,-0.2025974025974026,0.8,0.8095238095238095,0.039398378403808464,0.06095924283909886,-0.021560864435290393
2024-04-24,pred_mlp,0.062337662337662345,0.8,0.8095238095238095,0.05157003744046895,0.015748746838677906,0.035821290601791046
2024-04-25,pred_mlp,0.03896103896103896,1.0,0.8095238095238095,0.07893105229987407,0.03713126878968918,0.041799783510184894
2024-04-26,pred_mlp,0.6766233766233766,1.0,0.8095238095238095,0.09119442987487032,-5.4576802961392445e-06,0.09119988755516646
2024-04-29,pred_mlp,0.45324675324675323,0.8,0.8571428571428571,0.09945867036051248,0.013386358574566515,0.08607231178594596
2024-04-30,pred_mlp,0.3220779220779221,1.0,0.8571428571428571,0.12727974880422294,0.02967554254032332,0.09760420626389962
2024-05-01,pred_mlp,0.20519480519480518,1.0,0.9047619047619048,0.11087738172107628,0.02894200014853763,0.08193538157253866
2024-05-02,pred_mlp,0.4077922077922078,1.0,0.9047619047619048,0.09958559365011613,0.025294209632115462,0.07429138401800067
2024-05-03,pred_mlp,0.4636363636363636,1.0,0.8095238095238095,0.09660849447029296,0.01951108616963404,0.07709740830065892
2024-05-06,pred_mlp,0.11428571428571428,1.0,0.7619047619047619,0.07185130451084967,0.019249084639391657,0.052602219871458016
2024-05-07,pred_mlp,0.5636363636363637,1.0,0.8571428571428571,0.12238432632909402,0.005193135622737044,0.11719119070635697
2024-05-08,pred_mlp,0.5402597402597402,1.0,0.7619047619047619,0.12377250206431101,0.014015675941614769,0.10975682612269624
2024-05-09,pred_mlp,0.5116883116883117,0.8,0.6190476190476191,0.10168356520198958,-0.009476123432747795,0.11115968863473738
2024-05-10,pred_mlp,0.08181818181818182,0.6,0.6190476190476191,0.025363232604880513,0.0054107233016018165,0.019952509303278698
2024-05-13,pred_mlp,-0.26493506493506497,0.4,0.5714285714285714,0.03179148781624228,0.08689381830156746,-0.05510233048532518
2024-05-14,pred_mlp,-0.36103896103896105,0.4,0.5714285714285714,0.021839372572506142,0.10017614992423715,-0.078336777351731
2024-05-15,pred_mlp,0.07532467532467534,0.6,0.47619047619047616,0.09555623864277345,0.01519890626126148,0.08035733238151196
2024-05-16,pred_mlp,0.3155844155844156,0.4,0.47619047619047616,0.027673120656069927,0.06860783512602875,-0.04093471446995882
2024-05-17,pred_mlp,0.2909090909090909,0.8,0.47619047619047616,0.11445117928840218,0.018645326437063892,0.09580585285133829
2024-05-20,pred_mlp,0.6025974025974027,1.0,0.5238095238095238,0.13870549432620768,-0.01949298170148961,0.1581984760276973
2024-05-21,pred_mlp,0.39610389610389607,0.8,0.5238095238095238,0.10994184957357686,0.004790670340903658,0.1051511792326732
2024-05-22,pred_mlp,0.1012987012987013,0.8,0.5714285714285714,0.03397603130755163,0.06316408595960436,-0.029188054652052736
2024-05-23,pred_mlp,0.38571428571428573,0.8,0.7142857142857143,0.052252763428693894,0.010590587452822264,0.04166217597587163
2024-05-24,pred_mlp,0.08831168831168833,0.8,0.6190476190476191,0.026489428667318692,0.03792778588814272,-0.011438357220824025
2024-05-28,pred_mlp,0.187012987012987,1.0,0.6190476190476191,0.022399633737524294,0.01619818164133737,0.006201452096186923
2024-05-29,pred_mlp,0.5415584415584416,1.0,0.8095238095238095,0.056708971187885295,0.014956623689076954,0.04175234749880834
2024-05-30,pred_mlp,0.29740259740259745,0.8,0.7619047619047619,0.04253140968505886,0.015747276602214845,0.026784133082844018
2024-05-31,pred_mlp,-0.1077922077922078,0.6,0.6190476190476191,0.028315150261942736,0.02437171258063897,0.003943437681303764
2024-06-03,pred_mlp,0.0025974025974025974,0.8,0.6190476190476191,0.042872572485483595,0.04795435790923823,-0.005081785423754634
2024-06-04,pred_mlp,-0.04675324675324675,0.8,0.7142857142857143,0.018762582774434943,0.041757227418370714,-0.02299464464393577
2024-06-05,pred_mlp,0.2597402597402597,0.6,0.6666666666666666,0.0209659913877406,-0.00390271944172389,0.02486871082946449
2024-06-06,pred_mlp,0.33896103896103896,0.6,0.5238095238095238,0.026458824659637115,-0.005431955228108421,0.03189077988774554
2024-06-07,pred_mlp,-0.024675324675324677,0.6,0.6666666666666666,0.023236945351476246,0.020614371694382162,0.0026225736570940836
2024-06-10,pred_mlp,-0.16103896103896104,0.8,0.7619047619047619,0.03580416221143361,0.04876550197701368,-0.012961339765580074
2024-06-11,pred_mlp,-0.13116883116883118,1.0,0.9047619047619048,0.029323795377320973,0.03464766383278399,-0.005323868455463017
2024-06-12,pred_mlp,-0.07012987012987014,0.8,0.8571428571428571,0.02373425538430234,0.02345317983837496,0.0002810755459273784
2024-06-13,pred_mlp,-0.36103896103896105,0.6,0.7142857142857143,0.012251659657429026,0.033783537322619385,-0.02153187766519036
2024-06-14,pred_mlp,0.01818181818181818,0.8,0.7619047619047619,0.017611200254740632,0.0114047520221759,0.006206448232564731
2024-06-17,pred_mlp,0.06883116883116883,0.8,0.6666666666666666,0.023528066070804977,-0.006011135372556109,0.029539201443361085
2024-06-18,pred_mlp,0.27662337662337666,0.6,0.6190476190476191,-0.004529881781654033,-0.026550069282238596,0.022020187500584563
2024-06-20,pred_mlp,0.20129870129870128,0.6,0.5714285714285714,0.0009128799587760472,-0.01076056245817183,0.011673442416947876
2024-06-21,pred_mlp,-0.33896103896103896,0.4,0.6666666666666666,-0.017247787592353812,0.02986699757034499,-0.047114785162698805
2024-06-24,pred_mlp,-0.02727272727272727,0.6,0.6190476190476191,0.016408977717091135,0.010492669349983098,0.005916308367108037
2024-06-25,pred_mlp,-0.4285714285714285,0.4,0.5238095238095238,-0.06523503122088034,0.013806705717174305,-0.07904173693805465
2024-06-26,pred_mlp,-0.1935064935064935,0.6,0.5714285714285714,-0.026158892796093337,0.011773950550709488,-0.03793284334680282
2024-06-27,pred_mlp,-0.24155844155844156,0.4,0.6190476190476191,-0.05597642747170721,0.020039409764280557,-0.07601583723598776
2024-06-28,pred_mlp,-0.21818181818181817,0.4,0.6190476190476191,-0.05866501722990871,-0.007512228704963442,-0.051152788524945265
2024-07-01,pred_mlp,-0.6870129870129871,0.4,0.6190476190476191,-0.07613843469404098,0.05872414185199855,-0.13486257654603953
2024-07-02,pred_mlp,-0.3064935064935065,0.2,0.6666666666666666,-0.02340268929862168,0.05083156637481308,-0.07423425567343475
2024-07-03,pred_mlp,-0.2324675324675325,0.2,0.47619047619047616,-0.06540469270803069,0.003902970320793342,-0.06930766302882403
2024-07-05,pred_mlp,-0.1922077922077922,0.4,0.47619047619047616,-0.040559693013473244,-0.00947203836734154,-0.031087654646131703
2024-07-08,pred_mlp,-0.13766233766233765,0.2,0.3333333333333333,-0.11452581296113029,-0.05159451927201839,-0.0629312936891119
2024-07-09,pred_mlp,-0.1064935064935065,0.2,0.42857142857142855,-0.08897795723104454,-0.02396881582790351,-0.06500914140314103
2024-07-10,pred_mlp,-0.04935064935064935,0.4,0.3333333333333333,-0.11016521454943337,-0.04703823861920202,-0.06312697593023135
2024-07-11,pred_mlp,-0.34415584415584416,0.2,0.38095238095238093,-0.07190569650275928,-0.011718973100833785,-0.0601867234019255
2024-07-12,pred_mlp,-0.2675324675324675,0.2,0.47619047619047616,-0.09751396186617756,-0.01907227986833713,-0.07844168199784043
2024-07-15,pred_mlp,-0.09480519480519481,0.0,0.38095238095238093,-0.08227716456927185,-0.027786288038518615,-0.05449087653075324
2024-07-16,pred_mlp,0.016883116883116882,0.2,0.3333333333333333,-0.04464983820320163,-0.027335113514727616,-0.017314724688474017
2024-07-17,pred_mlp,0.29480519480519485,0.6,0.38095238095238093,0.019714400029244784,-0.01666464176976674,0.036379041799011524
2024-07-18,pred_mlp,0.2727272727272727,0.8,0.6190476190476191,0.03219899232860117,0.008056735460171516,0.024142256868429655
2024-07-19,pred_mlp,0.1961038961038961,1.0,0.7619047619047619,0.04607286123789178,0.01808956328398519,0.027983297953906593
2024-07-22,pred_mlp,-0.04025974025974026,0.8,0.7142857142857143,0.02870901680076643,0.030785330039753166,-0.0020763132389867364
2024-07-23,pred_mlp,-0.2025974025974026,0.6,0.7142857142857143,0.02197524798490975,0.03980205142492947,-0.01782680344001972
2024-07-24,pred_mlp,0.20519480519480518,1.0,0.8095238095238095,0.05853829790777922,0.030338277077790334,0.02820002082998889
2024-07-25,pred_mlp,0.5,1.0,0.8095238095238095,0.08055132151596886,0.024133081717509074,0.056418239798459786
2024-07-26,pred_mlp,0.36883116883116884,1.0,0.8095238095238095,0.07146054455815638,-0.00957620716775227,0.08103675172590866
2024-07-29,pred_mlp,0.6441558441558441,1.0,0.8095238095238095,0.07536754119040738,0.012068221933142697,0.06329931925726469
2024-07-30,pred_mlp,0.6649350649350649,1.0,0.8095238095238095,0.09786865334079149,0.0013944169848389754,0.09647423635595252
2024-07-31,pred_mlp,0.11688311688311687,0.8,0.7619047619047619,0.026689798091077587,0.01514327918010534,0.011546518910972248
2024-08-01,pred_mlp,0.11818181818181818,1.0,0.9047619047619048,0.0371927819026467,0.020791296046314512,0.01640148585633219
2024-08-02,pred_mlp,0.5584415584415584,1.0,0.8571428571428571,0.08161959668616929,0.019084949711200404,0.06253464697496888
2024-08-05,pred_mlp,0.18051948051948052,1.0,0.9047619047619048,0.062103112634229206,0.03625292480058655,0.02585018783364266
2024-08-06,pred_mlp,-0.26493506493506497,0.8,0.9047619047619048,0.02981048661170731,0.03377488428678468,-0.003964397675077367
2024-08-07,pred_mlp,0.03506493506493507,0.8,0.8571428571428571,0.03800331333596794,0.03336664038040611,0.0046366729555618255
2024-08-08,pred_mlp,-0.3701298701298701,0.2,0.7142857142857143,-0.042205935448987854,0.008808070857988026,-0.051014006306975876
2024-08-09,pred_mlp,-0.4766233766233766,0.6,0.8095238095238095,-0.024914094159307076,0.017937191010758836,-0.04285128517006591
2024-08-12,pred_mlp,-0.6584415584415585,0.6,0.7142857142857143,-0.011156715832575891,0.050364300058868806,-0.061521015891444694
2024-08-13,pred_mlp,-0.3207792207792208,0.8,0.7619047619047619,-0.006370239575231307,0.02261721032937225,-0.028987449904603557
2024-08-14,pred_mlp,-0.5012987012987012,0.6,0.8095238095238095,-0.016048913954936284,0.03178862274372936,-0.04783753669866564
2024-08-15,pred_mlp,-0.387012987012987,0.6,0.7619047619047619,-0.015773183322104867,0.048508502101110504,-0.06428168542321537
2024-08-16,pred_mlp,-0.5766233766233767,0.4,0.7142857142857143,-0.030640340161389723,0.053583566211787614,-0.08422390637317734
2024-08-19,pred_mlp,0.04025974025974026,0.8,0.7142857142857143,-0.00599682243107047,-0.007756525032304906,0.0017597026012344365
2024-08-20,pred_mlp,-0.0012987012987012987,0.8,0.7619047619047619,0.01493722447668373,-0.007314537010334199,0.022251761487017928
2024-08-21,pred_mlp,0.07922077922077922,0.8,0.9047619047619048,0.00038147898801761394,0.0046421880647699474,-0.004260709076752333
2024-08-22,pred_mlp,0.26883116883116887,0.8,0.8095238095238095,0.012909497661094194,0.01057580355273242,0.0023336941083617734
2024-08-23,pred_mlp,-0.2194805194805195,0.6,0.7619047619047619,-0.03998489016569753,0.015653699600000383,-0.05563858976569791
2024-08-26,pred_mlp,0.2038961038961039,0.6,0.7619047619047619,0.012263187306535705,0.0004675333174077867,0.011795653989127918
2024-08-27,pred_mlp,-0.0025974025974025974,0.6,0.7142857142857143,0.024232015458282952,0.011339520490713028,0.012892494967569924
2024-08-28,pred_mlp,0.13896103896103898,0.8,0.7619047619047619,0.029256942775943907,0.013946404561209458,0.01531053821473445
2024-08-29,pred_mlp,0.2,0.8,0.8095238095238095,0.03016912926496391,0.03018514358632187,-1.60143213579593e-05
2024-08-30,pred_mlp,-0.22337662337662337,0.6,0.7619047619047619,0.009713910378109225,0.033276356798259486,-0.023562446420150263
2024-09-03,pred_mlp,0.5688311688311689,0.8,0.8095238095238095,0.05728192032144441,0.005510437296346394,0.05177148302509802
2024-09-04,pred_mlp,0.3246753246753247,0.8,0.8095238095238095,0.05449095604053496,0.025130956917523983,0.029359999123010974
2024-09-05,pred_mlp,0.37532467532467534,1.0,0.8095238095238095,0.0761857538070431,0.006972606331046349,0.06921314747599674
2024-09-06,pred_mlp,0.49350649350649345,1.0,0.8095238095238095,0.12838100538810293,0.044512105308215144,0.08386890007988779
2024-09-09,pred_mlp,0.38311688311688313,0.8,0.7619047619047619,0.09646888011435287,0.039585194820141244,0.056883685294211624
2024-09-10,pred_mlp,0.425974025974026,0.8,0.7619047619047619,0.10967161379778376,0.020178334424389432,0.08949327937339432
2024-09-11,pred_mlp,0.10389610389610389,0.6,0.7142857142857143,0.05389654467700866,0.04694192975500226,0.0069546149220064
2024-09-12,pred_mlp,0.2727272727272727,0.8,0.7142857142857143,0.059228758970182496,0.02520579700227914,0.03402296196790336
2024-09-13,pred_mlp,0.42727272727272725,1.0,0.7142857142857143,0.07010144616678811,0.012963767347074029,0.05713767881971408
2024-09-16,pred_mlp,0.37922077922077924,1.0,0.7142857142857143,0.09123327895300223,0.0002986193239026269,0.0909346596290996
2024-09-17,pred_mlp,0.12987012987012986,0.8,0.6190476190476191,0.03801639044363523,0.009741909955518357,0.02827448048811687
2024-09-18,pred_mlp,0.10259740259740259,0.8,0.6666666666666666,0.03518645590552871,0.024725520996838956,0.010460934908689757
2024-09-19,pred_mlp,0.24805194805194808,0.8,0.6190476190476191,0.015981913790277736,-0.020059014807881546,0.036040928598159286
2024-09-20,pred_mlp,0.2714285714285714,0.8,0.6190476190476191,0.03564122796105003,-0.010443020050347385,0.04608424801139741
2024-09-23,pred_mlp,0.20909090909090908,0.6,0.5714285714285714,0.02613178419639428,-0.03169758176272286,0.05782936595911714
2024-09-24,pred_mlp,0.3038961038961039,0.8,0.5714285714285714,0.03366691398815762,-0.006831416340722596,0.040498330328880214
2024-09-25,pred_mlp,0.12727272727272726,0.6,0.5238095238095238,0.0066051366789166895,0.013953438059037171,-0.007348301380120482
2024-09-26,pred_mlp,-0.016883116883116882,0.4,0.5238095238095238,-0.012071550543384246,-0.0026981515613691887,-0.009373398982015058
2024-09-27,pred_mlp,-0.11038961038961038,0.4,0.47619047619047616,-0.0007168898127887235,-0.006014854473466324,0.005297964660677601
2024-09-30,pred_mlp,-0.23376623376623373,0.6,0.5238095238095238,0.0013251885518556384,0.0026441406215491404,-0.001318952069693502
2024-10-01,pred_mlp,0.24415584415584415,0.6,0.47619047619047616,0.042379365246618186,-4.7253457471252425e-05,0.04242661870408944
2024-10-02,pred_mlp,-0.007792207792207793,0.4,0.47619047619047616,0.023535016789498476,0.009248492086328918,0.014286524703169557
2024-10-03,pred_mlp,-0.15974025974025974,0.2,0.3333333333333333,-0.018357046419273604,-0.03869870924374959,0.020341662824475984
2024-10-04,pred_mlp,-0.174025974025974,0.4,0.23809523809523808,-0.006474631588727675,-0.008656619504121821,0.0021819879153941466
2024-10-07,pred_mlp,-0.0935064935064935,0.2,0.38095238095238093,-0.043675341256508474,-0.015548890874165111,-0.028126450382343363
2024-10-08,pred_mlp,0.1155844155844156,0.4,0.42857142857142855,-0.028328229381484316,-0.012945898643747445,-0.015382330737736871
2024-10-09,pred_mlp,0.26103896103896107,0.4,0.47619047619047616,-0.015535023167714202,-0.016882577338872884,0.0013475541711586818
2024-10-10,pred_mlp,0.4623376623376624,0.8,0.6190476190476191,0.01287169708096394,-0.001776223454281034,0.014647920535244973
2024-10-11,pred_mlp,0.4753246753246753,0.8,0.5238095238095238,0.0022027988388308105,-0.0052569577932522595,0.00745975663208307
2024-10-14,pred_mlp,-0.3090909090909091,0.2,0.42857142857142855,-0.04414332870265549,0.024417114976979938,-0.06856044367963543
2024-10-15,pred_mlp,0.16103896103896104,0.6,0.42857142857142855,0.011432979910017594,0.002232097709299241,0.009200882200718352
2024-10-16,pred_mlp,-0.16623376623376623,0.6,0.47619047619047616,0.010819176689294729,0.030773589709355776,-0.019954413020061047
2024-10-17,pred_mlp,-0.5285714285714286,0.2,0.5238095238095238,-0.018210779564357814,0.03191174510492214,-0.05012252466927995
2024-10-18,pred_mlp,-0.4636363636363636,0.4,0.38095238095238093,-0.023664827038904223,0.03197636018605778,-0.055641187224962
2024-10-21,pred_mlp,-0.6272727272727273,0.0,0.38095238095238093,-0.031010897454843,0.03431388612784274,-0.06532478358268573
2024-10-22,pred_mlp,-0.374025974025974,0.2,0.42857142857142855,-0.03191112654861681,0.019218887496769387,-0.051130014045386196
2024-10-23,pred_mlp,-0.4,0.4,0.47619047619047616,-0.011373328710439789,0.02976266956593181,-0.0411359982763716
2024-10-24,pred_mlp,-0.2909090909090909,0.2,0.47619047619047616,-0.007779508107929156,0.02966316828733595,-0.037442676395265106
2024-10-25,pred_mlp,-0.26103896103896107,0.6,0.5714285714285714,0.0200601690365944,0.02521087677643381,-0.005150707739839409
2024-10-28,pred_mlp,-0.1935064935064935,0.4,0.6190476190476191,0.001190231200235381,0.008219360683304311,-0.00702912948306893
2024-10-29,pred_mlp,-0.26233766233766237,0.4,0.6190476190476191,0.008234237959995316,0.010610209220955614,-0.002375971260960298
2024-10-30,pred_mlp,-0.1961038961038961,0.4,0.6190476190476191,0.016421084820627384,0.04319181666607634,-0.026770731845448956
2024-10-31,pred_mlp,0.2961038961038961,1.0,0.8571428571428571,0.04037670631968493,0.03471774804676393,0.005658958272920997
2024-11-01,pred_mlp,0.16753246753246753,0.8,0.8095238095238095,0.03610932351303373,0.034409901338612395,0.0016994221744213375
2024-11-04,pred_mlp,0.1922077922077922,1.0,0.9047619047619048,0.054573328731822815,0.022813845862584704,0.03175948286923811
2024-11-05,pred_mlp,0.2025974025974026,0.8,0.8095238095238095,0.03405932523701827,0.02392090238079867,0.010138422856219596
2024-11-06,pred_mlp,0.045454545454545456,0.6,0.7142857142857143,0.02354873190800697,0.0213802133750725,0.002168518532934472
2024-11-07,pred_mlp,-0.05714285714285714,0.4,0.6666666666666666,0.007024701033549285,0.013858401538151054,-0.006833700504601769
2024-11-08,pred_mlp,0.0935064935064935,0.6,0.6190476190476191,0.017653996878674638,0.005064737705257838,0.0125892591734168
2024-11-11,pred_mlp,-0.20649350649350648,0.4,0.6190476190476191,0.0033661520307474825,0.025676818269766043,-0.02231066623901856
2024-11-12,pred_mlp,-0.26493506493506497,0.4,0.7619047619047619,0.002294435933604011,0.021214867732862207,-0.018920431799258196
2024-11-13,pred_mlp,0.1064935064935065,0.6,0.6190476190476191,0.019502252864897974,-0.0015158329147630489,0.021018085779661022
2024-11-14,pred_mlp,-0.0961038961038961,0.6,0.7142857142857143,0.007594648834197271,0.01832611706782781,-0.010731468233630538
2024-11-15,pred_mlp,0.13376623376623376,0.6,0.6666666666666666,0.025970976108513864,0.01954508647420907,0.006425889634304793
2024-11-18,pred_mlp,0.10259740259740259,0.8,0.6666666666666666,0.035589662401474764,0.01745542381563787,0.018134238585836893
2024-11-19,pred_mlp,0.07402597402597402,0.6,0.2857142857142857,0.005995598433608196,-0.0026045235925738373,0.008600122026182034
2024-11-20,pred_mlp,0.022077922077922082,0.4,0.2857142857142857,-0.011472476464769076,-0.01636220063089302,0.0048897241661239425
2024-11-21,pred_mlp,0.12857142857142856,0.6,0.3333333333333333,-0.0016778408941380495,-0.0353657554063241,0.03368791451218605
2024-11-22,pred_mlp,0.32727272727272727,0.4,0.38095238095238093,0.012107877088428975,-0.051971843278902675,0.06407972036733164
2024-11-25,pred_mlp,0.1987012987012987,0.6,0.42857142857142855,0.015183868193244066,-0.011566844204338223,0.02675071239758229
2024-11-26,pred_mlp,0.34545454545454546,0.6,0.47619047619047616,0.003966458884019697,-0.03563521382081554,0.039601672704835236
2024-11-27,pred_mlp,0.5948051948051949,0.6,0.38095238095238093,0.0024270095366381696,-0.06041878530775231,0.06284579484439048
2024-11-29,pred_mlp,0.212987012987013,0.6,0.2857142857142857,-0.009930107671119747,-0.037936254275652906,0.02800614660453316
2024-12-02,pred_mlp,0.059740259740259746,0.0,0.09523809523809523,-0.021169524501204618,-0.0329880050982595,0.01181848059705488
2024-12-03,pred_mlp,0.438961038961039,0.0,0.14285714285714285,-0.026780203468569554,-0.03723087334833371,0.010450669879764153
2024-12-04,pred_mlp,0.3337662337662338,0.2,0.09523809523809523,-0.0056791517119168635,-0.02979781391125693,0.024118662199340068
2024-12-05,pred_mlp,0.38311688311688313,0.6,0.3333333333333333,0.003977724494107026,-0.04084688089486379,0.04482460538897082
2024-12-06,pred_mlp,0.4688311688311688,0.4,0.19047619047619047,0.0037217996962183087,-0.0355513743349684,0.03927317403118671
2024-12-09,pred_mlp,0.3090909090909091,0.4,0.23809523809523808,-0.004988566916570858,-0.03497813464498134,0.029989567728410483
2024-12-10,pred_mlp,0.4753246753246753,0.6,0.14285714285714285,0.007585110948147888,-0.049700353496039164,0.05728546444418705
2024-12-11,pred_mlp,0.43506493506493504,0.4,0.19047619047619047,-0.01303897359579811,-0.05424495233289119,0.041205978737093085
2024-12-12,pred_mlp,0.2532467532467532,0.4,0.19047619047619047,-0.02039557347423937,-0.045023590563233996,0.024628017088994626
2024-12-13,pred_mlp,0.4883116883116883,0.8,0.38095238095238093,0.012580910114104138,-0.025239146421692383,0.03782005653579652
2024-12-16,pred_mlp,0.24545454545454545,1.0,0.42857142857142855,0.018652932792507924,0.0031495201009046126,0.015503412691603312
2024-12-17,pred_mlp,0.374025974025974,0.8,0.42857142857142855,0.02480334345256625,-0.0001484870023614082,0.02495183045492766
2024-12-18,pred_mlp,0.5389610389610389,1.0,0.8571428571428571,0.06816523547118906,0.0009137519917101766,0.06725148347947889
2024-12-19,pred_mlp,0.5909090909090908,1.0,0.9047619047619048,0.08018309252737162,0.006094951302297846,0.07408814122507378
2024-12-20,pred_mlp,0.44935064935064933,1.0,0.8095238095238095,0.05522445715944024,0.02111481719459065,0.03410963996484959
2024-12-23,pred_mlp,0.22077922077922077,1.0,0.8095238095238095,0.043976125367340836,0.0303311609466834,0.013644964420657435
2024-12-24,pred_mlp,-0.025974025974025972,0.6,0.6666666666666666,-0.023569293438879212,0.008644439895215328,-0.03221373333409454
2024-12-26,pred_mlp,-0.15584415584415584,0.6,0.7619047619047619,0.009721953749492095,0.026832600831768215,-0.01711064708227612
2024-12-27,pred_mlp,-0.2324675324675325,0.4,0.7619047619047619,0.014636943729014761,0.03358906660710444,-0.018952122878089676
2024-12-30,pred_mlp,0.36233766233766235,0.8,0.9047619047619048,0.047281498051178227,0.022141739701390682,0.025139758349787544
2024-12-31,pred_mlp,0.34545454545454546,0.8,0.9047619047619048,0.037193537919480345,0.01711676467619694,0.020076773243283406
2025-01-02,pred_mlp,0.2311688311688312,0.8,0.8571428571428571,0.016188016968533447,0.025613098619769036,-0.009425081651235588
2025-01-03,pred_mlp,0.11298701298701298,0.8,0.8571428571428571,0.023452504125992847,0.020123674901139043,0.003328829224853804
2025-01-06,pred_mlp,0.13896103896103898,0.8,0.8095238095238095,0.01959883564503311,0.020151313995033913,-0.0005524783500008047
2025-01-07,pred_mlp,0.09090909090909091,1.0,0.8095238095238095,0.058246189433504104,0.01898276374880532,0.03926342568469879
2025-01-08,pred_mlp,-0.2597402597402597,0.6,0.8095238095238095,0.029960778304228674,0.04007638841995766,-0.01011561011572899
2025-01-10,pred_mlp,-0.10389610389610389,0.6,0.8571428571428571,0.05300445074145399,0.0436548002688701,0.00934965047258389
2025-01-13,pred_mlp,0.0987012987012987,0.6,0.8571428571428571,0.04923736214566219,0.028298794626629497,0.020938567519032694
2025-01-14,pred_mlp,0.13636363636363635,0.6,0.8095238095238095,0.019518543611042306,0.03256970530664542,-0.013051161695603115
2025-01-15,pred_mlp,-0.015584415584415586,0.6,0.8095238095238095,0.05070730176895606,0.03790889619525069,0.012798405573705374
2025-01-16,pred_mlp,-0.11168831168831168,0.8,0.8571428571428571,0.046358595633191536,0.020937233779113294,0.025421361854078242
2025-01-17,pred_mlp,-0.387012987012987,0.8,0.8095238095238095,0.01321264713971777,0.07987614275172712,-0.06666349561200935
2025-01-21,pred_mlp,-0.07922077922077922,0.4,0.6666666666666666,0.0005333094812737249,0.013819809045623877,-0.013286499564350152
2025-01-22,pred_mlp,0.24545454545454545,0.8,0.7142857142857143,0.032604532139964684,0.008158387493624807,0.024446144646339877
2025-01-23,pred_mlp,0.06363636363636363,0.4,0.5714285714285714,-0.019816830588155067,-0.008436900982957286,-0.011379929605197781
2025-01-24,pred_mlp,-0.2584415584415584,0.4,0.5714285714285714,-0.036866056934269295,0.006283997808419306,-0.0431500547426886
2025-01-27,pred_mlp,-0.17272727272727273,0.6,0.5238095238095238,-0.0019826335453271503,0.020155168264379596,-0.022137801809706745
2025-01-28,pred_mlp,0.24935064935064938,0.6,0.5238095238095238,0.009676199696056464,-0.006283237938840025,0.01595943763489649
2025-01-29,pred_mlp,-0.05454545454545454,0.2,0.42857142857142855,-0.034936149222631704,-0.01429556074562397,-0.020640588477007733
2025-01-30,pred_mlp,0.21818181818181817,0.6,0.5238095238095238,-0.007802116493959321,-0.014123495405537256,0.006321378911577935
2025-01-31,pred_mlp,-0.022077922077922082,0.2,0.47619047619047616,-0.02920774087123814,-0.026136008582715788,-0.0030717322885223525
2025-02-03,pred_mlp,-0.548051948051948,0.2,0.38095238095238093,-0.038003425117095424,0.020181547096831776,-0.0581849722139272
2025-02-04,pred_mlp,-0.3103896103896104,0.4,0.42857142857142855,-0.014169269425890186,0.014117841776171213,-0.0282871112020614
2025-02-05,pred_mlp,-0.3103896103896104,0.2,0.38095238095238093,-0.05539049367634312,0.0006787561982243062,-0.05606924987456743
2025-02-06,pred_mlp,-0.125974025974026,0.4,0.38095238095238093,-0.0475388357744299,-0.01941437524543139,-0.028124460528998505
2025-02-07,pred_mlp,-0.3103896103896104,0.2,0.3333333333333333,-0.07117767539644666,-0.03696560516481431,-0.034212070231632356
2025-02-10,pred_mlp,-0.0974025974025974,0.2,0.23809523809523808,-0.07492274174568711,-0.05648764260543156,-0.018435099140255554
2025-02-11,pred_mlp,0.06623376623376624,0.2,0.23809523809523808,-0.05856162985164446,-0.068755525206885,0.010193895355240533
2025-02-12,pred_mlp,-0.13636363636363635,0.2,0.19047619047619047,-0.06371650172527536,-0.055433039873069245,-0.008283461852206117
2025-02-13,pred_mlp,-0.24545454545454545,0.2,0.2857142857142857,-0.05715867354405448,-0.04115389575618833,-0.016004777787866152
2025-02-14,pred_mlp,-0.1883116883116883,0.4,0.47619047619047616,-0.03659314855733364,-0.020308240326766168,-0.016284908230567476
2025-02-18,pred_mlp,0.36103896103896105,0.4,0.3333333333333333,-0.0031481358497512436,-0.12091316215660793,0.11776502630685669
2025-02-19,pred_mlp,0.07792207792207792,0.6,0.3333333333333333,0.0029959975949019,-0.031671851183096324,0.03466784877799822
2025-02-20,pred_mlp,-0.4584415584415585,0.0,0.23809523809523808,-0.08339629344066309,-0.027409374967428034,-0.05598691847323505
2025-02-21,pred_mlp,-0.13246753246753248,0.0,0.2857142857142857,-0.05985929903795355,-0.04941046217144367,-0.01044883686650988
2025-02-24,pred_mlp,-0.38831168831168833,0.2,0.38095238095238093,-0.02590980795876898,0.011314643991496643,-0.03722445195026562
2025-02-25,pred_mlp,-0.348051948051948,0.0,0.19047619047619047,-0.025111957416201824,-0.010900647191483804,-0.01421131022471802
2025-02-26,pred_mlp,-0.2324675324675325,0.0,0.14285714285714285,-0.04058284963097438,-0.016488730676447426,-0.024094118954526955
2025-02-27,pred_mlp,-0.1909090909090909,0.2,0.19047619047619047,-0.03501184904285952,-0.001814585629580301,-0.03319726341327922
2025-02-28,pred_mlp,-0.5571428571428572,0.0,0.19047619047619047,-0.07722176382605402,0.009792781488491099,-0.08701454531454511
2025-03-03,pred_mlp,-0.4701298701298702,0.0,0.23809523809523808,-0.06223198261433829,-0.01573214237247087,-0.046499840241867416
2025-03-04,pred_mlp,-0.43506493506493504,0.2,0.47619047619047616,-0.046946263103963215,-0.008984770087172089,-0.03796149301679112
2025-03-05,pred_mlp,-0.4246753246753247,0.2,0.3333333333333333,-0.040809864080343684,0.004136986049042957,-0.044946850129386644
2025-03-06,pred_mlp,-0.5662337662337662,0.2,0.2857142857142857,-0.06865908600724717,-0.003086784391779318,-0.06557230161546786
2025-03-07,pred_mlp,-0.29740259740259745,0.2,0.14285714285714285,-0.11591478934415715,-0.0476174686646015,-0.06829732067955566
2025-03-10,pred_mlp,-0.5493506493506494,0.0,0.047619047619047616,-0.09699105049312332,-0.040609911132195496,-0.05638113936092782
2025-03-11,pred_mlp,-0.3896103896103896,0.0,0.047619047619047616,-0.11858301355180563,-0.06869820500975954,-0.04988480854204609
2025-03-12,pred_mlp,-0.04025974025974026,0.2,0.19047619047619047,-0.024874719374463995,-0.016276016703195915,-0.008598702671268079
2025-03-13,pred_mlp,-0.44675324675324674,0.0,0.14285714285714285,-0.06002399516055072,-0.01779073930233166,-0.04223325585821906
2025-03-14,pred_mlp,-0.5532467532467533,0.0,0.09523809523809523,-0.06404599586630047,-0.0063284169944637595,-0.05771757887183671
2025-03-17,pred_mlp,-0.7025974025974026,0.0,0.09523809523809523,-0.0654205927159899,0.001994473969363275,-0.06741506668535319
2025-03-18,pred_mlp,-0.512987012987013,0.2,0.14285714285714285,-0.05464548807226612,-0.004381267130819766,-0.05026422094144636
2025-03-19,pred_mlp,-0.7428571428571429,0.0,0.09523809523809523,-0.10647642603814556,0.00256261390759156,-0.10903903994573712
2025-03-20,pred_mlp,-0.6155844155844156,0.0,0.09523809523809523,-0.10743282472822888,-0.02222059053566301,-0.08521223419256586
2025-03-21,pred_mlp,-0.7662337662337663,0.0,0.09523809523809523,-0.13855948641455929,0.00490156908487398,-0.14346105549943328
2025-03-24,pred_mlp,-0.4883116883116883,0.0,0.14285714285714285,-0.13478342257256873,-0.032274872382419176,-0.10250855019014955
2025-03-25,pred_mlp,-0.7103896103896103,0.0,0.19047619047619047,-0.10068314738157884,-0.005277372683905423,-0.09540577469767342
2025-03-26,pred_mlp,-0.30129870129870134,0.0,0.2857142857142857,-0.06637197878064656,-0.019335040387476975,-0.04703693839316958
2025-03-27,pred_mlp,-0.16623376623376623,0.0,0.38095238095238093,-0.035351858696132464,-0.006023066436117852,-0.029328792260014613
2025-03-28,pred_mlp,-0.20519480519480518,0.6,0.42857142857142855,-0.00912120793105442,0.01020141554128926,-0.019322623472343682
2025-03-31,pred_mlp,-0.044155844155844164,0.4,0.42857142857142855,-0.006916651843419141,0.0005045355325149937,-0.007421187375934135
2025-04-01,pred_mlp,-0.14545454545454545,0.4,0.3333333333333333,-0.005090611430715941,-0.0200073140088582,0.01491670257814226
2025-04-02,pred_mlp,0.10909090909090909,0.4,0.23809523809523808,0.002967696706916345,-0.001572377515672474,0.004540074222588819
2025-04-03,pred_mlp,0.5233766233766234,1.0,0.6666666666666666,0.1030023195927725,-0.0058853193524244,0.1088876389451969
2025-04-04,pred_mlp,0.6246753246753247,1.0,0.8571428571428571,0.16725089039677243,0.023245294179103947,0.14400559621766848
2025-04-07,pred_mlp,0.4051948051948052,1.0,0.8571428571428571,0.11041545161224171,0.029453732009601042,0.08096171960264067
2025-04-08,pred_mlp,0.587012987012987,1.0,0.9047619047619048,0.13874294876817364,0.0346098452017571,0.10413310356641654
2025-04-09,pred_mlp,0.2038961038961039,0.8,0.8095238095238095,0.04947948388499166,0.04100205444350633,0.008477429441485329
2025-04-10,pred_mlp,0.36623376623376624,1.0,0.9047619047619048,0.09612557643380919,0.0535578370929126,0.04256773934089659
2025-04-11,pred_mlp,0.212987012987013,1.0,0.9047619047619048,0.09958447776327457,0.08369697633326582,0.01588750143000875
2025-04-14,pred_mlp,0.16753246753246753,1.0,0.8571428571428571,0.10035416735510054,0.06657171357061623,0.033782453784484315
2025-04-15,pred_mlp,0.274025974025974,1.0,0.7619047619047619,0.07797694721823309,0.04819315083582039,0.0297837963824127
2025-04-16,pred_mlp,0.803896103896104,1.0,0.8095238095238095,0.18772718990485945,0.006216934242279581,0.18151025566257986
2025-04-17,pred_mlp,0.6064935064935064,1.0,0.8571428571428571,0.17821463968078705,0.04458239654295535,0.1336322431378317
2025-04-21,pred_mlp,0.9337662337662337,1.0,0.9523809523809523,0.281722287463413,0.003039129320881484,0.27868315814253153
2025-04-22,pred_mlp,0.5883116883116883,1.0,0.8571428571428571,0.17981836280478797,0.035901457895786845,0.1439169049090011
2025-04-23,pred_mlp,0.2636363636363636,1.0,0.8095238095238095,0.1572864212763684,0.054967672478558785,0.10231874879780962
2025-04-24,pred_mlp,0.08051948051948052,0.8,0.7142857142857143,0.07037978818415395,0.0811319232453414,-0.01075213506118744
2025-04-25,pred_mlp,0.3974025974025974,1.0,0.7142857142857143,0.08614166859348127,0.024484764869509325,0.061656903723971944
2025-04-28,pred_mlp,0.1155844155844156,0.8,0.7142857142857143,0.05085996825567838,0.08270668493825908,-0.031846716682580704
2025-04-29,pred_mlp,0.45454545454545453,1.0,0.7142857142857143,0.06746210357436735,-0.011728812695819203,0.07919091627018655
2025-04-30,pred_mlp,-0.14545454545454545,1.0,0.8095238095238095,0.04286066301464122,0.11288457700250751,-0.07002391398786628
2025-05-01,pred_mlp,0.28831168831168835,1.0,0.8095238095238095,0.055621369913398055,0.014115025065350718,0.04150634484804734
2025-05-02,pred_mlp,0.12727272727272726,1.0,0.7142857142857143,0.03508927931633412,0.052702958642616295,-0.017613679326282175
2025-05-05,pred_mlp,0.22207792207792207,1.0,0.7142857142857143,0.04565001986977881,0.06236674893350871,-0.016716729063729896
2025-05-06,pred_mlp,0.1753246753246753,1.0,0.8571428571428571,0.06178982451660562,0.07284103222271635,-0.011051207706110726
2025-05-07,pred_mlp,0.6714285714285714,0.8,0.7142857142857143,0.09745598923345314,0.0026074277742268006,0.09484856145922634
2025-05-08,pred_mlp,0.6688311688311688,1.0,0.8571428571428571,0.07792554114954661,0.005246700227381829,0.07267884092216478
2025-05-09,pred_mlp,0.2,0.8,0.8095238095238095,0.06153240343760282,0.027792764834244733,0.03373963860335809
2025-05-12,pred_mlp,0.38571428571428573,1.0,0.8571428571428571,0.03632970274001281,0.018930609749125284,0.01739909299088753
2025-05-13,pred_mlp,-0.032467532467532464,1.0,0.8571428571428571,0.0363922115698724,0.040425349077826175,-0.004033137507953775
2025-05-14,pred_mlp,-0.045454545454545456,1.0,0.9047619047619048,0.03543223971314191,0.036309446251566645,-0.0008772065384247338
2025-05-15,pred_mlp,-0.2636363636363636,1.0,0.8095238095238095,0.021326483850822343,0.04519903099097067,-0.023872547140148324
2025-05-16,pred_mlp,0.13636363636363635,0.8,0.6190476190476191,0.01992841843486992,0.018417285220747436,0.001511133214122485
2025-05-19,pred_mlp,0.11818181818181818,0.8,0.6190476190476191,0.03147731088977512,0.02074202072014304,0.010735290169632084
2025-05-20,pred_mlp,-0.2532467532467532,0.6,0.6666666666666666,0.005796838333050491,0.03476988877813756,-0.028973050445087068
2025-05-21,pred_mlp,-0.37142857142857144,0.4,0.7142857142857143,0.005041472265152014,0.0428864027045132,-0.037844930439361185
2025-05-22,pred_mlp,-0.14805194805194805,1.0,0.9047619047619048,0.025726187285127856,0.04518258939128448,-0.019456402106156623
2025-05-23,pred_mlp,0.1883116883116883,0.8,0.8571428571428571,0.04173675515676698,0.03249736488887223,0.009239390267894755
2025-05-27,pred_mlp,0.22597402597402597,1.0,0.7619047619047619,0.046757417632006734,0.036136924157867914,0.01062049347413882
2025-05-28,pred_mlp,0.1012987012987013,1.0,0.8571428571428571,0.04214499108038523,0.053671660812273904,-0.011526669731888671
2025-05-29,pred_mlp,0.45584415584415583,1.0,0.8095238095238095,0.053748411868864567,0.010579913485213121,0.043168498383651444
2025-05-30,pred_mlp,0.461038961038961,1.0,0.8571428571428571,0.04390590002489079,-0.0037196589734650896,0.047625558998355876
2025-06-02,pred_mlp,0.7337662337662337,1.0,0.8095238095238095,0.056818994646463894,-0.003877759635623046,0.06069675428208694
2025-06-03,pred_mlp,0.5363636363636364,1.0,0.8095238095238095,0.06764910100797387,0.024163553916936965,0.043485547091036914
2025-06-04,pred_mlp,0.4831168831168831,1.0,0.8571428571428571,0.06250009805303743,0.009741824853134528,0.052758273199902894
2025-06-05,pred_mlp,0.34285714285714286,1.0,0.8571428571428571,0.054129546760506075,0.03633925576079609,0.01779029099970999
2025-06-06,pred_mlp,0.7545454545454545,1.0,0.8571428571428571,0.04869774069024228,0.006154180101767448,0.04254356058847483
2025-06-09,pred_mlp,0.5636363636363637,1.0,0.8095238095238095,0.04388695220128005,0.012269610474300086,0.03161734172697996
2025-06-10,pred_mlp,0.348051948051948,1.0,0.7619047619047619,0.038841802660609034,0.010946120972870576,0.02789568168773846
2025-06-11,pred_mlp,0.5077922077922078,1.0,0.8095238095238095,0.0342088981396488,0.00823794218852445,0.02597095595112435
2025-06-12,pred_mlp,0.38571428571428573,1.0,0.7619047619047619,0.04010862899082177,0.0161493117204619,0.02395931727035987
2025-06-13,pred_mlp,0.4753246753246753,1.0,0.7142857142857143,0.052564302775480874,0.006256031313539712,0.046308271461941164
2025-06-16,pred_mlp,-0.1,0.4,0.6666666666666666,0.006724643085775872,0.019634045009633904,-0.012909401923858033
2025-06-17,pred_mlp,-0.05324675324675325,0.6,0.7142857142857143,0.030210425249045315,0.028223788610284205,0.00198663663876111
2025-06-18,pred_mlp,0.18571428571428572,0.8,0.6666666666666666,0.0396577193219186,0.017647260486767236,0.02201045883515136
2025-06-20,pred_mlp,0.11038961038961038,0.6,0.7142857142857143,0.04236599965046177,0.02089472707403104,0.02147127257643073
2025-06-23,pred_mlp,0.04025974025974026,0.8,0.8095238095238095,0.01272293709772725,0.02544640582784572,-0.01272346873011847
2025-06-24,pred_mlp,0.3103896103896104,0.8,0.7619047619047619,0.0319934593312452,0.01372420461944004,0.018269254711805162
2025-06-25,pred_mlp,0.44285714285714284,0.8,0.8571428571428571,0.03430641084702331,0.009838642351358118,0.02446776849566519
2025-06-26,pred_mlp,0.2025974025974026,0.8,0.7619047619047619,0.02093514266396157,0.0215309061478016,-0.0005957634838400297
2025-06-27,pred_mlp,0.24285714285714283,0.8,0.7142857142857143,0.0234036804425092,0.0197088202442701,0.0036948601982391
2025-06-30,pred_mlp,0.051948051948051945,0.6,0.6666666666666666,0.00704928231592532,0.015613814451190412,-0.00856453213526509
2025-07-01,pred_mlp,0.0,0.6,0.6190476190476191,0.024012997857166707,0.01750259480097438,0.0065104030561923265
2025-07-02,pred_mlp,0.20649350649350648,0.8,0.47619047619047616,0.023017447880347965,0.0027943755115265702,0.020223072368821395
2025-07-03,pred_mlp,0.5324675324675324,0.6,0.42857142857142855,0.007584028386841757,-0.02663643782431204,0.0342204662111538
2025-07-07,pred_mlp,0.025974025974025972,0.4,0.6666666666666666,-0.006773252994220491,0.008139067794794452,-0.014912320789014943
2025-07-08,pred_mlp,-0.18051948051948052,0.6,0.6666666666666666,0.006653078338924834,0.022450175121437543,-0.01579709678251271
2025-07-09,pred_mlp,0.15584415584415584,0.6,0.7142857142857143,-0.0010709529703223364,0.0039046686278343843,-0.004975621598156721
2025-07-10,pred_mlp,0.2324675324675325,0.8,0.7142857142857143,0.0238526936532516,-0.0017433981339247452,0.025596091787176346
2025-07-11,pred_mlp,0.15454545454545454,0.6,0.7142857142857143,0.008718903123255984,-0.002616871426538281,0.011335774549794266
2025-07-14,pred_mlp,0.28051948051948056,0.6,0.6666666666666666,0.0008107700154981412,0.00043215827951550436,0.00037861173598263687
2025-07-15,pred_mlp,0.13766233766233765,0.6,0.7619047619047619,0.021879242276118083,0.030448588071700165,-0.008569345795582082
2025-07-16,pred_mlp,0.08181818181818182,0.8,0.8095238095238095,0.04648375058102825,0.031121531297509896,0.015362219283518355
2025-07-17,pred_mlp,0.41298701298701296,1.0,0.7619047619047619,0.047298904518238635,0.006645599276902026,0.04065330524133661
2025-07-18,pred_mlp,0.2753246753246753,1.0,0.7142857142857143,0.043324834481508034,0.011221617160186215,0.03210321732132182
2025-07-21,pred_mlp,0.348051948051948,1.0,0.8571428571428571,0.043319477175682186,0.010565007307731156,0.03275446986795103
2025-07-22,pred_mlp,0.6428571428571428,1.0,0.8095238095238095,0.042539431622594305,0.009585701881818842,0.03295372974077546
2025-07-23,pred_mlp,0.24935064935064938,0.8,0.6666666666666666,0.022498043875608185,0.012017482167286842,0.010480561708321344
2025-07-24,pred_mlp,0.45714285714285713,0.8,0.6666666666666666,0.012055945330494033,-0.0022431201085733265,0.01429906543906736
2025-07-25,pred_mlp,0.5064935064935064,1.0,0.9047619047619048,0.04079965074120562,0.012658995906789806,0.028140654834415812
2025-07-28,pred_mlp,0.01818181818181818,1.0,0.9047619047619048,0.024562756722634038,0.02278301378095602,0.0017797429416780176
2025-07-29,pred_mlp,0.26493506493506497,0.8,0.7142857142857143,0.038388120062957595,0.025100827790504755,0.01328729227245284
2025-07-30,pred_mlp,0.12727272727272726,1.0,0.9047619047619048,0.03483567937312815,0.014763164178085564,0.020072515195042585
2025-07-31,pred_mlp,-0.3844155844155844,0.6,0.8095238095238095,0.013302177357077772,0.03713992109326565,-0.02383774373618788
2025-08-01,pred_mlp,0.04675324675324675,0.6,0.7619047619047619,0.015840835241832617,0.01882680324591124,-0.0029859680040786214
2025-08-04,pred_mlp,-0.1012987012987013,0.2,0.6190476190476191,-0.024456144742762365,-0.004541070509189682,-0.019915074233572683
2025-08-05,pred_mlp,-0.0974025974025974,0.6,0.6666666666666666,0.010957485026163538,0.018369067199441202,-0.007411582173277665
2025-08-06,pred_mlp,-0.15454545454545454,0.4,0.7142857142857143,0.011609810263106724,0.04098304198697118,-0.02937323172386446
2025-08-07,pred_mlp,0.33246753246753247,1.0,0.7619047619047619,0.048677206881956134,0.005416502425244274,0.04326070445671186
2025-08-08,pred_mlp,0.4623376623376624,1.0,0.7142857142857143,0.042908735038484025,-0.011115480674265177,0.0540242157127492
2025-08-11,pred_mlp,0.5831168831168831,1.0,0.6666666666666666,0.04437219218731827,-0.019525117803943837,0.06389730999126211
2025-08-12,pred_mlp,0.1012987012987013,0.8,0.7142857142857143,0.018203515327169194,0.02155501410855365,-0.003351498781384455
2025-08-13,pred_mlp,0.04805194805194805,0.8,0.7619047619047619,0.023417999924984632,0.027196299104531828,-0.0037782991795471954
2025-08-14,pred_mlp,0.4051948051948052,1.0,0.7142857142857143,0.02862810508991447,0.01427218940472863,0.014355915685185839
2025-08-15,pred_mlp,0.48571428571428565,1.0,0.7619047619047619,0.057645479427882715,0.010105791956755584,0.047539687471127134
2025-08-18,pred_mlp,0.34025974025974026,1.0,0.7619047619047619,0.03172961830056442,-0.012243287139213743,0.043972905439778165
2025-08-19,pred_mlp,0.17922077922077922,0.6,0.7619047619047619,0.046685707717249184,0.007635917551420945,0.03904979016582824
2025-08-20,pred_mlp,0.005194805194805195,0.8,0.7619047619047619,0.03586363866252702,0.05958468491399991,-0.023721046251472887
2025-08-21,pred_mlp,0.012987012987012986,0.8,0.8095238095238095,0.017715180963995825,0.03458591342083524,-0.016870732456839413
2025-08-22,pred_mlp,0.3675324675324675,0.8,0.7142857142857143,0.07100034596575902,0.010264870804339622,0.0607354751614194
2025-08-25,pred_mlp,0.18441558441558442,1.0,0.8095238095238095,0.02376196883816397,0.0702125304413695,-0.046450561603205535
2025-08-26,pred_mlp,0.34545454545454546,0.8,0.7142857142857143,0.05709898747531685,-0.004132146015525184,0.061231133490842034
2025-08-27,pred_mlp,0.18051948051948052,0.8,0.6666666666666666,0.027385209972811353,0.04387169732673353,-0.016486487353922177
2025-08-28,pred_mlp,-0.03896103896103896,0.6,0.7142857142857143,0.05695305975824758,0.02742608622608238,0.029526973532165202
2025-08-29,pred_mlp,-0.04675324675324675,1.0,0.8095238095238095,0.0723246306565537,0.0208729019174676,0.0514517287390861
2025-09-02,pred_mlp,0.11428571428571428,0.8,0.7619047619047619,0.08273214725136724,0.027583372780448402,0.055148774470918836
2025-09-03,pred_mlp,-0.011688311688311687,0.6,0.8095238095238095,0.07645378494149098,0.03230535051419394,0.04414843442729704
2025-09-04,pred_mlp,-0.08051948051948052,0.6,0.7619047619047619,0.08559832511203243,0.03371158094690894,0.05188674416512349
2025-09-05,pred_mlp,-0.15194805194805194,0.6,0.8095238095238095,0.051162935851505796,0.02796294611417056,0.023199989737335235
2025-09-08,pred_mlp,0.1155844155844156,0.6,0.7142857142857143,0.07871889311992009,0.017710186435887863,0.06100870668403222
2025-09-09,pred_mlp,0.13766233766233765,0.6,0.8095238095238095,0.05736962305539626,0.019947797107958597,0.03742182594743766
2025-09-10,pred_mlp,0.23636363636363636,0.8,0.7619047619047619,0.06998524928920309,0.02942317523904294,0.04056207405016015
2025-09-11,pred_mlp,0.07792207792207792,0.6,0.6190476190476191,0.05894678789059431,0.017659167801762132,0.041287620088832175
2025-09-12,pred_mlp,0.087012987012987,0.6,0.5238095238095238,0.006026563712064092,-0.006008042977898742,0.012034606689962833
2025-09-15,pred_mlp,0.024675324675324677,0.6,0.5714285714285714,0.031868396465362395,0.007052652817947913,0.02481574364741448
2025-09-16,pred_mlp,0.07402597402597402,0.8,0.6666666666666666,0.020244255005590482,0.012787203909743727,0.007457051095846755
2025-09-17,pred_mlp,0.2311688311688312,0.8,0.7142857142857143,0.03417766397725266,0.00032425351507512354,0.03385341046217753
2025-09-18,pred_mlp,0.12077922077922078,0.8,0.6666666666666666,0.010860233658461449,0.03356792489945511,-0.022707691240993658
2025-09-19,pred_mlp,-0.35844155844155845,0.6,0.7142857142857143,0.004690627433953276,0.04726255693276791,-0.04257192949881463
2025-09-22,pred_mlp,-0.016883116883116882,0.6,0.7619047619047619,0.023464102475169148,0.01604493296138365,0.0074191695137854966
2025-09-23,pred_mlp,0.07792207792207792,0.6,0.8571428571428571,0.008925074858308535,0.011431568742215825,-0.0025064938839072896
2025-09-24,pred_mlp,-0.016883116883116882,0.8,0.8571428571428571,0.04404279051302207,0.02199878899074741,0.022044001522274658
2025-09-25,pred_mlp,-0.025974025974025972,0.8,0.8571428571428571,0.05598657104611062,0.031033698022430924,0.024952873023679698
2025-09-26,pred_mlp,-0.15194805194805194,0.4,0.8095238095238095,0.013075998877825002,0.015081940365248214,-0.002005941487423212
2025-09-29,pred_mlp,-0.3194805194805195,0.6,0.8571428571428571,0.015986879564606694,0.039645644965849366,-0.023658765401242673
2025-09-30,pred_mlp,0.29480519480519485,0.8,0.8095238095238095,0.043327597513133906,0.0207711964857356,0.022556401027398306
2025-10-01,pred_mlp,0.3948051948051948,0.8,0.7619047619047619,0.0449458976849602,0.00989317802951777,0.03505271965544243
2025-10-02,pred_mlp,0.059740259740259746,0.4,0.7142857142857143,-0.0010523276718230833,0.008469192641687995,-0.009521520313511079
2025-10-03,pred_mlp,0.32727272727272727,0.8,0.6190476190476191,0.016363374194897907,-0.0012798455311205047,0.01764321972601841
2025-10-06,pred_mlp,0.06883116883116883,0.4,0.5238095238095238,-0.0016106552054368172,-0.008333875764263653,0.006723220558826836
2025-10-07,pred_mlp,0.05584415584415584,0.6,0.42857142857142855,-0.016853944501855667,0.010506607170301408,-0.027360551672157077
2025-10-08,pred_mlp,-0.22337662337662337,0.2,0.38095238095238093,-0.025280754477198863,-0.00669817784980864,-0.018582576627390223
2025-10-09,pred_mlp,-0.41818181818181815,0.4,0.42857142857142855,-0.03620419947872833,0.007108152325426787,-0.043312351804155116
2025-10-10,pred_mlp,0.26233766233766237,0.8,0.6666666666666666,0.0044857190187966856,0.0024644290602535922,0.0020212899585430933
2025-10-13,pred_mlp,-0.09220779220779221,0.6,0.6666666666666666,-0.008724699766698962,0.014172047854181646,-0.022896747620880606
2025-10-14,pred_mlp,0.022077922077922082,0.4,0.5714285714285714,-0.015694659630136654,0.004039608381128779,-0.019734268011265432
2025-10-15,pred_mlp,0.10909090909090909,0.6,0.5714285714285714,-0.006611012425720153,-0.0004947724161121325,-0.00611624000960802
2025-10-16,pred_mlp,0.15584415584415584,0.6,0.5238095238095238,-0.02878633019424446,-0.00841677202975053,-0.02036955816449393
2025-10-17,pred_mlp,-0.16623376623376623,0.4,0.47619047619047616,-0.02961561648894706,-0.006602092341658761,-0.0230135241472883
2025-10-20,pred_mlp,-0.3,0.2,0.19047619047619047,-0.04064265093616226,-0.008838415078219941,-0.03180423585794232
2025-10-21,pred_mlp,-0.0961038961038961,0.2,0.19047619047619047,-0.048498798451470225,-0.01618791993804667,-0.032310878513423555
2025-10-22,pred_mlp,-0.11168831168831168,0.4,0.23809523809523808,-0.03645552501532003,-0.012098983660738537,-0.024356541354581495
2025-10-23,pred_mlp,-0.37922077922077924,0.0,0.09523809523809523,-0.06045787279395272,-0.012320587047375509,-0.04813728574657721
2025-10-24,pred_mlp,-0.39610389610389607,0.0,0.14285714285714285,-0.0453975186848401,-0.014353700210439935,-0.031043818474400166
2025-10-27,pred_mlp,-0.011688311688311687,0.2,0.19047619047619047,-0.028165364827473095,-0.07276399290966618,0.04459862808219308
2025-10-28,pred_mlp,-0.05454545454545454,0.2,0.19047619047619047,-0.014695300917851605,-0.0028386527158881236,-0.011856648201963482
2025-10-29,pred_mlp,-0.1,0.6,0.42857142857142855,-0.007282055283971478,-0.034441178162765686,0.02715912287879421
2025-10-30,pred_mlp,-0.4454545454545455,0.2,0.6190476190476191,-0.03986937708684461,0.026617562043914723,-0.06648693913075934
2025-10-31,pred_mlp,-0.3207792207792208,0.2,0.42857142857142855,-0.03131363653199233,0.018800087766731966,-0.050113724298724294
2025-11-03,pred_mlp,-0.15194805194805194,0.6,0.47619047619047616,-0.007540965142758349,0.025006257132319364,-0.03254722227507771
2025-11-04,pred_mlp,-0.1961038961038961,0.6,0.6666666666666666,-0.012327014139029657,0.039462531366093276,-0.051789545505122936
2025-11-05,pred_mlp,0.1987012987012987,1.0,0.6190476190476191,0.030205738732644028,0.012086604454361272,0.018119134278282756
2025-11-06,pred_mlp,-0.01818181818181818,0.8,0.7142857142857143,0.03311209786484526,0.032111746085516854,0.001000351779328404
2025-11-07,pred_mlp,0.35194805194805195,0.8,0.6190476190476191,0.044114756934799694,0.004018543416609033,0.04009621351819066
2025-11-10,pred_mlp,0.20649350649350648,0.6,0.5238095238095238,0.009646283449562754,-0.004058705499763104,0.013704988949325859
2025-11-11,pred_mlp,0.26883116883116887,1.0,0.5714285714285714,0.04183571658691125,0.007078460652840323,0.034757255934070926
2025-11-12,pred_mlp,0.05844155844155843,0.6,0.6666666666666666,0.017738653947081184,0.01028313425594476,0.007455519691136425
2025-11-13,pred_mlp,0.23896103896103899,0.8,0.7142857142857143,0.022557540414031775,0.025599108135634728,-0.003041567721602953
2025-11-14,pred_mlp,0.2194805194805195,0.6,0.6666666666666666,0.011169478452871574,-0.005066300073300623,0.016235778526172195
2025-11-17,pred_mlp,0.29480519480519485,0.6,0.6190476190476191,0.031012562772298156,-0.0029884653762610957,0.03400102814855925
2025-11-18,pred_mlp,0.031168831168831172,0.8,0.6190476190476191,0.016639791991141538,0.0003084346395219706,0.016331357351619568
2025-11-19,pred_mlp,0.2597402597402597,0.6,0.6190476190476191,0.022213850549200508,0.0049309373337071746,0.017282913215493335
2025-11-20,pred_mlp,0.6896103896103896,1.0,0.8095238095238095,0.07205631821256367,0.0023725146022500975,0.06968380361031357
2025-11-21,pred_mlp,0.5532467532467533,1.0,0.7619047619047619,0.08104424365029672,0.007653485258619708,0.07339075839167701
2025-11-24,pred_mlp,0.6792207792207793,1.0,0.7619047619047619,0.06784979679955105,-0.0012130343819612532,0.06906283118151231
2025-11-25,pred_mlp,0.4636363636363636,0.8,0.7142857142857143,0.048986002648238644,0.008891020251275616,0.040094982396963026
2025-11-26,pred_mlp,0.3116883116883117,1.0,0.6190476190476191,0.03135585864903412,0.004455044820504117,0.02690081382853
2025-11-28,pred_mlp,-0.07402597402597402,0.6,0.6190476190476191,0.011915695827766993,0.011463193879623423,0.00045250194814356985
2025-12-01,pred_mlp,0.24935064935064938,0.6,0.6666666666666666,0.01492458651752302,0.005713124701365735,0.009211461816157285
2025-12-02,pred_mlp,0.187012987012987,0.6,0.6190476190476191,0.0008563798964467573,-0.005033565283640096,0.005889945180086853
2025-12-03,pred_mlp,0.6766233766233766,1.0,0.5714285714285714,0.029641874594968122,-0.003023069368717546,0.03266494396368567
2025-12-04,pred_mlp,0.34935064935064936,0.8,0.6190476190476191,0.03032360414363382,0.008713394329780844,0.021610209813852976
2025-12-05,pred_mlp,0.374025974025974,0.8,0.7142857142857143,0.032383745320697786,0.015052519567929102,0.017331225752768686
2025-12-08,pred_mlp,-0.044155844155844164,1.0,0.8095238095238095,0.03886188477546733,0.029337318232055966,0.009524566543411363
2025-12-09,pred_mlp,-0.4246753246753247,1.0,0.7619047619047619,0.013965328138964806,0.03964000075759622,-0.025674672618631413
2025-12-10,pred_mlp,-0.5662337662337662,1.0,0.9047619047619048,0.005148894828032357,0.05292171893302786,-0.047772824104995504
2025-12-11,pred_mlp,0.08051948051948052,0.6,0.7619047619047619,0.030035866836124293,0.005578449100099414,0.02445741773602488
2025-12-12,pred_mlp,0.23766233766233766,1.0,0.8095238095238095,0.034218952284194915,0.03001920512200553,0.004199747162189384
2025-12-15,pred_mlp,0.17662337662337665,1.0,0.8571428571428571,0.041897761828174264,0.030111251462193556,0.011786510365980708
2025-12-16,pred_mlp,0.15844155844155844,0.8,0.8571428571428571,0.03715510131881701,0.05089314701736754,-0.013738045698550527
2025-12-17,pred_mlp,-0.15584415584415584,0.8,0.9047619047619048,0.016748895747865533,0.09872112337825367,-0.08197222763038814
2025-12-18,pred_mlp,-0.17922077922077922,0.8,0.7142857142857143,-0.009239330736460615,0.08032067345705882,-0.08956000419351944
2025-12-19,pred_mlp,-0.11948051948051949,0.6,0.8095238095238095,0.04712012054092411,0.03938148016465774,0.00773864037626637
2025-12-22,pred_mlp,-0.34025974025974026,0.8,0.8571428571428571,0.06234693156238043,0.03298021979733765,0.029366711765042776
2025-12-23,pred_mlp,-0.26883116883116887,0.6,0.7142857142857143,0.07984212329762866,0.039049831962733,0.04079229133489566
2025-12-24,pred_mlp,-0.16103896103896104,0.8,0.8095238095238095,0.06523090631434965,0.04222064959944087,0.023010256714908778
2025-12-26,pred_mlp,0.006493506493506493,0.6,0.7619047619047619,0.08732792657616065,0.02397019009487795,0.06335773648128269
2025-12-29,pred_mlp,0.05714285714285714,1.0,0.7142857142857143,0.1000514241278839,0.06199613403318309,0.03805529009470081
2025-12-30,pred_mlp,0.36623376623376624,1.0,0.7619047619047619,0.13405736648358707,0.030266060629386415,0.10379130585420066
2025-12-31,pred_mlp,0.43766233766233764,1.0,0.7619047619047619,0.10596254591102658,0.0005052896092610837,0.1054572563017655
2026-01-02,pred_mlp,0.5311688311688313,1.0,0.7142857142857143,0.09530766077404103,-0.00546456848579,0.10077222925983102
2026-01-05,pred_mlp,0.22987012987012984,0.8,0.5714285714285714,0.038516090072312784,0.0012409842795238156,0.03727510579278897
2026-01-06,pred_mlp,0.10259740259740259,0.8,0.5238095238095238,0.04783563861023279,0.008637033851387277,0.03919860475884551
2026-01-07,pred_mlp,0.39350649350649347,1.0,0.6190476190476191,0.057089203304578715,-0.015175207574146787,0.0722644108787255
2026-01-08,pred_mlp,0.348051948051948,1.0,0.7142857142857143,0.06979015384649342,-0.011039143047960786,0.08082929689445421
2026-01-09,pred_mlp,0.2350649350649351,0.6,0.6190476190476191,0.028525936633441006,0.02613360253818726,0.0023923340952537453
2026-01-12,pred_mlp,-0.16233766233766234,0.8,0.7142857142857143,0.009754940086267806,0.05351236604085012,-0.04375742595458232
2026-01-13,pred_mlp,0.0038961038961038965,1.0,0.7142857142857143,0.05284719976976713,0.043113244629504985,0.009733955140262145
2026-01-14,pred_mlp,0.12857142857142856,0.8,0.6666666666666666,0.04693047294338615,0.010467489066407532,0.03646298387697862
2026-01-15,pred_mlp,0.0,0.8,0.6666666666666666,0.04171931692271873,0.017344661157654227,0.0243746557650645
2026-01-16,pred_mlp,0.06103896103896104,0.8,0.6666666666666666,0.025964088130797335,-0.012587607667378254,0.03855169579817559
2026-01-20,pred_mlp,0.13116883116883118,0.8,0.8095238095238095,0.061578513629819386,0.03327041487600413,0.028308098753815257
2026-01-21,pred_mlp,0.287012987012987,0.8,0.6666666666666666,0.055312189645240054,0.008509888996206616,0.046802300649033436
2026-01-22,pred_mlp,-0.37922077922077924,0.8,0.7142857142857143,0.021757479418441215,0.07920571330564541,-0.05744823388720419
2026-01-23,pred_mlp,-0.24675324675324672,0.6,0.7142857142857143,-0.025488821121918637,0.03468200098772345,-0.060170822109642086
2026-01-26,pred_mlp,-0.4831168831168831,0.4,0.6666666666666666,-0.03446829969144749,0.06227218652138104,-0.09674048621282853
2026-01-27,pred_mlp,0.10909090909090909,0.4,0.6666666666666666,-0.014193107111010494,0.00028311132816911667,-0.01447621843917961
2026-01-28,pred_mlp,-0.5493506493506494,0.0,0.6666666666666666,-0.05198765227946498,0.04067101322294766,-0.09265866550241264
2026-01-29,pred_mlp,-0.024675324675324677,0.4,0.5714285714285714,-0.009045761421186982,-0.011504208227435742,0.00245844680624876
2026-01-30,pred_mlp,-0.5571428571428572,0.2,0.7142857142857143,-0.036333831335498654,0.04672653978173704,-0.08306037111723569
2026-02-02,pred_mlp,0.006493506493506493,0.4,0.5238095238095238,0.010813197674485719,0.0029009857866530765,0.007912211887832643
2026-02-03,pred_mlp,0.12857142857142856,0.6,0.6190476190476191,0.004939478125300001,-0.0031331430356217327,0.008072621160921733
2026-02-04,pred_mlp,-0.04025974025974026,0.6,0.5714285714285714,0.025199257282087717,0.008900099212376045,0.01629915806971167
2026-02-05,pred_mlp,0.07792207792207792,0.8,0.5714285714285714,0.026519253264176968,0.011168341843633333,0.015350911420543635
2026-02-06,pred_mlp,-0.0038961038961038965,0.6,0.42857142857142855,0.013023330627984641,0.0037820615794629474,0.009241269048521693
2026-02-09,pred_mlp,0.04675324675324675,0.4,0.38095238095238093,-0.0009994518248580997,-0.015700706276033705,0.014701254451175604
2026-02-10,pred_mlp,0.14805194805194805,0.2,0.23809523809523808,-0.009965205439888747,-0.023133526582729047,0.0131683211428403
2026-02-11,pred_mlp,0.04155844155844156,0.0,0.19047619047619047,-0.029204335197683194,-0.02570196206940496,-0.003502373128278235
2026-02-12,pred_mlp,0.03896103896103896,0.2,0.23809523809523808,-0.025449422891079477,-0.027140089981303572,0.0016906670902240954
2026-02-13,pred_mlp,0.08181818181818182,0.2,0.23809523809523808,-0.008813486730858421,-0.006580360538840879,-0.002233126192017542
2026-02-17,pred_mlp,-0.15844155844155844,0.4,0.3333333333333333,-0.0061310860460987325,-0.004270266790389133,-0.0018608192557095999
2026-02-18,pred_mlp,-0.24675324675324672,0.0,0.19047619047619047,-0.04128636685039309,-0.022738630391982696,-0.01854773645841039
2026-02-19,pred_mlp,-0.38311688311688313,0.0,0.19047619047619047,-0.04622639002787008,-0.0017997326554012537,-0.04442665737246883
2026-02-20,pred_mlp,-0.36233766233766235,0.0,0.14285714285714285,-0.0837202449158824,-0.05472815376657365,-0.028992091149308744
2026-02-23,pred_mlp,-0.43766233766233764,0.0,0.14285714285714285,-0.07120567216834858,-0.014338515130095231,-0.05686715703825335
2026-02-24,pred_mlp,-0.41038961038961036,0.0,0.14285714285714285,-0.08384203098829937,-0.04094746893956973,-0.04289456204872964
2026-02-25,pred_mlp,-0.6688311688311688,0.0,0.14285714285714285,-0.09135616797703408,-0.025413435253980033,-0.06594273272305405
2026-02-26,pred_mlp,-0.4324675324675325,0.0,0.14285714285714285,-0.11588285154279712,-0.06295232452273361,-0.05293052702006351
2026-02-27,pred_mlp,-0.587012987012987,0.0,0.14285714285714285,-0.1045513694906628,-0.017080901004091785,-0.087470468486571
2026-03-02,pred_mlp,-0.5909090909090908,0.2,0.14285714285714285,-0.0915237704288274,-0.018999034199460252,-0.07252473622936714
2026-03-03,pred_mlp,-0.2636363636363636,0.2,0.14285714285714285,-0.033247246843289946,-0.026833287819174646,-0.0064139590241153
2026-03-04,pred_mlp,-0.15844155844155844,0.2,0.14285714285714285,-0.044738831158080215,-0.02599361358391472,-0.018745217574165494
2026-03-05,pred_mlp,-0.38831168831168833,0.0,0.14285714285714285,-0.053913129855435504,-0.0005319311764497847,-0.05338119867898572
2026-03-06,pred_mlp,0.07922077922077922,0.6,0.2857142857142857,0.011788554212786906,-0.018699360960643154,0.03048791517343006
2026-03-09,pred_mlp,-0.16363636363636364,0.2,0.14285714285714285,-0.016875751985314946,-0.0062200262961772165,-0.010655725689137729
2026-03-10,pred_mlp,0.24935064935064938,0.6,0.5238095238095238,0.0032140958609582436,-0.010520428126030424,0.013734523986988668
2026-03-11,pred_mlp,0.3246753246753247,0.8,0.6190476190476191,0.01900147479589458,0.0024971122698704386,0.016504362526024142
2026-03-12,pred_mlp,0.20129870129870128,0.6,0.6190476190476191,0.010369428257205304,0.004326273749301812,0.006043154507903492
2026-03-13,pred_mlp,0.44675324675324674,0.8,0.6666666666666666,0.04773350557100962,-0.0013345590765220904,0.04906806464753171
2026-03-16,pred_mlp,0.4831168831168831,0.8,0.6666666666666666,0.04483269809260493,0.00810369431217719,0.03672900378042774
2026-03-17,pred_mlp,0.42337662337662335,0.8,0.6666666666666666,0.05494667713056265,0.0097432189527616,0.045203458177801054
2026-03-18,pred_mlp,0.32857142857142857,0.8,0.7142857142857143,0.060429583686188025,0.010895525992037136,0.04953405769415089
2026-03-19,pred_mlp,0.6,1.0,0.7619047619047619,0.09306770843123377,-0.0009696817344363895,0.09403739016567016
2026-03-20,pred_mlp,0.6220779220779221,1.0,0.9047619047619048,0.1170550246576049,0.008886659165560418,0.10816836549204448
2026-03-23,pred_mlp,0.7831168831168831,1.0,0.9047619047619048,0.10505206161140479,-0.008014817772490712,0.11306687938389551
2026-03-24,pred_mlp,0.6818181818181818,1.0,0.8571428571428571,0.1308136193004062,0.0019513554088248287,0.12886226389158137
2026-03-25,pred_mlp,0.6,1.0,0.8571428571428571,0.08622279102527419,0.01599202545589664,0.07023076556937755
2026-03-26,pred_mlp,0.8441558441558441,1.0,0.8571428571428571,0.15743373203995187,-0.011680453539684698,0.16911418557963656
2026-03-27,pred_mlp,0.7610389610389611,1.0,0.9047619047619048,0.18268728357438616,-0.01512854436864881,0.19781582794303496
2026-03-30,pred_mlp,0.5818181818181818,1.0,0.8571428571428571,0.17245609689887606,0.029441129475030813,0.14301496742384526
2026-03-31,pred_mlp,0.31428571428571433,0.8,0.7142857142857143,0.10876885235293236,0.021953197894983446,0.08681565445794892
2026-04-01,pred_mlp,0.24675324675324672,0.8,0.8095238095238095,0.07013356710908598,0.03295066786109062,0.037182899247995366
2026-04-02,pred_mlp,0.5077922077922078,1.0,0.7619047619047619,0.08313901576651332,0.011426017629872743,0.07171299813664057
2026-04-06,pred_mlp,0.6922077922077923,1.0,0.7142857142857143,0.10011278377781316,0.008265421379952342,0.09184736239786082
2026-04-07,pred_mlp,0.6194805194805195,1.0,0.7142857142857143,0.10504681779337202,0.01449622903678236,0.09055058875658967
2026-04-08,pred_mlp,0.5389610389610389,1.0,0.7142857142857143,0.09757191046853904,0.0053037930162603605,0.09226811745227868
2026-04-09,pred_mlp,0.3506493506493506,0.8,0.6190476190476191,0.06709315286794718,0.004478640892305141,0.06261451197564204
2026-04-10,pred_mlp,0.1948051948051948,0.6,0.6666666666666666,0.04603234864499639,-0.005774090862927373,0.05180643950792376
2022-01-03,pred_rf,-0.45974025974025967,0.0,0.23809523809523808,-0.11454062923804054,-0.027163062874314182,-0.08737756636372636
2022-01-04,pred_rf,-0.5727272727272726,0.0,0.14285714285714285,-0.09453860694229196,0.011628112160514825,-0.10616671910280678
2022-01-05,pred_rf,-0.4246753246753247,0.2,0.14285714285714285,-0.08662445363334807,-0.02669137880517265,-0.05993307482817542
2022-01-06,pred_rf,-0.5493506493506494,0.0,0.19047619047619047,-0.12595407425534064,-0.033596912115851495,-0.09235716213948914
2022-01-07,pred_rf,-0.5103896103896104,0.0,0.19047619047619047,-0.13946122944766248,0.003089308440229521,-0.14255053788789201
2022-01-10,pred_rf,-0.7948051948051948,0.0,0.19047619047619047,-0.11999639711238004,0.014784283168156564,-0.1347806802805366
2022-01-11,pred_rf,-0.5454545454545454,0.0,0.19047619047619047,-0.10261479393446846,0.0029980097033805997,-0.10561280363784906
2022-01-12,pred_rf,-0.45324675324675323,0.0,0.14285714285714285,-0.12579438483296407,-0.018165115017905985,-0.10762926981505808
2022-01-13,pred_rf,-0.5571428571428572,0.2,0.19047619047619047,-0.10595363393738348,-0.02110224933481215,-0.08485138460257133
2022-01-14,pred_rf,-0.6272727272727273,0.0,0.19047619047619047,-0.14284694019338123,-0.009664372678314747,-0.1331825675150665
2022-01-18,pred_rf,-0.1961038961038961,0.4,0.3333333333333333,-0.06563590572340275,-0.00393208067844395,-0.0617038250449588
2022-01-19,pred_rf,-0.13116883116883118,0.4,0.38095238095238093,-0.05177748903813382,-0.0006621559177662605,-0.051115333120367555
2022-01-20,pred_rf,-0.35974025974025975,0.4,0.2857142857142857,-0.07354306427160573,0.009256896558781947,-0.08279996083038768
2022-01-21,pred_rf,-0.3168831168831169,0.4,0.42857142857142855,-0.06292343614917954,0.013002720958892277,-0.07592615710807182
2022-01-24,pred_rf,-0.32597402597402597,0.4,0.2857142857142857,-0.08437410574421837,0.014659793195088432,-0.09903389893930681
2022-01-25,pred_rf,-0.2896103896103896,0.2,0.23809523809523808,-0.08678435929649667,0.006848071947089807,-0.09363243124358647
2022-01-26,pred_rf,-0.04155844155844156,0.4,0.3333333333333333,-0.05279610791699616,0.012602227369489905,-0.06539833528648606
2022-01-27,pred_rf,0.2597402597402597,0.6,0.7619047619047619,-0.02526802238773169,0.0045167007639327576,-0.02978472315166445
2022-01-28,pred_rf,-0.02077922077922078,0.6,0.3333333333333333,-0.03056119131707056,0.0009606949815671895,-0.031521886298637745
2022-01-31,pred_rf,-0.5298701298701299,0.2,0.19047619047619047,-0.02643957702258224,0.024951881865040826,-0.051391458887623066
2022-02-01,pred_rf,-0.15584415584415584,0.2,0.23809523809523808,-0.025319242186135415,-0.06877705052966429,0.04345780834352887
2022-02-02,pred_rf,-0.5116883116883117,0.2,0.2857142857142857,-0.05293229064553073,0.026824457399317204,-0.07975674804484793
2022-02-03,pred_rf,-0.4285714285714285,0.4,0.2857142857142857,-0.03318099040878042,0.03370894334911319,-0.06688993375789361
2022-02-04,pred_rf,-0.6272727272727273,0.0,0.2857142857142857,-0.12608109410282414,0.01555253591065251,-0.14163363001347665
2022-02-07,pred_rf,-0.5194805194805194,0.0,0.23809523809523808,-0.11463811058754969,0.03563566553202322,-0.1502737761195729
2022-02-08,pred_rf,-0.33246753246753247,0.0,0.23809523809523808,-0.055565849224739484,0.021865608325639975,-0.07743145755037946
2022-02-09,pred_rf,-0.5727272727272726,0.0,0.23809523809523808,-0.11141483000288518,-0.007568318886920245,-0.10384651111596493
2022-02-10,pred_rf,-0.5064935064935064,0.0,0.23809523809523808,-0.09706497071379594,0.019480691086442636,-0.11654566180023858
2022-02-11,pred_rf,-0.3818181818181818,0.2,0.23809523809523808,-0.05519759365663466,0.008661076651741272,-0.06385867030837593
2022-02-14,pred_rf,-0.3363636363636363,0.2,0.38095238095238093,-0.03439576801101156,0.00928118959317541,-0.04367695760418697
2022-02-15,pred_rf,-0.20129870129870128,0.2,0.38095238095238093,-0.014949231614306857,0.009651106835587831,-0.02460033844989469
2022-02-16,pred_rf,-0.21428571428571425,0.2,0.38095238095238093,-0.009702171387454083,0.011354766292857744,-0.021056937680311826
2022-02-17,pred_rf,0.5337662337662338,1.0,0.7142857142857143,0.04612808344072494,0.00530584220806467,0.040822241232660275
2022-02-18,pred_rf,0.5168831168831168,1.0,0.7142857142857143,0.05598247473806306,0.009432294111125894,0.046550180626937165
2022-02-22,pred_rf,0.6233766233766234,1.0,0.7619047619047619,0.0787791479747236,0.006989022235146214,0.07179012573957738
2022-02-23,pred_rf,0.6142857142857143,1.0,0.7619047619047619,0.0798537504959321,0.011349481708164721,0.06850426878776739
2022-02-24,pred_rf,0.33246753246753247,1.0,0.8571428571428571,0.095236555250202,0.027366656124243514,0.06786989912595848
2022-02-25,pred_rf,0.14675324675324675,1.0,0.7619047619047619,0.08332418773920654,0.03175029359119299,0.05157389414801355
2022-02-28,pred_rf,0.2857142857142857,1.0,0.8571428571428571,0.06748660638107373,0.025184775039827877,0.042301831341245856
2022-03-01,pred_rf,0.5246753246753247,1.0,0.8095238095238095,0.12135321183020524,0.025262828338503553,0.09609038349170168
2022-03-02,pred_rf,0.503896103896104,1.0,0.8571428571428571,0.07199150238897234,0.012083491734856632,0.059908010654115704
2022-03-03,pred_rf,0.6311688311688312,1.0,0.7619047619047619,0.08149414833127518,0.011746325758966858,0.06974782257230831
2022-03-04,pred_rf,0.7363636363636364,1.0,0.7619047619047619,0.10203069792713845,-0.007341375136908334,0.10937207306404678
2022-03-07,pred_rf,0.8454545454545455,1.0,0.7619047619047619,0.1817238271762982,-0.0050129515499475865,0.18673677872624578
2022-03-08,pred_rf,0.7142857142857142,1.0,0.7619047619047619,0.14864251871209871,0.010795374651893442,0.13784714406020526
2022-03-09,pred_rf,0.3116883116883117,1.0,0.8571428571428571,0.05981964861321036,0.024124618473736415,0.03569503013947395
2022-03-10,pred_rf,0.374025974025974,1.0,0.8095238095238095,0.0756098456625629,0.01964088012106093,0.05596896554150197
2022-03-11,pred_rf,0.4077922077922078,1.0,0.8571428571428571,0.08239008816336688,0.015469460074219921,0.06692062808914695
2022-03-14,pred_rf,0.12987012987012986,1.0,0.9047619047619048,0.06539008481837065,0.02858152135773593,0.03680856346063472
2022-03-15,pred_rf,-0.12337662337662336,0.4,0.7142857142857143,0.01293134678653789,0.02194065066155102,-0.009009303875013131
2022-03-16,pred_rf,0.1909090909090909,0.6,0.5238095238095238,0.03451298388538364,-0.009461299244607525,0.04397428312999116
2022-03-17,pred_rf,-0.07922077922077922,0.4,0.42857142857142855,0.006518449931897319,0.012271829475891338,-0.005753379543994019
2022-03-18,pred_rf,-0.39610389610389607,0.0,0.38095238095238093,-0.06135560934225037,0.007617918847192562,-0.06897352818944294
2022-03-21,pred_rf,-0.2987012987012987,0.2,0.47619047619047616,-0.03167216290617118,0.013132861412028695,-0.04480502431819988
2022-03-22,pred_rf,-0.5493506493506494,0.2,0.38095238095238093,-0.056795860241966964,0.03640932359469899,-0.09320518383666596
2022-03-23,pred_rf,-0.5493506493506494,0.2,0.38095238095238093,-0.07269752124956921,0.027327591012542916,-0.10002511226211214
2022-03-24,pred_rf,-0.6103896103896104,0.0,0.23809523809523808,-0.11900451466638791,-0.007172386777954865,-0.11183212788843304
2022-03-25,pred_rf,-0.7532467532467532,0.0,0.19047619047619047,-0.1136724712193494,-0.006448961001714393,-0.107223510217635
2022-03-28,pred_rf,-0.6870129870129871,0.0,0.19047619047619047,-0.1777149561210554,-0.011529681208363706,-0.1661852749126917
2022-03-29,pred_rf,-0.3220779220779221,0.0,0.14285714285714285,-0.14205486195468883,-0.046490400627664116,-0.09556446132702472
2022-03-30,pred_rf,-0.34025974025974026,0.0,0.14285714285714285,-0.12622409941572116,-0.04525793328458978,-0.08096616613113138
2022-03-31,pred_rf,-0.551948051948052,0.0,0.14285714285714285,-0.14549915174281286,-0.01834987840533355,-0.1271492733374793
2022-04-01,pred_rf,-0.35454545454545455,0.0,0.09523809523809523,-0.10789577785933349,-0.023603000244880046,-0.08429277761445345
2022-04-04,pred_rf,-0.15194805194805194,0.2,0.09523809523809523,-0.13049946024134584,-0.06674036845258662,-0.06375909178875923
2022-04-05,pred_rf,-0.4207792207792207,0.2,0.19047619047619047,-0.06693035737878268,-0.015739807352463588,-0.051190550026319094
2022-04-06,pred_rf,-0.47922077922077916,0.2,0.14285714285714285,-0.08326342024652471,-0.019252579615573317,-0.06401084063095139
2022-04-07,pred_rf,-0.5948051948051949,0.0,0.09523809523809523,-0.1287324530953468,-0.03007732844391433,-0.09865512465143247
2022-04-08,pred_rf,-0.7246753246753247,0.0,0.047619047619047616,-0.1461147285902387,-0.03782954816218047,-0.10828518042805822
2022-04-11,pred_rf,-0.6155844155844156,0.0,0.047619047619047616,-0.10813975507994607,-0.022485285410724542,-0.08565446966922152
2022-04-12,pred_rf,-0.6350649350649351,0.0,0.047619047619047616,-0.10920998903569075,-0.021728272664094293,-0.08748171637159646
2022-04-13,pred_rf,-0.7064935064935066,0.0,0.047619047619047616,-0.13088554397829708,-0.025208948955973965,-0.10567659502232311
2022-04-14,pred_rf,-0.45454545454545453,0.2,0.09523809523809523,-0.07077606098662917,-0.020814749423752988,-0.049961311562876184
2022-04-18,pred_rf,-0.5532467532467533,0.2,0.09523809523809523,-0.08267996703288198,-0.023275279388204017,-0.05940468764467796
2022-04-19,pred_rf,-0.5454545454545454,0.2,0.14285714285714285,-0.07070893220945382,-0.021141297686611216,-0.0495676345228426
2022-04-20,pred_rf,-0.5584415584415584,0.0,0.09523809523809523,-0.13412289878362957,-0.032908883797653464,-0.1012140149859761
2022-04-21,pred_rf,-0.35584415584415585,0.2,0.14285714285714285,-0.102003351635086,-0.04665106052097423,-0.055352291114111773
2022-04-22,pred_rf,-0.2922077922077922,0.4,0.19047619047619047,-0.042694027168786564,-0.03307505485700875,-0.009618972311777815
2022-04-25,pred_rf,-0.20519480519480518,0.4,0.19047619047619047,-0.020152049116654646,-0.02948009989823839,0.009328050781583743
2022-04-26,pred_rf,-0.08311688311688312,0.4,0.19047619047619047,-0.01034651976583929,-0.02320690464710675,0.01286038488126746
2022-04-27,pred_rf,-0.16363636363636364,0.2,0.23809523809523808,-0.037582079051081574,-0.01715238068995737,-0.020429698361124203
2022-04-28,pred_rf,-0.2909090909090909,0.2,0.19047619047619047,-0.020632268192467017,-0.02433487123619622,0.003702603043729203
2022-04-29,pred_rf,0.24935064935064938,0.6,0.5714285714285714,0.03720459427348342,-0.004076705775988376,0.041281300049471795
2022-05-02,pred_rf,-0.04155844155844156,0.4,0.38095238095238093,0.0015925343499656242,-0.004911115245289865,0.006503649595255489
2022-05-03,pred_rf,-0.312987012987013,0.2,0.2857142857142857,-0.0179842302155494,-0.005953643510993501,-0.0120305867045559
2022-05-04,pred_rf,-0.2350649350649351,0.2,0.2857142857142857,-0.03776707319536612,0.003716392613969255,-0.041483465809335374
2022-05-05,pred_rf,-0.07142857142857142,0.0,0.3333333333333333,-0.023822804810771325,0.0018504274667484166,-0.02567323227751974
2022-05-06,pred_rf,0.08311688311688312,0.6,0.6666666666666666,-0.0032186384160120428,-0.005688013830497796,0.0024693754144857532
2022-05-09,pred_rf,0.487012987012987,0.8,0.8571428571428571,0.06391234305510944,0.0018828984751124932,0.06202944457999695
2022-05-10,pred_rf,0.461038961038961,0.8,0.7619047619047619,0.05777856632602796,0.03838204327978774,0.01939652304624022
2022-05-11,pred_rf,0.35584415584415585,0.8,0.7142857142857143,0.038344163756670956,0.034038161343449815,0.004306002413221141
2022-05-12,pred_rf,0.0935064935064935,0.4,0.38095238095238093,-0.0006824431223475091,0.012745293833213055,-0.013427736955560564
2022-05-13,pred_rf,-0.2701298701298701,0.2,0.14285714285714285,-0.057365143632942116,-0.034723025096788616,-0.0226421185361535
2022-05-16,pred_rf,-0.033766233766233764,0.2,0.14285714285714285,-0.05058190214547091,-0.05322530536700443,0.0026434032215335163
2022-05-17,pred_rf,0.0,0.0,0.14285714285714285,-0.05809051485785684,-0.04791912645239873,-0.010171388405458108
2022-05-18,pred_rf,-0.5077922077922078,0.0,0.047619047619047616,-0.09183996333769773,-0.03599644145738057,-0.05584352188031716
2022-05-19,pred_rf,-0.34935064935064936,0.0,0.047619047619047616,-0.08001695500234933,-0.020983439670643624,-0.059033515331705706
2022-05-20,pred_rf,-0.11818181818181818,0.2,0.09523809523809523,-0.06122748026272349,-0.03640757764023157,-0.024819902622491917
2022-05-23,pred_rf,-0.2701298701298701,0.0,0.047619047619047616,-0.058720465263783383,-0.04910135050444393,-0.00961911475933945
2022-05-24,pred_rf,0.0012987012987012987,0.2,0.09523809523809523,-0.052850492387664524,-0.05898567804465762,0.006135185656993093
2022-05-25,pred_rf,0.09480519480519481,0.4,0.2857142857142857,-0.01548220705652421,-0.02946300375274593,0.01398079669622172
2022-05-26,pred_rf,-0.24805194805194808,0.0,0.047619047619047616,-0.0761085839540148,-0.03375227188348617,-0.04235631207052863
2022-05-27,pred_rf,-0.45974025974025967,0.0,0.047619047619047616,-0.11559925388834594,-0.04827713651378631,-0.06732211737455962
2022-05-31,pred_rf,-0.5415584415584416,0.0,0.047619047619047616,-0.11166775952104795,-0.03362370568540971,-0.07804405383563823
2022-06-01,pred_rf,-0.6194805194805195,0.0,0.047619047619047616,-0.10967998381814367,-0.04073388892600414,-0.06894609489213954
2022-06-02,pred_rf,-0.34285714285714286,0.0,0.047619047619047616,-0.15000660851056483,-0.06752732465217363,-0.08247928385839119
2022-06-03,pred_rf,-0.24545454545454545,0.0,0.09523809523809523,-0.07159808485309431,-0.06771344766516958,-0.0038846371879247277
2022-06-06,pred_rf,-0.15714285714285717,0.0,0.14285714285714285,-0.09099614038565074,-0.027665502716613298,-0.06333063766903743
2022-06-07,pred_rf,-0.21038961038961035,0.0,0.047619047619047616,-0.08542922149020933,-0.02355711254774968,-0.06187210894245965
2022-06-08,pred_rf,-0.20909090909090908,0.0,0.14285714285714285,-0.07195901257935164,-0.02897612293148033,-0.04298288964787131
2022-06-09,pred_rf,-0.34935064935064936,0.0,0.19047619047619047,-0.11045741014050307,-0.06343393585693244,-0.047023474283570635
2022-06-10,pred_rf,-0.26233766233766237,0.2,0.2857142857142857,-0.07711909058021604,-0.03007161589450482,-0.04704747468571122
2022-06-13,pred_rf,-0.0961038961038961,0.4,0.5238095238095238,-0.007546193187218853,-0.051908640223490864,0.04436244703627201
2022-06-14,pred_rf,-0.0961038961038961,0.4,0.5238095238095238,-0.018695438118237352,-0.006063530264581729,-0.012631907853655623
2022-06-15,pred_rf,-0.3194805194805195,0.4,0.5714285714285714,-0.021132188358147654,-0.014703988022607462,-0.006428200335540191
2022-06-16,pred_rf,0.14415584415584418,0.8,0.7619047619047619,0.00973336597984784,-0.015532614875218353,0.025265980855066192
2022-06-17,pred_rf,0.44415584415584414,0.8,0.8095238095238095,0.05590927145519962,-0.018966106249984672,0.07487537770518429
2022-06-21,pred_rf,0.535064935064935,0.8,0.8095238095238095,0.06293357004789209,-0.011937721909305777,0.07487129195719787
2022-06-22,pred_rf,0.6779220779220779,0.8,0.8571428571428571,0.09366870764925053,-0.014794643431643006,0.10846335108089354
2022-06-23,pred_rf,0.6220779220779221,1.0,0.8571428571428571,0.06024668309628689,0.0038947257770833186,0.056351957319203574
2022-06-24,pred_rf,0.20909090909090908,0.6,0.7142857142857143,0.016059874902362402,-0.0002806768110526381,0.01634055171341504
2022-06-27,pred_rf,-0.08831168831168833,0.4,0.6190476190476191,-0.007377906177222671,-0.01121502424082461,0.00383711806360194
2022-06-28,pred_rf,0.535064935064935,0.8,0.8095238095238095,0.0666867812301704,0.013428223751722345,0.05325855747844805
2022-06-29,pred_rf,0.4974025974025974,0.8,0.8095238095238095,0.08253194627740727,0.020325982449777437,0.062205963827629836
2022-06-30,pred_rf,0.6103896103896104,0.8,0.8095238095238095,0.11884129934499899,0.010733499632426535,0.10810779971257245
2022-07-01,pred_rf,0.509090909090909,0.8,0.8095238095238095,0.14091236267755666,0.025424825992618815,0.11548753668493784
2022-07-05,pred_rf,0.5584415584415584,1.0,0.8095238095238095,0.15913775997029878,0.023065294333374453,0.13607246563692432
2022-07-06,pred_rf,0.4168831168831169,1.0,0.9047619047619048,0.17676725127370782,0.051087017085397576,0.12568023418831026
2022-07-07,pred_rf,0.2506493506493506,0.8,0.8571428571428571,0.1163815331418162,0.04408838070247141,0.0722931524393448
2022-07-08,pred_rf,0.39610389610389607,0.8,0.8095238095238095,0.0885535851305234,0.028073284624691185,0.06048030050583222
2022-07-11,pred_rf,0.5545454545454546,1.0,0.9047619047619048,0.1294826869336208,0.03244523526649164,0.09703745166712917
2022-07-12,pred_rf,0.5337662337662338,1.0,0.9523809523809523,0.1310938559348362,0.04827971301394709,0.0828141429208891
2022-07-13,pred_rf,0.5298701298701299,1.0,0.9523809523809523,0.16154734382696723,0.07262711486099298,0.08892022896597425
2022-07-14,pred_rf,0.6519480519480519,1.0,0.9047619047619048,0.15603412429731117,0.058533686641528096,0.09750043765578308
2022-07-15,pred_rf,0.40649350649350646,1.0,0.9047619047619048,0.15482257565920063,0.08906691902822024,0.06575565663098039
2022-07-18,pred_rf,0.4805194805194805,1.0,0.9523809523809523,0.1448929740981703,0.07896743708371749,0.06592553701445282
2022-07-19,pred_rf,0.35844155844155845,1.0,0.9523809523809523,0.11384257245322624,0.06340396287926217,0.050438609573964066
2022-07-20,pred_rf,0.2194805194805195,1.0,0.9047619047619048,0.07775345130675113,0.03660904596699839,0.041144405339752735
2022-07-21,pred_rf,0.09480519480519481,0.8,0.9047619047619048,0.035077619001174586,0.05567401240656751,-0.020596393405392925
2022-07-22,pred_rf,0.29740259740259745,1.0,0.8571428571428571,0.056468386195936214,0.015898319474989007,0.04057006672094721
2022-07-25,pred_rf,0.09090909090909091,0.8,0.7619047619047619,0.028937167059488546,0.02892975138005267,7.415679435875816e-06
2022-07-26,pred_rf,0.11428571428571428,1.0,0.8571428571428571,0.05786666356408503,0.041947315613541036,0.01591934795054399
2022-07-27,pred_rf,0.06363636363636363,0.8,0.6666666666666666,0.022469893233407312,0.021738870250998587,0.0007310229824087251
2022-07-28,pred_rf,0.14545454545454545,0.6,0.6666666666666666,0.02255103076666263,0.009680207981294719,0.01287082278536791
2022-07-29,pred_rf,-0.031168831168831172,0.4,0.38095238095238093,-0.028595084533458916,-0.020210117755788404,-0.008384966777670512
2022-08-01,pred_rf,-0.11428571428571428,0.4,0.3333333333333333,-0.05588054030919307,-0.0007262712151027805,-0.05515426909409029
2022-08-02,pred_rf,-0.24935064935064938,0.0,0.2857142857142857,-0.07170917990105818,-0.0006915068456581963,-0.0710176730554
2022-08-03,pred_rf,-0.37142857142857144,0.0,0.19047619047619047,-0.09025384825230531,-0.021290756183536486,-0.06896309206876883
2022-08-04,pred_rf,-0.1012987012987013,0.2,0.19047619047619047,-0.09294150324629395,-0.04566514581490146,-0.04727635743139249
2022-08-05,pred_rf,-0.26493506493506497,0.0,0.19047619047619047,-0.12403548628721883,-0.026803065634053835,-0.097232420653165
2022-08-08,pred_rf,-0.2935064935064935,0.0,0.19047619047619047,-0.09682151120214995,-0.045828399903917405,-0.050993111298232544
2022-08-09,pred_rf,-0.2,0.0,0.19047619047619047,-0.0663395736815453,-0.03249518335191108,-0.033844390329634225
2022-08-10,pred_rf,-0.23376623376623373,0.2,0.14285714285714285,-0.0997254296341483,-0.04313625288139731,-0.056589176752750985
2022-08-11,pred_rf,-0.17922077922077922,0.2,0.19047619047619047,-0.07431583048451859,-0.023432947228803826,-0.050882883255714766
2022-08-12,pred_rf,-0.2,0.2,0.19047619047619047,-0.08504057165165227,-0.037410243640562536,-0.04763032801108973
2022-08-15,pred_rf,-0.38311688311688313,0.2,0.14285714285714285,-0.14444014072731126,-0.06750026574659589,-0.07693987498071538
2022-08-16,pred_rf,-0.4,0.2,0.14285714285714285,-0.13081183084414325,-0.04777936016770692,-0.08303247067643632
2022-08-17,pred_rf,-0.38571428571428573,0.2,0.14285714285714285,-0.13640993820577643,-0.046075185189964674,-0.09033475301581176
2022-08-18,pred_rf,-0.6298701298701298,0.0,0.09523809523809523,-0.18093333649625148,-0.0329611045697699,-0.14797223192648157
2022-08-19,pred_rf,-0.7285714285714285,0.0,0.09523809523809523,-0.14942820146020402,-0.01584125347710823,-0.13358694798309578
2022-08-22,pred_rf,-0.7298701298701298,0.0,0.09523809523809523,-0.1297966477523607,-0.014284232184016976,-0.11551241556834371
2022-08-23,pred_rf,-0.8610389610389609,0.0,0.09523809523809523,-0.14234923062914778,-0.019845985047977743,-0.12250324558117004
2022-08-24,pred_rf,-0.8272727272727272,0.0,0.09523809523809523,-0.15835810252162513,-0.02088930804469429,-0.13746879447693083
2022-08-25,pred_rf,-0.8415584415584414,0.0,0.047619047619047616,-0.1857670222123168,-0.027228933964652046,-0.15853808824766477
2022-08-26,pred_rf,-0.7688311688311688,0.0,0.047619047619047616,-0.15604788549103957,-0.041713090320200055,-0.11433479517083951
2022-08-29,pred_rf,-0.6558441558441558,0.0,0.047619047619047616,-0.14167526000501315,-0.040470656826439064,-0.10120460317857409
2022-08-30,pred_rf,-0.6142857142857143,0.0,0.047619047619047616,-0.10640112810454302,-0.03200496200320939,-0.07439616610133364
2022-08-31,pred_rf,-0.6883116883116883,0.0,0.047619047619047616,-0.13228115268190194,-0.0287901726500271,-0.10349098003187483
2022-09-01,pred_rf,-0.6272727272727273,0.0,0.047619047619047616,-0.12714294530368248,-0.028382860442347235,-0.09876008486133524
2022-09-02,pred_rf,-0.6038961038961038,0.0,0.047619047619047616,-0.08515967681657566,-0.02141184388335058,-0.06374783293322508
2022-09-06,pred_rf,-0.26883116883116887,0.0,0.19047619047619047,-0.040008325706802794,-0.012022260153479802,-0.027986065553322993
2022-09-07,pred_rf,-0.3181818181818181,0.0,0.14285714285714285,-0.05507866192712929,-0.013020452419958639,-0.04205820950717065
2022-09-08,pred_rf,-0.2909090909090909,0.2,0.14285714285714285,-0.04632972752451545,-0.021067378307028362,-0.02526234921748709
2022-09-09,pred_rf,-0.6883116883116883,0.0,0.09523809523809523,-0.12517260041295034,-0.03687820903801724,-0.0882943913749331
2022-09-12,pred_rf,-0.7558441558441559,0.0,0.047619047619047616,-0.16988829142105635,-0.029406781791100477,-0.14048150962995587
2022-09-13,pred_rf,-0.5064935064935064,0.0,0.09523809523809523,-0.12787056982938577,-0.040231156321530605,-0.08763941350785517
2022-09-14,pred_rf,-0.6558441558441558,0.0,0.047619047619047616,-0.1330370565551954,-0.025056335592708923,-0.10798072096248648
2022-09-15,pred_rf,-0.3948051948051948,0.0,0.09523809523809523,-0.09068002288833658,-0.022860336947650127,-0.06781968594068646
2022-09-16,pred_rf,-0.5025974025974026,0.2,0.09523809523809523,-0.10058609454751799,-0.037702678183992575,-0.06288341636352542
2022-09-19,pred_rf,-0.45714285714285713,0.2,0.09523809523809523,-0.07104973897089958,-0.029854196137341592,-0.04119554283355799
2022-09-20,pred_rf,-0.3090909090909091,0.2,0.14285714285714285,-0.05438145499292975,-0.022852273091411933,-0.031529181901517815
2022-09-21,pred_rf,-0.07532467532467534,0.2,0.19047619047619047,-0.02419245753749526,-0.029212507459888837,0.005020049922393577
2022-09-22,pred_rf,-0.062337662337662345,0.2,0.14285714285714285,-0.004148542260729649,-0.026542995125530534,0.022394452864800886
2022-09-23,pred_rf,0.3051948051948052,0.6,0.47619047619047616,0.04656180755492543,-0.03392140742596801,0.08048321498089345
2022-09-26,pred_rf,0.37922077922077924,0.8,0.6666666666666666,0.07822197660287748,-0.03499301592771074,0.11321499253058823
2022-09-27,pred_rf,0.5961038961038961,1.0,0.7142857142857143,0.10620593198739359,-0.011888524762656626,0.11809445675005022
2022-09-28,pred_rf,0.18441558441558442,0.6,0.5238095238095238,0.041332106896572095,-0.00273232858771848,0.04406443548429057
2022-09-29,pred_rf,0.3,0.8,0.6190476190476191,0.03110323110352766,-0.012701654999322121,0.043804886102849785
2022-09-30,pred_rf,0.3220779220779221,0.8,0.6666666666666666,0.06010204443639751,-0.015281704614112601,0.07538374905051011
2022-10-03,pred_rf,0.3051948051948052,0.6,0.6190476190476191,-0.021525765101605133,-0.00013916092189572015,-0.021386604179709414
2022-10-04,pred_rf,-0.05584415584415584,0.4,0.5238095238095238,-0.06670391181830763,-0.020363412668926627,-0.04634049914938101
2022-10-05,pred_rf,-0.01818181818181818,0.4,0.42857142857142855,-0.10127811250223968,-0.03339853889978239,-0.06787957360245729
2022-10-06,pred_rf,0.02077922077922078,0.4,0.5238095238095238,-0.09376326983798922,-0.02463828173291376,-0.06912498810507546
2022-10-07,pred_rf,0.10259740259740259,0.4,0.6190476190476191,-0.02720299798623769,-0.006217193243613894,-0.020985804742623793
2022-10-10,pred_rf,0.09090909090909091,0.6,0.7142857142857143,0.019201313715995184,0.029796795308820734,-0.01059548159282555
2022-10-11,pred_rf,0.1961038961038961,0.8,0.7619047619047619,0.06947322700921003,0.0293954053777546,0.04007782163145543
2022-10-12,pred_rf,0.26493506493506497,0.6,0.7142857142857143,0.06231420641228831,0.0231921635018713,0.039122042910417015
2022-10-13,pred_rf,0.2571428571428571,0.8,0.8095238095238095,0.13042215766988532,0.019105633584454763,0.11131652408543057
2022-10-14,pred_rf,0.3766233766233766,0.8,0.8571428571428571,0.21128602463481022,0.05803749382809942,0.1532485308067108
2022-10-17,pred_rf,0.3974025974025974,0.8,0.8571428571428571,0.16687771201343665,0.02491140497324864,0.141966307040188
2022-10-18,pred_rf,0.4116883116883117,1.0,0.9047619047619048,0.21746883151937366,0.047311558414601954,0.1701572731047717
2022-10-19,pred_rf,0.24415584415584415,0.8,0.9047619047619048,0.0785964767149131,0.03615921523853429,0.04243726147637881
2022-10-20,pred_rf,0.0025974025974025974,0.8,0.8571428571428571,0.021091019919435426,0.029169490717452097,-0.008078470798016671
2022-10-21,pred_rf,0.1155844155844156,0.6,0.8095238095238095,0.0437329368300657,0.025958238440782468,0.01777469838928323
2022-10-24,pred_rf,0.17662337662337665,0.6,0.8095238095238095,0.028009499715045648,0.023554082106065334,0.004455417608980314
2022-10-25,pred_rf,0.3246753246753247,0.8,0.8571428571428571,0.0994729578583915,0.02341578793228345,0.07605716992610805
2022-10-26,pred_rf,0.2701298701298701,0.8,0.9047619047619048,0.07118413890814623,0.0454178092179716,0.02576632969017463
2022-10-27,pred_rf,0.3571428571428571,1.0,0.9523809523809523,0.10760501024572497,0.05025286312074369,0.05735214712498128
2022-10-28,pred_rf,0.0038961038961038965,0.8,0.9047619047619048,0.04796988259093404,0.02339284917401365,0.024577033416920392
2022-10-31,pred_rf,0.10909090909090909,1.0,0.8571428571428571,0.07888993727868265,0.02028666268158419,0.058603274597098465
2022-11-01,pred_rf,0.39350649350649347,1.0,0.9047619047619048,0.1685881403593573,0.025538604489915805,0.1430495358694415
2022-11-02,pred_rf,0.18441558441558442,1.0,0.9047619047619048,0.12248375071842443,0.03253946044183278,0.08994429027659165
2022-11-03,pred_rf,0.3207792207792208,0.8,0.9047619047619048,0.19265953468438513,0.03464237921696776,0.15801715546741738
2022-11-04,pred_rf,0.13116883116883118,0.8,0.8571428571428571,0.09512274051965075,0.01923819597109826,0.0758845445485525
2022-11-07,pred_rf,0.05324675324675325,0.8,0.8571428571428571,0.05471920937704493,0.017923974402034304,0.036795234975010624
2022-11-08,pred_rf,-0.02077922077922078,0.8,0.8095238095238095,0.049892527272659894,0.058123185006463476,-0.008230657733803583
2022-11-09,pred_rf,0.10909090909090909,0.8,0.8571428571428571,0.05328108761335202,0.020417178298256268,0.03286390931509575
2022-11-10,pred_rf,-0.3116883116883117,0.4,0.5714285714285714,-0.0174820712616506,0.010455373342430718,-0.02793744460408132
2022-11-11,pred_rf,-0.2714285714285714,0.4,0.6666666666666666,-0.009715865592369765,0.017489354049594664,-0.02720521964196443
2022-11-14,pred_rf,0.11298701298701298,0.8,0.7619047619047619,0.05308709464956578,0.02492479008693387,0.02816230456263191
2022-11-15,pred_rf,-0.1155844155844156,0.6,0.7142857142857143,-0.0020178453492557757,0.017501376242695165,-0.01951922159195094
2022-11-16,pred_rf,-0.014285714285714285,0.6,0.6190476190476191,0.008211983200847017,0.0006259580339189163,0.0075860251669281
2022-11-17,pred_rf,0.00909090909090909,0.4,0.5238095238095238,0.006989156306545508,0.0028572494484718327,0.004131906858073675
2022-11-18,pred_rf,-0.01038961038961039,0.4,0.47619047619047616,-0.011020174638598479,-0.01840807002020568,0.007387895381607201
2022-11-21,pred_rf,-0.18961038961038962,0.4,0.42857142857142855,-0.008176534074904063,-0.005205169166303536,-0.002971364908600527
2022-11-22,pred_rf,-0.06103896103896104,0.6,0.47619047619047616,0.009537750132522472,-0.002216526058147106,0.011754276190669578
2022-11-23,pred_rf,-0.5558441558441559,0.2,0.38095238095238093,-0.0448020490696384,0.007182707536243549,-0.05198475660588195
2022-11-25,pred_rf,-0.5597402597402598,0.2,0.2857142857142857,-0.028679130159112165,0.007931460093239907,-0.03661059025235207
2022-11-28,pred_rf,-0.3051948051948052,0.2,0.38095238095238093,-0.02249518925048577,-0.004553274420822628,-0.01794191482966314
2022-11-29,pred_rf,-0.36363636363636365,0.2,0.23809523809523808,-0.03188321157153371,0.0032597631133709504,-0.03514297468490466
2022-11-30,pred_rf,-0.5532467532467533,0.2,0.19047619047619047,-0.06221151754793706,-0.0014565166310105183,-0.06075500091692654
2022-12-01,pred_rf,-0.4246753246753247,0.0,0.09523809523809523,-0.04912174457032057,-0.013522917928515099,-0.03559882664180547
2022-12-02,pred_rf,-0.3974025974025974,0.2,0.23809523809523808,-0.04488582159374088,-0.03138688698495777,-0.013498934608783111
2022-12-05,pred_rf,-0.28831168831168835,0.2,0.3333333333333333,-0.020180408374033166,-0.0009545209378066799,-0.019225887436226486
2022-12-06,pred_rf,0.05324675324675325,0.2,0.38095238095238093,-0.02247666802751025,-0.021890959103333586,-0.000585708924176663
2022-12-07,pred_rf,0.08051948051948052,0.4,0.5238095238095238,-0.0025963510777595954,-0.004261061539577437,0.001664710461817842
2022-12-08,pred_rf,0.00909090909090909,0.2,0.5238095238095238,-0.007497234354547922,0.009338377548017562,-0.016835611902565484
2022-12-09,pred_rf,0.08961038961038961,0.4,0.5238095238095238,0.011159986600732497,0.032693310465101176,-0.02153332386436868
2022-12-12,pred_rf,0.28831168831168835,0.6,0.5714285714285714,0.012594807866819657,0.01253477178683644,6.003607998321739e-05
2022-12-13,pred_rf,0.2597402597402597,0.8,0.5714285714285714,0.025266016341543063,0.006252301483170552,0.019013714858372513
2022-12-14,pred_rf,0.26883116883116887,0.8,0.5714285714285714,0.03438933345191349,0.00956871151747285,0.024820621934440637
2022-12-15,pred_rf,0.5246753246753247,1.0,0.7619047619047619,0.06207030921539838,-0.001505276689487145,0.06357558590488552
2022-12-16,pred_rf,0.548051948051948,1.0,0.7142857142857143,0.06323610419295193,0.0011591606294732992,0.062076943563478634
2022-12-19,pred_rf,0.5220779220779221,1.0,0.7142857142857143,0.09215900496033749,0.010697684150023035,0.08146132081031446
2022-12-20,pred_rf,0.5818181818181818,1.0,0.7142857142857143,0.08953096528213514,0.012502387001314253,0.07702857828082088
2022-12-21,pred_rf,0.6766233766233766,1.0,0.7142857142857143,0.1020971279931843,-0.006394259362688959,0.10849138735587326
2022-12-22,pred_rf,0.5389610389610389,1.0,0.7619047619047619,0.13688188987761815,0.006204570664217424,0.13067731921340073
2022-12-23,pred_rf,0.46623376623376617,0.8,0.7619047619047619,0.11936404741232912,0.005831823504049783,0.11353222390827933
2022-12-27,pred_rf,0.6142857142857143,1.0,0.7619047619047619,0.18594546578503746,0.005728002414254729,0.18021746337078273
2022-12-28,pred_rf,0.6311688311688312,1.0,0.7619047619047619,0.19279204572071093,0.02598735584979859,0.16680468987091235
2022-12-29,pred_rf,0.5727272727272726,1.0,0.7619047619047619,0.13598980302665709,0.012583368714945854,0.12340643431171124
2022-12-30,pred_rf,0.5688311688311689,1.0,0.8095238095238095,0.1558107326125359,0.02347890220784765,0.13233183040468824
2023-01-03,pred_rf,0.7194805194805195,1.0,0.8571428571428571,0.2003246153254834,0.025787926236405134,0.17453668908907827
2023-01-04,pred_rf,0.7012987012987012,1.0,0.8095238095238095,0.2081945280960559,0.008745001153756005,0.1994495269422999
2023-01-05,pred_rf,0.7233766233766233,1.0,0.8095238095238095,0.20285986895445482,0.005912759085428232,0.19694710986902658
2023-01-06,pred_rf,0.4896103896103896,0.8,0.8095238095238095,0.14986245930509143,0.009290140745820085,0.14057231855927135
2023-01-09,pred_rf,0.6636363636363637,1.0,0.7619047619047619,0.16678081986517754,0.013864391499727024,0.15291642836545052
2023-01-10,pred_rf,0.587012987012987,0.8,0.7142857142857143,0.18715812591145806,-0.0032436670067199414,0.190401792918178
2023-01-11,pred_rf,0.37922077922077924,1.0,0.5714285714285714,0.17546812485447552,0.025068252740023268,0.15039987211445224
2023-01-12,pred_rf,0.35584415584415585,1.0,0.6190476190476191,0.13433965863237995,-0.0028682580327758166,0.13720791666515578
2023-01-13,pred_rf,0.37142857142857144,1.0,0.6666666666666666,0.16660196699379498,0.0006639815740308475,0.16593798541976412
2023-01-17,pred_rf,0.5597402597402598,1.0,0.6190476190476191,0.15641285838660962,0.0004935772790182202,0.1559192811075914
2023-01-18,pred_rf,0.7207792207792209,1.0,0.6666666666666666,0.18779950430751158,-0.02204409326619714,0.2098435975737087
2023-01-19,pred_rf,0.8103896103896104,1.0,0.6666666666666666,0.1715839033210266,-0.029709591088856846,0.20129349440988345
2023-01-20,pred_rf,0.5714285714285714,1.0,0.6666666666666666,0.11772863125934845,-0.009978978699793094,0.12770760995914154
2023-01-23,pred_rf,0.4701298701298702,0.8,0.42857142857142855,0.054523893010867706,-0.030597666533235923,0.08512155954410364
2023-01-24,pred_rf,0.4090909090909091,0.8,0.38095238095238093,0.053709567823316574,-0.022756240479021715,0.07646580830233829
2023-01-25,pred_rf,0.38831168831168833,0.6,0.42857142857142855,0.07604436050690258,-0.030390094325289562,0.10643445483219215
2023-01-26,pred_rf,0.5506493506493506,0.6,0.23809523809523808,0.04824249810792149,-0.0570127051929475,0.10525520330086899
2023-01-27,pred_rf,0.38051948051948054,0.6,0.2857142857142857,0.044639424292329366,-0.028051218414328026,0.0726906427066574
2023-01-30,pred_rf,0.029870129870129873,0.6,0.38095238095238093,0.02878835863534379,-0.01555320560309117,0.04434156423843496
2023-01-31,pred_rf,0.187012987012987,0.4,0.19047619047619047,0.03920958385289355,-0.02893660960938469,0.06814619346227824
2023-02-01,pred_rf,0.12337662337662336,0.4,0.19047619047619047,0.027721059639041746,-0.02731436543641279,0.05503542507545454
2023-02-02,pred_rf,0.14415584415584418,0.4,0.23809523809523808,0.004661957868082434,-0.029859326011034516,0.034521283879116946
2023-02-03,pred_rf,0.3051948051948052,0.2,0.23809523809523808,0.013725925461119814,-0.027909041144008738,0.041634966605128554
2023-02-06,pred_rf,0.16233766233766234,0.2,0.19047619047619047,-0.0030657706817601047,-0.028785710895878336,0.02571994021411823
2023-02-07,pred_rf,-0.08441558441558442,0.2,0.14285714285714285,-0.023940647504079916,-0.035997339245504675,0.01205669174142476
2023-02-08,pred_rf,0.06363636363636363,0.2,0.09523809523809523,-0.017616096444739292,-0.021887375650796393,0.004271279206057101
2023-02-09,pred_rf,0.24935064935064938,0.4,0.2857142857142857,-0.021820013742558243,-0.027127521121375908,0.005307507378817664
2023-02-10,pred_rf,0.1883116883116883,0.4,0.2857142857142857,-0.009250694567571372,-0.028996735308409162,0.01974604074083779
2023-02-13,pred_rf,-0.04285714285714286,0.4,0.23809523809523808,0.006926531530488167,-0.004596488165929946,0.011523019696418113
2023-02-14,pred_rf,0.032467532467532464,0.4,0.2857142857142857,-0.017751912734071597,-0.008401102478380152,-0.009350810255691445
2023-02-15,pred_rf,0.09220779220779221,0.6,0.3333333333333333,0.0346074881128128,-0.008863941528043684,0.043471429640856485
2023-02-16,pred_rf,-0.03896103896103896,0.8,0.38095238095238093,0.051007485116723685,0.0046956952450331714,0.04631178987169051
2023-02-17,pred_rf,0.20909090909090908,0.6,0.3333333333333333,0.05933737270979298,0.000617244659914773,0.05872012804987821
2023-02-21,pred_rf,0.16103896103896104,0.8,0.42857142857142855,0.07901870547592797,0.008076243192523447,0.07094246228340452
2023-02-22,pred_rf,0.287012987012987,0.8,0.38095238095238093,0.09260630036202896,0.008318358367020062,0.0842879419950089
2023-02-23,pred_rf,0.3090909090909091,1.0,0.38095238095238093,0.10250346442672638,-0.01646513580056208,0.11896860022728846
2023-02-24,pred_rf,0.34675324675324676,0.8,0.5238095238095238,0.08058243614908825,-0.0040279739102240695,0.08461041005931232
2023-02-27,pred_rf,0.34155844155844156,0.8,0.5714285714285714,0.06863409836850225,0.015146424391776292,0.053487673976725957
2023-02-28,pred_rf,0.49610389610389616,1.0,0.7142857142857143,0.09435602681574533,0.019363497286803043,0.07499252952894228
2023-03-01,pred_rf,0.5142857142857142,0.8,0.6190476190476191,0.11074329023576537,0.014258965344458785,0.0964843248913066
2023-03-02,pred_rf,0.4909090909090909,0.8,0.7142857142857143,0.10927484571858889,-0.0015738398793569309,0.11084868559794582
2023-03-03,pred_rf,0.3896103896103896,0.8,0.6666666666666666,0.09381765583919191,0.013082449663369555,0.08073520617582236
2023-03-06,pred_rf,0.45194805194805193,0.8,0.7619047619047619,0.10086345180160769,0.018966601144645146,0.08189685065696255
2023-03-07,pred_rf,0.503896103896104,1.0,0.7619047619047619,0.11434124738008884,0.028573685742312293,0.08576756163777655
2023-03-08,pred_rf,0.5883116883116883,1.0,0.7619047619047619,0.10119196915023151,0.00913253255095563,0.09205943659927589
2023-03-09,pred_rf,0.40389610389610386,1.0,0.7619047619047619,0.10920137725946391,0.019007208735396075,0.09019416852406784
2023-03-10,pred_rf,0.5961038961038961,1.0,0.9047619047619048,0.12235160141954404,0.021013329799029968,0.10133827162051408
2023-03-13,pred_rf,0.525974025974026,1.0,0.9523809523809523,0.11088584483733888,0.05486000053666169,0.05602584430067718
2023-03-14,pred_rf,0.4285714285714285,1.0,0.9047619047619048,0.07385156134840587,0.028312672780786995,0.045538888567618875
2023-03-15,pred_rf,0.23766233766233766,1.0,0.9523809523809523,0.060165065199685855,0.03124715822179789,0.028917906977887965
2023-03-16,pred_rf,0.08441558441558442,1.0,0.9047619047619048,0.038219460441084464,0.022789771223301947,0.015429689217782518
2023-03-17,pred_rf,0.2194805194805195,1.0,0.8571428571428571,0.05914757226246459,0.021428715402733656,0.037718856859730934
2023-03-20,pred_rf,0.34935064935064936,1.0,0.8571428571428571,0.07698459646531357,0.019746546674192334,0.05723804979112124
2023-03-21,pred_rf,0.461038961038961,1.0,0.8571428571428571,0.05444407114027685,0.022816530754886943,0.03162754038538991
2023-03-22,pred_rf,0.1974025974025974,1.0,0.8095238095238095,0.05215250810935945,0.02744499680934014,0.024707511300019313
2023-03-23,pred_rf,0.0987012987012987,0.8,0.7142857142857143,0.05137057590670968,0.02435361746224187,0.02701695844446781
2023-03-24,pred_rf,0.1922077922077922,1.0,0.8095238095238095,0.04196703170934559,0.022521321411242235,0.019445710298103356
2023-03-27,pred_rf,-0.20519480519480518,0.4,0.7142857142857143,0.0027201485925429703,0.024219891327069077,-0.021499742734526105
2023-03-28,pred_rf,0.14545454545454545,0.8,0.7619047619047619,0.024698924187264094,0.017028246892654142,0.007670677294609952
2023-03-29,pred_rf,0.06493506493506493,0.8,0.7619047619047619,0.04712470697761293,0.024949217663105205,0.022175489314507725
2023-03-30,pred_rf,0.033766233766233764,0.8,0.8571428571428571,0.0387814984743706,0.024637506794434483,0.01414399167993612
2023-03-31,pred_rf,0.0012987012987012987,0.6,0.6666666666666666,0.03331097272829442,0.024408068598962007,0.008902904129332413
2023-04-03,pred_rf,-0.3103896103896104,0.4,0.5714285714285714,-0.006603653396940379,0.02233874599653818,-0.028942399393478556
2023-04-04,pred_rf,-0.007792207792207793,0.4,0.6190476190476191,0.0025309708451962455,0.0015167658430002451,0.0010142050021960003
2023-04-05,pred_rf,0.04285714285714286,0.6,0.42857142857142855,-0.0010219606754776178,1.6672664843975228e-05,-0.001038633340321593
2023-04-06,pred_rf,0.09090909090909091,0.6,0.6666666666666666,0.0279871839707051,0.01093215670825467,0.01705502726245043
2023-04-10,pred_rf,0.24545454545454545,0.8,0.5714285714285714,0.032942453712555754,0.0038159962263661475,0.029126457486189607
2023-04-11,pred_rf,0.03766233766233767,0.6,0.47619047619047616,0.026806452559590865,0.0007663358055529868,0.02604011675403788
2023-04-12,pred_rf,0.1064935064935065,0.8,0.5714285714285714,0.0409549140708535,0.006545797226872385,0.03440911684398111
2023-04-13,pred_rf,-0.0012987012987012987,0.4,0.3333333333333333,0.002825234410077604,-0.0027066087135272808,0.005531843123604885
2023-04-14,pred_rf,0.087012987012987,0.6,0.47619047619047616,0.0138939365525784,0.0010464638120695423,0.012847472740508858
2023-04-17,pred_rf,0.1753246753246753,0.6,0.47619047619047616,0.017228888393155374,-0.0036180077698248604,0.020846896162980234
2023-04-18,pred_rf,0.07012987012987014,0.6,0.38095238095238093,0.005148715433958451,-0.012689242774541021,0.017837958208499472
2023-04-19,pred_rf,0.059740259740259746,0.6,0.47619047619047616,0.03312394177597797,0.0063803652186615436,0.02674357655731643
2023-04-20,pred_rf,0.20649350649350648,0.6,0.3333333333333333,0.07053824081119402,0.007852083960855506,0.06268615685033851
2023-04-21,pred_rf,0.12987012987012986,0.6,0.38095238095238093,0.0665404241404814,0.018549687072737832,0.04799073706774357
2023-04-24,pred_rf,0.4688311688311688,0.8,0.42857142857142855,0.0798834108853281,-0.009496548912771362,0.08937995979809947
2023-04-25,pred_rf,0.34675324675324676,0.8,0.42857142857142855,0.09173349762559883,0.019150647529321874,0.07258285009627696
2023-04-26,pred_rf,0.4246753246753247,0.8,0.42857142857142855,0.08764213803167997,-0.0046661820297700055,0.09230832006144998
2023-04-27,pred_rf,0.4831168831168831,1.0,0.38095238095238093,0.14308651923543336,-0.03467090938365469,0.17775742861908805
2023-04-28,pred_rf,0.548051948051948,0.8,0.38095238095238093,0.13811368118212466,-0.044176152985331577,0.18228983416745626
2023-05-01,pred_rf,0.4805194805194805,0.8,0.38095238095238093,0.13403341490928414,-0.028341892391463296,0.16237530730074742
2023-05-02,pred_rf,0.4402597402597402,0.8,0.38095238095238093,0.12334844825464805,-0.017035033028799364,0.1403834812834474
2023-05-03,pred_rf,0.39610389610389607,0.8,0.5238095238095238,0.16043519742965123,0.005463570824020314,0.1549716266056309
2023-05-04,pred_rf,0.5896103896103897,1.0,0.6666666666666666,0.1717709824248225,-0.0034375829680877157,0.17520856539291021
2023-05-05,pred_rf,0.4701298701298702,0.8,0.47619047619047616,0.14612138526925442,0.0067774555053851104,0.1393439297638693
2023-05-08,pred_rf,0.5272727272727272,0.8,0.5714285714285714,0.13489441160311252,0.004086532267657561,0.13080787933545496
2023-05-09,pred_rf,0.4974025974025974,0.8,0.6190476190476191,0.11376472489239091,0.00634973714036291,0.107414987752028
2023-05-10,pred_rf,0.425974025974026,1.0,0.6666666666666666,0.13058286660904117,0.013776136507458858,0.11680673010158231
2023-05-11,pred_rf,0.548051948051948,1.0,0.6666666666666666,0.14805428011116883,-0.0024485495187023033,0.15050282962987113
2023-05-12,pred_rf,0.39610389610389607,0.8,0.7142857142857143,0.14986928779733372,0.028740778281053213,0.1211285095162805
2023-05-15,pred_rf,0.4454545454545455,0.8,0.7142857142857143,0.14546791029904643,0.002856297048487222,0.1426116132505592
2023-05-16,pred_rf,0.6896103896103896,0.8,0.7142857142857143,0.15717329654834325,-0.003075067010347454,0.1602483635586907
2023-05-17,pred_rf,0.7532467532467532,1.0,0.8095238095238095,0.16072935730470012,-0.003012757686697376,0.16374211499139749
2023-05-18,pred_rf,0.5,1.0,0.8571428571428571,0.11844149919911699,0.02716768514571215,0.09127381405340484
2023-05-19,pred_rf,0.6831168831168831,1.0,0.8095238095238095,0.14857381244499845,-0.001239894810857689,0.14981370725585613
2023-05-22,pred_rf,0.487012987012987,1.0,0.8571428571428571,0.12428998024043665,0.017031010934822267,0.10725896930561438
2023-05-23,pred_rf,0.6766233766233766,1.0,0.8571428571428571,0.1411607600307047,-0.0088450282933769,0.15000578832408162
2023-05-24,pred_rf,0.3818181818181818,1.0,0.8571428571428571,0.13252771718522666,0.014248440252661032,0.11827927693256562
2023-05-25,pred_rf,0.6246753246753247,1.0,0.8571428571428571,0.051878547253069215,0.005619521268075922,0.04625902598499329
2023-05-26,pred_rf,0.7701298701298702,1.0,0.8571428571428571,0.052619948296912834,0.003881448860034986,0.04873849943687785
2023-05-30,pred_rf,0.5792207792207792,1.0,0.8571428571428571,0.03728748433389031,0.0007852551596802427,0.03650222917421007
2023-05-31,pred_rf,0.45714285714285713,0.8,0.8095238095238095,0.04005070348253879,0.0038033746852537574,0.03624732879728503
2023-06-01,pred_rf,0.5064935064935064,1.0,0.8095238095238095,0.05787746588338307,0.01140262185590737,0.046474844027475704
2023-06-02,pred_rf,0.35974025974025975,1.0,0.8571428571428571,0.041746699119103337,0.0188833500049838,0.022863349114119535
2023-06-05,pred_rf,0.6025974025974027,0.8,0.8095238095238095,0.05402602710958628,0.004328588893887497,0.04969743821569878
2023-06-06,pred_rf,0.6909090909090909,0.8,0.5714285714285714,0.03976446352128051,-0.017002937535211694,0.05676740105649221
2023-06-07,pred_rf,0.2727272727272727,0.8,0.6190476190476191,0.04929355925430936,0.010222399599239785,0.039071159655069576
2023-06-08,pred_rf,0.535064935064935,0.8,0.6190476190476191,0.04709604282948907,-0.010366498078492903,0.057462540907981974
2023-06-09,pred_rf,0.6181818181818182,0.8,0.7619047619047619,0.05403762556175211,-0.004206531781008449,0.05824415734276056
2023-06-12,pred_rf,0.5610389610389611,0.8,0.6666666666666666,0.06284687910546918,-0.0011947498986846217,0.0640416290041538
2023-06-13,pred_rf,0.5116883116883117,1.0,0.9047619047619048,0.07439947998620577,0.021806048930653167,0.05259343105555261
2023-06-14,pred_rf,0.3922077922077922,1.0,0.9047619047619048,0.05579345358615635,0.019715819916887443,0.03607763366926891
2023-06-15,pred_rf,0.42207792207792205,0.8,0.6190476190476191,0.04813428272888039,0.010210670301025715,0.03792361242785467
2023-06-16,pred_rf,0.4168831168831169,1.0,0.7142857142857143,0.06940529362337204,0.008536643601664751,0.06086865002170729
2023-06-20,pred_rf,0.023376623376623374,0.8,0.8571428571428571,0.0466031864122801,0.04623617760543204,0.00036700880684805565
2023-06-21,pred_rf,-0.09220779220779221,0.8,0.7619047619047619,0.030336953013341206,0.04611143794182162,-0.015774484928480412
2023-06-22,pred_rf,-0.15714285714285717,0.8,0.8571428571428571,0.01604684881179865,0.03559363916998202,-0.019546790358183366
2023-06-23,pred_rf,-0.14935064935064934,0.8,0.8095238095238095,0.025557013552777685,0.057364613808352026,-0.031807600255574345
2023-06-26,pred_rf,-0.15974025974025974,0.6,0.8095238095238095,0.0424000135133852,0.07329948021150234,-0.03089946669811714
2023-06-27,pred_rf,0.011688311688311687,0.8,0.8571428571428571,0.033928007286540884,0.03870945616212131,-0.004781448875580428
2023-06-28,pred_rf,-0.05064935064935065,0.6,0.7619047619047619,0.035870793737798265,0.035180256311298085,0.0006905374265001804
2023-06-29,pred_rf,0.18961038961038962,0.8,0.8571428571428571,0.0681503765038318,0.03236274322930799,0.035787633274523806
2023-06-30,pred_rf,0.30129870129870134,0.8,0.7619047619047619,0.05746030230645953,0.013062703436996647,0.04439759886946288
2023-07-03,pred_rf,0.24675324675324672,0.6,0.7619047619047619,0.0393096950505261,0.009154772656491228,0.030154922394034875
2023-07-05,pred_rf,0.15714285714285717,0.8,0.7142857142857143,0.016206583121935902,0.010471336732497939,0.005735246389437964
2023-07-06,pred_rf,-0.06363636363636363,0.6,0.6666666666666666,0.015132240229742067,0.015428496167949658,-0.0002962559382075902
2023-07-07,pred_rf,-0.08831168831168833,0.6,0.7619047619047619,0.015352166661250588,0.022573840088928997,-0.00722167342767841
2023-07-10,pred_rf,0.005194805194805195,0.6,0.7619047619047619,0.026515974334276948,0.01834858535501709,0.008167388979259858
2023-07-11,pred_rf,-0.08571428571428572,0.4,0.7142857142857143,0.005445433380986175,0.015417267678961122,-0.009971834297974946
2023-07-12,pred_rf,-0.4207792207792207,0.0,0.3333333333333333,-0.03692747570028463,-0.002784188887996297,-0.034143286812288336
2023-07-13,pred_rf,-0.35844155844155845,0.0,0.2857142857142857,-0.055894822415283874,-0.013825453768962848,-0.04206936864632103
2023-07-14,pred_rf,-0.33506493506493507,0.0,0.2857142857142857,-0.05383763139651358,0.011088763876192509,-0.06492639527270609
2023-07-17,pred_rf,-0.3506493506493506,0.0,0.23809523809523808,-0.045400738101440005,0.011283835557147737,-0.05668457365858774
2023-07-18,pred_rf,-0.47792207792207797,0.0,0.14285714285714285,-0.07780901018419299,-0.00709502987333086,-0.07071398031086214
2023-07-19,pred_rf,-0.21168831168831168,0.0,0.14285714285714285,-0.07124376797351457,-0.046771594792632334,-0.02447217318088224
2023-07-20,pred_rf,-0.28441558441558445,0.0,0.09523809523809523,-0.05481414199346566,-0.03628789663506939,-0.018526245358396268
2023-07-21,pred_rf,-0.1948051948051948,0.0,0.09523809523809523,-0.04816718216348266,-0.03563208624972889,-0.01253509591375377
2023-07-24,pred_rf,0.1064935064935065,0.2,0.14285714285714285,-0.023983988369901454,-0.03996775923319611,0.015983770863294652
2023-07-25,pred_rf,-0.022077922077922082,0.0,0.09523809523809523,-0.03727884319348571,-0.025378730600068546,-0.011900112593417167
2023-07-26,pred_rf,-0.1064935064935065,0.2,0.14285714285714285,-0.02576943592832561,-0.02450520622204626,-0.0012642297062793496
2023-07-27,pred_rf,-0.02077922077922078,0.2,0.14285714285714285,-0.03687220819325972,-0.030422465672308864,-0.006449742520950853
2023-07-28,pred_rf,0.251948051948052,0.2,0.09523809523809523,-0.03665573973619853,-0.06070759713003535,0.02405185739383682
2023-07-31,pred_rf,-0.005194805194805195,0.4,0.14285714285714285,-0.04451114532544391,-0.042898735599524306,-0.0016124097259196044
2023-08-01,pred_rf,0.33766233766233766,0.4,0.19047619047619047,-0.012712183711667002,-0.0360973670401161,0.0233851833284491
2023-08-02,pred_rf,-0.11428571428571428,0.4,0.47619047619047616,0.0012784430768817856,-0.009558430576027144,0.01083687365290893
2023-08-03,pred_rf,0.02727272727272727,0.4,0.5238095238095238,-0.0003347104739511497,-0.01750736800845527,0.01717265753450412
2023-08-04,pred_rf,-0.18961038961038962,0.4,0.42857142857142855,0.0008673211961570448,-0.0033646523209872824,0.004231973517144327
2023-08-07,pred_rf,-0.02727272727272727,0.4,0.2857142857142857,-0.009870031205060003,-0.012645105820944514,0.0027750746158845107
2023-08-08,pred_rf,0.187012987012987,0.6,0.2857142857142857,0.011545073455835242,-0.023214612656677524,0.03475968611251277
2023-08-09,pred_rf,0.3,0.6,0.3333333333333333,0.008200156449673668,-0.023737313082473288,0.031937469532146955
2023-08-10,pred_rf,0.2558441558441559,0.6,0.3333333333333333,0.0036362410626813225,-0.01633676652930365,0.019973007591984972
2023-08-11,pred_rf,0.251948051948052,0.6,0.42857142857142855,0.02230320552020295,-0.012723088410188033,0.035026293930390986
2023-08-14,pred_rf,0.08831168831168833,0.4,0.3333333333333333,-0.008644965187525156,-0.009282186586817166,0.0006372213992920095
2023-08-15,pred_rf,-0.06493506493506493,0.6,0.6190476190476191,0.0022364729212256186,0.00589195431051337,-0.0036554813892877513
2023-08-16,pred_rf,0.11428571428571428,0.6,0.7142857142857143,0.022841479419236088,0.010704949871800928,0.01213652954743516
2023-08-17,pred_rf,0.08051948051948052,0.6,0.7142857142857143,0.004946513533660912,0.009829656873745419,-0.004883143340084507
2023-08-18,pred_rf,0.06623376623376624,0.6,0.7619047619047619,0.005993588195316457,0.006898323113299298,-0.0009047349179828416
2023-08-21,pred_rf,-0.07012987012987014,0.6,0.7142857142857143,-0.011538817337219509,0.01790801492432532,-0.02944683226154483
2023-08-22,pred_rf,-0.08441558441558442,0.6,0.6666666666666666,-0.015744105868571646,0.015322449912798363,-0.03106655578137001
2023-08-23,pred_rf,-0.15974025974025974,0.4,0.3333333333333333,-0.05262669637630246,-0.01686932885346326,-0.0357573675228392
2023-08-24,pred_rf,-0.07922077922077922,0.2,0.3333333333333333,-0.047351782909529905,-0.0071597113136952165,-0.04019207159583469
2023-08-25,pred_rf,-0.2,0.2,0.2857142857142857,-0.03622163963756784,-0.011025848942498051,-0.02519579069506979
2023-08-28,pred_rf,-0.15584415584415584,0.2,0.14285714285714285,-0.06000116663426933,-0.03442021310542469,-0.025580953528844645
2023-08-29,pred_rf,0.04805194805194805,0.0,0.09523809523809523,-0.06734003672497164,-0.05216446984249825,-0.015175566882473394
2023-08-30,pred_rf,-0.14155844155844155,0.2,0.14285714285714285,-0.07076588005459657,-0.047631138717381075,-0.023134741337215492
2023-08-31,pred_rf,-0.14155844155844155,0.2,0.14285714285714285,-0.0639731482367917,-0.0478730091641371,-0.016100139072654604
2023-09-01,pred_rf,-0.14935064935064934,0.2,0.09523809523809523,-0.044312662452658566,-0.041037876733799904,-0.0032747857188586624
2023-09-05,pred_rf,-0.10259740259740259,0.2,0.09523809523809523,-0.07525563812545737,-0.06657682605627997,-0.008678812069177394
2023-09-06,pred_rf,-0.2311688311688312,0.2,0.09523809523809523,-0.05662998058496482,-0.0448974231601702,-0.01173255742479462
2023-09-07,pred_rf,0.033766233766233764,0.2,0.09523809523809523,-0.04381853234093673,-0.04949707667363037,0.005678544332693637
2023-09-08,pred_rf,0.2961038961038961,0.4,0.14285714285714285,-0.01193413218745123,-0.04453095761642396,0.032596825428972735
2023-09-11,pred_rf,0.5194805194805194,0.4,0.14285714285714285,-0.013106655275982626,-0.05654833680327942,0.04344168152729679
2023-09-12,pred_rf,0.2350649350649351,0.4,0.14285714285714285,0.0007635899070086216,-0.028767263801591204,0.029530853708599827
2023-09-13,pred_rf,0.16623376623376623,0.4,0.14285714285714285,0.007313735538343491,-0.026075358477338172,0.033389094015681665
2023-09-14,pred_rf,0.40389610389610386,0.4,0.14285714285714285,-0.0029637579554108173,-0.055639347785324665,0.05267558982991385
2023-09-15,pred_rf,0.4246753246753247,0.6,0.23809523809523808,0.006968804130118378,-0.040038243357294265,0.04700704748741264
2023-09-18,pred_rf,0.5337662337662338,0.8,0.23809523809523808,0.022018204476759597,-0.030848563973663267,0.05286676845042286
2023-09-19,pred_rf,0.461038961038961,0.8,0.23809523809523808,0.01930135470124692,-0.03097114903464342,0.050272503735890345
2023-09-20,pred_rf,0.18311688311688312,0.4,0.23809523809523808,0.00879318046462232,-0.021356456857912254,0.030149637322534575
2023-09-21,pred_rf,0.32597402597402597,0.8,0.42857142857142855,0.021424745244837107,-0.021057702455693383,0.04248244770053049
2023-09-22,pred_rf,0.251948051948052,0.4,0.2857142857142857,0.002966314952763316,-0.04189428593655009,0.04486060088931341
2023-09-25,pred_rf,0.2571428571428571,0.8,0.3333333333333333,0.012377805118091834,-0.031212588401171203,0.04359039351926304
2023-09-26,pred_rf,0.14675324675324675,0.8,0.38095238095238093,0.035533241732114675,0.003246457094215227,0.03228678463789945
2023-09-27,pred_rf,-0.023376623376623374,0.6,0.2857142857142857,0.008520203546410587,0.0059532347152126295,0.002566968831197958
2023-09-28,pred_rf,-0.2701298701298701,0.4,0.2857142857142857,-0.02341920924748997,-0.004523336786294685,-0.018895872461195284
2023-09-29,pred_rf,-0.11298701298701298,0.4,0.23809523809523808,-0.01649165227896876,-0.024597745804882186,0.008106093525913426
2023-10-02,pred_rf,0.0961038961038961,0.6,0.23809523809523808,0.0037003659107840425,-0.023165535720807862,0.026865901631591905
2023-10-03,pred_rf,-0.12987012987012986,0.4,0.42857142857142855,-0.012685628660402948,-0.0016791201064783935,-0.011006508553924555
2023-10-04,pred_rf,0.04805194805194805,0.8,0.42857142857142855,0.03237583304392677,0.01266867023599456,0.01970716280793221
2023-10-05,pred_rf,0.34285714285714286,0.8,0.8571428571428571,0.05237208577233783,0.02195282993076708,0.03041925584157075
2023-10-06,pred_rf,-0.0038961038961038965,0.6,0.8095238095238095,0.029531441512675484,0.0288793355862198,0.000652105926455683
2023-10-09,pred_rf,0.06883116883116883,0.6,0.7142857142857143,0.0280448669990363,0.021206251069074124,0.006838615929962176
2023-10-10,pred_rf,0.05324675324675325,0.6,0.7142857142857143,0.0160150084072882,0.019105778723802636,-0.003090770316514436
2023-10-11,pred_rf,0.17272727272727273,0.6,0.5714285714285714,0.01288761031216128,0.01736140551901073,-0.00447379520684945
2023-10-12,pred_rf,0.2792207792207792,0.8,0.5714285714285714,0.026468378892062126,-0.006635548084021736,0.033103926976083865
2023-10-13,pred_rf,0.06883116883116883,0.8,0.8095238095238095,0.011996776392502628,0.02292566824980402,-0.010928891857301393
2023-10-16,pred_rf,0.16233766233766234,0.8,0.6666666666666666,0.022801665040678442,0.015198721339458054,0.007602943701220388
2023-10-17,pred_rf,0.0935064935064935,0.8,0.8571428571428571,0.031407059481113,0.04790283964555346,-0.016495780164440463
2023-10-18,pred_rf,0.22337662337662337,0.8,0.8571428571428571,0.059580633085791354,0.021576575754091908,0.038004057331699446
2023-10-19,pred_rf,0.40649350649350646,0.8,0.8571428571428571,0.07898956171178298,0.018722999294977803,0.060266562416805176
2023-10-20,pred_rf,0.6337662337662338,1.0,0.9047619047619048,0.12528052578691717,0.03523941381176558,0.09004111197515159
2023-10-23,pred_rf,0.39350649350649347,0.8,0.9047619047619048,0.09464979141055105,0.05165320601683565,0.0429965853937154
2023-10-24,pred_rf,0.08831168831168833,0.8,0.9047619047619048,0.05431773117431633,0.04819830358536581,0.006119427588950524
2023-10-25,pred_rf,0.6324675324675325,1.0,0.9047619047619048,0.1431582424087507,0.03399980897552448,0.1091584334332262
2023-10-26,pred_rf,0.6155844155844156,1.0,0.8571428571428571,0.15242804316856734,0.0382722584395897,0.11415578472897764
2023-10-27,pred_rf,0.4701298701298702,1.0,0.8571428571428571,0.1287032363357421,0.037765393838987624,0.09093784249675448
2023-10-30,pred_rf,0.535064935064935,1.0,0.9047619047619048,0.1206946441080902,0.037684342892943756,0.08301030121514644
2023-10-31,pred_rf,0.4051948051948052,0.8,0.9047619047619048,0.08781776280164448,0.03873147240523354,0.04908629039641094
2023-11-01,pred_rf,0.18571428571428572,1.0,0.9047619047619048,0.07333970338835241,0.05313572866898675,0.020203974719365664
2023-11-02,pred_rf,0.30129870129870134,1.0,0.8571428571428571,0.07082862443355373,0.03332586129677144,0.03750276313678229
2023-11-03,pred_rf,0.312987012987013,1.0,0.8571428571428571,0.04687656857878926,0.02266777395535442,0.02420879462343484
2023-11-06,pred_rf,0.16493506493506493,1.0,0.8571428571428571,0.039976656347779825,0.025343634179089337,0.014633022168690488
2023-11-07,pred_rf,0.18441558441558442,0.6,0.7619047619047619,0.04292795050672973,0.017933334934600677,0.02499461557212905
2023-11-08,pred_rf,0.05584415584415584,1.0,0.8571428571428571,0.048394678358444576,0.022416044166304404,0.025978634192140172
2023-11-09,pred_rf,-0.3246753246753247,0.8,0.8571428571428571,0.025860549928944508,0.06027480088228676,-0.03441425095334225
2023-11-10,pred_rf,-0.10909090909090909,0.4,0.7619047619047619,0.01209872995121355,0.05128995867755452,-0.039191228726340975
2023-11-13,pred_rf,-0.14805194805194805,0.6,0.8095238095238095,0.02395333807557789,0.05563475077657036,-0.03168141270099247
2023-11-14,pred_rf,-0.12467532467532469,0.6,0.7619047619047619,0.0364653424762611,0.026532692797371825,0.009932649678889273
2023-11-15,pred_rf,0.10389610389610389,0.8,0.8095238095238095,0.05634033077499865,0.04832702096137853,0.008013309813620119
2023-11-16,pred_rf,0.02077922077922078,0.8,0.8095238095238095,0.047884956890496454,0.053615492674637145,-0.005730535784140692
2023-11-17,pred_rf,-0.12337662337662336,1.0,0.9047619047619048,0.05002183246937597,0.055013508429338095,-0.004991675959962125
2023-11-20,pred_rf,-0.11818181818181818,0.8,0.8095238095238095,0.04390585682288195,0.05512437547986002,-0.011218518656978073
2023-11-21,pred_rf,0.174025974025974,0.8,0.7619047619047619,0.03660097936125779,0.029428557492778906,0.007172421868478888
2023-11-22,pred_rf,0.14155844155844155,1.0,0.8571428571428571,0.055550006679890275,0.03893501780089363,0.016614988878996644
2023-11-24,pred_rf,0.2831168831168831,1.0,0.9047619047619048,0.05833237803481124,0.04509837907902525,0.013233998955785989
2023-11-27,pred_rf,0.07272727272727272,1.0,0.9047619047619048,0.07541576099421321,0.04791001170973539,0.02750574928447782
2023-11-28,pred_rf,0.12077922077922078,1.0,0.9047619047619048,0.08660348609971513,0.045455490793420573,0.04114799530629456
2023-11-29,pred_rf,0.14675324675324675,1.0,0.8571428571428571,0.07670142238812513,0.04956875694568643,0.027132665442438704
2023-11-30,pred_rf,0.16623376623376623,1.0,0.8571428571428571,0.08531770828933834,0.05154914016086456,0.03376856812847378
2023-12-01,pred_rf,-0.05844155844155843,1.0,0.8095238095238095,0.04509650236084415,0.04063009196454783,0.004466410396296319
2023-12-04,pred_rf,0.09480519480519481,1.0,0.9047619047619048,0.042730964301197896,0.04473215568880882,-0.002001191387610922
2023-12-05,pred_rf,0.22467532467532467,1.0,0.8571428571428571,0.04006354317224621,0.040253417001369175,-0.00018987382912296485
2023-12-06,pred_rf,0.29480519480519485,1.0,0.8571428571428571,0.06352445340281773,0.023692029335723452,0.03983242406709428
2023-12-07,pred_rf,0.10259740259740259,1.0,0.8571428571428571,0.05738072119500672,0.0495074925608332,0.007873228634173522
2023-12-08,pred_rf,0.17012987012987013,1.0,0.9047619047619048,0.049155222346704976,0.029161864255852744,0.01999335809085223
2023-12-11,pred_rf,0.3038961038961039,1.0,0.9047619047619048,0.07676864212610077,0.025770119300572446,0.05099852282552832
2023-12-12,pred_rf,0.015584415584415586,0.8,0.8095238095238095,0.04969744505317826,0.03996718972602138,0.009730255327156878
2023-12-13,pred_rf,0.34285714285714286,0.8,0.8095238095238095,0.03945909694756029,0.01473950833338591,0.024719588614174386
2023-12-14,pred_rf,0.525974025974026,0.6,0.38095238095238093,0.05363132752172643,-0.030778700474567544,0.08441002799629398
2023-12-15,pred_rf,0.5155844155844156,0.6,0.42857142857142855,0.03720771775432645,-0.033453991240409174,0.07066170899473562
2023-12-18,pred_rf,0.11038961038961038,0.6,0.5238095238095238,0.014292849600519486,0.0058305869276968235,0.008462262672822664
2023-12-19,pred_rf,-0.029870129870129873,0.4,0.47619047619047616,0.012078119662817044,0.008027797727203589,0.004050321935613456
2023-12-20,pred_rf,-0.31428571428571433,0.4,0.6666666666666666,0.03293978537107667,0.04197460271466795,-0.009034817343591281
2023-12-21,pred_rf,-0.2038961038961039,0.4,0.5714285714285714,0.02719756751235536,0.03349677728811127,-0.006299209775755911
2023-12-22,pred_rf,-0.4,0.4,0.5238095238095238,0.030124576390314496,0.05373320927277177,-0.02360863288245727
2023-12-26,pred_rf,-0.14025974025974028,0.4,0.5238095238095238,0.03468751743357594,0.039558652779747835,-0.004871135346171895
2023-12-27,pred_rf,-0.17272727272727273,0.2,0.5238095238095238,0.01972720885541086,0.0347161044445498,-0.014988895589138938
2023-12-28,pred_rf,-0.18571428571428572,0.4,0.6666666666666666,0.051054502606950256,0.022106015290859295,0.02894848731609096
2023-12-29,pred_rf,-0.02727272727272727,0.4,0.6666666666666666,0.0525386921810453,0.018851123709767315,0.03368756847127799
2024-01-02,pred_rf,-0.17792207792207793,0.4,0.6666666666666666,0.04458549436494972,0.06384977771852644,-0.019264283353576724
2024-01-03,pred_rf,-0.01948051948051948,0.4,0.7619047619047619,0.06125124062477392,0.07371618270695432,-0.012464942082180401
2024-01-04,pred_rf,0.07922077922077922,0.6,0.7142857142857143,0.0774327868885124,0.0723848755323689,0.005047911356143506
2024-01-05,pred_rf,-0.2311688311688312,0.4,0.6190476190476191,0.06890505304649067,0.13386496819736549,-0.06495991515087482
2024-01-08,pred_rf,-0.06103896103896104,0.4,0.7142857142857143,0.04824487113038274,0.10143994520124935,-0.05319507407086661
2024-01-09,pred_rf,0.35454545454545455,0.6,0.7619047619047619,0.13096823618641829,0.050589946518483676,0.08037828966793462
2024-01-10,pred_rf,0.41558441558441556,0.6,0.8095238095238095,0.10549812069250267,-0.001666181042194559,0.10716430173469722
2024-01-11,pred_rf,0.16363636363636364,0.6,0.7619047619047619,0.12453178788554606,0.07434917482355474,0.050182613061991316
2024-01-12,pred_rf,0.3220779220779221,1.0,0.7619047619047619,0.15158563389055776,0.02243892537602943,0.12914670851452834
2024-01-16,pred_rf,0.3649350649350649,0.6,0.7619047619047619,0.14934254187765902,0.0032385405438062342,0.1461040013338528
2024-01-17,pred_rf,0.3994803718323396,0.8,0.7619047619047619,0.18880892315820513,0.01689847773623714,0.17191044542196798
2024-01-18,pred_rf,0.2701298701298701,1.0,0.8571428571428571,0.12986960448463208,0.030964600659770358,0.09890500382486173
2024-01-19,pred_rf,-0.09090909090909091,1.0,0.8095238095238095,0.0589449679133633,0.1024581935800134,-0.0435132256666501
2024-01-22,pred_rf,0.08831168831168833,1.0,0.8571428571428571,0.04626422587223282,0.03786193294774727,0.00840229292448555
2024-01-23,pred_rf,-0.0025974025974025974,1.0,0.8095238095238095,0.041587142459514184,0.07929006659358984,-0.03770292413407565
2024-01-24,pred_rf,0.1922077922077922,1.0,0.9047619047619048,0.10710626007943014,0.07687015125260661,0.030236108826823524
2024-01-25,pred_rf,0.14675324675324675,1.0,0.9047619047619048,0.08138849882672172,0.06718933990814469,0.014199158918577037
2024-01-26,pred_rf,0.36103896103896105,0.8,0.8571428571428571,0.09020012204230513,0.016922237790311368,0.07327788425199376
2024-01-29,pred_rf,0.34025974025974026,1.0,0.7619047619047619,0.0811526280908855,0.014132185642365291,0.0670204424485202
2024-01-30,pred_rf,0.23636363636363636,0.8,0.8095238095238095,0.06887200917490872,0.016218846754911986,0.052653162419996735
2024-01-31,pred_rf,0.015584415584415586,1.0,0.9047619047619048,0.09083179840909153,0.08007041504988939,0.01076138335920214
2024-02-01,pred_rf,-0.006493506493506493,0.8,0.8571428571428571,0.09297769729773668,0.07959724506159464,0.013380452236142037
2024-02-02,pred_rf,0.22207792207792207,1.0,0.9047619047619048,0.09528159365542135,0.028696539776892925,0.06658505387852842
2024-02-05,pred_rf,0.26493506493506497,1.0,0.9047619047619048,0.08783503918201854,0.0357271421271431,0.052107897054875445
2024-02-06,pred_rf,0.31428571428571433,1.0,0.9047619047619048,0.11338579269665142,0.037538517290514405,0.075847275406137
2024-02-07,pred_rf,0.36363636363636365,0.8,0.9047619047619048,0.11320256779382457,0.03147174324880826,0.0817308245450163
2024-02-08,pred_rf,0.5233766233766234,1.0,0.9047619047619048,0.09450570033767951,0.020777639118784517,0.073728061218895
2024-02-09,pred_rf,0.16883116883116883,0.8,0.9047619047619048,0.04688064195771864,0.03373024783290002,0.013150394124818623
2024-02-12,pred_rf,0.42987012987012985,1.0,0.9523809523809523,0.09957175359782319,0.027442881089160397,0.07212887250866279
2024-02-13,pred_rf,0.13636363636363635,1.0,0.9523809523809523,0.05850599877391542,0.07331791297703387,-0.014811914203118448
2024-02-14,pred_rf,0.2025974025974026,1.0,0.9523809523809523,0.0645049061823371,0.03323322608560915,0.031271680096727955
2024-02-15,pred_rf,0.22077922077922077,1.0,0.7142857142857143,0.06459106261922423,0.009840158835017543,0.05475090378420669
2024-02-16,pred_rf,0.5636363636363637,1.0,0.8571428571428571,0.07869515514690306,0.009016449678950766,0.0696787054679523
2024-02-20,pred_rf,0.4051948051948052,1.0,1.0,0.09605692578883226,0.026035865939067725,0.07002105984976453
2024-02-21,pred_rf,0.23766233766233766,1.0,0.9523809523809523,0.11557782195537177,0.060649375425889177,0.05492844652948259
2024-02-22,pred_rf,0.087012987012987,1.0,0.9523809523809523,0.06279210841853469,0.027931804546727813,0.03486030387180688
2024-02-23,pred_rf,0.37142857142857144,1.0,0.9523809523809523,0.07347341606363492,0.014803010800712047,0.05867040526292287
2024-02-26,pred_rf,0.27792207792207796,1.0,0.9523809523809523,0.06724115984238517,0.01840707817658993,0.04883408166579524
2024-02-27,pred_rf,0.4402597402597402,1.0,0.9047619047619048,0.05505887509104088,0.014122614381285814,0.04093626070975507
2024-02-28,pred_rf,0.2831168831168831,1.0,1.0,0.05582322511741951,0.03784355976416158,0.01797966535325793
2024-02-29,pred_rf,0.2545454545454545,0.8,0.9523809523809523,0.047610412929178426,0.03789839690151102,0.009712016027667407
2024-03-01,pred_rf,-0.12207792207792208,0.4,0.7619047619047619,0.01379515401799376,0.017412733993959328,-0.003617579975965568
2024-03-04,pred_rf,-0.08311688311688312,0.4,0.6190476190476191,0.012627202861150776,0.017196525535172636,-0.00456932267402186
2024-03-05,pred_rf,0.0,0.8,0.8095238095238095,0.022256538259647175,0.031481891097843696,-0.009225352838196522
2024-03-06,pred_rf,-0.1974025974025974,0.4,0.5714285714285714,-0.008846568618214668,0.016403807874627963,-0.025250376492842633
2024-03-07,pred_rf,-0.2662337662337662,0.4,0.5238095238095238,-0.012441219746276188,0.01719570979685816,-0.02963692954313435
2024-03-08,pred_rf,-0.0987012987012987,0.4,0.6190476190476191,0.019941694932420706,0.036436655437054564,-0.01649496050463386
2024-03-11,pred_rf,0.13246753246753248,0.6,0.7142857142857143,0.024622426412572194,0.024269256280568217,0.00035317013200397707
2024-03-12,pred_rf,0.007792207792207793,0.4,0.47619047619047616,-0.00988911923365574,-0.00635213379331645,-0.0035369854403392905
2024-03-13,pred_rf,0.2792207792207792,0.6,0.5714285714285714,0.018722871228307757,-0.008830213401200404,0.02755308462950816
2024-03-14,pred_rf,0.14025974025974028,0.6,0.42857142857142855,0.003470924842642309,-0.00022570896416846954,0.0036966338068107787
2024-03-15,pred_rf,0.05714285714285714,0.4,0.38095238095238093,0.003200503149642242,0.02304561118097208,-0.019845108031329838
2024-03-18,pred_rf,0.04285714285714286,0.4,0.2857142857142857,-0.00064582395022037,0.01835795803279818,-0.019003781983018553
2024-03-19,pred_rf,-0.2675324675324675,0.2,0.23809523809523808,-0.02975122743234322,0.018745511180636408,-0.04849673861297962
2024-03-20,pred_rf,-0.40129870129870127,0.2,0.23809523809523808,-0.04156451294478294,0.005771552437356964,-0.0473360653821399
2024-03-21,pred_rf,-0.5558441558441559,0.0,0.23809523809523808,-0.09856999620638203,-0.0001361331761976947,-0.09843386303018434
2024-03-22,pred_rf,-0.5935064935064935,0.2,0.23809523809523808,-0.06701755891249143,0.0016456081223762853,-0.06866316703486772
2024-03-25,pred_rf,-0.40389610389610386,0.2,0.23809523809523808,-0.04502453150354493,0.0073368176454167155,-0.05236134914896164
2024-03-26,pred_rf,-0.21168831168831168,0.0,0.3333333333333333,-0.057042553053824975,-0.009254116629662846,-0.047788436424162126
2024-03-27,pred_rf,-0.4324675324675325,0.2,0.2857142857142857,-0.06009531820884142,-0.009312828847335641,-0.05078248936150578
2024-03-28,pred_rf,-0.2961038961038961,0.2,0.2857142857142857,-0.04314943522159849,-0.003653740350101087,-0.0394956948714974
2024-04-01,pred_rf,-0.4116883116883117,0.2,0.3333333333333333,-0.04843274383909173,-0.004136657295668566,-0.04429608654342316
2024-04-02,pred_rf,-0.38051948051948054,0.2,0.23809523809523808,-0.05502776277849051,-0.012660113549413255,-0.04236764922907725
2024-04-03,pred_rf,-0.37922077922077924,0.2,0.23809523809523808,-0.06745961426071603,-0.02620558268277775,-0.041254031577938284
2024-04-04,pred_rf,-0.22077922077922077,0.0,0.23809523809523808,-0.057455900366931045,-0.006068516050603612,-0.05138738431632743
2024-04-05,pred_rf,-0.12077922077922078,0.2,0.23809523809523808,-0.05395934787162473,-0.01226422297520544,-0.041695124896419286
2024-04-08,pred_rf,-0.2025974025974026,0.4,0.2857142857142857,-0.02101297569512268,-0.00014179306334931584,-0.020871182631773365
2024-04-09,pred_rf,-0.1935064935064935,0.4,0.2857142857142857,-0.020644386661489912,-0.0006548037817744934,-0.019989582879715417
2024-04-10,pred_rf,-0.14805194805194805,0.6,0.6666666666666666,-0.01785310674825471,0.006866402528591098,-0.024719509276845807
2024-04-11,pred_rf,-0.2831168831168831,0.4,0.6190476190476191,-0.029044231147247614,-0.0016187993922720523,-0.02742543175497556
2024-04-12,pred_rf,-0.10389610389610389,0.6,0.7142857142857143,-0.0017750463186987364,0.01141449361336797,-0.013189539932066707
2024-04-15,pred_rf,-0.011688311688311687,0.6,0.7142857142857143,0.008058376338488183,0.0017703931708475506,0.006287983167640632
2024-04-16,pred_rf,0.07012987012987014,0.6,0.7142857142857143,-0.001379440308391122,-0.000572167806149082,-0.0008072725022420401
2024-04-17,pred_rf,0.2506493506493506,0.8,0.8095238095238095,0.04547882441198168,0.020848147615632917,0.024630676796348762
2024-04-18,pred_rf,0.17922077922077922,0.8,0.7619047619047619,0.034895224516517366,0.00234403613382157,0.03255118838269579
2024-04-19,pred_rf,0.4402597402597402,0.8,0.8095238095238095,0.07598966006519944,-0.01923287826058695,0.0952225383257864
2024-04-22,pred_rf,0.16233766233766234,0.8,0.8095238095238095,0.06657115674118505,0.034451223022007135,0.032119933719177915
2024-04-23,pred_rf,0.14155844155844155,0.8,0.8095238095238095,0.040473348145329255,0.0242376954704157,0.016235652674913555
2024-04-24,pred_rf,0.18181818181818182,0.8,0.8095238095238095,0.0443330866937224,0.013731749351826038,0.03060133734189636
2024-04-25,pred_rf,0.251948051948052,1.0,0.8095238095238095,0.07433825922135391,0.03176541216379467,0.04257284705755924
2024-04-26,pred_rf,0.36883116883116884,1.0,0.8095238095238095,0.07337775834934779,0.019688086286422667,0.05368967206292512
2024-04-29,pred_rf,0.5298701298701299,1.0,0.8571428571428571,0.11574967245130056,0.015623543987232091,0.10012612846406847
2024-04-30,pred_rf,0.3701298701298701,1.0,0.8571428571428571,0.12905967788162448,0.03247251264593811,0.09658716523568636
2024-05-01,pred_rf,0.39350649350649347,1.0,0.9047619047619048,0.11709252465320219,0.022691253484537977,0.09440127116866422
2024-05-02,pred_rf,0.6818181818181818,1.0,0.9047619047619048,0.11098829019519374,0.01830172096436793,0.09268656923082581
2024-05-03,pred_rf,0.5337662337662338,1.0,0.8095238095238095,0.09778282579873512,0.009420644059434413,0.08836218173930072
2024-05-06,pred_rf,0.37142857142857144,0.8,0.7619047619047619,0.0742795396134939,0.004667216378182859,0.06961232323531104
2024-05-07,pred_rf,0.6142857142857143,1.0,0.8571428571428571,0.12927812688146512,0.004129978757387853,0.12514814812407726
2024-05-08,pred_rf,0.4922077922077922,0.8,0.7619047619047619,0.11640248415593482,0.015429047735725242,0.10097343642020958
2024-05-09,pred_rf,0.4454545454545455,0.8,0.6190476190476191,0.11038443922202648,0.0014187761451662118,0.10896566307686027
2024-05-10,pred_rf,0.5272727272727272,0.8,0.6190476190476191,0.10452899022679878,-0.00489987729369461,0.10942886752049338
2024-05-13,pred_rf,0.2311688311688312,0.6,0.5714285714285714,0.10629805318191243,0.02199740890507105,0.08430064427684139
2024-05-14,pred_rf,0.2753246753246753,0.6,0.5714285714285714,0.12064428919199785,0.020229915035248357,0.10041437415674949
2024-05-15,pred_rf,0.36883116883116884,0.8,0.47619047619047616,0.11622586059978526,-0.002023478578117066,0.11824933917790233
2024-05-16,pred_rf,0.3974025974025974,0.8,0.47619047619047616,0.12632306436479618,0.0009063966683635182,0.12541666769643267
2024-05-17,pred_rf,0.3948051948051948,0.8,0.47619047619047616,0.13631243515456898,-0.0075090211810637355,0.1438214563356327
2024-05-20,pred_rf,0.4766233766233766,0.8,0.5238095238095238,0.1343142258822913,-0.003071532856298731,0.13738575873859005
2024-05-21,pred_rf,0.4194805194805195,0.8,0.5238095238095238,0.12387030025368569,0.015586963710543222,0.10828333654314247
2024-05-22,pred_rf,0.5116883116883117,1.0,0.5714285714285714,0.11299035998652825,0.004491337568000043,0.1084990224185282
2024-05-23,pred_rf,0.461038961038961,1.0,0.7142857142857143,0.0663516591983182,0.008355553962802898,0.05799610523551531
2024-05-24,pred_rf,0.6935064935064935,1.0,0.6190476190476191,0.084027716947576,-0.0024236058083017655,0.08645132275587777
2024-05-28,pred_rf,0.5207792207792208,1.0,0.6190476190476191,0.06048861309994025,-0.0004603007129340142,0.06094891381287426
2024-05-29,pred_rf,0.4753246753246753,1.0,0.8095238095238095,0.06036921973406382,-0.004485568309933607,0.06485478804399743
2024-05-30,pred_rf,0.34545454545454546,0.8,0.7619047619047619,0.05083157723084919,0.0033916326501970185,0.04743994458065217
2024-05-31,pred_rf,0.37142857142857144,0.6,0.6190476190476191,0.05380510803013303,0.003677888948850483,0.05012721908128255
2024-06-03,pred_rf,0.4766233766233766,1.0,0.6190476190476191,0.049537146267550326,0.003727419114906527,0.0458097271526438
2024-06-04,pred_rf,0.5155844155844156,1.0,0.7142857142857143,0.07774358307454192,0.012153214370572174,0.06559036870396974
2024-06-05,pred_rf,0.3025974025974026,0.8,0.6666666666666666,0.04371584747661539,-0.007613256934748747,0.05132910441136414
2024-06-06,pred_rf,0.5623376623376624,0.8,0.5238095238095238,0.04591743940240882,-0.010942365501068575,0.05685980490347739
2024-06-07,pred_rf,0.5051948051948052,1.0,0.6666666666666666,0.06297252877127488,-0.0018224777112026524,0.06479500648247753
2024-06-10,pred_rf,0.4909090909090909,1.0,0.7619047619047619,0.0594497603547568,0.016405603203634954,0.043044157151121844
2024-06-11,pred_rf,0.2896103896103896,1.0,0.9047619047619048,0.03628681344346037,0.025403738977629244,0.010883074465831123
2024-06-12,pred_rf,-0.07402597402597402,0.8,0.8571428571428571,0.01970324062278308,0.013734135038220718,0.005969105584562361
2024-06-13,pred_rf,-0.3155844155844156,0.4,0.7142857142857143,0.007493451425184783,0.02080570284129992,-0.013312251416115138
2024-06-14,pred_rf,-0.08181818181818182,0.6,0.7619047619047619,0.011728338480659595,0.008668428615232582,0.0030599098654270126
2024-06-17,pred_rf,-0.4688311688311688,0.4,0.6666666666666666,-0.044168011814068195,0.035484558348297356,-0.07965257016236554
2024-06-18,pred_rf,-0.2922077922077922,0.2,0.6190476190476191,-0.04875449977883095,0.00354215467309682,-0.05229665445192777
2024-06-20,pred_rf,-0.5337662337662338,0.2,0.5714285714285714,-0.05563602835491723,0.015565150752124368,-0.0712011791070416
2024-06-21,pred_rf,-0.3168831168831169,0.2,0.6666666666666666,-0.019864847023020115,0.024158584515936176,-0.04402343153895629
2024-06-24,pred_rf,-0.0961038961038961,0.4,0.6190476190476191,-0.003984911016453196,0.023877823472897908,-0.027862734489351105
2024-06-25,pred_rf,-0.42207792207792205,0.2,0.5238095238095238,-0.0710146034642708,0.02997580152241308,-0.10099040498668388
2024-06-26,pred_rf,-0.503896103896104,0.2,0.5714285714285714,-0.08245274732153803,0.03184304147873822,-0.11429578880027624
2024-06-27,pred_rf,-0.4948051948051948,0.2,0.6190476190476191,-0.0657959922920505,0.04990397222551306,-0.11569996451756356
2024-06-28,pred_rf,-0.1922077922077922,0.4,0.6190476190476191,-0.038196194307555456,0.021039389877998315,-0.059235584185553775
2024-07-01,pred_rf,-0.5701298701298702,0.2,0.6190476190476191,-0.08469933183910813,0.05588556261592137,-0.1405848944550295
2024-07-02,pred_rf,-0.46623376623376617,0.2,0.6666666666666666,-0.03574580654016692,0.04124979070802737,-0.0769955972481943
2024-07-03,pred_rf,-0.6766233766233766,0.2,0.47619047619047616,-0.08065040577020662,0.04712425998971501,-0.12777466575992164
2024-07-05,pred_rf,-0.6584415584415585,0.0,0.47619047619047616,-0.1304570662227512,0.012963075169222838,-0.14342014139197404
2024-07-08,pred_rf,-0.44415584415584414,0.0,0.3333333333333333,-0.14538357977101843,-0.010955856966808142,-0.13442772280421028
2024-07-09,pred_rf,-0.45974025974025967,0.2,0.42857142857142855,-0.09473264525502331,-0.002384315170863016,-0.0923483300841603
2024-07-10,pred_rf,-0.41558441558441556,0.2,0.3333333333333333,-0.14600489925363047,-0.005452322801242771,-0.1405525764523877
2024-07-11,pred_rf,-0.3090909090909091,0.0,0.38095238095238093,-0.08543565082446403,-0.028200205383059472,-0.057235445441404555
2024-07-12,pred_rf,-0.0974025974025974,0.4,0.47619047619047616,-0.07153356526870358,-0.015463955530328177,-0.0560696097383754
2024-07-15,pred_rf,0.04285714285714286,0.4,0.38095238095238093,-0.05965041063433616,-0.0363765453810327,-0.02327386525330346
2024-07-16,pred_rf,-0.011688311688311687,0.4,0.3333333333333333,-0.03715458534051319,-0.028495753874880857,-0.008658831465632334
2024-07-17,pred_rf,-0.05454545454545454,0.4,0.38095238095238093,0.0023629645944004186,-0.007274567768943485,0.009637532363343904
2024-07-18,pred_rf,0.21688311688311687,0.8,0.6190476190476191,0.029551961380640424,0.009850174311622006,0.019701787069018418
2024-07-19,pred_rf,0.02727272727272727,0.6,0.7619047619047619,0.02600387293897024,0.030076300486814977,-0.004072427547844738
2024-07-22,pred_rf,0.04675324675324675,0.6,0.7142857142857143,0.024005417413824136,0.018851910504320668,0.005153506909503468
2024-07-23,pred_rf,0.08961038961038961,0.6,0.7142857142857143,0.018408415305640545,0.010897581464341454,0.007510833841299091
2024-07-24,pred_rf,0.2987012987012987,0.8,0.8095238095238095,0.08109144522321601,0.031194040031295243,0.04989740519192077
2024-07-25,pred_rf,0.24545454545454545,0.8,0.8095238095238095,0.0721217894212339,0.02639215064810263,0.04572963877313127
2024-07-26,pred_rf,0.13376623376623376,0.6,0.8095238095238095,0.05317396392567708,0.025817711405493538,0.027356252520183543
2024-07-29,pred_rf,0.15194805194805194,0.6,0.8095238095238095,0.046367973751254565,0.02773213015944951,0.018635843591805056
2024-07-30,pred_rf,0.41038961038961036,0.6,0.8095238095238095,0.07102250038271007,0.0178410351408393,0.05318146524187077
2024-07-31,pred_rf,0.11168831168831168,0.6,0.7619047619047619,0.025153578882696648,0.013245101027385964,0.011908477855310684
2024-08-01,pred_rf,0.23636363636363636,0.8,0.9047619047619048,0.025842304538681592,0.01139126403988675,0.014451040498794842
2024-08-02,pred_rf,0.4714285714285714,1.0,0.8571428571428571,0.08738756341265766,0.034356639666719826,0.05303092374593783
2024-08-05,pred_rf,0.3571428571428571,1.0,0.9047619047619048,0.05491924191700983,0.02235791484044398,0.03256132707656585
2024-08-06,pred_rf,-0.34935064935064936,0.8,0.9047619047619048,0.013958496332391278,0.03943664589786324,-0.025478149565471963
2024-08-07,pred_rf,-0.02077922077922078,0.6,0.8571428571428571,0.019420017503793074,0.03705671890627602,-0.017636701402482947
2024-08-08,pred_rf,-0.4766233766233766,0.4,0.7142857142857143,-0.03475510456722812,0.012705347790767796,-0.04746045235799592
2024-08-09,pred_rf,-0.22467532467532467,0.8,0.8095238095238095,-0.016805061136864263,0.0168480520025291,-0.03365311313939336
2024-08-12,pred_rf,-0.3077922077922078,0.6,0.7142857142857143,-0.014005942642394298,0.02493468059685624,-0.03894062323925054
2024-08-13,pred_rf,-0.464935064935065,0.8,0.7619047619047619,-0.003609371060125599,0.028377299746972763,-0.03198667080709836
2024-08-14,pred_rf,-0.425974025974026,0.8,0.8095238095238095,0.0024811043492485975,0.029497284979788364,-0.027016180630539767
2024-08-15,pred_rf,-0.5142857142857142,0.4,0.7619047619047619,-0.030013680627552542,0.045594347930269355,-0.0756080285578219
2024-08-16,pred_rf,-0.6415584415584416,0.4,0.7142857142857143,-0.03130299608287497,0.05724014958529318,-0.08854314566816815
2024-08-19,pred_rf,-0.36883116883116884,0.6,0.7142857142857143,-0.03520861238893476,0.034592125323475734,-0.0698007377124105
2024-08-20,pred_rf,-0.4688311688311688,0.4,0.7619047619047619,-0.04989265738653068,0.01680606868267396,-0.06669872606920464
2024-08-21,pred_rf,-0.023376623376623374,0.6,0.9047619047619048,-0.020190723254877363,0.01509214010053821,-0.03528286335541557
2024-08-22,pred_rf,0.17922077922077922,0.6,0.8095238095238095,-0.005688661182568344,0.014199674894531934,-0.019888336077100277
2024-08-23,pred_rf,0.07142857142857142,0.6,0.7619047619047619,-0.026136310711004817,0.008553217322702955,-0.03468952803370777
2024-08-26,pred_rf,0.08441558441558442,0.6,0.7619047619047619,0.010909256068146078,0.013980334488100566,-0.0030710784199544875
2024-08-27,pred_rf,0.3181818181818181,0.6,0.7142857142857143,0.016569922388241797,0.0025455649806649604,0.014024357407576836
2024-08-28,pred_rf,0.2558441558441559,0.6,0.7619047619047619,0.02757431550809646,0.004258595210089156,0.023315720298007304
2024-08-29,pred_rf,0.14025974025974028,0.6,0.8095238095238095,0.022116141263778522,0.016343549566457116,0.005772591697321406
2024-08-30,pred_rf,0.2350649350649351,0.6,0.7619047619047619,0.011375475042255955,0.008732714555536947,0.002642760486719008
2024-09-03,pred_rf,0.5857142857142857,0.8,0.8095238095238095,0.061634855153540016,-0.002291287630196437,0.06392614278373646
2024-09-04,pred_rf,0.5493506493506494,1.0,0.8095238095238095,0.06599161997224075,0.013123481529984726,0.05286813844225602
2024-09-05,pred_rf,0.6662337662337662,1.0,0.8095238095238095,0.08256497549254779,0.008153933786486545,0.07441104170606125
2024-09-06,pred_rf,0.7181818181818181,1.0,0.8095238095238095,0.13277329280622033,0.01892955732054393,0.11384373548567639
2024-09-09,pred_rf,0.5376623376623377,1.0,0.7619047619047619,0.11680111299754566,0.007694454388024674,0.10910665860952098
2024-09-10,pred_rf,0.438961038961039,1.0,0.7619047619047619,0.12572434018886924,0.016669500816711015,0.10905483937215824
2024-09-11,pred_rf,0.11428571428571428,0.6,0.7142857142857143,0.055072214893397,0.02977074464755647,0.025301470245840528
2024-09-12,pred_rf,0.17012987012987013,0.8,0.7142857142857143,0.05724271661529965,0.02453581532518332,0.03270690129011633
2024-09-13,pred_rf,0.16493506493506493,0.8,0.7142857142857143,0.04946574724908046,0.022823254063855637,0.026642493185224825
2024-09-16,pred_rf,0.22727272727272727,0.8,0.7142857142857143,0.07499246271328663,0.01751907355448277,0.057473389158803866
2024-09-17,pred_rf,-0.05324675324675325,0.6,0.6190476190476191,0.03201785337614358,0.03240617416164167,-0.00038832078549808774
2024-09-18,pred_rf,-0.029870129870129873,0.8,0.6666666666666666,0.03476495013546284,0.03096300380412185,0.00380194633134099
2024-09-19,pred_rf,-0.1155844155844156,0.6,0.6190476190476191,0.0029824132780311486,0.010617979590205651,-0.007635566312174503
2024-09-20,pred_rf,-0.12857142857142856,0.6,0.6190476190476191,0.023095389653764942,0.015256934638918617,0.007838455014846325
2024-09-23,pred_rf,-0.07922077922077922,0.6,0.5714285714285714,0.02521927712473393,0.006526317030628515,0.018692960094105416
2024-09-24,pred_rf,-0.08961038961038961,0.6,0.5714285714285714,0.019175609995427733,0.01307924087336485,0.006096369122062883
2024-09-25,pred_rf,-0.03636363636363636,0.6,0.5238095238095238,0.0052109908773208865,-0.0005024847500276319,0.005713475627348519
2024-09-26,pred_rf,-0.1948051948051948,0.4,0.5238095238095238,-0.01228134915701542,0.015510996493700625,-0.027792345650716047
2024-09-27,pred_rf,0.10519480519480517,0.8,0.47619047619047616,0.010376984027305669,-0.01483720838397944,0.025214192411285107
2024-09-30,pred_rf,0.06363636363636363,0.4,0.5238095238095238,-0.002397626453999857,-0.0010938389294698147,-0.0013037875245300425
2024-10-01,pred_rf,-0.16493506493506493,0.4,0.47619047619047616,0.010876929869136399,0.024374888355415215,-0.013497958486278817
2024-10-02,pred_rf,-0.18181818181818182,0.4,0.47619047619047616,-0.009575405642663414,0.016679334207283604,-0.026254739849947018
2024-10-03,pred_rf,0.2701298701298701,0.6,0.3333333333333333,-0.018200768301218972,-0.010732798797543052,-0.00746796950367592
2024-10-04,pred_rf,-0.11818181818181818,0.2,0.23809523809523808,-0.04151245056803123,-0.016288230987533958,-0.025224219580497274
2024-10-07,pred_rf,0.18181818181818182,0.4,0.38095238095238093,-0.021125920641864027,-0.013739690647404258,-0.007386229994459769
2024-10-08,pred_rf,0.2675324675324675,0.4,0.42857142857142855,-0.022993791942885956,-0.008630159832338502,-0.014363632110547454
2024-10-09,pred_rf,0.14415584415584418,0.6,0.47619047619047616,-0.007394912086540329,-0.0064538841626185835,-0.0009410279239217452
2024-10-10,pred_rf,0.34025974025974026,0.8,0.6190476190476191,0.008977982470020884,-0.005649860386062855,0.014627842856083739
2024-10-11,pred_rf,-0.14285714285714285,0.4,0.5238095238095238,-0.024195663446998507,0.003395443690320632,-0.02759110713731914
2024-10-14,pred_rf,-0.3064935064935065,0.2,0.42857142857142855,-0.04414332870265549,0.0012986578246396707,-0.04544198652729516
2024-10-15,pred_rf,-0.0038961038961038965,0.4,0.42857142857142855,0.005334910201633325,-0.0022333331982199887,0.007568243399853313
2024-10-16,pred_rf,0.024675324675324677,0.6,0.47619047619047616,0.010463936859938716,-0.00862988914011289,0.019093826000051606
2024-10-17,pred_rf,-0.3246753246753247,0.4,0.5238095238095238,0.0005362683237370103,0.02995920603044242,-0.029422937706705413
2024-10-18,pred_rf,-0.2727272727272727,0.4,0.38095238095238093,-0.022015945658038348,0.019442296101067468,-0.04145824175910581
2024-10-21,pred_rf,-0.5883116883116883,0.0,0.38095238095238093,-0.03525100403339063,0.027426844405021567,-0.0626778484384122
2024-10-22,pred_rf,-0.4727272727272727,0.2,0.42857142857142855,-0.03191112654861681,0.012409766883624117,-0.044320893432240924
2024-10-23,pred_rf,-0.2155844155844156,0.4,0.47619047619047616,-0.0010745452044609084,0.007283613577186631,-0.00835815878164754
2024-10-24,pred_rf,-0.06623376623376624,0.6,0.47619047619047616,0.026530494197271846,0.008545402878171914,0.017985091319099932
2024-10-25,pred_rf,-0.05844155844155843,0.4,0.5714285714285714,-0.007330263908156854,-0.005475790563504002,-0.001854473344652852
2024-10-28,pred_rf,-0.174025974025974,0.2,0.6190476190476191,-0.010964966267363652,0.01936053393573247,-0.03032550020309612
2024-10-29,pred_rf,-0.01948051948051948,0.4,0.6190476190476191,0.007885026113761916,0.012619030498479521,-0.004734004384717605
2024-10-30,pred_rf,0.04935064935064935,0.4,0.6190476190476191,0.016421084820627384,0.021318898872754444,-0.00489781405212706
2024-10-31,pred_rf,0.3155844155844156,1.0,0.8571428571428571,0.04567778161362277,0.022660543519708344,0.023017238093914427
2024-11-01,pred_rf,0.3233766233766234,1.0,0.8095238095238095,0.047234140508639964,0.0327965829720213,0.014437557536618663
2024-11-04,pred_rf,0.41298701298701296,1.0,0.9047619047619048,0.058509827256467604,0.027989865522884162,0.030519961733583442
2024-11-05,pred_rf,0.24805194805194808,1.0,0.8095238095238095,0.05420149834923116,0.040046562947381494,0.014154935401849665
2024-11-06,pred_rf,-0.13506493506493505,0.6,0.7142857142857143,0.030504185161733942,0.043804206591005944,-0.013300021429272002
2024-11-07,pred_rf,-0.212987012987013,0.6,0.6666666666666666,0.011149780605831938,0.037450069217634274,-0.026300288611802336
2024-11-08,pred_rf,-0.22207792207792207,0.4,0.6190476190476191,0.0012113818811141375,0.016825764483713423,-0.015614382602599286
2024-11-11,pred_rf,0.10909090909090909,0.6,0.6190476190476191,0.01248823691075438,0.01056272133084899,0.0019255155799053902
2024-11-12,pred_rf,0.02727272727272727,0.6,0.7619047619047619,0.017217370727524894,0.021053034522197332,-0.0038356637946724385
2024-11-13,pred_rf,-0.044155844155844164,0.2,0.6190476190476191,-0.011781191189969476,0.008333153125148707,-0.02011434431511818
2024-11-14,pred_rf,-0.014285714285714285,0.4,0.7142857142857143,-0.020980808876109293,0.0027602766630825835,-0.023741085539191877
2024-11-15,pred_rf,0.08051948051948052,0.6,0.6666666666666666,0.02026545579009651,0.027818035273947307,-0.0075525794838507965
2024-11-18,pred_rf,-0.05714285714285714,0.4,0.6666666666666666,-0.013635032448301953,0.033973099910887684,-0.047608132359189634
2024-11-19,pred_rf,0.12077922077922078,0.4,0.2857142857142857,-0.023523626359060468,-0.035920482718495836,0.012396856359435368
2024-11-20,pred_rf,-0.03506493506493507,0.4,0.2857142857142857,-0.029245047980379014,-0.01073372241358037,-0.018511325566798645
2024-11-21,pred_rf,-0.007792207792207793,0.4,0.3333333333333333,-0.03936630639017045,-0.008552182691654054,-0.030814123698516396
2024-11-22,pred_rf,0.08831168831168833,0.4,0.38095238095238093,-0.008423588125225678,-0.017621778542778733,0.009198190417553055
2024-11-25,pred_rf,0.09480519480519481,0.6,0.42857142857142855,0.01537636480639586,-0.009708657808835786,0.025085022615231645
2024-11-26,pred_rf,0.07532467532467534,0.6,0.47619047619047616,0.003146698114283031,-0.015703480096739053,0.018850178211022084
2024-11-27,pred_rf,0.023376623376623374,0.6,0.38095238095238093,-0.0009533736084329058,-0.011573698784897713,0.010620325176464808
2024-11-29,pred_rf,-0.08311688311688312,0.4,0.2857142857142857,-0.00746646717011965,-0.01790108086337978,0.01043461369326013
2024-12-02,pred_rf,-0.34545454545454546,0.0,0.09523809523809523,-0.046446451128077215,-0.013457651342120514,-0.0329887997859567
2024-12-03,pred_rf,-0.08051948051948052,0.0,0.14285714285714285,-0.036298167807121626,-0.010609559968174632,-0.025688607838946994
2024-12-04,pred_rf,-0.045454545454545456,0.0,0.09523809523809523,-0.029583616128684008,-0.010347864669679917,-0.01923575145900409
2024-12-05,pred_rf,-0.029870129870129873,0.4,0.3333333333333333,-0.005366488479645093,-0.01219129871037623,0.006824810230731137
2024-12-06,pred_rf,-0.0987012987012987,0.2,0.19047619047619047,-0.018250107467246555,-0.01035557551248214,-0.007894531954764415
2024-12-09,pred_rf,-0.06363636363636363,0.4,0.23809523809523808,-0.014326630789934213,-0.011087343057956823,-0.0032392877319773906
2024-12-10,pred_rf,0.012987012987012986,0.4,0.14285714285714285,-0.0170378206008045,-0.019839182545758983,0.002801361944954485
2024-12-11,pred_rf,0.09090909090909091,0.2,0.19047619047619047,-0.03884717139003897,-0.026781791941939415,-0.012065379448099559
2024-12-12,pred_rf,0.062337662337662345,0.2,0.19047619047619047,-0.017655780842976188,-0.02728277705202369,0.0096269962090475
2024-12-13,pred_rf,-0.01818181818181818,0.6,0.38095238095238093,-0.008851624479785736,-0.008652683322414822,-0.00019894115737091426
2024-12-16,pred_rf,0.12337662337662336,0.6,0.42857142857142855,-0.0011724020886781483,-0.0025403834091721755,0.0013679813204940273
2024-12-17,pred_rf,0.35454545454545455,0.8,0.42857142857142855,0.0396919834889982,0.0003914056203743632,0.03930057786862384
2024-12-18,pred_rf,0.5285714285714286,1.0,0.8571428571428571,0.05681544099814402,0.012692681155016228,0.044122759843127794
2024-12-19,pred_rf,0.6181818181818182,1.0,0.9047619047619048,0.07309576381676655,0.015366376694489592,0.05772938712227696
2024-12-20,pred_rf,0.6454545454545455,1.0,0.8095238095238095,0.07525679805097077,0.011946714188991714,0.06331008386197906
2024-12-23,pred_rf,0.2675324675324675,1.0,0.8095238095238095,0.03951019971378393,0.016299874238629174,0.023210325475154756
2024-12-24,pred_rf,0.0,0.4,0.6666666666666666,-0.025351438637563194,0.006949036919575646,-0.03230047555713884
2024-12-26,pred_rf,-0.09090909090909091,0.6,0.7619047619047619,0.00967176091549522,0.018544230161855822,-0.008872469246360603
2024-12-27,pred_rf,0.09480519480519481,0.6,0.7619047619047619,0.018986983699245584,0.010910313061526188,0.008076670637719396
2024-12-30,pred_rf,0.2909090909090909,0.8,0.9047619047619048,0.028158753445777607,0.030615494640594453,-0.002456741194816845
2024-12-31,pred_rf,0.24415584415584415,0.8,0.9047619047619048,0.037193537919480345,0.02015024719342664,0.017043290726053706
2025-01-02,pred_rf,0.1948051948051948,0.6,0.8571428571428571,0.008996965026454574,0.009672355608565386,-0.0006753905821108123
2025-01-03,pred_rf,0.05584415584415584,0.6,0.8571428571428571,-0.000997721343684943,0.020569664457193614,-0.021567385800878556
2025-01-06,pred_rf,-0.4324675324675325,0.4,0.8095238095238095,-0.034871172356026305,0.04849270870032192,-0.08336388105634823
2025-01-07,pred_rf,-0.5051948051948052,0.4,0.8095238095238095,-0.01756947196931402,0.05872048456700914,-0.07628995653632316
2025-01-08,pred_rf,-0.5181818181818182,0.6,0.8095238095238095,-0.00022755816198740674,0.06500626422815156,-0.06523382239013897
2025-01-10,pred_rf,-0.17662337662337665,0.8,0.8571428571428571,0.04846606810221259,0.03665553930807726,0.011810528794135328
2025-01-13,pred_rf,0.006493506493506493,0.8,0.8571428571428571,0.03975708896065171,0.03495021497760076,0.004806873983050949
2025-01-14,pred_rf,0.0025974025974025974,0.6,0.8095238095238095,0.04938613763954216,0.014383831651586899,0.03500230598795526
2025-01-15,pred_rf,0.23766233766233766,0.6,0.8095238095238095,0.04745275485934704,0.014695624656053008,0.03275713020329403
2025-01-16,pred_rf,0.051948051948051945,0.8,0.8571428571428571,0.046358595633191536,0.013192686990858316,0.03316590864233322
2025-01-17,pred_rf,0.08181818181818182,0.6,0.8095238095238095,0.031201007372728996,0.01409706580789285,0.017103941564836148
2025-01-21,pred_rf,-0.0961038961038961,0.4,0.6666666666666666,0.016995870917100243,0.006579866898685926,0.010416004018414316
2025-01-22,pred_rf,-0.08311688311688312,0.6,0.7142857142857143,0.01608214557669827,0.013595827156483376,0.0024863184202148954
2025-01-23,pred_rf,-0.045454545454545456,0.6,0.5714285714285714,-0.0016362423166957907,-0.01902506553543082,0.017388823218735028
2025-01-24,pred_rf,-0.0935064935064935,0.8,0.5714285714285714,-0.005690654985785448,-0.008858980034991526,0.003168325049206078
2025-01-27,pred_rf,0.1935064935064935,0.8,0.5238095238095238,0.03251570530251513,0.004577487846142314,0.027938217456372816
2025-01-28,pred_rf,0.13896103896103898,0.4,0.5238095238095238,-0.001215807035278993,0.001266394463934817,-0.00248220149921381
2025-01-29,pred_rf,-0.22077922077922077,0.0,0.42857142857142855,-0.04497320639988347,-0.017418049197098794,-0.027555157202784675
2025-01-30,pred_rf,0.05324675324675325,0.4,0.5238095238095238,-0.0189143657138481,-0.021218006599532525,0.0023036408856844243
2025-01-31,pred_rf,-0.13896103896103898,0.2,0.47619047619047616,-0.04159730946544389,-0.0012265690254726013,-0.04037074043997129
2025-02-03,pred_rf,-0.5324675324675324,0.0,0.38095238095238093,-0.0426522367468549,0.013848428744834029,-0.05650066549168893
2025-02-04,pred_rf,-0.5337662337662338,0.0,0.42857142857142855,-0.04577769137439976,0.011707745959412952,-0.05748543733381271
2025-02-05,pred_rf,-0.5441558441558442,0.2,0.38095238095238093,-0.06604603587417501,-0.0071639992477007695,-0.058882036626474246
2025-02-06,pred_rf,-0.251948051948052,0.2,0.38095238095238093,-0.06096322065799149,-0.022917513334126595,-0.0380457073238649
2025-02-07,pred_rf,-0.4168831168831169,0.0,0.3333333333333333,-0.11226386256993663,-0.010874868904826297,-0.10138899366511034
2025-02-10,pred_rf,-0.22597402597402597,0.2,0.23809523809523808,-0.08888179387286585,-0.046110714360483376,-0.04277107951238247
2025-02-11,pred_rf,-0.1077922077922078,0.2,0.23809523809523808,-0.0672948728063528,-0.04543141113810527,-0.021863461668247527
2025-02-12,pred_rf,-0.3896103896103896,0.2,0.19047619047619047,-0.08070414870673492,-0.025139777743117153,-0.05556437096361777
2025-02-13,pred_rf,-0.3103896103896104,0.2,0.2857142857142857,-0.07360364970084374,-0.033090983911595775,-0.04051266578924796
2025-02-14,pred_rf,-0.18181818181818182,0.2,0.47619047619047616,-0.0589393451268996,-0.021429396736071183,-0.03750994839082841
2025-02-18,pred_rf,-0.41818181818181815,0.0,0.3333333333333333,-0.09765165448798208,-0.006303206266425399,-0.09134844822155667
2025-02-19,pred_rf,-0.4883116883116883,0.0,0.3333333333333333,-0.10674158631564915,0.0025539810636705518,-0.1092955673793197
2025-02-20,pred_rf,-0.35194805194805195,0.0,0.23809523809523808,-0.08185061771553595,-0.005096512680097698,-0.07675410503543825
2025-02-21,pred_rf,-0.3090909090909091,0.0,0.2857142857142857,-0.0632026186710118,-0.008505457751174594,-0.05469716091983721
2025-02-24,pred_rf,-0.43376623376623374,0.0,0.38095238095238093,-0.04031320575187365,-0.012567292813647967,-0.027745912938225682
2025-02-25,pred_rf,-0.438961038961039,0.0,0.19047619047619047,-0.033803912175312825,-0.0019767300593172667,-0.031827182115995556
2025-02-26,pred_rf,-0.512987012987013,0.2,0.14285714285714285,-0.053436192157323203,-0.001954598787616213,-0.05148159336970699
2025-02-27,pred_rf,-0.3571428571428571,0.0,0.19047619047619047,-0.03208823435008164,0.0008957615408831776,-0.03298399589096482
2025-02-28,pred_rf,-0.4909090909090909,0.0,0.19047619047619047,-0.06225758755346855,-0.023130059592230977,-0.03912752796123757
2025-03-03,pred_rf,-0.3532467532467533,0.4,0.23809523809523808,-0.024850394101819974,-0.015139620760604622,-0.009710773341215352
2025-03-04,pred_rf,-0.12987012987012986,0.6,0.47619047619047616,-0.015227655354372671,-0.007606536813411569,-0.007621118540961103
2025-03-05,pred_rf,-0.13376623376623376,0.4,0.3333333333333333,-0.0037752835273618056,-0.016037532341669915,0.012262248814308109
2025-03-06,pred_rf,-0.5246753246753247,0.0,0.2857142857142857,-0.09013129181731735,-0.009136265086051542,-0.08099502673126581
2025-03-07,pred_rf,-0.6441558441558441,0.0,0.14285714285714285,-0.14211576301196777,-0.040217283953735805,-0.10189847905823196
2025-03-10,pred_rf,-0.5077922077922078,0.0,0.047619047619047616,-0.09175739140855385,-0.04840478429020027,-0.04335260711835358
2025-03-11,pred_rf,-0.638961038961039,0.0,0.047619047619047616,-0.11012307706499995,-0.011851227418221866,-0.09827184964677808
2025-03-12,pred_rf,-0.16363636363636364,0.4,0.19047619047619047,-0.013913665289228105,0.005323987641421635,-0.01923765293064974
2025-03-13,pred_rf,-0.34675324675324676,0.2,0.14285714285714285,-0.05147686919669807,-0.009728848923241306,-0.04174802027345676
2025-03-14,pred_rf,-0.36233766233766235,0.0,0.09523809523809523,-0.05837248732350002,0.0002766684562786503,-0.05864915577977867
2025-03-17,pred_rf,-0.5103896103896104,0.0,0.09523809523809523,-0.0654205927159899,-0.0109665011192982,-0.054454091596691706
2025-03-18,pred_rf,-0.22727272727272727,0.2,0.14285714285714285,-0.04514264865483364,-0.010757084399853368,-0.03438556425498027
2025-03-19,pred_rf,-0.5,0.0,0.09523809523809523,-0.09732059388837148,-0.014111734070273241,-0.08320885981809824
2025-03-20,pred_rf,-0.5467532467532468,0.0,0.09523809523809523,-0.10743282472822888,-0.02973702252887931,-0.07769580219934957
2025-03-21,pred_rf,-0.6025974025974027,0.0,0.09523809523809523,-0.13855948641455929,-0.0031613712003440765,-0.13539811521421521
2025-03-24,pred_rf,-0.6272727272727273,0.0,0.14285714285714285,-0.126647385044587,-0.023840831978872146,-0.10280655306571486
2025-03-25,pred_rf,-0.36623376623376624,0.0,0.19047619047619047,-0.10697403291369185,-0.03905417410102281,-0.06791985881266904
2025-03-26,pred_rf,-0.4701298701298702,0.0,0.2857142857142857,-0.06218714851388065,-0.014964875553475454,-0.047222272960405196
2025-03-27,pred_rf,-0.4584415584415585,0.0,0.38095238095238093,-0.035351858696132464,0.007913286700127675,-0.04326514539626014
2025-03-28,pred_rf,-0.087012987012987,0.6,0.42857142857142855,-0.0029932838608161872,0.008310818355865047,-0.011304102216681234
2025-03-31,pred_rf,0.04285714285714286,0.8,0.42857142857142855,0.00800323448448852,0.011387122031424602,-0.003383887546936082
2025-04-01,pred_rf,0.024675324675324677,0.6,0.3333333333333333,-0.00600789602652454,0.005938015213129422,-0.011945911239653962
2025-04-02,pred_rf,0.2571428571428571,0.6,0.23809523809523808,0.02303764493424585,0.0007349643505137893,0.02230268058373206
2025-04-03,pred_rf,0.6779220779220779,0.8,0.6666666666666666,0.0941275471842065,-0.0063079798867671675,0.10043552707097367
2025-04-04,pred_rf,0.6428571428571428,1.0,0.8571428571428571,0.1167704018463179,0.007491598935747667,0.10927880291057024
2025-04-07,pred_rf,0.44675324675324674,1.0,0.8571428571428571,0.1177682782589633,-0.0012758333435542112,0.11904411160251752
2025-04-08,pred_rf,0.5194805194805194,1.0,0.9047619047619048,0.14101314012703195,0.025526121152421987,0.11548701897460996
2025-04-09,pred_rf,0.4,1.0,0.8095238095238095,0.05470733986043963,0.030167419401329477,0.024539920459110152
2025-04-10,pred_rf,0.37922077922077924,1.0,0.9047619047619048,0.08382138545610411,0.03421939305150323,0.04960199240460088
2025-04-11,pred_rf,0.438961038961039,1.0,0.9047619047619048,0.11648211389587879,0.039802209197616636,0.07667990469826215
2025-04-14,pred_rf,0.49870129870129876,1.0,0.8571428571428571,0.12643144454170133,0.039275726275834796,0.08715571826586653
2025-04-15,pred_rf,0.38831168831168833,1.0,0.7619047619047619,0.12807065247611238,0.03419785756212781,0.09387279491398456
2025-04-16,pred_rf,0.764935064935065,1.0,0.8095238095238095,0.1695956630844325,-0.0019511681132811987,0.1715468311977137
2025-04-17,pred_rf,0.8051948051948051,1.0,0.8571428571428571,0.17821463968078705,-0.00019937252296882147,0.17841401220375586
2025-04-21,pred_rf,0.6792207792207793,1.0,0.9523809523809523,0.21838227134331584,0.003039129320881484,0.21534314202243435
2025-04-22,pred_rf,0.6623376623376622,1.0,0.8571428571428571,0.2251488875704116,0.03188897518677338,0.1932599123836382
2025-04-23,pred_rf,0.4727272727272727,1.0,0.8095238095238095,0.17789974748547652,0.04695797785557767,0.13094176962989884
2025-04-24,pred_rf,0.025974025974025972,0.8,0.7142857142857143,0.046659530677573516,0.04081077866019254,0.005848752017380977
2025-04-25,pred_rf,0.12467532467532469,0.8,0.7142857142857143,0.05584450246352983,0.03579643242425419,0.02004807003927564
2025-04-28,pred_rf,0.5324675324675324,1.0,0.7142857142857143,0.08269796993239234,0.005407422142608964,0.07729054778978338
2025-04-29,pred_rf,0.5233766233766234,1.0,0.7142857142857143,0.09311603216023756,-0.00032026731394310117,0.09343629947418067
2025-04-30,pred_rf,0.24025974025974026,1.0,0.8095238095238095,0.0938358869281748,0.06516416057735805,0.028671726350816745
2025-05-01,pred_rf,0.42207792207792205,1.0,0.8095238095238095,0.05237492349132693,0.010372577876632105,0.04200234561469482
2025-05-02,pred_rf,0.4896103896103896,1.0,0.7142857142857143,0.03508927931633412,0.008260906132695544,0.026828373183638576
2025-05-05,pred_rf,0.4909090909090909,1.0,0.7142857142857143,0.06165707501508373,0.012257829486057626,0.04939924552902611
2025-05-06,pred_rf,0.3532467532467533,1.0,0.8571428571428571,0.06575930335589794,0.06855110456286369,-0.0027918012069657466
2025-05-07,pred_rf,0.6077922077922078,1.0,0.7142857142857143,0.057985917257016385,0.01281661398078815,0.045169303276228236
2025-05-08,pred_rf,0.6142857142857143,1.0,0.8571428571428571,0.0768556179201759,0.02190118085483268,0.05495443706534321
2025-05-09,pred_rf,0.6935064935064935,1.0,0.8095238095238095,0.07978635834502885,0.013441766496897368,0.06634459184813149
2025-05-12,pred_rf,0.387012987012987,1.0,0.8571428571428571,0.048520474512492126,0.01252532750484523,0.035995147007646895
2025-05-13,pred_rf,0.09090909090909091,1.0,0.8571428571428571,0.025986423418557437,0.026002959392409198,-1.65359738517612e-05
2025-05-14,pred_rf,0.07662337662337662,1.0,0.9047619047619048,0.042176897630729696,0.023548974393443122,0.018627923237286573
2025-05-15,pred_rf,0.02727272727272727,1.0,0.8095238095238095,0.03046778303583366,0.015815515341334897,0.014652267694498764
2025-05-16,pred_rf,0.2961038961038961,0.8,0.6190476190476191,0.03223331701306102,0.0015731151617456086,0.030660201851315412
2025-05-19,pred_rf,0.174025974025974,0.6,0.6190476190476191,0.0042339986545417265,0.0018210624341210124,0.002412936220420714
2025-05-20,pred_rf,0.274025974025974,0.8,0.6666666666666666,0.02892721245795271,0.003997048796108049,0.02493016366184466
2025-05-21,pred_rf,0.31428571428571433,1.0,0.7142857142857143,0.04289325294817496,0.005875911829251934,0.037017341118923026
2025-05-22,pred_rf,0.5922077922077922,1.0,0.9047619047619048,0.06102727845716416,0.008099121803874353,0.0529281566532898
2025-05-23,pred_rf,0.05584415584415584,1.0,0.8571428571428571,0.05847430511524143,0.03979672672408725,0.01867757839115418
2025-05-27,pred_rf,0.6454545454545455,1.0,0.7619047619047619,0.0619779997163044,0.001729376156976481,0.06024862355932792
2025-05-28,pred_rf,0.6012987012987013,1.0,0.8571428571428571,0.09159819480778304,0.005810365872163459,0.08578782893561958
2025-05-29,pred_rf,0.6376623376623376,1.0,0.8095238095238095,0.07937740695361031,-0.0003180744683321191,0.07969548142194244
2025-05-30,pred_rf,0.6103896103896104,1.0,0.8571428571428571,0.05176542802259445,0.0026578911065112897,0.04910753691608316
2025-06-02,pred_rf,0.6948051948051948,1.0,0.8095238095238095,0.05011744192307086,-0.007322097358387602,0.057439539281458465
2025-06-03,pred_rf,0.6038961038961038,1.0,0.8095238095238095,0.05716724347973323,0.005194941065857428,0.05197230241387581
2025-06-04,pred_rf,0.7207792207792209,1.0,0.8571428571428571,0.07223991535453492,0.0010287747876975173,0.0712111405668374
2025-06-05,pred_rf,0.5506493506493506,1.0,0.8571428571428571,0.06624748453086751,0.01854092706025543,0.04770655747061208
2025-06-06,pred_rf,0.5909090909090908,1.0,0.8571428571428571,0.06290810873174144,0.0031033883037828724,0.05980472042795856
2025-06-09,pred_rf,0.512987012987013,1.0,0.8095238095238095,0.06496495048393243,0.024715393029157307,0.040249557454775126
2025-06-10,pred_rf,0.6168831168831169,1.0,0.7619047619047619,0.06640122392149368,0.009952912871966068,0.05644831104952761
2025-06-11,pred_rf,0.6636363636363637,1.0,0.8095238095238095,0.06633416868261591,0.013267989771450762,0.05306617891116515
2025-06-12,pred_rf,0.6779220779220779,1.0,0.7619047619047619,0.055471742537636134,-0.0002373529924796447,0.05570909553011578
2025-06-13,pred_rf,0.3168831168831169,0.8,0.7142857142857143,0.03408937144740156,0.01097164516639899,0.02311772628100257
2025-06-16,pred_rf,0.2545454545454545,1.0,0.6666666666666666,0.03676380913145967,0.012518717741449992,0.02424509139000968
2025-06-17,pred_rf,0.04025974025974026,0.8,0.7142857142857143,0.03732153495808872,0.024057127259795297,0.013264407698293425
2025-06-18,pred_rf,0.5337662337662338,1.0,0.6666666666666666,0.08514696408019114,-0.005513045148599916,0.09066000922879106
2025-06-20,pred_rf,0.14285714285714285,0.8,0.7142857142857143,0.0553907530010731,0.01613951912935081,0.03925123387172229
2025-06-23,pred_rf,0.32597402597402597,0.8,0.8095238095238095,0.05725240881364886,0.011127434594487683,0.046124974219161174
2025-06-24,pred_rf,0.2558441558441559,1.0,0.7619047619047619,0.0646487781914542,0.027642587837717204,0.037006190353737
2025-06-25,pred_rf,0.3701298701298701,1.0,0.8571428571428571,0.060950162649291206,0.024441108626268714,0.03650905402302249
2025-06-26,pred_rf,0.17792207792207793,0.8,0.7619047619047619,0.04490454075182473,0.028691396564199233,0.016213144187625494
2025-06-27,pred_rf,0.2597402597402597,0.8,0.7142857142857143,0.04480629629149777,0.01668893906957818,0.028117357221919593
2025-06-30,pred_rf,0.3168831168831169,0.8,0.6666666666666666,0.03510607962191141,0.014510231249651496,0.020595848372259914
2025-07-01,pred_rf,0.14155844155844155,0.8,0.6190476190476191,0.041099962398577404,0.0017420427590106868,0.03935791963956672
2025-07-02,pred_rf,0.07922077922077922,0.8,0.47619047619047616,0.03512945287867335,0.00855389377529212,0.026575559103381226
2025-07-03,pred_rf,0.2324675324675325,0.6,0.42857142857142855,0.031050835181619264,-0.01561719123003964,0.0466680264116589
2025-07-07,pred_rf,0.12987012987012986,0.6,0.6666666666666666,0.03567287090821418,0.007811635053115084,0.027861235855099094
2025-07-08,pred_rf,-0.011688311688311687,0.6,0.6666666666666666,0.03001957215258595,-0.007855024862681059,0.037874597015267006
2025-07-09,pred_rf,0.06753246753246753,0.6,0.7142857142857143,0.000620618158865227,0.0008119959354100815,-0.00019137777654485441
2025-07-10,pred_rf,-0.0012987012987012987,0.6,0.7142857142857143,0.0006474862542829695,0.013425841579219399,-0.01277835532493643
2025-07-11,pred_rf,0.025974025974025972,0.6,0.7142857142857143,0.010590724558356857,0.011970998139471134,-0.0013802735811142778
2025-07-14,pred_rf,-0.0012987012987012987,0.4,0.6666666666666666,0.002211390976802874,0.014557037027515119,-0.012345646050712245
2025-07-15,pred_rf,0.512987012987013,0.8,0.7619047619047619,0.04846430095555869,-0.0030087463596972343,0.051473047315255926
2025-07-16,pred_rf,0.20779220779220778,0.8,0.8095238095238095,0.03946938034363865,0.025806845136893443,0.013662535206745208
2025-07-17,pred_rf,0.3701298701298701,1.0,0.7619047619047619,0.04479591309663968,0.00917973987201497,0.03561617322462471
2025-07-18,pred_rf,0.4948051948051948,1.0,0.7142857142857143,0.04317708688476283,0.005341967821489923,0.03783511906327291
2025-07-21,pred_rf,0.5285714285714286,1.0,0.8571428571428571,0.039812412986799474,0.005848919099219962,0.033963493887579514
2025-07-22,pred_rf,0.4285714285714285,1.0,0.8095238095238095,0.038596936319138034,0.008448366187332246,0.030148570131805788
2025-07-23,pred_rf,0.45454545454545453,0.6,0.6666666666666666,0.023412778385268875,-0.0005679703831949157,0.02398074876846379
2025-07-24,pred_rf,0.24025974025974026,0.8,0.6666666666666666,0.011491848419010275,0.0012733462237712212,0.010218502195239053
2025-07-25,pred_rf,0.3844155844155844,0.8,0.9047619047619048,0.0369192956406776,0.007433063569056686,0.02948623207162091
2025-07-28,pred_rf,0.2194805194805195,0.8,0.9047619047619048,0.02381009344100824,0.00878322476774065,0.015026868673267592
2025-07-29,pred_rf,0.20129870129870128,0.6,0.7142857142857143,0.0179640660473676,0.010293568363925032,0.007670497683442568
2025-07-30,pred_rf,0.024675324675324677,1.0,0.9047619047619048,0.028266222777213957,0.024529767884837027,0.0037364548923769295
2025-07-31,pred_rf,0.3038961038961039,0.8,0.8095238095238095,0.041147243558148736,0.003409352971535995,0.03773789058661274
2025-08-01,pred_rf,0.33896103896103896,0.8,0.7619047619047619,0.041274920827252835,0.012812381468845557,0.028462539358407278
2025-08-04,pred_rf,0.35584415584415585,0.6,0.6190476190476191,0.006441347974005196,-0.023177675711039614,0.02961902368504481
2025-08-05,pred_rf,0.36233766233766235,0.6,0.6666666666666666,0.01646158692819799,-0.00975787341319978,0.02621946034139777
2025-08-06,pred_rf,0.374025974025974,0.6,0.7142857142857143,0.028525531891057977,-0.00861950813611927,0.03714504002717725
2025-08-07,pred_rf,0.37142857142857144,0.6,0.7619047619047619,0.03165240323563721,-0.007373914873111298,0.03902631810874851
2025-08-08,pred_rf,0.42207792207792205,0.8,0.7142857142857143,0.047554197507930086,-0.013674250269368882,0.06122844777729897
2025-08-11,pred_rf,0.35974025974025975,0.8,0.6666666666666666,0.05133632927104703,0.014397592833524908,0.03693873643752212
2025-08-12,pred_rf,-0.0974025974025974,0.8,0.7142857142857143,0.026583121054691784,0.03375990946254994,-0.007176788407858157
2025-08-13,pred_rf,0.03506493506493507,0.6,0.7619047619047619,0.015722430148279565,0.022608469923199138,-0.006886039774919573
2025-08-14,pred_rf,0.0935064935064935,0.8,0.7142857142857143,0.03398404901283534,0.027363876635316586,0.006620172377518753
2025-08-15,pred_rf,0.3155844155844156,0.8,0.7619047619047619,0.05840896421173809,0.026482214928835558,0.03192674928290254
2025-08-18,pred_rf,0.3649350649350649,1.0,0.7619047619047619,0.06441591076428743,0.023438591812749144,0.04097731895153829
2025-08-19,pred_rf,0.3974025974025974,1.0,0.7619047619047619,0.07114296107587262,0.020315308973330913,0.050827652102541705
2025-08-20,pred_rf,0.551948051948052,1.0,0.7619047619047619,0.09166374568614608,0.008563326152461049,0.08310041953368502
2025-08-21,pred_rf,0.5246753246753247,1.0,0.8095238095238095,0.0980550986891664,0.014241870605059059,0.08381322808410734
2025-08-22,pred_rf,0.43376623376623374,1.0,0.7142857142857143,0.07019918885379184,0.022098948511562133,0.048100240342229705
2025-08-25,pred_rf,0.5168831168831168,1.0,0.8095238095238095,0.07673100726011381,-0.000695258707561397,0.07742626596767521
2025-08-26,pred_rf,0.41818181818181815,1.0,0.7142857142857143,0.07264894203417316,0.021372401570676214,0.051276540463496945
2025-08-27,pred_rf,0.3675324675324675,0.8,0.6666666666666666,0.05039742196352468,-0.009180792407580806,0.059578214371105484
2025-08-28,pred_rf,0.26233766233766237,0.6,0.7142857142857143,0.05618969120383741,-0.0016436624567961688,0.05783335366063358
2025-08-29,pred_rf,0.35454545454545455,1.0,0.8095238095238095,0.07670854054847531,0.018409214904819993,0.05829932564365532
2025-09-02,pred_rf,0.4701298701298702,0.8,0.7619047619047619,0.10141247341365027,0.01737729025728254,0.08403518315636774
2025-09-03,pred_rf,0.20129870129870128,0.8,0.8095238095238095,0.08978681328360796,0.029735741678848338,0.06005107160475963
2025-09-04,pred_rf,0.15064935064935067,0.8,0.7619047619047619,0.08709108231996712,0.025743484200623713,0.06134759811934341
2025-09-05,pred_rf,-0.011688311688311687,0.8,0.8095238095238095,0.0747582781685749,0.0444927226444277,0.030265555524147204
2025-09-08,pred_rf,-0.04935064935064935,0.8,0.7142857142857143,0.08959940419785432,0.04956454629395664,0.040034857903897686
2025-09-09,pred_rf,-0.0961038961038961,0.8,0.8095238095238095,0.05868830833189951,0.02802557547096147,0.030662732860938038
2025-09-10,pred_rf,-0.348051948051948,0.6,0.7619047619047619,0.013977562347855965,0.07366151791417357,-0.0596839555663176
2025-09-11,pred_rf,-0.04025974025974026,0.8,0.6190476190476191,0.05921138366742307,0.019050931091206324,0.04016045257621674
2025-09-12,pred_rf,-0.0935064935064935,0.6,0.5238095238095238,0.028982546316114723,-0.005908830007277733,0.03489137632339245
2025-09-15,pred_rf,-0.13116883116883118,0.6,0.5714285714285714,0.016271645757114615,0.03750493936490511,-0.021233293607790492
2025-09-16,pred_rf,-0.1012987012987013,0.6,0.6666666666666666,0.016157695281310346,0.03814900928889622,-0.02199131400758587
2025-09-17,pred_rf,-0.3766233766233766,0.6,0.7142857142857143,-0.0012424965281395473,0.04632214458629007,-0.047564641114429616
2025-09-18,pred_rf,-0.20909090909090908,0.4,0.6666666666666666,0.005417642980317683,0.043562426968253944,-0.03814478398793626
2025-09-19,pred_rf,-0.1012987012987013,0.8,0.7142857142857143,0.009624449492565645,0.02270400202878433,-0.013079552536218685
2025-09-22,pred_rf,0.033766233766233764,0.8,0.7619047619047619,0.020452562428068876,0.016486256375708906,0.00396630605235997
2025-09-23,pred_rf,-0.2922077922077922,0.8,0.8571428571428571,0.013815095934343647,0.03886824487622662,-0.025053148941882975
2025-09-24,pred_rf,-0.187012987012987,0.8,0.8571428571428571,0.0218959370130813,0.04188991841162963,-0.01999398139854833
2025-09-25,pred_rf,-0.18051948051948052,0.8,0.8571428571428571,0.03099931177888493,0.05937085399776163,-0.0283715422188767
2025-09-26,pred_rf,-0.17142857142857143,0.6,0.8095238095238095,0.02110858311981405,0.031380366915369315,-0.010271783795555264
2025-09-29,pred_rf,-0.3363636363636363,1.0,0.8571428571428571,0.03688248556638403,0.04031428312126566,-0.003431797554881627
2025-09-30,pred_rf,-0.16883116883116883,1.0,0.8095238095238095,0.03891157475882676,0.028552483488454582,0.01035909127037218
2025-10-01,pred_rf,-0.04155844155844156,1.0,0.7619047619047619,0.0331217241768559,0.027454725212384058,0.005666998964471846
2025-10-02,pred_rf,-0.4402597402597402,0.8,0.7142857142857143,-0.0036977494498827922,0.02703713208649252,-0.03073488153637531
2025-10-03,pred_rf,-0.2,0.6,0.6190476190476191,-0.004243772040477767,0.01959740811153492,-0.023841180152012687
2025-10-06,pred_rf,-0.1948051948051948,0.4,0.5238095238095238,-0.018212786204139908,0.02286441981450984,-0.041077206018649746
2025-10-07,pred_rf,-0.11038961038961038,0.4,0.42857142857142855,-0.025631751440557005,0.006297134089667944,-0.03192888553022495
2025-10-08,pred_rf,-0.07272727272727272,0.4,0.38095238095238093,-0.013767678345421964,-0.0031104281453529616,-0.010657250200069003
2025-10-09,pred_rf,-0.12857142857142856,0.4,0.42857142857142855,-0.03324753132207821,0.0020946379864050122,-0.03534216930848322
2025-10-10,pred_rf,0.05714285714285714,0.8,0.6666666666666666,-0.0009731244097138658,0.01820006413808175,-0.019173188547795615
2025-10-13,pred_rf,0.2909090909090909,0.6,0.6666666666666666,-0.0010473114398143358,0.0006412731383880655,-0.0016885845782024012
2025-10-14,pred_rf,0.24415584415584415,0.8,0.5714285714285714,0.013826796562851528,-0.001854681694546101,0.01568147825739763
2025-10-15,pred_rf,0.17662337662337665,0.4,0.5714285714285714,-0.0069754602345318386,0.0006518781555069131,-0.007627338390038751
2025-10-16,pred_rf,0.3168831168831169,0.6,0.5238095238095238,-0.012984348756901376,-0.011430476465315188,-0.0015538722915861888
2025-10-17,pred_rf,0.21038961038961035,0.6,0.47619047619047616,-0.008631169309700936,-0.009768955422274007,0.0011377861125730707
2025-10-20,pred_rf,-0.26233766233766237,0.2,0.19047619047619047,-0.054484530206950786,-0.014200893185609575,-0.04028363702134121
2025-10-21,pred_rf,-0.5805194805194805,0.2,0.19047619047619047,-0.06263503999306028,0.0029331991124109226,-0.0655682391054712
2025-10-22,pred_rf,-0.5753246753246753,0.2,0.23809523809523808,-0.061129388351954986,0.012399956772796594,-0.07352934512475158
2025-10-23,pred_rf,-0.6272727272727273,0.0,0.09523809523809523,-0.07700143495352663,0.0009300735148369821,-0.07793150846836361
2025-10-24,pred_rf,-0.15844155844155844,0.0,0.14285714285714285,-0.038230394793842694,-0.06956868170123313,0.03133828690739044
2025-10-27,pred_rf,-0.0038961038961038965,0.0,0.19047619047619047,-0.035977262087917114,-0.07657819801353116,0.04060093592561405
2025-10-28,pred_rf,0.13766233766233765,0.0,0.19047619047619047,-0.03650871015352255,-0.060788261673327536,0.024279551519804987
2025-10-29,pred_rf,0.17792207792207793,0.6,0.42857142857142855,-0.019694171103127545,-0.008734262710847606,-0.010959908392279939
2025-10-30,pred_rf,-0.18181818181818182,0.4,0.6190476190476191,-0.023263153471745613,0.012523272795981621,-0.03578642626772723
2025-10-31,pred_rf,-0.1064935064935065,0.2,0.42857142857142855,-0.022284582924700303,0.008717569957894212,-0.031002152882594516
2025-11-03,pred_rf,0.1077922077922078,0.6,0.47619047619047616,-0.00581742145884383,0.007345028695003286,-0.013162450153847115
2025-11-04,pred_rf,0.1961038961038961,0.8,0.6666666666666666,0.017440899945987586,0.01692003695492792,0.0005208629910596653
2025-11-05,pred_rf,0.032467532467532464,0.8,0.6190476190476191,0.021091474376042953,0.02466365517342266,-0.0035721807973797086
2025-11-06,pred_rf,0.13246753246753248,0.6,0.7142857142857143,0.02756247603303059,0.016457677036859786,0.011104798996170805
2025-11-07,pred_rf,0.0961038961038961,0.8,0.6190476190476191,0.0315766705034888,0.01548641736679579,0.01609025313669301
2025-11-10,pred_rf,0.02077922077922078,0.8,0.5238095238095238,0.012099325578792697,0.006875299028157112,0.005224026550635585
2025-11-11,pred_rf,0.03506493506493507,0.8,0.5714285714285714,0.019583138715465864,0.010005600056620479,0.009577538658845385
2025-11-12,pred_rf,0.17142857142857143,0.8,0.6666666666666666,0.03301831711528467,0.001014918376417473,0.0320033987388672
2025-11-13,pred_rf,0.2155844155844156,0.8,0.7142857142857143,0.022557540414031775,0.0039054956343174798,0.018652044779714296
2025-11-14,pred_rf,0.2909090909090909,0.8,0.6666666666666666,0.0308438940004655,0.005753240149059669,0.025090653851405832
2025-11-17,pred_rf,0.43766233766233764,0.8,0.6190476190476191,0.04847208897891373,-0.006995155190643332,0.05546724416955706
2025-11-18,pred_rf,0.24545454545454545,0.6,0.6190476190476191,0.002877496740275309,-0.0006600121167645411,0.0035375088570398505
2025-11-19,pred_rf,0.1974025974025974,0.6,0.6190476190476191,0.03360959681321336,0.00495325626898333,0.02865634054423003
2025-11-20,pred_rf,0.6467532467532467,1.0,0.8095238095238095,0.06325891711377167,-0.0014151229575434909,0.06467404007131516
2025-11-21,pred_rf,0.6428571428571428,1.0,0.7619047619047619,0.07048157835915099,-0.0034425007711784473,0.07392407913032943
2025-11-24,pred_rf,0.5610389610389611,1.0,0.7619047619047619,0.05626346252656824,0.012803996228517977,0.04345946629805027
2025-11-25,pred_rf,0.6038961038961038,1.0,0.7142857142857143,0.04608840445709102,-0.004079458149013071,0.05016786260610409
2025-11-26,pred_rf,0.16233766233766234,1.0,0.6190476190476191,0.03771832692960828,0.02739329251368372,0.010325034415924562
2025-11-28,pred_rf,0.07922077922077922,0.8,0.6190476190476191,0.015385864271212002,0.007014287205981828,0.008371577065230174
2025-12-01,pred_rf,0.2909090909090909,0.8,0.6666666666666666,0.017195419988123174,0.004132676779546029,0.013062743208577143
2025-12-02,pred_rf,0.13896103896103898,0.8,0.6190476190476191,0.006746051766212591,-0.004349166697398643,0.011095218463611233
2025-12-03,pred_rf,0.4,0.8,0.5714285714285714,0.02466427525953745,0.005455842267016298,0.019208432992521153
2025-12-04,pred_rf,0.35194805194805195,0.8,0.6190476190476191,0.03528873418605365,0.004674739033935516,0.030613995152118132
2025-12-05,pred_rf,0.08051948051948052,0.6,0.7142857142857143,0.035606737870615524,0.018495544927075346,0.017111192943540177
2025-12-08,pred_rf,-0.18441558441558442,0.8,0.8095238095238095,0.03023507122465261,0.036322756707324544,-0.006087685482671933
2025-12-09,pred_rf,0.05324675324675325,0.8,0.7619047619047619,0.02574259641056951,0.018128202854062647,0.007614393556506862
2025-12-10,pred_rf,-0.2311688311688312,0.8,0.9047619047619048,0.014314563627581166,0.033274775659660305,-0.01896021203207914
2025-12-11,pred_rf,-0.28831168831168835,0.6,0.7619047619047619,0.03973326878744092,0.03916812676949459,0.0005651420179463296
2025-12-12,pred_rf,0.11168831168831168,0.8,0.8095238095238095,0.05660156122083744,0.034401272480955924,0.022200288739881516
2025-12-15,pred_rf,-0.011688311688311687,0.8,0.8571428571428571,0.045798284843102485,0.018484287539979015,0.02731399730312347
2025-12-16,pred_rf,-0.02077922077922078,0.8,0.8571428571428571,0.03591185752203792,0.061237320373889535,-0.025325462851851617
2025-12-17,pred_rf,0.37272727272727274,1.0,0.9047619047619048,0.11909633044364569,0.016152073723936212,0.10294425671970947
2025-12-18,pred_rf,0.187012987012987,0.8,0.7142857142857143,0.06616419785729118,0.007157732702235142,0.05900646515505603
2025-12-19,pred_rf,-0.2753246753246753,0.8,0.8095238095238095,0.057076243782397354,0.04731785123552155,0.009758392546875806
2025-12-22,pred_rf,-0.14285714285714285,0.8,0.8571428571428571,0.07359755715678482,0.04412108791922067,0.029476469237564147
2025-12-23,pred_rf,-0.01038961038961039,0.6,0.7142857142857143,0.08457358365766217,0.028492624848590144,0.056080958809072025
2025-12-24,pred_rf,0.032467532467532464,0.8,0.8095238095238095,0.07711989690548844,0.039441136392079267,0.037678760513409175
2025-12-26,pred_rf,0.0974025974025974,0.8,0.7619047619047619,0.08687360033585785,0.021386991414929214,0.06548660892092864
2025-12-29,pred_rf,0.24675324675324672,1.0,0.7142857142857143,0.08428825548875034,0.046888101927444616,0.03740015356130572
2025-12-30,pred_rf,0.3571428571428571,1.0,0.7619047619047619,0.11109132500408525,0.046911362249613384,0.06417996275447187
2025-12-31,pred_rf,0.3922077922077922,1.0,0.7619047619047619,0.1031032405214137,1.9040002517778375e-05,0.10308420051889593
2026-01-02,pred_rf,0.2675324675324675,0.8,0.7142857142857143,0.08380160221514692,0.011264709120381688,0.07253689309476523
2026-01-05,pred_rf,0.16233766233766234,0.8,0.5714285714285714,0.042260955998113726,0.018236873035947832,0.024024082962165894
2026-01-06,pred_rf,0.15064935064935067,0.8,0.5238095238095238,0.010620417526385872,-0.003821159192662904,0.014441576719048776
2026-01-07,pred_rf,0.14545454545454545,0.8,0.6190476190476191,0.013399814924081576,0.004394084696537059,0.009005730227544518
2026-01-08,pred_rf,0.14415584415584418,0.8,0.7142857142857143,0.07005662633154837,0.0022734438695789284,0.06778318246196945
2026-01-09,pred_rf,0.3090909090909091,1.0,0.6190476190476191,0.08794693386769237,0.009615155791274699,0.07833177807641767
2026-01-12,pred_rf,0.06753246753246753,0.8,0.7142857142857143,0.06417977304909853,0.04873331942309089,0.015446453626007633
2026-01-13,pred_rf,0.24935064935064938,1.0,0.7142857142857143,0.07954522600104577,0.015551136496634931,0.06399408950441084
2026-01-14,pred_rf,-0.42727272727272725,0.4,0.6666666666666666,-0.01516655712869779,0.06912536244234842,-0.0842919195710462
2026-01-15,pred_rf,-0.20909090909090908,0.4,0.6666666666666666,-0.013034968918644353,0.046386591514870124,-0.05942156043351447
2026-01-16,pred_rf,-0.06623376623376624,0.6,0.6666666666666666,0.03744010570276544,0.03818969637503651,-0.0007495906722710735
2026-01-20,pred_rf,-0.044155844155844164,0.4,0.8095238095238095,-0.0031311374435204486,0.030957120494571,-0.03408825793809145
2026-01-21,pred_rf,-0.21688311688311687,0.6,0.6666666666666666,0.007665583328277226,0.04432874963111093,-0.0366631663028337
2026-01-22,pred_rf,-0.16493506493506493,0.6,0.7142857142857143,-0.008497449332759487,0.041442211044476984,-0.049939660377236475
2026-01-23,pred_rf,-0.23896103896103899,0.4,0.7142857142857143,-0.024735878308397408,0.027042038098465615,-0.05177791640686302
2026-01-26,pred_rf,-0.26103896103896107,0.4,0.6666666666666666,-0.014840678177661836,0.046229478486274386,-0.061070156663936226
2026-01-27,pred_rf,-0.26493506493506497,0.4,0.6666666666666666,-0.021672708447087196,0.03923356876972724,-0.060906277216814436
2026-01-28,pred_rf,-0.34285714285714286,0.2,0.6666666666666666,-0.03897388198356917,0.044099944398431457,-0.08307382638200063
2026-01-29,pred_rf,-0.20909090909090908,0.2,0.5714285714285714,-0.0358369179537773,-0.013516384100946266,-0.02232053385283104
2026-01-30,pred_rf,-0.09220779220779221,0.4,0.7142857142857143,-0.004407851037153465,0.009451915691242064,-0.013859766728395529
2026-02-02,pred_rf,-0.13116883116883118,0.2,0.5238095238095238,-0.02098278614403124,0.0030552284714381317,-0.024038014615469373
2026-02-03,pred_rf,-0.3051948051948052,0.4,0.6190476190476191,-0.006921399746472301,0.02394758962524659,-0.03086898937171889
2026-02-04,pred_rf,-0.1012987012987013,0.4,0.5714285714285714,0.008494821963901434,0.01583950001159471,-0.007344678047693277
2026-02-05,pred_rf,-0.08571428571428572,0.6,0.5714285714285714,0.002217772781844052,0.01111613151446147,-0.008898358732617417
2026-02-06,pred_rf,-0.2532467532467532,0.2,0.42857142857142855,-0.017748109753345398,0.012132806719254851,-0.02988091647260025
2026-02-09,pred_rf,-0.22597402597402597,0.2,0.38095238095238093,-0.019803640963686808,-0.0015559730607060062,-0.018247667902980803
2026-02-10,pred_rf,-0.22597402597402597,0.0,0.23809523809523808,-0.02480713858000223,0.002323497764950666,-0.027130636344952896
2026-02-11,pred_rf,-0.1948051948051948,0.0,0.19047619047619047,-0.042123809961029914,-0.0019765995091224563,-0.04014721045190746
2026-02-12,pred_rf,-0.13116883116883118,0.2,0.23809523809523808,-0.02758589972237724,-0.012757514481791476,-0.014828385240585763
2026-02-13,pred_rf,-0.005194805194805195,0.2,0.23809523809523808,-0.0169664292812993,-0.005302426973877661,-0.01166400230742164
2026-02-17,pred_rf,-0.04155844155844156,0.4,0.3333333333333333,-0.0059413216985398695,-0.002450948086482074,-0.0034903736120577952
2026-02-18,pred_rf,-0.3233766233766234,0.0,0.19047619047619047,-0.048734328594997864,-0.008108863138814093,-0.04062546545618377
2026-02-19,pred_rf,-0.2857142857142857,0.0,0.19047619047619047,-0.05343294011749715,-0.009062255765318628,-0.04437068435217852
2026-02-20,pred_rf,-0.4766233766233766,0.0,0.14285714285714285,-0.07817295092857086,-0.029754608729928567,-0.0484183421986423
2026-02-23,pred_rf,-0.24285714285714283,0.0,0.14285714285714285,-0.048040702355577024,-0.006937521274665981,-0.041103181080911044
2026-02-24,pred_rf,-0.3,0.0,0.14285714285714285,-0.08384203098829937,-0.019482176285334597,-0.06435985470296478
2026-02-25,pred_rf,-0.5532467532467533,0.0,0.14285714285714285,-0.09135616797703408,-0.02636417207553563,-0.06499199590149846
2026-02-26,pred_rf,-0.49350649350649345,0.0,0.14285714285714285,-0.11627011522242163,-0.038543716193213264,-0.07772639902920836
2026-02-27,pred_rf,-0.5064935064935064,0.0,0.14285714285714285,-0.11583511995129533,-0.008992653015498165,-0.10684246693579717
2026-03-02,pred_rf,-0.5844155844155844,0.0,0.14285714285714285,-0.12915641071284906,-0.014145167078215604,-0.11501124363463346
2026-03-03,pred_rf,-0.23376623376623373,0.0,0.14285714285714285,-0.04752333209827726,-0.00848764738032679,-0.03903568471795047
2026-03-04,pred_rf,-0.14935064935064934,0.2,0.14285714285714285,-0.021684034284772835,-0.009901101183002026,-0.01178293310177081
2026-03-05,pred_rf,-0.3766233766233766,0.0,0.14285714285714285,-0.0358039944497107,-0.0037782169998424654,-0.03202577744986823
2026-03-06,pred_rf,-0.21038961038961035,0.4,0.2857142857142857,-0.037803465339481465,-0.0026385932101492095,-0.03516487212933225
2026-03-09,pred_rf,-0.4207792207792207,0.2,0.14285714285714285,-0.03777879049999653,-0.0062200262961772165,-0.03155876420381931
2026-03-10,pred_rf,0.15844155844155844,0.4,0.5238095238095238,-0.008545008186867898,-0.0015398178244400596,-0.007005190362427838
2026-03-11,pred_rf,0.33506493506493507,0.6,0.6190476190476191,0.0013341239688290818,-0.007030477533698254,0.008364601502527337
2026-03-12,pred_rf,0.21818181818181817,0.6,0.6190476190476191,0.004760798532814525,-0.0026930166055801007,0.007453815138394626
2026-03-13,pred_rf,0.21168831168831168,0.6,0.6666666666666666,0.02670973833787995,0.004987488270751061,0.021722250067128888
2026-03-16,pred_rf,0.13636363636363635,0.6,0.6666666666666666,0.03454370047856303,0.019265989858192188,0.015277710620370845
2026-03-17,pred_rf,0.22987012987012984,0.6,0.6666666666666666,0.027990823522568275,0.0052044775164419525,0.02278634600612632
2026-03-18,pred_rf,0.3038961038961039,0.8,0.7142857142857143,0.060429583686188025,0.007323496867410651,0.053106086818777376
2026-03-19,pred_rf,0.5116883116883117,1.0,0.7619047619047619,0.09306770843123377,0.012648045331758274,0.0804196630994755
2026-03-20,pred_rf,0.5818181818181818,1.0,0.9047619047619048,0.1170550246576049,0.020745044392073652,0.09630998026553124
2026-03-23,pred_rf,0.45584415584415583,1.0,0.9047619047619048,0.09622838132531428,0.02095317418875504,0.07527520713655923
2026-03-24,pred_rf,0.6064935064935064,1.0,0.8571428571428571,0.1214912840711428,-0.004848953714493143,0.12634023778563594
2026-03-25,pred_rf,0.512987012987013,1.0,0.8571428571428571,0.09366920629846702,0.032303847613314174,0.061365358685152846
2026-03-26,pred_rf,0.8025974025974025,1.0,0.8571428571428571,0.15743373203995187,0.015905325554030438,0.14152840648592144
2026-03-27,pred_rf,0.5467532467532468,1.0,0.9047619047619048,0.18268728357438616,0.006658542872867113,0.17602874070151905
2026-03-30,pred_rf,0.6545454545454545,1.0,0.8571428571428571,0.17245609689887606,0.005676553326930289,0.16677954357194577
2026-03-31,pred_rf,0.4714285714285714,0.8,0.7142857142857143,0.10876885235293236,0.013450133127596731,0.09531871922533564
2026-04-01,pred_rf,0.3987012987012987,0.8,0.8095238095238095,0.05502605941903756,0.02739460290486555,0.027631456514172006
2026-04-02,pred_rf,0.46753246753246747,0.8,0.7619047619047619,0.07187001108935231,0.011426017629872743,0.060443993459479574
2026-04-06,pred_rf,0.5051948051948052,0.8,0.7142857142857143,0.06538480744942465,0.008265421379952342,0.05711938606947231
2026-04-07,pred_rf,0.45324675324675323,0.8,0.7142857142857143,0.06995234139503854,0.0129188721918998,0.057033469203138745
2026-04-08,pred_rf,0.461038961038961,0.8,0.7142857142857143,0.06584827863652516,0.009032220401677903,0.056816058234847255
2026-04-09,pred_rf,0.1987012987012987,0.6,0.6190476190476191,0.05888436847036529,0.005156428735111462,0.053727939735253825
2026-04-10,pred_rf,0.24025974025974026,0.6,0.6666666666666666,0.059932002004304,0.01150603079740593,0.048425971206898066
2022-01-03,pred_ridge,-0.4077922077922078,0.2,0.23809523809523808,-0.04172333929581649,-0.023718484139413753,-0.018004855156402735
2022-01-04,pred_ridge,-0.42727272727272725,0.0,0.14285714285714285,-0.07067363556204447,-0.017957532620260386,-0.05271610294178408
2022-01-05,pred_ridge,-0.5831168831168831,0.0,0.14285714285714285,-0.1343629192134979,-0.01950812933058803,-0.11485478988290988
2022-01-06,pred_ridge,-0.5662337662337662,0.2,0.19047619047619047,-0.09100112729681298,-0.019741546421078483,-0.0712595808757345
2022-01-07,pred_ridge,-0.6974025974025975,0.0,0.19047619047619047,-0.13477722935461575,-0.011033906457725551,-0.1237433228968902
2022-01-10,pred_ridge,-0.7077922077922078,0.0,0.19047619047619047,-0.11490918369116439,-0.007570314651489008,-0.10733886903967538
2022-01-11,pred_ridge,-0.7337662337662337,0.0,0.19047619047619047,-0.09188138879741548,-0.004711597148458346,-0.08716979164895713
2022-01-12,pred_ridge,-0.7935064935064934,0.0,0.14285714285714285,-0.12325431790142172,-0.014598872261771256,-0.10865544563965046
2022-01-13,pred_ridge,-0.6636363636363637,0.0,0.19047619047619047,-0.13137335783591206,-0.028480666943724975,-0.10289269089218708
2022-01-14,pred_ridge,-0.8467532467532467,0.0,0.19047619047619047,-0.1425205071944318,0.016535037013556984,-0.15905554420798879
2022-01-18,pred_ridge,-0.42337662337662335,0.2,0.3333333333333333,-0.07609267991390148,0.00875269427583938,-0.08484537418974086
2022-01-19,pred_ridge,-0.3051948051948052,0.4,0.38095238095238093,-0.06309451914495119,0.008962958132700071,-0.07205747727765126
2022-01-20,pred_ridge,-0.37922077922077924,0.4,0.2857142857142857,-0.08803745105284574,0.009256896558781947,-0.0972943476116277
2022-01-21,pred_ridge,-0.28051948051948056,0.4,0.42857142857142855,-0.07775780863725079,0.004289722646546634,-0.08204753128379742
2022-01-24,pred_ridge,-0.4922077922077922,0.2,0.2857142857142857,-0.0929136881427364,0.014659793195088432,-0.10757348133782484
2022-01-25,pred_ridge,-0.5142857142857142,0.2,0.23809523809523808,-0.08358582051143201,0.021506434303043796,-0.10509225481447582
2022-01-26,pred_ridge,-0.07272727272727272,0.6,0.3333333333333333,-0.049665151251205165,0.015594933660294675,-0.06526008491149984
2022-01-27,pred_ridge,0.28441558441558445,0.8,0.7619047619047619,-0.012524411901567367,0.0158985779406444,-0.02842298984221177
2022-01-28,pred_ridge,0.016883116883116882,0.6,0.3333333333333333,-0.03447855595413698,0.015258599279294894,-0.049737155233431876
2022-01-31,pred_ridge,-0.574025974025974,0.0,0.19047619047619047,-0.10463657120801043,0.024951881865040826,-0.12958845307305125
2022-02-01,pred_ridge,-0.46753246753246747,0.0,0.23809523809523808,-0.09570819426439166,0.019859341495269467,-0.11556753575966112
2022-02-02,pred_ridge,-0.6142857142857143,0.2,0.2857142857142857,-0.1164535240444073,0.026824457399317204,-0.1432779814437245
2022-02-03,pred_ridge,-0.5935064935064935,0.2,0.2857142857142857,-0.06416000548556448,0.03370894334911319,-0.09786894883467767
2022-02-04,pred_ridge,-0.6818181818181818,0.0,0.2857142857142857,-0.11348604487553185,0.040028521482662116,-0.15351456635819397
2022-02-07,pred_ridge,-0.612987012987013,0.0,0.23809523809523808,-0.10292131883354413,0.03563566553202322,-0.13855698436556735
2022-02-08,pred_ridge,-0.4077922077922078,0.0,0.23809523809523808,-0.05877622953274013,0.025852972042549327,-0.08462920157528946
2022-02-09,pred_ridge,-0.5233766233766234,0.0,0.23809523809523808,-0.10816162521036925,-0.008454465002790745,-0.0997071602075785
2022-02-10,pred_ridge,-0.5064935064935064,0.0,0.23809523809523808,-0.11928066844071461,0.02553106126442688,-0.1448117297051415
2022-02-11,pred_ridge,-0.5896103896103897,0.0,0.23809523809523808,-0.09683626109783217,0.017163128641229642,-0.1139993897390618
2022-02-14,pred_ridge,-0.45324675324675323,0.0,0.38095238095238093,-0.06020697571860427,0.00928118959317541,-0.06948816531177968
2022-02-15,pred_ridge,-0.2831168831168831,0.2,0.38095238095238093,-0.02600857218979833,0.019682475870592596,-0.045691048060390926
2022-02-16,pred_ridge,-0.2922077922077922,0.0,0.38095238095238093,-0.03348263364819448,0.023327647834840294,-0.056810281483034776
2022-02-17,pred_ridge,0.5064935064935064,1.0,0.7142857142857143,0.043591167861113035,0.00530584220806467,0.03828532565304837
2022-02-18,pred_ridge,0.45324675324675323,1.0,0.7142857142857143,0.055268971765831496,0.009432294111125894,0.0458366776547056
2022-02-22,pred_ridge,0.6298701298701298,1.0,0.7619047619047619,0.07918504544549329,0.006989022235146214,0.07219602321034707
2022-02-23,pred_ridge,0.6805194805194805,1.0,0.7619047619047619,0.08240630905411064,0.011349481708164721,0.07105682734594593
2022-02-24,pred_ridge,0.5532467532467533,1.0,0.8571428571428571,0.07687798224146332,0.0165065391679879,0.06037144307347542
2022-02-25,pred_ridge,0.33506493506493507,1.0,0.7619047619047619,0.05854626132227181,0.018649492617983165,0.03989676870428864
2022-02-28,pred_ridge,0.5064935064935064,1.0,0.8571428571428571,0.07056294667959606,-0.006241386780217883,0.07680433345981394
2022-03-01,pred_ridge,0.7610389610389611,1.0,0.8095238095238095,0.12524518321013128,-0.020015693043102932,0.14526087625323422
2022-03-02,pred_ridge,0.5805194805194805,1.0,0.8571428571428571,0.07734693527279317,0.006272041339015821,0.07107489393377735
2022-03-03,pred_ridge,0.612987012987013,1.0,0.7619047619047619,0.08149414833127518,0.011746325758966858,0.06974782257230831
2022-03-04,pred_ridge,0.7207792207792209,1.0,0.7619047619047619,0.11073106865599898,0.006551560824439373,0.1041795078315596
2022-03-07,pred_ridge,0.9246753246753248,1.0,0.7619047619047619,0.19637935435552434,-0.01274466419680469,0.20912401855232904
2022-03-08,pred_ridge,0.8467532467532467,1.0,0.7619047619047619,0.1593798651011767,-0.03345214308836693,0.1928320081895436
2022-03-09,pred_ridge,0.24155844155844156,1.0,0.8571428571428571,0.058195162730369975,0.025610219124808854,0.03258494360556112
2022-03-10,pred_ridge,0.36233766233766235,1.0,0.8095238095238095,0.0756098456625629,0.01093709792061004,0.06467274774195286
2022-03-11,pred_ridge,0.3701298701298701,1.0,0.8571428571428571,0.08239008816336688,0.015469460074219921,0.06692062808914695
2022-03-14,pred_ridge,0.20909090909090908,1.0,0.9047619047619048,0.06539008481837065,0.020311507267875895,0.045078577550494756
2022-03-15,pred_ridge,-0.13116883116883118,0.4,0.7142857142857143,0.01293134678653789,0.027273646024674702,-0.014342299238136812
2022-03-16,pred_ridge,-0.2636363636363636,0.4,0.5238095238095238,-0.02000889792176186,0.027227231985977606,-0.04723612990773947
2022-03-17,pred_ridge,-0.5701298701298702,0.2,0.42857142857142855,-0.05456451309819068,0.020005486975423637,-0.07457000007361432
2022-03-18,pred_ridge,-0.587012987012987,0.0,0.38095238095238093,-0.08274300268725279,0.024482277314669655,-0.10722528000192244
2022-03-21,pred_ridge,-0.5012987012987012,0.2,0.47619047619047616,-0.06023180587711217,0.020520752454095726,-0.0807525583312079
2022-03-22,pred_ridge,-0.7,0.0,0.38095238095238093,-0.08809381536210799,0.017519380594022648,-0.10561319595613064
2022-03-23,pred_ridge,-0.725974025974026,0.2,0.38095238095238093,-0.08920750708696434,0.013471110246049411,-0.10267861733301376
2022-03-24,pred_ridge,-0.7272727272727273,0.0,0.23809523809523808,-0.1396767526922219,-0.00721611220045415,-0.13246064049176776
2022-03-25,pred_ridge,-0.7909090909090909,0.0,0.19047619047619047,-0.13958154388899352,0.0008988064943947327,-0.14048035038338824
2022-03-28,pred_ridge,-0.6350649350649351,0.0,0.19047619047619047,-0.16257271519085464,-0.011529681208363706,-0.15104303398249094
2022-03-29,pred_ridge,-0.5402597402597402,0.0,0.14285714285714285,-0.18159889273667348,-0.014321255370241027,-0.16727763736643245
2022-03-30,pred_ridge,-0.6805194805194805,0.0,0.14285714285714285,-0.1203723007280729,-0.0051137021607894125,-0.11525859856728349
2022-03-31,pred_ridge,-0.6467532467532467,0.0,0.14285714285714285,-0.138281140184579,-0.011718777248703228,-0.12656236293587575
2022-04-01,pred_ridge,-0.5064935064935064,0.0,0.09523809523809523,-0.1128703737870036,-0.023603000244880046,-0.08926737354212355
2022-04-04,pred_ridge,-0.6363636363636362,0.2,0.09523809523809523,-0.12184238539781338,-0.020271670980697598,-0.10157071441711578
2022-04-05,pred_ridge,-0.5116883116883117,0.2,0.19047619047619047,-0.06400381686301919,-0.008765953334292597,-0.05523786352872659
2022-04-06,pred_ridge,-0.5675324675324676,0.0,0.14285714285714285,-0.11586286014156597,-0.02728939267731263,-0.08857346746425333
2022-04-07,pred_ridge,-0.6701298701298701,0.0,0.09523809523809523,-0.1200761657285077,-0.032026302199139337,-0.08804986352936836
2022-04-08,pred_ridge,-0.7155844155844155,0.0,0.047619047619047616,-0.15948147086343473,-0.038745590831277044,-0.12073588003215768
2022-04-11,pred_ridge,-0.5805194805194805,0.0,0.047619047619047616,-0.11509329045072517,-0.02393999953884094,-0.09115329091188423
2022-04-12,pred_ridge,-0.7233766233766233,0.0,0.047619047619047616,-0.13562905164012015,-0.022645867794083906,-0.11298318384603624
2022-04-13,pred_ridge,-0.7571428571428571,0.0,0.047619047619047616,-0.15904178860406795,-0.021543368475702863,-0.13749842012836508
2022-04-14,pred_ridge,-0.49610389610389616,0.0,0.09523809523809523,-0.09466972283960576,-0.025489748313602047,-0.06917997452600372
2022-04-18,pred_ridge,-0.6454545454545455,0.0,0.09523809523809523,-0.11111357732059077,-0.00750309906246589,-0.10361047825812487
2022-04-19,pred_ridge,-0.6038961038961038,0.0,0.14285714285714285,-0.10260054985617406,-0.010109417094453187,-0.09249113276172087
2022-04-20,pred_ridge,-0.5493506493506494,0.0,0.09523809523809523,-0.13412289878362957,-0.031644167421315636,-0.10247873136231393
2022-04-21,pred_ridge,-0.3064935064935065,0.2,0.14285714285714285,-0.102003351635086,-0.033445368258933406,-0.0685579833761526
2022-04-22,pred_ridge,-0.32857142857142857,0.2,0.19047619047619047,-0.07988257053346651,-0.02712022294739711,-0.052762347586069396
2022-04-25,pred_ridge,-0.2558441558441559,0.2,0.19047619047619047,-0.0698817888664075,-0.021223200024942823,-0.04865858884146468
2022-04-26,pred_ridge,-0.26883116883116887,0.2,0.19047619047619047,-0.05758434543406867,-0.018097526866365808,-0.039486818567702864
2022-04-27,pred_ridge,-0.2,0.2,0.23809523809523808,-0.037582079051081574,-0.018285228752568505,-0.01929685029851307
2022-04-28,pred_ridge,-0.39350649350649347,0.0,0.19047619047619047,-0.07569179239502961,-0.021252731170170968,-0.05443906122485864
2022-04-29,pred_ridge,0.15974025974025974,0.4,0.5714285714285714,0.0006228001800391514,-0.008386463757921247,0.009009263937960399
2022-05-02,pred_ridge,-0.17142857142857143,0.2,0.38095238095238093,-0.03699455306338384,-0.007939421552451465,-0.029055131510932374
2022-05-03,pred_ridge,-0.3974025974025974,0.0,0.2857142857142857,-0.05183863331620153,-0.009210425230687847,-0.04262820808551369
2022-05-04,pred_ridge,-0.38311688311688313,0.0,0.2857142857142857,-0.052774737728782384,-0.01625057780745336,-0.03652415992132903
2022-05-05,pred_ridge,-0.044155844155844164,0.0,0.3333333333333333,-0.027481958695684705,-0.013074231022794236,-0.01440772767289047
2022-05-06,pred_ridge,0.07662337662337662,0.4,0.6666666666666666,-0.005855666566335671,-0.009598758307742794,0.003743091741407123
2022-05-09,pred_ridge,0.587012987012987,0.8,0.8571428571428571,0.09853503429261327,-0.0004587673668006831,0.09899380165941396
2022-05-10,pred_ridge,0.4636363636363636,0.8,0.7619047619047619,0.03355070919048897,-0.006080158450718032,0.039630867641207004
2022-05-11,pred_ridge,0.5844155844155844,0.8,0.7142857142857143,0.029084539783151085,-0.014644456899015678,0.04372899668216676
2022-05-12,pred_ridge,0.12467532467532469,0.2,0.38095238095238093,-0.009755448816325151,-0.009259881614672682,-0.0004955672016524696
2022-05-13,pred_ridge,-0.7142857142857142,0.0,0.14285714285714285,-0.10937181653930281,-0.034723025096788616,-0.07464879144251418
2022-05-16,pred_ridge,-0.4636363636363636,0.0,0.14285714285714285,-0.09684757024771924,-0.04964247420085961,-0.04720509604685963
2022-05-17,pred_ridge,-0.5402597402597402,0.0,0.14285714285714285,-0.09712006295872395,-0.026169471775832575,-0.07095059118289138
2022-05-18,pred_ridge,-0.638961038961039,0.0,0.047619047619047616,-0.09189385718476095,-0.02239566503918373,-0.06949819214557722
2022-05-19,pred_ridge,-0.512987012987013,0.0,0.047619047619047616,-0.07793496095166033,-0.015487919179455533,-0.062447041772204795
2022-05-20,pred_ridge,0.12727272727272726,0.2,0.09523809523809523,-0.05167136480601646,-0.0399148543260683,-0.011756510479948162
2022-05-23,pred_ridge,-0.3948051948051948,0.0,0.047619047619047616,-0.08653664745750256,-0.027681219312127924,-0.05885542814537463
2022-05-24,pred_ridge,0.016883116883116882,0.2,0.09523809523809523,-0.04810444530038989,-0.034215937354431826,-0.013888507945958063
2022-05-25,pred_ridge,0.1974025974025974,0.6,0.2857142857142857,-0.018391458034272425,-0.02946300375274593,0.011071545718473505
2022-05-26,pred_ridge,-0.14155844155844155,0.0,0.047619047619047616,-0.05763011539391465,-0.03284190049633717,-0.024788214897577474
2022-05-27,pred_ridge,-0.551948051948052,0.0,0.047619047619047616,-0.12567808913060804,-0.0434459968862186,-0.08223209224438945
2022-05-31,pred_ridge,-0.696103896103896,0.0,0.047619047619047616,-0.12004894350759791,-0.023362590054776387,-0.09668635345282153
2022-06-01,pred_ridge,-0.6402597402597403,0.0,0.047619047619047616,-0.12256353611753898,-0.026691149633480894,-0.09587238648405809
2022-06-02,pred_ridge,-0.7194805194805195,0.0,0.047619047619047616,-0.16689479338730379,-0.02643657297071931,-0.14045822041658448
2022-06-03,pred_ridge,-0.4701298701298702,0.0,0.09523809523809523,-0.12786494251410926,-0.03288108465629987,-0.0949838578578094
2022-06-06,pred_ridge,-0.35844155844155845,0.0,0.14285714285714285,-0.1275740848405963,-0.034163745351116305,-0.09341033948948
2022-06-07,pred_ridge,-0.3922077922077922,0.0,0.047619047619047616,-0.11198577487311298,-0.03533702022762499,-0.07664875464548798
2022-06-08,pred_ridge,-0.34025974025974026,0.0,0.14285714285714285,-0.10634523779884879,-0.024070222766393347,-0.08227501503245543
2022-06-09,pred_ridge,-0.38311688311688313,0.0,0.19047619047619047,-0.09991715723481628,-0.01908771007796999,-0.0808294471568463
2022-06-10,pred_ridge,-0.3506493506493506,0.2,0.2857142857142857,-0.07056486461302891,-0.01885626402442029,-0.05170860058860862
2022-06-13,pred_ridge,-0.03766233766233767,0.4,0.5238095238095238,-0.009511218850203163,-0.021436931959306092,0.011925713109102929
2022-06-14,pred_ridge,-0.03896103896103896,0.4,0.5238095238095238,-0.010708783019148859,-0.02692188930329862,0.01621310628414976
2022-06-15,pred_ridge,-0.0961038961038961,0.4,0.5714285714285714,-0.015752367496059683,-0.031804838941652244,0.01605247144559256
2022-06-16,pred_ridge,0.27662337662337666,0.8,0.7619047619047619,0.01279945364746471,-0.015532614875218353,0.028332068522683062
2022-06-17,pred_ridge,0.5285714285714286,0.8,0.8095238095238095,0.05590927145519962,-0.018966106249984672,0.07487537770518429
2022-06-21,pred_ridge,0.6103896103896104,0.8,0.8095238095238095,0.06293357004789209,-0.025654170978401013,0.0885877410262931
2022-06-22,pred_ridge,0.7337662337662337,0.8,0.8571428571428571,0.09366870764925053,-0.013480860666884587,0.10714956831613512
2022-06-23,pred_ridge,0.6584415584415585,1.0,0.8571428571428571,0.06024668309628689,-0.007071435513663804,0.0673181186099507
2022-06-24,pred_ridge,0.1012987012987013,0.6,0.7142857142857143,0.013791107723475604,-0.0049417772520494955,0.0187328849755251
2022-06-27,pred_ridge,-0.26233766233766237,0.4,0.6190476190476191,-0.010150555933192317,0.0044815388814552605,-0.014632094814647577
2022-06-28,pred_ridge,0.7324675324675325,0.8,0.8095238095238095,0.07037738895296095,0.0027998945494757343,0.0675774944034852
2022-06-29,pred_ridge,0.5727272727272726,0.8,0.8095238095238095,0.08300487354350508,0.003297797816244441,0.07970707572726064
2022-06-30,pred_ridge,0.6584415584415585,0.8,0.8095238095238095,0.12281805700271256,0.013610228907160793,0.10920782809555177
2022-07-01,pred_ridge,0.6051948051948052,0.8,0.8095238095238095,0.1460047936569306,0.009855308348435666,0.1361494853084949
2022-07-05,pred_ridge,0.551948051948052,0.8,0.8095238095238095,0.13863660071342643,0.011492896100003458,0.12714370461342298
2022-07-06,pred_ridge,0.5831168831168831,0.8,0.9047619047619048,0.16173243492067885,0.025007194314664603,0.13672524060601424
2022-07-07,pred_ridge,0.49610389610389616,0.8,0.8571428571428571,0.12338223602982394,0.021877800186977447,0.10150443584284649
2022-07-08,pred_ridge,0.49610389610389616,0.8,0.8095238095238095,0.11478131086494751,0.02131706863554872,0.0934642422293988
2022-07-11,pred_ridge,0.6194805194805195,1.0,0.9047619047619048,0.13642643574008545,0.021149685066125135,0.11527675067396032
2022-07-12,pred_ridge,0.6948051948051948,1.0,0.9523809523809523,0.12224697035320138,0.023640885529087764,0.09860608482411362
2022-07-13,pred_ridge,0.7818181818181819,1.0,0.9523809523809523,0.15781793550653034,0.02242224140129876,0.13539569410523158
2022-07-14,pred_ridge,0.8467532467532467,1.0,0.9047619047619048,0.1615310832734576,0.026172506972242337,0.13535857630121528
2022-07-15,pred_ridge,0.7974025974025974,1.0,0.9047619047619048,0.15557276529168487,0.030117204361350413,0.12545556093033447
2022-07-18,pred_ridge,0.7454545454545455,1.0,0.9523809523809523,0.1463625179480156,0.03895144229068914,0.10741107565732647
2022-07-19,pred_ridge,0.5688311688311689,1.0,0.9523809523809523,0.09222000288744811,0.024664207444745467,0.06755579544270264
2022-07-20,pred_ridge,0.3116883116883117,0.8,0.9047619047619048,0.04873307339895285,0.02211123927846399,0.026621834120488862
2022-07-21,pred_ridge,0.37142857142857144,0.8,0.9047619047619048,0.047405697434256024,0.01649899718360881,0.030906700250647214
2022-07-22,pred_ridge,0.4077922077922078,0.8,0.8571428571428571,0.05281639855380878,-0.0007480415873245327,0.05356444014113331
2022-07-25,pred_ridge,0.16623376623376623,0.6,0.7619047619047619,0.019370202752451805,0.003943773437466658,0.015426429314985148
2022-07-26,pred_ridge,0.4246753246753247,1.0,0.8571428571428571,0.056181506019416405,0.0023574749782638406,0.05382403104115256
2022-07-27,pred_ridge,-0.023376623376623374,0.4,0.6666666666666666,0.007294558825928665,0.012784181144731788,-0.005489622318803122
2022-07-28,pred_ridge,0.35194805194805195,0.8,0.6666666666666666,0.04143091779781836,0.003606755985431187,0.03782416181238717
2022-07-29,pred_ridge,-0.014285714285714285,0.4,0.38095238095238093,-0.020004195045277794,-0.007653404647607598,-0.012350790397670196
2022-08-01,pred_ridge,-0.08961038961038961,0.2,0.3333333333333333,-0.02627620424745305,-0.016616427360599272,-0.009659776886853776
2022-08-02,pred_ridge,-0.3207792207792208,0.2,0.2857142857142857,-0.05820110963129073,-0.0021492027061495557,-0.05605190692514117
2022-08-03,pred_ridge,-0.33506493506493507,0.2,0.19047619047619047,-0.07707692907408084,-0.02339303134379154,-0.0536838977302893
2022-08-04,pred_ridge,-0.3103896103896104,0.2,0.19047619047619047,-0.09760055351217896,-0.013817852221973936,-0.08378270129020503
2022-08-05,pred_ridge,-0.34935064935064936,0.2,0.19047619047619047,-0.10023338840068194,-0.012543047335374546,-0.08769034106530739
2022-08-08,pred_ridge,-0.33246753246753247,0.2,0.19047619047619047,-0.10156023960656353,-0.01592479637183526,-0.08563544323472827
2022-08-09,pred_ridge,-0.45454545454545453,0.2,0.19047619047619047,-0.07482182113251978,-0.006263660480084266,-0.06855816065243552
2022-08-10,pred_ridge,-0.43636363636363634,0.2,0.14285714285714285,-0.0997254296341483,-0.010032050243600854,-0.08969337939054745
2022-08-11,pred_ridge,-0.45584415584415583,0.2,0.19047619047619047,-0.07431583048451859,-0.006827949472799122,-0.06748788101171947
2022-08-12,pred_ridge,-0.5272727272727272,0.2,0.19047619047619047,-0.08682433730776998,-0.013732483419674878,-0.0730918538880951
2022-08-15,pred_ridge,-0.5974025974025974,0.2,0.14285714285714285,-0.14444014072731126,-0.02882459123791483,-0.11561554948939642
2022-08-16,pred_ridge,-0.612987012987013,0.2,0.14285714285714285,-0.13081183084414325,-0.026254883379915682,-0.10455694746422756
2022-08-17,pred_ridge,-0.5649350649350648,0.2,0.14285714285714285,-0.13640993820577643,-0.03381809619625766,-0.10259184200951876
2022-08-18,pred_ridge,-0.5857142857142857,0.0,0.09523809523809523,-0.15223770061314912,-0.0494244188095069,-0.10281328180364221
2022-08-19,pred_ridge,-0.6688311688311688,0.0,0.09523809523809523,-0.12278185157415274,-0.03031948948566856,-0.09246236208848418
2022-08-22,pred_ridge,-0.6844155844155844,0.0,0.09523809523809523,-0.1078313701398627,-0.019019446993471533,-0.08881192314639116
2022-08-23,pred_ridge,-0.7597402597402596,0.0,0.09523809523809523,-0.13630230308114522,-0.03311532912197732,-0.1031869739591679
2022-08-24,pred_ridge,-0.8025974025974025,0.0,0.09523809523809523,-0.1524947937730722,-0.03662049705125199,-0.11587429672182022
2022-08-25,pred_ridge,-0.7909090909090909,0.0,0.047619047619047616,-0.1915758397664557,-0.05019018044351893,-0.14138565932293679
2022-08-26,pred_ridge,-0.8818181818181818,0.0,0.047619047619047616,-0.15604788549103957,-0.03354044481852263,-0.12250744067251694
2022-08-29,pred_ridge,-0.8,0.0,0.047619047619047616,-0.14167526000501315,-0.036011117643173815,-0.10566414236183934
2022-08-30,pred_ridge,-0.7805194805194805,0.0,0.047619047619047616,-0.10640112810454302,-0.02372419069001226,-0.08267693741453076
2022-08-31,pred_ridge,-0.7194805194805195,0.0,0.047619047619047616,-0.13228115268190194,-0.024146109414633445,-0.1081350432672685
2022-09-01,pred_ridge,-0.6636363636363637,0.0,0.047619047619047616,-0.12055033241027471,-0.04281744474749074,-0.07773288766278397
2022-09-02,pred_ridge,-0.6168831168831169,0.0,0.047619047619047616,-0.08515967681657566,-0.018027885850455783,-0.06713179096611988
2022-09-06,pred_ridge,-0.11428571428571428,0.0,0.19047619047619047,-0.040008325706802794,-0.01153845875044308,-0.028469866956359714
2022-09-07,pred_ridge,-0.22857142857142856,0.2,0.14285714285714285,-0.03489955699350804,-0.015779164473284868,-0.01912039252022317
2022-09-08,pred_ridge,-0.2896103896103896,0.2,0.14285714285714285,-0.04632972752451545,-0.01636597802170865,-0.029963749502806804
2022-09-09,pred_ridge,-0.5987012987012986,0.2,0.09523809523809523,-0.11864344809463367,-0.037961216501854134,-0.08068223159277954
2022-09-12,pred_ridge,-0.6116883116883116,0.0,0.047619047619047616,-0.14431186294757978,-0.04586771873935329,-0.09844414420822649
2022-09-13,pred_ridge,-0.5571428571428572,0.2,0.09523809523809523,-0.10627486258275436,-0.039157571695160855,-0.0671172908875935
2022-09-14,pred_ridge,-0.5402597402597402,0.0,0.047619047619047616,-0.1139140515565474,-0.050890849932620184,-0.06302320162392722
2022-09-15,pred_ridge,-0.4454545454545455,0.2,0.09523809523809523,-0.06535095068326564,-0.010894288819114051,-0.054456661864151594
2022-09-16,pred_ridge,-0.5311688311688313,0.2,0.09523809523809523,-0.10058609454751799,-0.018696622323244094,-0.0818894722242739
2022-09-19,pred_ridge,-0.43766233766233764,0.2,0.09523809523809523,-0.07104973897089958,-0.014556576336938498,-0.056493162633961085
2022-09-20,pred_ridge,-0.32857142857142857,0.2,0.14285714285714285,-0.05438145499292975,-0.01608564221784061,-0.03829581277508914
2022-09-21,pred_ridge,-0.15584415584415584,0.2,0.19047619047619047,-0.02419245753749526,-0.021676059689274375,-0.002516397848220886
2022-09-22,pred_ridge,0.014285714285714285,0.2,0.14285714285714285,-0.004148542260729649,-0.015232717932434747,0.0110841756717051
2022-09-23,pred_ridge,0.34675324675324676,0.6,0.47619047619047616,0.04656180755492543,-0.0016752718255804932,0.04823707938050592
2022-09-26,pred_ridge,0.35844155844155845,0.8,0.6666666666666666,0.07822197660287748,0.009703790608327333,0.06851818599455015
2022-09-27,pred_ridge,0.5363636363636364,1.0,0.7142857142857143,0.10620593198739359,0.0038456260598362492,0.10236030592755734
2022-09-28,pred_ridge,0.22467532467532467,0.6,0.5238095238095238,0.041332106896572095,-0.004376439629142826,0.04570854652571492
2022-09-29,pred_ridge,0.33246753246753247,0.8,0.6190476190476191,0.026793442591729822,0.002051846214615827,0.024741596377113994
2022-09-30,pred_ridge,0.4766233766233766,0.8,0.6666666666666666,0.06010204443639751,0.00910979644532588,0.05099224799107163
2022-10-03,pred_ridge,0.3532467532467533,0.8,0.6190476190476191,0.008833989155899525,-0.0002193332629945921,0.009053322418894116
2022-10-04,pred_ridge,0.0038961038961038965,0.6,0.5238095238095238,-0.041779556036617024,-0.0007293129921883245,-0.0410502430444287
2022-10-05,pred_ridge,-0.10259740259740259,0.4,0.42857142857142855,-0.06270634760451974,-0.00825138911260299,-0.05445495849191674
2022-10-06,pred_ridge,0.01818181818181818,0.6,0.5238095238095238,-0.06887423088957836,-0.007395133712713653,-0.061479097176864714
2022-10-07,pred_ridge,0.187012987012987,0.4,0.6190476190476191,-0.02720299798623769,0.005040976869012881,-0.032243974855250566
2022-10-10,pred_ridge,0.3337662337662338,0.6,0.7142857142857143,0.019201313715995184,0.007596129721269463,0.011605183994725722
2022-10-11,pred_ridge,0.24805194805194808,0.8,0.7619047619047619,0.06323377061637707,0.012103595494462938,0.05113017512191413
2022-10-12,pred_ridge,0.2636363636363636,0.6,0.7142857142857143,0.05790034501219865,0.010887534049784264,0.047012810962414386
2022-10-13,pred_ridge,0.32857142857142857,0.8,0.8095238095238095,0.15380775051076273,0.021278478772691824,0.13252927173807091
2022-10-14,pred_ridge,0.47792207792207797,0.8,0.8571428571428571,0.20948987971823985,0.02272712133010484,0.186762758388135
2022-10-17,pred_ridge,0.2558441558441559,0.8,0.8571428571428571,0.15552270487823977,0.021068497340443915,0.13445420753779586
2022-10-18,pred_ridge,0.26233766233766237,0.8,0.9047619047619048,0.1713551511402451,0.02391183767036169,0.1474433134698834
2022-10-19,pred_ridge,0.2532467532467532,0.8,0.9047619047619048,0.12708318591063159,0.0293532829335462,0.09772990297708539
2022-10-20,pred_ridge,0.24935064935064938,0.8,0.8571428571428571,0.1190016929280316,0.030178140816981048,0.08882355211105056
2022-10-21,pred_ridge,0.3311688311688311,0.8,0.8095238095238095,0.10133909526062576,0.025086462496606333,0.07625263276401943
2022-10-24,pred_ridge,0.3181818181818181,0.8,0.8095238095238095,0.09242661263432497,0.023554082106065334,0.06887253052825965
2022-10-25,pred_ridge,0.23896103896103899,0.6,0.8571428571428571,0.059356244565222524,0.02341578793228345,0.03594045663293907
2022-10-26,pred_ridge,0.34025974025974026,0.8,0.9047619047619048,0.10183219768722025,0.021584890744169426,0.08024730694305082
2022-10-27,pred_ridge,0.5961038961038961,1.0,0.9523809523809523,0.1539343598066698,0.022501631611588625,0.13143272819508117
2022-10-28,pred_ridge,0.38311688311688313,1.0,0.9047619047619048,0.10664201060426585,0.01336787612997543,0.09327413447429042
2022-10-31,pred_ridge,0.5298701298701299,1.0,0.8571428571428571,0.13290270706025584,0.010606350296418765,0.12229635676383707
2022-11-01,pred_ridge,0.5987012987012986,1.0,0.9047619047619048,0.1922424328066951,0.020066727152860665,0.17217570565383442
2022-11-02,pred_ridge,0.6155844155844156,1.0,0.9047619047619048,0.25328366431081667,0.02581845499178017,0.2274652093190365
2022-11-03,pred_ridge,0.6532467532467533,1.0,0.9047619047619048,0.2680545244283307,0.04945384813167859,0.21860067629665214
2022-11-04,pred_ridge,0.612987012987013,1.0,0.8571428571428571,0.20477436131448087,0.03564188503143897,0.1691324762830419
2022-11-07,pred_ridge,0.6090909090909091,1.0,0.8571428571428571,0.13126491931521417,0.026433033855583578,0.1048318854596306
2022-11-08,pred_ridge,0.43636363636363634,1.0,0.8095238095238095,0.11817239262941351,0.017550398168436933,0.10062199446097658
2022-11-09,pred_ridge,0.5441558441558442,1.0,0.8571428571428571,0.1612307231292172,0.020417178298256268,0.14081354483096095
2022-11-10,pred_ridge,0.15194805194805194,0.8,0.5714285714285714,0.03838473054731908,0.006072827992512786,0.032311902554806295
2022-11-11,pred_ridge,0.044155844155844164,0.8,0.6666666666666666,0.03277703190302781,0.013907092836223045,0.018869939066804765
2022-11-14,pred_ridge,0.425974025974026,1.0,0.7619047619047619,0.06528750129654318,0.012356905200356238,0.05293059609618694
2022-11-15,pred_ridge,0.1909090909090909,0.8,0.7142857142857143,0.03722450522621734,0.004923641602780493,0.03230086362343685
2022-11-16,pred_ridge,-0.007792207792207793,0.8,0.6190476190476191,0.021686338203763932,0.004101084877539529,0.017585253326224404
2022-11-17,pred_ridge,-0.14415584415584418,0.6,0.5238095238095238,0.0059523728764588665,0.011143879058789797,-0.00519150618233093
2022-11-18,pred_ridge,-0.27792207792207796,0.4,0.47619047619047616,-0.009447410132413037,0.011914211094097182,-0.021361621226510218
2022-11-21,pred_ridge,-0.18181818181818182,0.4,0.42857142857142855,0.006585646841278292,0.003896886970354685,0.0026887598709236073
2022-11-22,pred_ridge,-0.28181818181818186,0.4,0.47619047619047616,0.002343358733428591,0.017428653017689876,-0.015085294284261285
2022-11-23,pred_ridge,-0.6077922077922078,0.2,0.38095238095238093,-0.04411360897849237,0.008628237958739526,-0.0527418469372319
2022-11-25,pred_ridge,-0.5714285714285714,0.2,0.2857142857142857,-0.030403939328392027,0.008160961471929396,-0.03856490080032142
2022-11-28,pred_ridge,-0.3987012987012987,0.2,0.38095238095238093,-0.027432634786994183,0.007846270274804602,-0.03527890506179879
2022-11-29,pred_ridge,-0.5441558441558442,0.2,0.23809523809523808,-0.03869376984474249,0.006672365879233077,-0.04536613572397556
2022-11-30,pred_ridge,-0.574025974025974,0.2,0.19047619047619047,-0.060785007227670905,-0.001458031573221108,-0.0593269756544498
2022-12-01,pred_ridge,-0.503896103896104,0.0,0.09523809523809523,-0.06794745680994103,-0.013773460036964068,-0.05417399677297696
2022-12-02,pred_ridge,-0.525974025974026,0.2,0.23809523809523808,-0.0701353085627728,-0.022978240293075648,-0.04715706826969715
2022-12-05,pred_ridge,-0.4077922077922078,0.2,0.3333333333333333,-0.04658927303544704,-0.009318041254313302,-0.03727123178113374
2022-12-06,pred_ridge,-0.3246753246753247,0.4,0.38095238095238093,-0.023533406414054235,-0.009897380437997238,-0.013636025976056997
2022-12-07,pred_ridge,-0.06103896103896104,0.4,0.5238095238095238,0.0027126783671218126,-0.0050398818995803785,0.007752560266702191
2022-12-08,pred_ridge,0.04675324675324675,0.6,0.5238095238095238,0.002979032625274969,-0.015458873761382264,0.018437906386657234
2022-12-09,pred_ridge,0.17922077922077922,0.6,0.5238095238095238,0.029827288323686085,0.004232299152303898,0.025594989171382188
2022-12-12,pred_ridge,0.22467532467532467,0.6,0.5714285714285714,0.022210672687701515,-0.011651674914147559,0.03386234760184907
2022-12-13,pred_ridge,0.16883116883116883,0.6,0.5714285714285714,0.013603493693013613,-0.00011050586314802491,0.013713999556161639
2022-12-14,pred_ridge,0.18961038961038962,0.6,0.5714285714285714,0.028303041650138416,0.007347275452777069,0.020955766197361347
2022-12-15,pred_ridge,0.5272727272727272,0.8,0.7619047619047619,0.07272873284572161,-0.011608232175671284,0.08433696502139289
2022-12-16,pred_ridge,0.46753246753246747,0.8,0.7142857142857143,0.06433196576163402,0.0064442098241910715,0.057887755937442956
2022-12-19,pred_ridge,0.42727272727272725,0.8,0.7142857142857143,0.07335263600789328,0.0065497081833700175,0.06680292782452327
2022-12-20,pred_ridge,0.6051948051948052,0.8,0.7142857142857143,0.10251233776834992,0.008114531472302655,0.09439780629604727
2022-12-21,pred_ridge,0.6220779220779221,0.8,0.7142857142857143,0.11444897202463741,0.0032306663344164655,0.11121830569022095
2022-12-22,pred_ridge,0.6246753246753247,1.0,0.7619047619047619,0.15608973405443455,0.006855392120836435,0.1492343419335981
2022-12-23,pred_ridge,0.5701298701298702,1.0,0.7619047619047619,0.15792518526137433,0.005831823504049783,0.15209336175732455
2022-12-27,pred_ridge,0.6857142857142857,1.0,0.7619047619047619,0.21904061539859088,0.005728002414254729,0.21331261298433615
2022-12-28,pred_ridge,0.7493506493506493,1.0,0.7619047619047619,0.24315912816646965,0.006937677732970271,0.23622145043349937
2022-12-29,pred_ridge,0.6831168831168831,1.0,0.7619047619047619,0.1621537678050279,0.007269848268034407,0.15488391953699351
2022-12-30,pred_ridge,0.7363636363636364,1.0,0.8095238095238095,0.1847936038883967,0.014642581856203752,0.17015102203219293
2023-01-03,pred_ridge,0.7948051948051948,1.0,0.8571428571428571,0.22358628773412134,0.014955253334561913,0.20863103439955943
2023-01-04,pred_ridge,0.8272727272727272,1.0,0.8095238095238095,0.3004354273217831,0.010445972663248804,0.28998945465853426
2023-01-05,pred_ridge,0.8220779220779221,1.0,0.8095238095238095,0.2966769010303608,0.007390496769715438,0.2892864042606454
2023-01-06,pred_ridge,0.7415584415584415,1.0,0.8095238095238095,0.24692921198266293,-0.00010321290672568039,0.24703242488938862
2023-01-09,pred_ridge,0.7506493506493507,1.0,0.7619047619047619,0.2634079863121965,0.0005176780396391578,0.2628903082725573
2023-01-10,pred_ridge,0.6766233766233766,1.0,0.7142857142857143,0.22096830552709568,0.006049040268959094,0.2149192652581366
2023-01-11,pred_ridge,0.587012987012987,1.0,0.5714285714285714,0.19445921161665064,0.003430042118788701,0.19102916949786194
2023-01-12,pred_ridge,0.45194805194805193,1.0,0.6190476190476191,0.14937685282807758,-0.00012306663234427085,0.14949991946042185
2023-01-13,pred_ridge,0.5272727272727272,1.0,0.6666666666666666,0.16660196699379498,-0.001250192067010114,0.16785215906080508
2023-01-17,pred_ridge,0.587012987012987,1.0,0.6190476190476191,0.17541417917589083,0.00018913879563111635,0.1752250403802597
2023-01-18,pred_ridge,0.6909090909090909,1.0,0.6666666666666666,0.18779950430751158,-0.0020180968806972955,0.18981760118820887
2023-01-19,pred_ridge,0.7246753246753247,1.0,0.6666666666666666,0.1715839033210266,-0.013825385903615905,0.1854092892246425
2023-01-20,pred_ridge,0.5142857142857142,1.0,0.6666666666666666,0.11772863125934845,-0.009978978699793094,0.12770760995914154
2023-01-23,pred_ridge,0.2532467532467532,0.6,0.42857142857142855,0.03659978138861377,-0.01651067396030157,0.05311045534891534
2023-01-24,pred_ridge,0.1935064935064935,0.6,0.38095238095238093,0.034695182278023394,-0.022858911977333075,0.05755409425535647
2023-01-25,pred_ridge,0.3181818181818181,0.6,0.42857142857142855,0.08202642767648582,-0.023770391674187506,0.10579681935067334
2023-01-26,pred_ridge,0.21038961038961035,0.6,0.23809523809523808,0.04263910445008949,-0.02326755950628201,0.0659066639563715
2023-01-27,pred_ridge,0.14675324675324675,0.6,0.2857142857142857,0.03235054338239172,-0.02143619473256142,0.05378673811495314
2023-01-30,pred_ridge,0.08051948051948052,0.6,0.38095238095238093,0.06443798666948178,-0.01134274779648392,0.0757807344659657
2023-01-31,pred_ridge,-0.04935064935064935,0.4,0.19047619047619047,0.040747093686652816,-0.019272088938841338,0.060019182625494154
2023-02-01,pred_ridge,0.06103896103896104,0.4,0.19047619047619047,0.02948772106630586,-0.015616348599534558,0.04510406966584042
2023-02-02,pred_ridge,-0.22857142857142856,0.4,0.23809523809523808,-0.006619431096740102,-0.008392233791779845,0.0017728026950397432
2023-02-03,pred_ridge,-0.06493506493506493,0.4,0.23809523809523808,0.007120002468646991,-0.007375948681302158,0.01449595114994915
2023-02-06,pred_ridge,-0.10909090909090909,0.4,0.19047619047619047,0.002201243987393231,-0.0092798294799737,0.011481073467366931
2023-02-07,pred_ridge,-0.32987012987012987,0.2,0.14285714285714285,-0.023966801116802806,-0.02010674009595732,-0.0038600610208454865
2023-02-08,pred_ridge,-0.174025974025974,0.2,0.09523809523809523,-0.02743837730043388,-0.022330278661271553,-0.005108098639162326
2023-02-09,pred_ridge,-0.09090909090909091,0.6,0.2857142857142857,-0.018665273523427596,-0.02284237090529593,0.004177097381868333
2023-02-10,pred_ridge,0.11168831168831168,0.4,0.2857142857142857,-0.01895211520729343,-0.03104139300675086,0.01208927779945743
2023-02-13,pred_ridge,0.05324675324675325,0.6,0.23809523809523808,0.004569083913711069,-0.032369570341315844,0.03693865425502691
2023-02-14,pred_ridge,0.10519480519480517,0.6,0.2857142857142857,-0.013165261521401494,-0.04143875307191549,0.028273491550513993
2023-02-15,pred_ridge,0.1922077922077922,0.6,0.3333333333333333,0.02369443542116101,-0.03611366488441607,0.05980810030557708
2023-02-16,pred_ridge,0.22077922077922077,0.6,0.38095238095238093,0.042764757520038034,-0.012792924371700876,0.05555768189173891
2023-02-17,pred_ridge,0.2857142857142857,0.6,0.3333333333333333,0.06618454262808364,-0.012488339820335459,0.07867288244841909
2023-02-21,pred_ridge,0.40649350649350646,0.8,0.42857142857142855,0.10255832709454982,-0.009259099467788223,0.11181742656233803
2023-02-22,pred_ridge,0.3675324675324675,0.8,0.38095238095238093,0.10074042416774771,-0.013570118315340851,0.11431054248308857
2023-02-23,pred_ridge,0.4090909090909091,0.8,0.38095238095238093,0.07843862543666422,-0.015902734964708932,0.09434136040137314
2023-02-24,pred_ridge,0.487012987012987,0.8,0.5238095238095238,0.09236325344813986,-0.023103454537470668,0.11546670798561054
2023-02-27,pred_ridge,0.3987012987012987,0.8,0.5714285714285714,0.07918767438625977,0.002260340887248735,0.07692733349901104
2023-02-28,pred_ridge,0.38311688311688313,0.8,0.7142857142857143,0.07985420860062922,0.005700751369348556,0.07415345723128067
2023-03-01,pred_ridge,0.44285714285714284,0.8,0.6190476190476191,0.11074329023576537,0.010212621319959769,0.1005306689158056
2023-03-02,pred_ridge,0.4246753246753247,0.8,0.7142857142857143,0.10927484571858889,0.011684892773572675,0.09758995294501621
2023-03-03,pred_ridge,0.4116883116883117,0.8,0.6666666666666666,0.09268022814767676,0.012097889348278823,0.08058233879939794
2023-03-06,pred_ridge,0.4402597402597402,1.0,0.7619047619047619,0.10910080623760195,0.016415898927045112,0.09268490731055684
2023-03-07,pred_ridge,0.4116883116883117,1.0,0.7619047619047619,0.11434124738008884,0.034288747985651666,0.08005249939443718
2023-03-08,pred_ridge,0.46623376623376617,1.0,0.7619047619047619,0.09491487341628715,0.033962626612505445,0.06095224680378171
2023-03-09,pred_ridge,0.36883116883116884,1.0,0.7619047619047619,0.12224420253980495,0.040254334382849734,0.08198986815695522
2023-03-10,pred_ridge,0.5753246753246753,1.0,0.9047619047619048,0.1392774554819569,0.029784166126553813,0.1094932893554031
2023-03-13,pred_ridge,0.6064935064935064,1.0,0.9523809523809523,0.12985460395288856,0.03146674351246999,0.09838786044041857
2023-03-14,pred_ridge,0.44155844155844154,1.0,0.9047619047619048,0.08320013994549376,0.031479432708850674,0.051720707236643085
2023-03-15,pred_ridge,0.548051948051948,1.0,0.9523809523809523,0.10650166554325953,0.032487278292441316,0.07401438725081821
2023-03-16,pred_ridge,0.2636363636363636,0.8,0.9047619047619048,0.061408745710879176,0.024159485145945035,0.03724926056493414
2023-03-17,pred_ridge,0.36883116883116884,1.0,0.8571428571428571,0.06955716018638643,0.007175851332902461,0.06238130885348397
2023-03-20,pred_ridge,0.44285714285714284,0.8,0.8571428571428571,0.06982493127082301,0.02426322306713924,0.04556170820368377
2023-03-21,pred_ridge,0.26103896103896107,0.8,0.8571428571428571,0.04255982602569004,0.030085854172316552,0.01247397185337349
2023-03-22,pred_ridge,0.3103896103896104,0.8,0.8095238095238095,0.04682087138990396,0.026615781560618702,0.02020508982928526
2023-03-23,pred_ridge,0.2857142857142857,0.8,0.7142857142857143,0.05565170113104127,0.0238259149978558,0.03182578613318547
2023-03-24,pred_ridge,0.22337662337662337,0.8,0.8095238095238095,0.03774142343446037,0.01966792797916821,0.018073495455292157
2023-03-27,pred_ridge,-0.21428571428571425,0.6,0.7142857142857143,0.010735046736030807,0.024219891327069077,-0.01348484459103827
2023-03-28,pred_ridge,0.006493506493506493,0.8,0.7619047619047619,0.015056943740602314,0.023648810504661676,-0.008591866764059363
2023-03-29,pred_ridge,0.006493506493506493,0.8,0.7619047619047619,0.0348689539687518,0.018636232081164206,0.016232721887587596
2023-03-30,pred_ridge,0.21428571428571425,1.0,0.8571428571428571,0.05444238261425083,0.010186621136460582,0.04425576147779024
2023-03-31,pred_ridge,0.16233766233766234,0.8,0.6666666666666666,0.033833465462421164,0.0169224669505198,0.016910998511901365
2023-04-03,pred_ridge,-0.1753246753246753,0.6,0.5714285714285714,0.013090181128264721,0.011545646878877446,0.001544534249387275
2023-04-04,pred_ridge,-0.17142857142857143,0.6,0.6190476190476191,0.010856015053303181,0.00660394316464723,0.004252071888655951
2023-04-05,pred_ridge,-0.04025974025974026,0.6,0.42857142857142855,0.0321104473323496,0.007128697459068634,0.024981749873280966
2023-04-06,pred_ridge,0.045454545454545456,0.8,0.6666666666666666,0.028870262208882225,0.012931212961441707,0.015939049247440516
2023-04-10,pred_ridge,0.07142857142857142,0.8,0.5714285714285714,0.042524100070366465,0.01083867539728034,0.031685424673086125
2023-04-11,pred_ridge,0.10259740259740259,0.6,0.47619047619047616,0.04067502939158614,0.004914218418850935,0.0357608109727352
2023-04-12,pred_ridge,0.17922077922077922,0.8,0.5714285714285714,0.0559238719978298,0.0066967416252291965,0.049227130372600604
2023-04-13,pred_ridge,0.14285714285714285,0.6,0.3333333333333333,0.03425792990080505,-0.0027066087135272808,0.036964538614332326
2023-04-14,pred_ridge,0.174025974025974,0.6,0.47619047619047616,0.0295697746630313,0.001119347351617095,0.028450427311414204
2023-04-17,pred_ridge,0.3181818181818181,0.8,0.47619047619047616,0.03595526125853532,0.001024635436879051,0.03493062582165627
2023-04-18,pred_ridge,0.2636363636363636,1.0,0.38095238095238093,0.05510568885803617,-0.0034603663497944524,0.05856605520783062
2023-04-19,pred_ridge,0.36233766233766235,1.0,0.47619047619047616,0.08257961276450976,-0.003618706028480445,0.0861983187929902
2023-04-20,pred_ridge,0.33506493506493507,0.8,0.3333333333333333,0.09383851965182677,-0.009729451064998474,0.10356797071682525
2023-04-21,pred_ridge,0.33506493506493507,0.8,0.38095238095238093,0.09146310091449264,-0.005635111037310003,0.09709821195180264
2023-04-24,pred_ridge,0.40389610389610386,0.8,0.42857142857142855,0.09965228493048661,-0.011791250499839312,0.11144353543032592
2023-04-25,pred_ridge,0.4636363636363636,0.8,0.42857142857142855,0.11610636407095742,-0.013943642014080848,0.13005000608503828
2023-04-26,pred_ridge,0.37272727272727274,0.8,0.42857142857142855,0.08992977514047644,-0.011294342832872672,0.10122411797334911
2023-04-27,pred_ridge,0.30129870129870134,0.8,0.38095238095238093,0.11966105959516211,-0.018554828562994306,0.1382158881581564
2023-04-28,pred_ridge,0.32597402597402597,0.8,0.38095238095238093,0.13278088641538516,-0.02121123282477293,0.1539921192401581
2023-05-01,pred_ridge,0.39090909090909093,0.8,0.38095238095238093,0.1252026024806074,-0.0227626151850141,0.1479652176656215
2023-05-02,pred_ridge,0.43376623376623374,0.8,0.38095238095238093,0.12334844825464805,-0.01791712882024212,0.14126557707489018
2023-05-03,pred_ridge,0.44285714285714284,0.8,0.5238095238095238,0.14231851714540994,-0.01429426311395816,0.1566127802593681
2023-05-04,pred_ridge,0.5389610389610389,1.0,0.6666666666666666,0.1595755206104108,-0.0031449351237444077,0.16272045573415522
2023-05-05,pred_ridge,0.35584415584415585,0.8,0.47619047619047616,0.1281500712206825,-0.012270641035402253,0.14042071225608477
2023-05-08,pred_ridge,0.4285714285714285,0.6,0.5714285714285714,0.11447713094849184,-0.009419410620226488,0.12389654156871832
2023-05-09,pred_ridge,0.6038961038961038,1.0,0.6190476190476191,0.11945294319058664,-0.01662537057503166,0.1360783137656183
2023-05-10,pred_ridge,0.6116883116883116,1.0,0.6666666666666666,0.12558033572170837,-0.008640642774320351,0.13422097849602874
2023-05-11,pred_ridge,0.6402597402597403,1.0,0.6666666666666666,0.13075782507718184,-0.010589013073651876,0.1413468381508337
2023-05-12,pred_ridge,0.6025974025974027,1.0,0.7142857142857143,0.14899125996087909,-0.0077027561303922186,0.15669401609127132
2023-05-15,pred_ridge,0.5025974025974026,0.8,0.7142857142857143,0.1196937702548525,-0.0019648088485165307,0.12165857910336904
2023-05-16,pred_ridge,0.5714285714285714,1.0,0.7142857142857143,0.1669381338258141,0.005097335450296714,0.16184079837551738
2023-05-17,pred_ridge,0.39610389610389607,1.0,0.8095238095238095,0.13000532466199433,0.027752091656253208,0.10225323300574111
2023-05-18,pred_ridge,0.34675324675324676,1.0,0.8571428571428571,0.11541529498274916,0.026269310913541233,0.08914598406920793
2023-05-19,pred_ridge,0.3233766233766234,0.8,0.8095238095238095,0.1210599890719513,0.02508383024905223,0.09597615882289906
2023-05-22,pred_ridge,0.22727272727272727,1.0,0.8571428571428571,0.11392394001111042,0.026960826587742615,0.08696311342336781
2023-05-23,pred_ridge,0.26883116883116887,0.8,0.8571428571428571,0.12081995245574355,0.03226930013108422,0.08855065232465933
2023-05-24,pred_ridge,0.22337662337662337,0.8,0.8571428571428571,0.11576372579968597,0.02970341556260663,0.08606031023707934
2023-05-25,pred_ridge,0.14675324675324675,1.0,0.8571428571428571,0.04942397485410912,0.031013467932101624,0.018410506922007495
2023-05-26,pred_ridge,0.20129870129870128,1.0,0.8571428571428571,0.05067746600701506,0.024026973937921015,0.026650492069094044
2023-05-30,pred_ridge,0.08051948051948052,0.8,0.8571428571428571,0.03642825443788591,0.022857395574899898,0.01357085886298601
2023-05-31,pred_ridge,0.374025974025974,1.0,0.8095238095238095,0.04514705994768571,0.022476235512164246,0.022670824435521465
2023-06-01,pred_ridge,0.3155844155844156,0.8,0.8095238095238095,0.0451814101747668,0.02356133162100362,0.021620078553763182
2023-06-02,pred_ridge,0.33766233766233766,1.0,0.8571428571428571,0.0417807025222058,0.01977236749881388,0.02200833502339192
2023-06-05,pred_ridge,0.3922077922077922,1.0,0.8095238095238095,0.05714318687114632,0.019712210383768313,0.037430976487378004
2023-06-06,pred_ridge,0.1987012987012987,0.6,0.5714285714285714,0.03099097944515412,0.011589734425764853,0.019401245019389265
2023-06-07,pred_ridge,0.2038961038961039,0.6,0.6190476190476191,0.050502413901182555,0.014687191480930029,0.03581522242025253
2023-06-08,pred_ridge,0.3207792207792208,0.8,0.6190476190476191,0.04344915911338883,0.008912500273719325,0.0345366588396695
2023-06-09,pred_ridge,0.2025974025974026,0.8,0.7619047619047619,0.05078617280348667,0.012311054506712105,0.038475118296774566
2023-06-12,pred_ridge,0.4623376623376624,0.8,0.6666666666666666,0.0627659311178074,0.007942327712422892,0.05482360340538451
2023-06-13,pred_ridge,0.387012987012987,1.0,0.9047619047619048,0.0724131586179925,0.01235319763098588,0.06005996098700662
2023-06-14,pred_ridge,0.3922077922077922,1.0,0.9047619047619048,0.051064240891674426,0.007324162667150458,0.04374007822452397
2023-06-15,pred_ridge,0.2714285714285714,0.8,0.6190476190476191,0.04373655079554613,-0.0012758855869467345,0.04501243638249286
2023-06-16,pred_ridge,0.638961038961039,1.0,0.7142857142857143,0.06924013524646022,0.0009366337921073775,0.06830350145435285
2023-06-20,pred_ridge,0.47792207792207797,0.8,0.8571428571428571,0.05679461751135486,0.008054139692973594,0.04874047781838127
2023-06-21,pred_ridge,0.42337662337662335,0.8,0.7619047619047619,0.037091679723293525,0.010098749770786775,0.02699292995250675
2023-06-22,pred_ridge,0.3181818181818181,0.8,0.8571428571428571,0.024615233111244694,0.010249490313458986,0.014365742797785708
2023-06-23,pred_ridge,0.1909090909090909,0.8,0.8095238095238095,0.037019788272672806,0.02868214020932165,0.008337648063351157
2023-06-26,pred_ridge,0.5194805194805194,0.8,0.8095238095238095,0.06495142682122931,0.02158524921292626,0.04336617760830305
2023-06-27,pred_ridge,0.2701298701298701,0.8,0.8571428571428571,0.03403935384615005,0.021602176345529567,0.01243717750062048
2023-06-28,pred_ridge,0.2987012987012987,0.6,0.7619047619047619,0.04899340950139423,0.01880099207854118,0.030192417422853054
2023-06-29,pred_ridge,0.2935064935064935,0.8,0.8571428571428571,0.073765478574855,0.019255129913403567,0.054510348661451435
2023-06-30,pred_ridge,0.37272727272727274,0.6,0.7619047619047619,0.05349966908359134,0.011788468054863444,0.0417112010287279
2023-07-03,pred_ridge,0.42207792207792205,0.6,0.7619047619047619,0.05159204282020471,0.008504426569758828,0.04308761625044588
2023-07-05,pred_ridge,0.2571428571428571,0.6,0.7142857142857143,0.020195305386189986,0.007482011284277212,0.012713294101912773
2023-07-06,pred_ridge,0.3337662337662338,0.6,0.6666666666666666,0.032113686970712686,0.009358144095568099,0.022755542875144585
2023-07-07,pred_ridge,0.1987012987012987,0.6,0.7619047619047619,0.028791952907752695,0.012129454309383636,0.01666249859836906
2023-07-10,pred_ridge,0.16363636363636364,0.6,0.7619047619047619,0.03915310757196251,0.017399656215685243,0.021753451356277268
2023-07-11,pred_ridge,-0.012987012987012986,0.4,0.7142857142857143,0.004029970382420811,0.009060617061375797,-0.005030646678954986
2023-07-12,pred_ridge,-0.4974025974025974,0.2,0.3333333333333333,-0.02084278520914218,0.014886537098023855,-0.035729322307166037
2023-07-13,pred_ridge,-0.48181818181818176,0.2,0.2857142857142857,-0.03938267297557123,-0.003846112592383033,-0.0355365603831882
2023-07-14,pred_ridge,-0.5688311688311689,0.2,0.2857142857142857,-0.04233938014732812,-0.0008436873030172265,-0.04149569284431089
2023-07-17,pred_ridge,-0.5233766233766234,0.2,0.23809523809523808,-0.02972574309349807,-0.0009888026981985654,-0.028736940395299504
2023-07-18,pred_ridge,-0.5766233766233767,0.2,0.14285714285714285,-0.05629954093681224,-0.013590007362377232,-0.04270953357443501
2023-07-19,pred_ridge,-0.5792207792207792,0.2,0.14285714285714285,-0.05668884718533289,-0.02992777710407486,-0.02676107008125803
2023-07-20,pred_ridge,-0.42337662337662335,0.2,0.09523809523809523,-0.03648396827658995,-0.03457722683152116,-0.0019067414450687908
2023-07-21,pred_ridge,-0.34935064935064936,0.2,0.09523809523809523,-0.027377830354361678,-0.029641818767825744,0.0022639884134640666
2023-07-24,pred_ridge,-0.01948051948051948,0.4,0.14285714285714285,-0.0036204468432870394,-0.02488336758496239,0.02126292074167535
2023-07-25,pred_ridge,-0.07532467532467534,0.2,0.09523809523809523,-0.021344193301844228,-0.039710578751805434,0.018366385449961206
2023-07-26,pred_ridge,0.14415584415584418,0.4,0.14285714285714285,-0.00039375742527241185,-0.03274900783894552,0.03235525041367311
2023-07-27,pred_ridge,-0.27792207792207796,0.4,0.14285714285714285,-0.03051550951373947,-0.015792000640823044,-0.014723508872916426
2023-07-28,pred_ridge,-0.387012987012987,0.0,0.09523809523809523,-0.06364127699603854,-0.016690150623760336,-0.046951126372278204
2023-07-31,pred_ridge,-0.47922077922077916,0.2,0.14285714285714285,-0.04864402589353396,-0.012624518742244507,-0.03601950715128946
2023-08-01,pred_ridge,-0.37792207792207794,0.2,0.19047619047619047,-0.027166635803668227,-0.004159455306214821,-0.023007180497453407
2023-08-02,pred_ridge,-0.11298701298701298,0.6,0.47619047619047616,0.008922565655183812,-0.0018943601259102216,0.010816925781094033
2023-08-03,pred_ridge,-0.06103896103896104,0.6,0.5238095238095238,0.00955603142776058,-0.0006840688959272479,0.010240100323687829
2023-08-04,pred_ridge,-0.1883116883116883,0.4,0.42857142857142855,0.0030585003962095626,0.0017286959218723251,0.0013298044743372374
2023-08-07,pred_ridge,-0.12207792207792208,0.4,0.2857142857142857,-0.009870031205060003,-0.008669114188816506,-0.0012009170162434971
2023-08-08,pred_ridge,-0.05454545454545454,0.4,0.2857142857142857,-0.0022924430781895875,-0.012088145668594352,0.009795702590404763
2023-08-09,pred_ridge,-0.09220779220779221,0.6,0.3333333333333333,0.010197443076367585,-0.009433506717615447,0.019630949793983034
2023-08-10,pred_ridge,-0.04155844155844156,0.4,0.3333333333333333,0.0006682728827857698,-0.007201328500198345,0.007869601382984115
2023-08-11,pred_ridge,0.10259740259740259,0.8,0.42857142857142855,0.0316628616500962,-0.00041830559708839755,0.0320811672471846
2023-08-14,pred_ridge,-0.04155844155844156,0.4,0.3333333333333333,-0.008644965187525156,-0.009214488179038537,0.0005695229915133812
2023-08-15,pred_ridge,0.13896103896103898,0.8,0.6190476190476191,0.011740173658586017,-0.002288843530491147,0.014029017189077165
2023-08-16,pred_ridge,0.3,0.6,0.7142857142857143,0.025016807939643337,0.006411516965037811,0.018605290974605525
2023-08-17,pred_ridge,0.16233766233766234,0.6,0.7142857142857143,0.006835793388168932,0.004978839245874634,0.001856954142294298
2023-08-18,pred_ridge,0.11818181818181818,0.8,0.7619047619047619,0.01439329100509017,0.0043282818253479235,0.010065009179742247
2023-08-21,pred_ridge,-0.12987012987012986,0.4,0.7142857142857143,-0.023673757467977508,0.0035352017260563695,-0.027208959194033877
2023-08-22,pred_ridge,-0.2194805194805195,0.2,0.6666666666666666,-0.035237772126814185,0.00780977732057826,-0.04304754944739245
2023-08-23,pred_ridge,-0.4246753246753247,0.2,0.3333333333333333,-0.06687798653452577,-0.005926998726477483,-0.060950987808048286
2023-08-24,pred_ridge,-0.32597402597402597,0.2,0.3333333333333333,-0.04267977578728406,-0.0031218045130106064,-0.039557971274273455
2023-08-25,pred_ridge,-0.3194805194805195,0.2,0.2857142857142857,-0.03615315102766774,-0.0070090991699323976,-0.02914405185773534
2023-08-28,pred_ridge,-0.44415584415584414,0.2,0.14285714285714285,-0.0596164978100423,-0.012274580246697763,-0.047341917563344535
2023-08-29,pred_ridge,-0.3844155844155844,0.0,0.09523809523809523,-0.07554613922071077,-0.02182040039014921,-0.05372573883056156
2023-08-30,pred_ridge,-0.3038961038961039,0.4,0.14285714285714285,-0.045660997055216736,-0.02197504682700946,-0.023685950228207277
2023-08-31,pred_ridge,-0.26103896103896107,0.4,0.14285714285714285,-0.045078881512367185,-0.021407969189963218,-0.023670912322403967
2023-09-01,pred_ridge,-0.15844155844155844,0.2,0.09523809523809523,-0.04003134363478722,-0.022774289329281737,-0.017257054305505483
2023-09-05,pred_ridge,-0.5428571428571428,0.2,0.09523809523809523,-0.07622757468851944,-0.028011441591565413,-0.04821613309695403
2023-09-06,pred_ridge,-0.46753246753246747,0.2,0.09523809523809523,-0.05017649160715489,-0.024286312741823912,-0.02589017886533098
2023-09-07,pred_ridge,-0.2038961038961039,0.2,0.09523809523809523,-0.03276497201273718,-0.02452928717086269,-0.008235684841874494
2023-09-08,pred_ridge,0.015584415584415586,0.4,0.14285714285714285,-0.005185776512401907,-0.021376881587997866,0.016191105075595957
2023-09-11,pred_ridge,-0.13636363636363635,0.4,0.14285714285714285,-0.02310470801214968,-0.016652355255895923,-0.0064523527562537555
2023-09-12,pred_ridge,0.011688311688311687,0.4,0.14285714285714285,-0.0038675224977884116,-0.015420734854233875,0.011553212356445464
2023-09-13,pred_ridge,0.08961038961038961,0.4,0.14285714285714285,0.0034531690218823296,-0.014386131822546866,0.017839300844429196
2023-09-14,pred_ridge,0.11428571428571428,0.4,0.14285714285714285,-0.007507945194136778,-0.01798845098573394,0.01048050579159716
2023-09-15,pred_ridge,0.13376623376623376,0.6,0.23809523809523808,0.0025557585889901093,-0.010315365826479716,0.012871124415469826
2023-09-18,pred_ridge,0.1753246753246753,0.8,0.23809523809523808,0.016802885534785327,-0.01086128281584402,0.027664168350629348
2023-09-19,pred_ridge,0.17922077922077922,0.8,0.23809523809523808,0.014906943435190879,-0.013229604828809994,0.028136548264000874
2023-09-20,pred_ridge,0.16753246753246753,0.4,0.23809523809523808,0.00634931626941797,-0.013556406452524894,0.019905722721942864
2023-09-21,pred_ridge,0.17142857142857143,0.8,0.42857142857142855,0.009235550244925594,-0.005433517729787329,0.014669067974712922
2023-09-22,pred_ridge,0.07142857142857142,0.4,0.2857142857142857,-0.0016589902295558012,-0.014295677213093261,0.012636686983537461
2023-09-25,pred_ridge,0.08961038961038961,0.8,0.3333333333333333,0.009834864194977278,-0.005968063246640343,0.01580292744161762
2023-09-26,pred_ridge,0.12857142857142856,0.8,0.38095238095238093,0.029977135107833796,0.004795428540055236,0.02518170656777856
2023-09-27,pred_ridge,-0.04155844155844156,0.6,0.2857142857142857,0.016203578257740194,0.0059532347152126295,0.010250343542527563
2023-09-28,pred_ridge,-0.36233766233766235,0.4,0.2857142857142857,-0.019441237996178695,0.005378801045557879,-0.024820039041736575
2023-09-29,pred_ridge,-0.33506493506493507,0.4,0.23809523809523808,-0.01949087209568905,0.013496996974448816,-0.032987869070137864
2023-10-02,pred_ridge,-0.1974025974025974,0.6,0.23809523809523808,0.0037003659107840425,0.011454886087424399,-0.007754520176640356
2023-10-03,pred_ridge,-0.04805194805194805,0.8,0.42857142857142855,0.013578648901041147,0.019193102076854273,-0.005614453175813126
2023-10-04,pred_ridge,0.051948051948051945,0.8,0.42857142857142855,0.03237583304392677,0.011836572798943812,0.02053926024498296
2023-10-05,pred_ridge,0.3077922077922078,0.8,0.8571428571428571,0.05237208577233783,0.024936318937061164,0.027435766835276668
2023-10-06,pred_ridge,0.23636363636363636,0.6,0.8095238095238095,0.043512479478095153,0.0037757296294123944,0.03973674984868276
2023-10-09,pred_ridge,0.29480519480519485,0.8,0.7142857142857143,0.030744119117180647,0.0103829375540623,0.02036118156311835
2023-10-10,pred_ridge,0.21038961038961035,0.8,0.7142857142857143,0.034199481726840175,-0.004349752282574326,0.0385492340094145
2023-10-11,pred_ridge,-0.024675324675324677,0.4,0.5714285714285714,-0.0012583711350103056,-0.005467732097629097,0.004209360962618792
2023-10-12,pred_ridge,0.00909090909090909,0.6,0.5714285714285714,-0.003138604699132075,0.0002721066654873372,-0.0034107113646194122
2023-10-13,pred_ridge,0.3649350649350649,0.8,0.8095238095238095,0.030436769551859432,0.001926701693373678,0.028510067858485755
2023-10-16,pred_ridge,0.24805194805194808,0.8,0.6666666666666666,0.024028979379270822,-0.0024342708617121735,0.026463250240982995
2023-10-17,pred_ridge,0.6844155844155844,0.8,0.8571428571428571,0.05350986206583645,0.0049911972889162826,0.04851866477692017
2023-10-18,pred_ridge,0.6571428571428571,0.8,0.8571428571428571,0.06896337563504025,0.0042032223515315,0.06476015328350875
2023-10-19,pred_ridge,0.638961038961039,1.0,0.8571428571428571,0.10691833554484638,0.007467221868825558,0.09945111367602082
2023-10-20,pred_ridge,0.6948051948051948,1.0,0.9047619047619048,0.12379813693730442,0.005912846895642821,0.1178852900416616
2023-10-23,pred_ridge,0.6103896103896104,0.8,0.9047619047619048,0.09480871964378676,0.009105413807764261,0.0857033058360225
2023-10-24,pred_ridge,0.6012987012987013,0.8,0.9047619047619048,0.07906228339191457,0.011003188978731093,0.06805909441318347
2023-10-25,pred_ridge,0.751948051948052,1.0,0.9047619047619048,0.13901400278567197,0.014226116531033627,0.12478788625463834
2023-10-26,pred_ridge,0.764935064935065,1.0,0.8571428571428571,0.14654162292031275,0.01000651587499679,0.13653510704531596
2023-10-27,pred_ridge,0.764935064935065,1.0,0.8571428571428571,0.13964392258521294,0.009244053359535265,0.13039986922567767
2023-10-30,pred_ridge,0.725974025974026,0.8,0.9047619047619048,0.11069833958051971,0.016831054494976506,0.0938672850855432
2023-10-31,pred_ridge,0.7220779220779221,0.8,0.9047619047619048,0.10654642153776976,0.016300433407153526,0.09024598813061624
2023-11-01,pred_ridge,0.5623376623376624,0.8,0.9047619047619048,0.07746161711535746,0.018814138447692818,0.058647478667664635
2023-11-02,pred_ridge,0.5298701298701299,0.8,0.8571428571428571,0.05200004638837108,0.01608584824387822,0.035914198144492857
2023-11-03,pred_ridge,0.2506493506493506,0.8,0.8571428571428571,0.025997651386407993,0.009769789633403114,0.016227861753004877
2023-11-06,pred_ridge,0.2675324675324675,0.8,0.8571428571428571,0.03626367165865354,0.011320253763398758,0.024943417895254782
2023-11-07,pred_ridge,0.23896103896103899,0.4,0.7619047619047619,0.030515162931634254,0.009633863434554723,0.02088129949707953
2023-11-08,pred_ridge,0.24805194805194808,0.8,0.8571428571428571,0.03814382478644609,0.008884569182772606,0.029259255603673484
2023-11-09,pred_ridge,0.2896103896103896,0.8,0.8571428571428571,0.05233905468949853,0.01923766566301155,0.03310138902648698
2023-11-10,pred_ridge,-0.012987012987012986,0.4,0.7619047619047619,0.014954176398899444,0.04087795350843586,-0.025923777109536413
2023-11-13,pred_ridge,0.07142857142857142,0.6,0.8095238095238095,0.021953309329771308,0.016004858213315876,0.0059484511164554325
2023-11-14,pred_ridge,-0.10909090909090909,0.4,0.7619047619047619,0.017608565842040978,0.04437864004924088,-0.0267700742071999
2023-11-15,pred_ridge,-0.02077922077922078,0.8,0.8095238095238095,0.031494577438330486,0.04946571801974855,-0.017971140581418063
2023-11-16,pred_ridge,0.10519480519480517,1.0,0.8095238095238095,0.07743462283309563,0.045515828961456915,0.03191879387163871
2023-11-17,pred_ridge,-0.1012987012987013,1.0,0.9047619047619048,0.06927515043752903,0.05765968674299256,0.011615463694536476
2023-11-20,pred_ridge,-0.051948051948051945,1.0,0.8095238095238095,0.07607478308655842,0.05752682055748996,0.018547962529068457
2023-11-21,pred_ridge,-0.1935064935064935,0.8,0.7619047619047619,0.0306968804853597,0.04667518233756649,-0.01597830185220679
2023-11-22,pred_ridge,-0.1935064935064935,1.0,0.8571428571428571,0.044632345578799894,0.05211613026959747,-0.007483784690797579
2023-11-24,pred_ridge,-0.07012987012987014,1.0,0.9047619047619048,0.03782830730447513,0.0507453088162559,-0.012917001511780768
2023-11-27,pred_ridge,-0.12987012987012986,1.0,0.9047619047619048,0.044989651445966186,0.058942965094259135,-0.013953313648292949
2023-11-28,pred_ridge,-0.025974025974025972,1.0,0.9047619047619048,0.04918717674978268,0.062167691265391276,-0.012980514515608596
2023-11-29,pred_ridge,-0.012987012987012986,1.0,0.8571428571428571,0.048716636954173345,0.052589086671206785,-0.0038724497170334396
2023-11-30,pred_ridge,0.2792207792207792,1.0,0.8571428571428571,0.0534481171811604,0.03247548400606339,0.02097263317509701
2023-12-01,pred_ridge,-0.044155844155844164,0.8,0.8095238095238095,0.025692487901976868,0.04134002354339046,-0.015647535641413593
2023-12-04,pred_ridge,0.12727272727272726,1.0,0.9047619047619048,0.034395157694172604,0.0285890093985695,0.005806148295603105
2023-12-05,pred_ridge,0.05064935064935065,0.8,0.8571428571428571,0.028932130029589297,0.025336393746609565,0.003595736282979732
2023-12-06,pred_ridge,0.3116883116883117,0.8,0.8571428571428571,0.0489665170595347,0.01976552211391829,0.02920099494561641
2023-12-07,pred_ridge,0.23636363636363636,1.0,0.8571428571428571,0.059748162797856975,0.03472479395680805,0.025023368841048922
2023-12-08,pred_ridge,0.12987012987012986,1.0,0.9047619047619048,0.04723273704665183,0.032081221446558006,0.015151515600093826
2023-12-11,pred_ridge,0.15454545454545454,1.0,0.9047619047619048,0.06922429826528273,0.02633730607082534,0.04288699219445739
2023-12-12,pred_ridge,0.18051948051948052,0.8,0.8095238095238095,0.05950839317160521,0.025273572450359216,0.03423482072124599
2023-12-13,pred_ridge,0.16233766233766234,0.8,0.8095238095238095,0.05559991664277179,0.014511808407594362,0.04108810823517743
2023-12-14,pred_ridge,-0.03896103896103896,0.6,0.38095238095238093,0.05363132752172643,0.009369548531745741,0.04426177898998069
2023-12-15,pred_ridge,-0.1155844155844156,0.4,0.42857142857142855,0.02496985965663432,0.00759448274135095,0.01737537691528337
2023-12-18,pred_ridge,-0.06363636363636363,0.6,0.5238095238095238,0.030020497902326304,0.011008485170811122,0.019012012731515184
2023-12-19,pred_ridge,-0.09480519480519481,0.6,0.47619047619047616,0.042279497550411584,0.011177560872753789,0.031101936677657795
2023-12-20,pred_ridge,0.05454545454545454,0.8,0.6666666666666666,0.08141455236803012,0.022072653520161876,0.059341898847868245
2023-12-21,pred_ridge,0.10389610389610389,0.6,0.5714285714285714,0.06070169891338739,0.010724963521887631,0.04997673539149976
2023-12-22,pred_ridge,0.07922077922077922,0.6,0.5238095238095238,0.07134877154288641,0.011178592535722242,0.06017017900716416
2023-12-26,pred_ridge,0.011688311688311687,0.8,0.5238095238095238,0.10946438374278897,0.01346272879357302,0.09600165494921595
2023-12-27,pred_ridge,0.10389610389610389,0.6,0.5238095238095238,0.07588853094109171,0.00462708397715843,0.07126144696393329
2023-12-28,pred_ridge,0.03896103896103896,0.8,0.6666666666666666,0.09808249357423793,0.015150907978093663,0.08293158559614426
2023-12-29,pred_ridge,0.022077922077922082,0.6,0.6666666666666666,0.08637914724173942,0.01654382179545564,0.06983532544628379
2024-01-02,pred_ridge,0.10389610389610389,0.8,0.6666666666666666,0.12913673127081968,0.012203506763079552,0.11693322450774013
2024-01-03,pred_ridge,0.12727272727272726,0.8,0.7619047619047619,0.14506737963810032,0.023630823531252964,0.12143655610684735
2024-01-04,pred_ridge,0.07792207792207792,0.6,0.7142857142857143,0.11623303736882525,0.023473366139106354,0.0927596712297189
2024-01-05,pred_ridge,0.06493506493506493,0.4,0.6190476190476191,0.12386315694036061,0.01920935044185106,0.10465380649850956
2024-01-08,pred_ridge,0.059740259740259746,0.4,0.7142857142857143,0.09617364814922906,0.014044510061243298,0.08212913808798576
2024-01-09,pred_ridge,0.14025974025974028,0.6,0.7619047619047619,0.1792944914358908,0.01923970287411858,0.16005478856177222
2024-01-10,pred_ridge,0.24805194805194808,0.6,0.8095238095238095,0.10405695593210051,0.017557325102020904,0.08649963083007961
2024-01-11,pred_ridge,0.27792207792207796,0.8,0.7619047619047619,0.18216038744997362,0.02178749994927076,0.16037288750070286
2024-01-12,pred_ridge,0.34675324675324676,0.6,0.7619047619047619,0.12439579346670697,0.0065879211384000545,0.11780787232830692
2024-01-16,pred_ridge,0.10389610389610389,0.6,0.7619047619047619,0.05342475649906111,0.015115361565094677,0.03830939493396643
2024-01-17,pred_ridge,0.1753246753246753,0.6,0.7619047619047619,0.0714543431579179,0.021036154929018558,0.05041818822889935
2024-01-18,pred_ridge,0.24415584415584415,0.8,0.8571428571428571,0.08066324347661127,0.0233466389048834,0.057316604571727874
2024-01-19,pred_ridge,0.12337662337662336,0.6,0.8095238095238095,0.06404654929235529,0.026405028973073952,0.037641520319281335
2024-01-22,pred_ridge,0.07662337662337662,0.6,0.8571428571428571,0.04368052849699382,0.019702136086773004,0.023978392410220813
2024-01-23,pred_ridge,0.13766233766233765,0.6,0.8095238095238095,0.045502446287212873,0.013841942099521987,0.03166050418769088
2024-01-24,pred_ridge,0.03896103896103896,0.8,0.9047619047619048,0.03641356785840231,0.021097087330062415,0.015316480528339893
2024-01-25,pred_ridge,-0.11948051948051949,0.8,0.9047619047619048,0.02177407647803422,0.016840757110164063,0.0049333193678701565
2024-01-26,pred_ridge,-0.2038961038961039,0.6,0.8571428571428571,0.02026530889487348,0.015979028450415923,0.0042862804444575575
2024-01-29,pred_ridge,-0.22467532467532467,0.6,0.7619047619047619,0.01181729585568463,0.0637042207673388,-0.05188692491165417
2024-01-30,pred_ridge,-0.18311688311688312,0.8,0.8095238095238095,0.01947235655596098,0.023218991587619885,-0.0037466350316589063
2024-01-31,pred_ridge,0.007792207792207793,0.8,0.9047619047619048,0.019365213309590113,0.02259495771853981,-0.0032297444089496967
2024-02-01,pred_ridge,-0.1077922077922078,0.6,0.8571428571428571,0.012433802746945189,0.021347950977331574,-0.008914148230386386
2024-02-02,pred_ridge,0.13116883116883118,0.8,0.9047619047619048,0.0294143122742228,0.07979406597336003,-0.050379753699137234
2024-02-05,pred_ridge,0.187012987012987,1.0,0.9047619047619048,0.04625392610536929,0.06629843407554961,-0.02004450797018032
2024-02-06,pred_ridge,0.36883116883116884,1.0,0.9047619047619048,0.04941249868901423,0.020368420587047176,0.02904407810196705
2024-02-07,pred_ridge,0.4246753246753247,1.0,0.9047619047619048,0.0538857556492939,0.015569319345968013,0.03831643630332589
2024-02-08,pred_ridge,0.5012987012987012,1.0,0.9047619047619048,0.09841644033282866,0.0121381980868563,0.08627824224597236
2024-02-09,pred_ridge,0.42337662337662335,1.0,0.9047619047619048,0.036797656158030455,0.01807399809312693,0.018723658064903524
2024-02-12,pred_ridge,0.15584415584415584,1.0,0.9523809523809523,0.032479714384263315,0.025644239112109758,0.006835475272153557
2024-02-13,pred_ridge,0.46623376623376617,1.0,0.9523809523809523,0.05497244494225022,0.022227923358272283,0.032744521583977934
2024-02-14,pred_ridge,0.2545454545454545,1.0,0.9523809523809523,0.02711133413261262,0.01492581968624096,0.01218551444637166
2024-02-15,pred_ridge,-0.04285714285714286,0.6,0.7142857142857143,0.04695020321640046,0.008832964670717435,0.038117238545683024
2024-02-16,pred_ridge,0.2025974025974026,0.8,0.8571428571428571,0.020503566351341918,0.012791461062483567,0.007712105288858351
2024-02-20,pred_ridge,0.4090909090909091,1.0,1.0,0.0814054857699753,0.020619828170749966,0.06078565759922534
2024-02-21,pred_ridge,0.41558441558441556,1.0,0.9523809523809523,0.10814108927813026,0.02696265172749308,0.08117843755063718
2024-02-22,pred_ridge,0.26103896103896107,1.0,0.9523809523809523,0.03136528022096265,0.018604897864039915,0.012760382356922739
2024-02-23,pred_ridge,0.40259740259740256,1.0,0.9523809523809523,0.06967086685372403,0.020610814695020973,0.04906005215870306
2024-02-26,pred_ridge,0.3571428571428571,1.0,0.9523809523809523,0.05826718540738178,0.016149577893284306,0.042117607514097474
2024-02-27,pred_ridge,0.18441558441558442,1.0,0.9047619047619048,0.04872441086996058,0.020104734162612204,0.028619676707348374
2024-02-28,pred_ridge,0.17922077922077922,1.0,1.0,0.05475985054694839,0.025111692220156856,0.029648158326791532
2024-02-29,pred_ridge,-0.03506493506493507,0.8,0.9523809523809523,0.03906801724809701,0.029008885690220466,0.010059131557876546
2024-03-01,pred_ridge,-0.10259740259740259,0.8,0.7619047619047619,0.022946367208345596,0.013663469429104503,0.009282897779241094
2024-03-04,pred_ridge,-0.2311688311688312,0.4,0.6190476190476191,0.005763606557594803,0.017326443638571963,-0.01156283708097716
2024-03-05,pred_ridge,0.06363636363636363,1.0,0.8095238095238095,0.027495150617166963,0.028128068477196864,-0.0006329178600299017
2024-03-06,pred_ridge,-0.212987012987013,0.4,0.5714285714285714,-0.003471753299592817,0.02267069848848584,-0.02614245178807866
2024-03-07,pred_ridge,-0.1948051948051948,0.4,0.5238095238095238,-0.011014771136960432,0.02117272504941714,-0.032187496186377576
2024-03-08,pred_ridge,-0.16363636363636364,0.4,0.6190476190476191,0.01034833060776621,0.027761314354649014,-0.017412983746882806
2024-03-11,pred_ridge,-0.032467532467532464,0.8,0.7142857142857143,0.030868570137255903,0.042054104584376015,-0.011185534447120112
2024-03-12,pred_ridge,-0.18571428571428572,0.4,0.47619047619047616,-0.004080020308838317,0.015483961587486928,-0.019563981896325244
2024-03-13,pred_ridge,0.05454545454545454,0.6,0.5714285714285714,0.018722871228307757,0.015068499918556032,0.0036543713097517243
2024-03-14,pred_ridge,-0.11038961038961038,0.6,0.42857142857142855,0.004772519809580311,0.0370263060969537,-0.03225378628737339
2024-03-15,pred_ridge,-0.16883116883116883,0.4,0.38095238095238093,-0.001803824755973582,0.037599862850471476,-0.03940368760644506
2024-03-18,pred_ridge,-0.125974025974026,0.4,0.2857142857142857,-0.00064582395022037,0.02937468756770718,-0.03002051151792755
2024-03-19,pred_ridge,-0.5064935064935064,0.0,0.23809523809523808,-0.03520231278336052,0.03167575785116057,-0.06687807063452109
2024-03-20,pred_ridge,-0.6168831168831169,0.0,0.23809523809523808,-0.05320761430853362,0.030353103988280374,-0.083560718296814
2024-03-21,pred_ridge,-0.7870129870129869,0.0,0.23809523809523808,-0.09239714722404602,0.034669246563106236,-0.12706639378715226
2024-03-22,pred_ridge,-0.8402597402597403,0.0,0.23809523809523808,-0.08533079315050048,0.02301426559416908,-0.10834505874466956
2024-03-25,pred_ridge,-0.7298701298701298,0.0,0.23809523809523808,-0.06043395820265609,0.03105543827383215,-0.09148939647648824
2024-03-26,pred_ridge,-0.6636363636363637,0.0,0.3333333333333333,-0.05984499122861135,0.016004688568618763,-0.07584967979723012
2024-03-27,pred_ridge,-0.8298701298701299,0.0,0.2857142857142857,-0.07876378016717689,0.01786525157040777,-0.09662903173758466
2024-03-28,pred_ridge,-0.6870129870129871,0.0,0.2857142857142857,-0.05941066512053004,-0.0021592460483773833,-0.05725141907215266
2024-04-01,pred_ridge,-0.6701298701298701,0.0,0.3333333333333333,-0.06359858438862238,-0.008048090747772085,-0.055550493640850296
2024-04-02,pred_ridge,-0.7311688311688312,0.0,0.23809523809523808,-0.07172653252865849,-0.005684031451013261,-0.06604250107764523
2024-04-03,pred_ridge,-0.6155844155844156,0.0,0.23809523809523808,-0.0853573831106422,-0.01471219081016888,-0.07064519230047332
2024-04-04,pred_ridge,-0.3363636363636363,0.0,0.23809523809523808,-0.057737843356196986,-0.012066366545329488,-0.0456714768108675
2024-04-05,pred_ridge,-0.18571428571428572,0.2,0.23809523809523808,-0.05369935930570531,-0.02032159619984928,-0.03337776310585603
2024-04-08,pred_ridge,-0.11038961038961038,0.2,0.2857142857142857,-0.028378616869326835,-0.010660949700031863,-0.017717667169294973
2024-04-09,pred_ridge,-0.2,0.2,0.2857142857142857,-0.03206538420946743,-0.013280531611989898,-0.018784852597477534
2024-04-10,pred_ridge,-0.07402597402597402,0.4,0.6666666666666666,-0.022481786929743654,-0.0149085762502011,-0.0075732106795425545
2024-04-11,pred_ridge,-0.16493506493506493,0.4,0.6190476190476191,-0.03327510628121135,-0.013206663328021073,-0.02006844295319028
2024-04-12,pred_ridge,-0.03766233766233767,0.6,0.7142857142857143,-0.007723518256639039,-0.008570765211587084,0.0008472469549480445
2024-04-15,pred_ridge,0.15974025974025974,0.6,0.7142857142857143,-0.0009345463895624295,-0.007985427479998374,0.0070508810904359445
2024-04-16,pred_ridge,0.11948051948051949,0.6,0.7142857142857143,0.009308271171306105,0.0037281702662236515,0.005580100905082453
2024-04-17,pred_ridge,0.3701298701298701,0.8,0.8095238095238095,0.0602945229525498,0.007736824414792442,0.05255769853775736
2024-04-18,pred_ridge,0.34155844155844156,0.8,0.7619047619047619,0.05041659329110235,0.0003960734108233499,0.050020519880279
2024-04-19,pred_ridge,0.525974025974026,0.8,0.8095238095238095,0.08497289191267814,-0.009082860432262762,0.0940557523449409
2024-04-22,pred_ridge,0.4948051948051948,0.8,0.8095238095238095,0.0750404259930394,-0.002578723921366111,0.07761914991440551
2024-04-23,pred_ridge,0.3532467532467533,0.8,0.8095238095238095,0.044065003865652444,0.0028074950812916775,0.04125750878436077
2024-04-24,pred_ridge,0.39610389610389607,0.8,0.8095238095238095,0.05157003744046895,-0.00567818340477193,0.05724822084524088
2024-04-25,pred_ridge,0.5974025974025974,1.0,0.8095238095238095,0.09098240519741911,-0.005518833122758538,0.09650123832017765
2024-04-26,pred_ridge,0.6805194805194805,1.0,0.8095238095238095,0.08582721014635353,-0.005513411394341627,0.09134062154069515
2024-04-29,pred_ridge,0.5402597402597402,1.0,0.8571428571428571,0.11903704299994114,0.011175711192186721,0.10786133180775442
2024-04-30,pred_ridge,0.6779220779220779,1.0,0.8571428571428571,0.1331406357911986,0.00969591328512065,0.12344472250607796
2024-05-01,pred_ridge,0.6428571428571428,1.0,0.9047619047619048,0.12364161846779242,0.01638543492788098,0.10725618353991144
2024-05-02,pred_ridge,0.6597402597402597,1.0,0.9047619047619048,0.11098829019519374,0.019269881746892304,0.09171840844830144
2024-05-03,pred_ridge,0.49350649350649345,1.0,0.8095238095238095,0.0988389610187852,0.010521785383888104,0.08831717563489709
2024-05-06,pred_ridge,0.3025974025974026,1.0,0.7619047619047619,0.07835008110750157,0.012573711258013587,0.06577636984948798
2024-05-07,pred_ridge,0.5571428571428572,1.0,0.8571428571428571,0.12461331372546773,0.014137957900227871,0.11047535582523986
2024-05-08,pred_ridge,0.5597402597402598,1.0,0.7619047619047619,0.12377250206431101,0.012444886645664477,0.11132761541864652
2024-05-09,pred_ridge,0.45454545454545453,1.0,0.6190476190476191,0.1188765591947154,-0.001882722895468114,0.12075928209018352
2024-05-10,pred_ridge,0.3246753246753247,0.8,0.6190476190476191,0.10110134025164172,0.00401734365576516,0.09708399659587656
2024-05-13,pred_ridge,0.4636363636363636,1.0,0.5714285714285714,0.1351667459304217,0.001107589248960883,0.13405915668146082
2024-05-14,pred_ridge,0.4194805194805195,1.0,0.5714285714285714,0.15286124734448608,0.006978553664519094,0.14588269367996698
2024-05-15,pred_ridge,0.39090909090909093,0.8,0.47619047619047616,0.11350466451675038,-0.007606474458020362,0.12111113897477074
2024-05-16,pred_ridge,0.4922077922077922,1.0,0.47619047619047616,0.14461230378122303,-0.00781839225485983,0.15243069603608286
2024-05-17,pred_ridge,0.45454545454545453,1.0,0.47619047619047616,0.1540867026883518,-0.00460147329087357,0.15868817597922538
2024-05-20,pred_ridge,0.35844155844155845,0.8,0.5238095238095238,0.12633828191017246,0.008001611720147062,0.1183366701900254
2024-05-21,pred_ridge,0.4246753246753247,0.8,0.5238095238095238,0.11658313563390683,-0.005567134909040083,0.12215027054294691
2024-05-22,pred_ridge,0.3051948051948052,0.8,0.5714285714285714,0.10207873339327585,0.00852810390653196,0.09355062948674389
2024-05-23,pred_ridge,0.2025974025974026,0.8,0.7142857142857143,0.055227199597170464,0.020223331040560132,0.035003868556610335
2024-05-24,pred_ridge,0.2831168831168831,0.8,0.6190476190476191,0.0631159743346101,0.012345285730789834,0.05077068860382026
2024-05-28,pred_ridge,0.15714285714285717,0.8,0.6190476190476191,0.035609407413753805,0.008952899304015794,0.026656508109738013
2024-05-29,pred_ridge,0.2350649350649351,0.8,0.8095238095238095,0.0445425373813904,0.026166531352755974,0.018376006028634425
2024-05-30,pred_ridge,0.2675324675324675,0.8,0.7619047619047619,0.05503315692345514,0.023702560982514644,0.031330595940940495
2024-05-31,pred_ridge,0.2935064935064935,1.0,0.6190476190476191,0.08030889082150092,0.012074675501423871,0.06823421532007705
2024-06-03,pred_ridge,0.2584415584415584,1.0,0.6190476190476191,0.04971749175586391,0.009891172975260853,0.039826318780603054
2024-06-04,pred_ridge,0.36883116883116884,1.0,0.7142857142857143,0.06654332894151734,0.009699611442744893,0.05684371749877244
2024-06-05,pred_ridge,0.10259740259740259,0.8,0.6666666666666666,0.025552790735094866,0.02450151137227221,0.001051279362822656
2024-06-06,pred_ridge,0.3116883116883117,1.0,0.5238095238095238,0.05346054301697314,0.007460883793907103,0.045999659223066036
2024-06-07,pred_ridge,0.4168831168831169,1.0,0.6666666666666666,0.062172087117537876,0.011428461658748246,0.05074362545878963
2024-06-10,pred_ridge,0.425974025974026,1.0,0.7619047619047619,0.06892497129135874,0.01470305363577007,0.054221917655588675
2024-06-11,pred_ridge,0.37272727272727274,1.0,0.9047619047619048,0.036617616524019334,0.01301344159425739,0.023604174929761943
2024-06-12,pred_ridge,0.0961038961038961,0.8,0.8571428571428571,0.015044880390911852,0.017490848668312565,-0.0024459682774007133
2024-06-13,pred_ridge,0.07402597402597402,0.6,0.7142857142857143,0.021274661198070866,0.009708893151562847,0.011565768046508018
2024-06-14,pred_ridge,0.07792207792207792,0.6,0.7619047619047619,0.031163994181812704,0.022539412740811105,0.008624581441001599
2024-06-17,pred_ridge,-0.2025974025974026,0.2,0.6666666666666666,-0.05919608440998973,0.011055604652659246,-0.07025168906264898
2024-06-18,pred_ridge,-0.12727272727272726,0.2,0.6190476190476191,-0.06320730856273545,0.0026842124069803353,-0.06589152096971577
2024-06-20,pred_ridge,-0.18181818181818182,0.2,0.5714285714285714,-0.06609774523156679,0.0016918666712671504,-0.06778961190283395
2024-06-21,pred_ridge,-0.05584415584415584,0.2,0.6666666666666666,-0.022231506054885997,0.007404330113116897,-0.029635836168002895
2024-06-24,pred_ridge,0.044155844155844164,0.4,0.6190476190476191,-0.012322077746676796,0.0028433774985992867,-0.015165455245276082
2024-06-25,pred_ridge,-0.02857142857142857,0.4,0.5238095238095238,-0.06068710002483426,-0.0045310841252200525,-0.056156015899614206
2024-06-26,pred_ridge,-0.01038961038961039,0.4,0.5714285714285714,-0.07082539785670365,-0.008129831067779824,-0.06269556678892382
2024-06-27,pred_ridge,-0.05844155844155843,0.4,0.6190476190476191,-0.05676760436954309,-0.0027621038960632394,-0.05400550047347985
2024-06-28,pred_ridge,-0.2155844155844156,0.2,0.6190476190476191,-0.055661048164134086,0.013122748081559155,-0.06878379624569324
2024-07-01,pred_ridge,-0.2038961038961039,0.4,0.6190476190476191,-0.06859642875095458,0.014480500657935113,-0.0830769294088897
2024-07-02,pred_ridge,-0.11168831168831168,0.2,0.6666666666666666,-0.03543393986962973,0.014166518777916238,-0.04960045864754596
2024-07-03,pred_ridge,-0.16233766233766234,0.2,0.47619047619047616,-0.06852736868795233,0.01766672351929588,-0.0861940922072482
2024-07-05,pred_ridge,-0.1922077922077922,0.2,0.47619047619047616,-0.08864711943674605,0.010075004073651538,-0.0987221235103976
2024-07-08,pred_ridge,-0.28441558441558445,0.2,0.3333333333333333,-0.11095619971758472,-0.008896211097569173,-0.10205998862001554
2024-07-09,pred_ridge,-0.2506493506493506,0.2,0.42857142857142855,-0.0908679952451659,-0.00802837738273927,-0.08283961786242662
2024-07-10,pred_ridge,-0.08051948051948052,0.4,0.3333333333333333,-0.11016521454943337,-0.04248888725245439,-0.06767632729697898
2024-07-11,pred_ridge,-0.2558441558441559,0.0,0.38095238095238093,-0.09976228316446045,-0.02534855052748266,-0.07441373263697779
2024-07-12,pred_ridge,-0.13246753246753248,0.2,0.47619047619047616,-0.09379245615058415,-0.026745033092697067,-0.06704742305788708
2024-07-15,pred_ridge,-0.029870129870129873,0.2,0.38095238095238093,-0.08451556668173958,-0.019810678115180023,-0.06470488856655957
2024-07-16,pred_ridge,-0.12987012987012986,0.2,0.3333333333333333,-0.05430867917167057,-0.01660496791293844,-0.037703711258732134
2024-07-17,pred_ridge,-0.15974025974025974,0.4,0.38095238095238093,0.0040872257784615226,-0.003508622054598054,0.007595847833059576
2024-07-18,pred_ridge,-0.13636363636363635,0.6,0.6190476190476191,0.019830571667554375,0.008972734273708705,0.01085783739384567
2024-07-19,pred_ridge,0.07272727272727272,0.8,0.7619047619047619,0.03169124209628675,0.016427554614270656,0.015263687482016095
2024-07-22,pred_ridge,0.04675324675324675,0.6,0.7142857142857143,0.017045694695155135,0.012774098148437885,0.00427159654671725
2024-07-23,pred_ridge,0.0025974025974025974,0.6,0.7142857142857143,0.01501279528853452,0.01726620417083251,-0.0022534088822979918
2024-07-24,pred_ridge,0.3220779220779221,0.8,0.8095238095238095,0.07491354022868305,0.02302371709904183,0.051889823129641216
2024-07-25,pred_ridge,0.2571428571428571,0.8,0.8095238095238095,0.06948263542550888,0.024754332976295302,0.04472830244921358
2024-07-26,pred_ridge,0.1948051948051948,0.8,0.8095238095238095,0.0631263634330752,0.023300998857439303,0.0398253645756359
2024-07-29,pred_ridge,0.14935064935064934,0.8,0.8095238095238095,0.05886403880023146,0.02218977672198257,0.03667426207824889
2024-07-30,pred_ridge,0.34415584415584416,0.8,0.8095238095238095,0.08445153323507644,0.01881572720914144,0.065635806025935
2024-07-31,pred_ridge,-0.05324675324675325,0.6,0.7619047619047619,0.02865436648701438,0.025525412554446625,0.003128953932567756
2024-08-01,pred_ridge,0.16883116883116883,0.8,0.9047619047619048,0.027711056682610712,0.017226617667863153,0.010484439014747559
2024-08-02,pred_ridge,0.5298701298701299,1.0,0.8571428571428571,0.07637569712743875,0.01992449632612341,0.05645120080131534
2024-08-05,pred_ridge,0.17272727272727273,1.0,0.9047619047619048,0.05603655891804253,0.026319849949443787,0.029716708968598744
2024-08-06,pred_ridge,-0.36103896103896105,0.8,0.9047619047619048,0.018439558384598386,0.037382100153097376,-0.01894254176849899
2024-08-07,pred_ridge,0.01948051948051948,0.8,0.8571428571428571,0.03592113954757772,0.03426804701017041,0.001653092537407308
2024-08-08,pred_ridge,-0.5571428571428572,0.2,0.7142857142857143,-0.03516389302717369,0.02499733362772707,-0.06016122665490076
2024-08-09,pred_ridge,-0.5311688311688313,0.6,0.8095238095238095,-0.025295316211508247,0.030429136901022735,-0.05572445311253098
2024-08-12,pred_ridge,-0.5233766233766234,0.4,0.7142857142857143,-0.022184585128981714,0.03310512119632103,-0.055289706325302744
2024-08-13,pred_ridge,-0.43506493506493504,0.6,0.7619047619047619,-0.019388539969311204,0.028377299746972763,-0.04776583971628397
2024-08-14,pred_ridge,-0.36883116883116884,0.6,0.8095238095238095,-0.00667929551498041,0.025455517880418287,-0.0321348133953987
2024-08-15,pred_ridge,-0.3090909090909091,0.4,0.7619047619047619,-0.025883502350613274,0.027309271918260315,-0.05319277426887359
2024-08-16,pred_ridge,-0.2571428571428571,0.6,0.7142857142857143,-0.024398353318449438,0.01668456984443405,-0.04108292316288349
2024-08-19,pred_ridge,-0.2545454545454545,0.6,0.7142857142857143,-0.036243914437565736,0.018816081954966757,-0.05505999639253249
2024-08-20,pred_ridge,-0.13766233766233765,0.4,0.7619047619047619,-0.04259808682984283,0.010047771120341364,-0.05264585795018419
2024-08-21,pred_ridge,0.033766233766233764,0.6,0.9047619047619048,-0.02366059369098601,0.009419361746923104,-0.03307995543790911
2024-08-22,pred_ridge,0.1064935064935065,0.6,0.8095238095238095,-0.009010851058504254,0.009001041829135992,-0.018011892887640248
2024-08-23,pred_ridge,-0.08441558441558442,0.6,0.7619047619047619,-0.020761627007760942,0.010166628646891707,-0.03092825565465265
2024-08-26,pred_ridge,-0.08051948051948052,0.6,0.7619047619047619,8.94881189821728e-05,0.00813108900741959,-0.008041600888437417
2024-08-27,pred_ridge,-0.02727272727272727,0.2,0.7142857142857143,-0.010145269490177734,-0.00021125469626304128,-0.009934014793914692
2024-08-28,pred_ridge,0.02857142857142857,0.4,0.7619047619047619,0.0035492144838659588,0.0074062564379788086,-0.0038570419541128498
2024-08-29,pred_ridge,0.1948051948051948,0.8,0.8095238095238095,0.024559502475129457,0.005912209495689757,0.0186472929794397
2024-08-30,pred_ridge,0.22337662337662337,0.8,0.7619047619047619,0.01799341988965688,0.0020564266922336706,0.01593699319742321
2024-09-03,pred_ridge,0.46753246753246747,0.8,0.8095238095238095,0.050954475919238254,-0.002291287630196437,0.053245763549434694
2024-09-04,pred_ridge,0.6415584415584416,1.0,0.8095238095238095,0.06714615223644227,-0.004426942807116685,0.07157309504355895
2024-09-05,pred_ridge,0.6688311688311688,1.0,0.8095238095238095,0.07803633103372057,-0.003974559949054002,0.08201089098277457
2024-09-06,pred_ridge,0.7896103896103897,1.0,0.8095238095238095,0.131835760556531,0.003650354318891491,0.12818540623763952
2024-09-09,pred_ridge,0.7038961038961039,1.0,0.7619047619047619,0.1115966797819333,-0.009278857031724708,0.12087553681365801
2024-09-10,pred_ridge,0.8025974025974025,1.0,0.7619047619047619,0.12368811667599786,-0.014196351386663818,0.13788446806266166
2024-09-11,pred_ridge,0.7220779220779221,1.0,0.7142857142857143,0.08957569208767935,0.0013790603489067799,0.08819663173877257
2024-09-12,pred_ridge,0.7116883116883117,1.0,0.7142857142857143,0.07125376657490837,-0.005536843188158458,0.07679060976306683
2024-09-13,pred_ridge,0.612987012987013,1.0,0.7142857142857143,0.07010144616678811,-0.0066510343882386636,0.07675248055502677
2024-09-16,pred_ridge,0.6766233766233766,1.0,0.7142857142857143,0.09123327895300223,-0.0044526054208694045,0.09568588437387164
2024-09-17,pred_ridge,0.28181818181818186,0.8,0.6190476190476191,0.03930040099295991,0.003934611572388147,0.03536578942057176
2024-09-18,pred_ridge,0.3064935064935065,0.8,0.6666666666666666,0.04328737857113622,0.01387349088312686,0.029413887688009364
2024-09-19,pred_ridge,0.05454545454545454,0.8,0.6190476190476191,0.015981913790277736,0.010050483128694433,0.0059314306615833035
2024-09-20,pred_ridge,0.03506493506493507,0.8,0.6190476190476191,0.03482520870085972,0.015699230666878772,0.01912597803398095
2024-09-23,pred_ridge,0.09220779220779221,0.8,0.5714285714285714,0.03580483542321833,-0.0028372232564723766,0.038642058679690706
2024-09-24,pred_ridge,0.09090909090909091,0.8,0.5714285714285714,0.0265179850326732,0.014680128423091632,0.011837856609581567
2024-09-25,pred_ridge,0.03766233766233767,0.6,0.5238095238095238,5.225749862116658e-05,-0.0025489235272945663,0.002601181025915733
2024-09-26,pred_ridge,0.11428571428571428,0.6,0.5238095238095238,0.0041207182387916095,-0.01191008831722884,0.01603080655602045
2024-09-27,pred_ridge,0.07402597402597402,0.6,0.47619047619047616,0.006612286826558744,-0.014224560877968551,0.020836847704527296
2024-09-30,pred_ridge,0.08441558441558442,0.6,0.5238095238095238,0.0032115474521596356,-0.0004229009601106171,0.003634448412270253
2024-10-01,pred_ridge,0.11168831168831168,0.8,0.47619047619047616,0.03050172572643517,-4.30687999664725e-05,0.03054479452640164
2024-10-02,pred_ridge,0.13636363636363635,0.8,0.47619047619047616,0.01675957939873394,-0.006004496142824478,0.022764075541558418
2024-10-03,pred_ridge,-0.11168831168831168,0.4,0.3333333333333333,-0.030497769383800066,-0.0045765036141869105,-0.025921265769613157
2024-10-04,pred_ridge,-0.05584415584415584,0.2,0.23809523809523808,-0.033394267557846004,-0.020502156716315723,-0.012892110841530281
2024-10-07,pred_ridge,0.059740259740259746,0.4,0.38095238095238093,-0.028649279499023805,-0.01256972207808904,-0.016079557420934764
2024-10-08,pred_ridge,-0.06753246753246753,0.4,0.42857142857142855,-0.027272763895298046,-0.0018018709259484567,-0.02547089296934959
2024-10-09,pred_ridge,-0.05454545454545454,0.6,0.47619047619047616,-0.011087933758364454,0.0007389231952368291,-0.011826856953601283
2024-10-10,pred_ridge,0.21038961038961035,0.8,0.6190476190476191,0.008977982470020884,0.0019827573529394684,0.006995225117081416
2024-10-11,pred_ridge,0.08181818181818182,0.8,0.5238095238095238,0.005323980840546616,0.006519444561725552,-0.001195463721178936
2024-10-14,pred_ridge,-0.04155844155844156,0.4,0.42857142857142855,-0.021421971333116584,0.009101599731060884,-0.030523571064177468
2024-10-15,pred_ridge,0.07922077922077922,0.6,0.42857142857142855,0.023475175556028516,0.004833496892094624,0.018641678663933892
2024-10-16,pred_ridge,0.16883116883116883,0.8,0.47619047619047616,0.02590589582032641,0.0002452837674457031,0.025660612052880706
2024-10-17,pred_ridge,0.13376623376623376,0.8,0.5238095238095238,0.022744293105212844,-0.0013177694061542234,0.02406206251136707
2024-10-18,pred_ridge,-0.14415584415584418,0.4,0.38095238095238093,-0.018452072392989537,-0.0067244636436254,-0.011727608749364137
2024-10-21,pred_ridge,-0.2935064935064935,0.2,0.38095238095238093,-0.027658356511016648,0.0005543186760184948,-0.028212675187035144
2024-10-22,pred_ridge,-0.11428571428571428,0.4,0.42857142857142855,-0.014842736414326162,0.002682099886582723,-0.017524836300908887
2024-10-23,pred_ridge,-0.012987012987012986,0.6,0.47619047619047616,0.0038658622033950875,0.006673400816978758,-0.002807538613583671
2024-10-24,pred_ridge,-0.07142857142857142,0.4,0.47619047619047616,0.005994835994983139,0.011647196900171287,-0.005652360905188148
2024-10-25,pred_ridge,-0.20909090909090908,0.4,0.5714285714285714,-0.005034519312513375,0.02297900137474327,-0.028013520687256644
2024-10-28,pred_ridge,-0.1948051948051948,0.2,0.6190476190476191,-0.010964966267363652,0.017303591276479492,-0.028268557543843144
2024-10-29,pred_ridge,-0.1935064935064935,0.2,0.6190476190476191,-0.01579848969038653,0.019905534249970037,-0.03570402394035657
2024-10-30,pred_ridge,-0.15974025974025974,0.2,0.6190476190476191,-0.006813829063482202,0.018962874795505246,-0.02577670385898745
2024-10-31,pred_ridge,0.15844155844155844,0.8,0.8571428571428571,0.026199722641746016,0.015722796796348117,0.010476925845397899
2024-11-01,pred_ridge,0.28051948051948056,0.8,0.8095238095238095,0.03610932351303373,0.026121992444275665,0.009987331068758067
2024-11-04,pred_ridge,0.4766233766233766,1.0,0.9047619047619048,0.0616472918398074,0.01057908290566456,0.051068208934142836
2024-11-05,pred_ridge,0.3207792207792208,0.8,0.8095238095238095,0.03364677639027893,0.016076482950869452,0.01757029343940948
2024-11-06,pred_ridge,0.16753246753246753,0.4,0.7142857142857143,0.022663256539841425,0.010379594976684569,0.012283661563156856
2024-11-07,pred_ridge,0.07662337662337662,0.8,0.6666666666666666,0.022687230909222332,0.0013233244744114137,0.02136390643481092
2024-11-08,pred_ridge,0.11038961038961038,0.8,0.6190476190476191,0.02196924499642745,0.003258175493308824,0.018711069503118627
2024-11-11,pred_ridge,0.031168831168831172,0.8,0.6190476190476191,0.021510130507794933,0.003960970550796738,0.017549159956998194
2024-11-12,pred_ridge,0.15974025974025974,0.8,0.7619047619047619,0.03477718284096287,0.004916651188395638,0.029860531652567236
2024-11-13,pred_ridge,0.36103896103896105,0.8,0.6190476190476191,0.02935879801895076,0.003117032853087931,0.026241765165862827
2024-11-14,pred_ridge,0.13506493506493505,0.6,0.7142857142857143,0.009683571073777531,0.022757941773535916,-0.013074370699758385
2024-11-15,pred_ridge,0.374025974025974,0.8,0.6666666666666666,0.053720409702382274,0.01128262890706815,0.04243778079531413
2024-11-18,pred_ridge,0.43376623376623374,0.8,0.6666666666666666,0.05245314924693891,0.007297865628796396,0.045155283618142514
2024-11-19,pred_ridge,-0.0038961038961038965,0.4,0.2857142857142857,9.296320460698837e-05,-0.007692690803797619,0.007785654008404607
2024-11-20,pred_ridge,0.06623376623376624,0.4,0.2857142857142857,0.0001049246013113292,-0.009607228363871134,0.009712152965182463
2024-11-21,pred_ridge,0.11038961038961038,0.6,0.3333333333333333,-0.0016778408941380495,-0.027883587983039783,0.026205747088901735
2024-11-22,pred_ridge,0.2558441558441559,0.8,0.38095238095238093,0.0357332213764038,0.0027300727703091663,0.033003148606094636
2024-11-25,pred_ridge,0.3311688311688311,0.8,0.42857142857142855,0.032746190342697254,-0.009627201357588589,0.04237339170028584
2024-11-26,pred_ridge,0.36883116883116884,0.8,0.47619047619047616,0.018604028732971067,-0.018204358731171343,0.03680838746414241
2024-11-27,pred_ridge,0.37142857142857144,1.0,0.38095238095238093,0.030776908371268962,-0.006071645106391199,0.03684855347766016
2024-11-29,pred_ridge,0.23766233766233766,0.6,0.2857142857142857,0.006664468886745101,-0.028143054779339406,0.03480752366608451
2024-12-02,pred_ridge,-0.045454545454545456,0.0,0.09523809523809523,-0.021169524501204618,-0.004797250881546833,-0.016372273619657783
2024-12-03,pred_ridge,0.02077922077922078,0.0,0.14285714285714285,-0.022463415134006227,-0.0015701902361202613,-0.020893224897885965
2024-12-04,pred_ridge,0.11428571428571428,0.0,0.09523809523809523,-0.017717198799382404,-0.003204845381733934,-0.01451235341764847
2024-12-05,pred_ridge,0.3077922077922078,0.6,0.3333333333333333,0.013833589593547368,-0.008906264749265768,0.022739854342813136
2024-12-06,pred_ridge,0.14935064935064934,0.2,0.19047619047619047,-0.002736479776148082,-0.01357811664760764,0.010841636871459559
2024-12-09,pred_ridge,0.12077922077922078,0.4,0.23809523809523808,0.001872429019313393,-0.012308105702880035,0.014180534722193428
2024-12-10,pred_ridge,0.07532467532467534,0.4,0.14285714285714285,-0.005331973299459269,-0.024300621859888284,0.018968648560429013
2024-12-11,pred_ridge,-0.04025974025974026,0.4,0.19047619047619047,-0.017484188709736736,-0.024880041830024437,0.007395853120287701
2024-12-12,pred_ridge,0.17922077922077922,0.4,0.19047619047619047,-0.011958336874416298,-0.016486069510201463,0.004527732635785165
2024-12-13,pred_ridge,0.2532467532467532,0.6,0.38095238095238093,0.006634959742508384,-0.003996844971430625,0.010631804713939009
2024-12-16,pred_ridge,0.448051948051948,1.0,0.42857142857142855,0.03405161692640775,-0.012536673329764714,0.04658829025617246
2024-12-17,pred_ridge,0.4831168831168831,0.8,0.42857142857142855,0.03819932562902582,-0.006816505035825005,0.04501583066485082
2024-12-18,pred_ridge,0.7285714285714285,1.0,0.8571428571428571,0.07855003943739836,0.0037765986216530267,0.07477344081574533
2024-12-19,pred_ridge,0.6636363636363637,1.0,0.9047619047619048,0.07708329760570862,0.011394691098187226,0.0656886065075214
2024-12-20,pred_ridge,0.6558441558441558,1.0,0.8095238095238095,0.07525679805097077,0.008394366594157265,0.0668624314568135
2024-12-23,pred_ridge,0.387012987012987,1.0,0.8095238095238095,0.04737976091153171,0.01451284076645074,0.03286692014508097
2024-12-24,pred_ridge,0.1155844155844156,0.6,0.6666666666666666,-0.00585286413522883,0.007271106739244071,-0.0131239708744729
2024-12-26,pred_ridge,-0.04675324675324675,0.6,0.7619047619047619,0.011416766779792864,0.01024549322443955,0.0011712735553533141
2024-12-27,pred_ridge,0.045454545454545456,0.6,0.7619047619047619,0.021485883647973103,0.020003979914204995,0.0014819037337681085
2024-12-30,pred_ridge,0.1935064935064935,0.8,0.9047619047619048,0.04583302225251982,0.02210725714841937,0.02372576510410045
2024-12-31,pred_ridge,0.07922077922077922,0.6,0.9047619047619048,0.029514886907458848,0.01555320760451453,0.013961679302944318
2025-01-02,pred_ridge,0.04155844155844156,0.6,0.8571428571428571,0.008996965026454574,0.027441301076868284,-0.01844433605041371
2025-01-03,pred_ridge,0.044155844155844164,0.6,0.8571428571428571,-0.000997721343684943,0.016053730561149605,-0.017051451904834546
2025-01-06,pred_ridge,-0.11038961038961038,0.4,0.8095238095238095,-0.01843246219261365,0.028534519977189234,-0.046966982169802884
2025-01-07,pred_ridge,-0.14025974025974028,0.4,0.8095238095238095,0.011456175023404302,0.03229394264857712,-0.02083776762517282
2025-01-08,pred_ridge,-0.14155844155844155,0.4,0.8095238095238095,0.011849579197177018,0.02430332139692091,-0.01245374219974389
2025-01-10,pred_ridge,-0.029870129870129873,0.6,0.8571428571428571,0.037089980442748915,0.027516617866333592,0.009573362576415324
2025-01-13,pred_ridge,0.174025974025974,0.6,0.8571428571428571,0.048493053160288915,0.017933482314782333,0.030559570845506583
2025-01-14,pred_ridge,0.08181818181818182,0.6,0.8095238095238095,0.04938613763954216,0.019758717488548495,0.029627420150993664
2025-01-15,pred_ridge,0.07012987012987014,0.6,0.8095238095238095,0.043608602436269,0.016365768819236414,0.02724283361703259
2025-01-16,pred_ridge,0.11038961038961038,0.8,0.8571428571428571,0.04339666062702994,0.011649916035156704,0.03174674459187324
2025-01-17,pred_ridge,-0.012987012987012986,0.6,0.8095238095238095,0.02599524152734336,0.011750437306349415,0.014244804220993943
2025-01-21,pred_ridge,-0.15714285714285717,0.2,0.6666666666666666,0.012363396024370355,0.012218826290912177,0.00014456973345817851
2025-01-22,pred_ridge,-0.22597402597402597,0.2,0.7142857142857143,-0.008967537312779928,0.013680091423077157,-0.022647628735857087
2025-01-23,pred_ridge,-0.15584415584415584,0.2,0.5714285714285714,-0.03150294643879699,0.008533080059383136,-0.040036026498180124
2025-01-24,pred_ridge,-0.2597402597402597,0.4,0.5714285714285714,-0.038065602124003714,0.003014184107952311,-0.041079786231956024
2025-01-27,pred_ridge,0.13116883116883118,0.4,0.5238095238095238,0.008344096349906937,0.02009149661613503,-0.011747400266228092
2025-01-28,pred_ridge,0.04025974025974026,0.4,0.5238095238095238,-0.008201110509733356,0.008411843122070906,-0.01661295363180426
2025-01-29,pred_ridge,-0.2987012987012987,0.0,0.42857142857142855,-0.04931344655937313,-0.005174202012076812,-0.044139244547296314
2025-01-30,pred_ridge,-0.32727272727272727,0.2,0.5238095238095238,-0.03264550771806209,-0.0022747401341453254,-0.03037076758391677
2025-01-31,pred_ridge,-0.425974025974026,0.2,0.47619047619047616,-0.04792996932220801,0.0028422852047601975,-0.05077225452696821
2025-02-03,pred_ridge,-0.5051948051948052,0.0,0.38095238095238093,-0.03578994862495342,0.012419014246771365,-0.048208962871724784
2025-02-04,pred_ridge,-0.32597402597402597,0.2,0.42857142857142855,-0.030591630731136334,0.004283611031091583,-0.034875241762227914
2025-02-05,pred_ridge,-0.5233766233766234,0.0,0.38095238095238093,-0.05333358764681624,0.0025000831080778108,-0.05583367075489405
2025-02-06,pred_ridge,-0.44155844155844154,0.0,0.38095238095238093,-0.0419047589095727,0.0004376291624521134,-0.04234238807202482
2025-02-07,pred_ridge,-0.5896103896103897,0.0,0.3333333333333333,-0.0845529164973325,0.005166114790879717,-0.08971903128821222
2025-02-10,pred_ridge,-0.6051948051948052,0.0,0.23809523809523808,-0.09634013297524831,-0.010265064089584964,-0.08607506888566334
2025-02-11,pred_ridge,-0.6285714285714287,0.0,0.23809523809523808,-0.08155674202324262,0.00046804947082248474,-0.08202479149406511
2025-02-12,pred_ridge,-0.6077922077922078,0.0,0.19047619047619047,-0.08143295511732498,-0.003438131172544412,-0.07799482394478058
2025-02-13,pred_ridge,-0.5194805194805194,0.2,0.2857142857142857,-0.06711106280866115,0.000604714661642336,-0.06771577747030348
2025-02-14,pred_ridge,-0.2584415584415584,0.2,0.47619047619047616,-0.05841422656785511,-0.02906729959907741,-0.0293469269687777
2025-02-18,pred_ridge,-0.5220779220779221,0.2,0.3333333333333333,-0.07091219121519243,0.010888213263030888,-0.08180040447822332
2025-02-19,pred_ridge,-0.5246753246753247,0.0,0.3333333333333333,-0.097627621516862,0.00841539688038817,-0.10604301839725017
2025-02-20,pred_ridge,-0.5116883116883117,0.0,0.23809523809523808,-0.0951872073315155,0.010718752281261512,-0.10590595961277702
2025-02-21,pred_ridge,-0.5324675324675324,0.0,0.2857142857142857,-0.07670617209802429,0.002088057529315024,-0.07879422962733931
2025-02-24,pred_ridge,-0.45194805194805193,0.0,0.38095238095238093,-0.042182387396091106,-0.00014518705229698002,-0.04203720034379413
2025-02-25,pred_ridge,-0.35584415584415585,0.0,0.19047619047619047,-0.02773001596959106,-0.002205688619619961,-0.0255243273499711
2025-02-26,pred_ridge,-0.6532467532467533,0.0,0.14285714285714285,-0.06996904870415219,0.003652752431874795,-0.07362180113602698
2025-02-27,pred_ridge,-0.4766233766233766,0.0,0.19047619047619047,-0.041160894706289364,0.0007682226363887823,-0.041929117342678145
2025-02-28,pred_ridge,-0.5935064935064935,0.0,0.19047619047619047,-0.08332750774189093,-0.01401108876368089,-0.06931641897821005
2025-03-03,pred_ridge,-0.6051948051948052,0.0,0.23809523809523808,-0.05966506118094563,-0.01294021358570956,-0.04672484759523607
2025-03-04,pred_ridge,-0.48441558441558447,0.0,0.47619047619047616,-0.047874305282560405,-0.0015090983036955441,-0.04636520697886486
2025-03-05,pred_ridge,-0.4142857142857143,0.2,0.3333333333333333,-0.040809864080343684,-0.008891486920580371,-0.03191837715976331
2025-03-06,pred_ridge,-0.6324675324675325,0.0,0.2857142857142857,-0.09909161140944087,-0.005103254188575645,-0.09398835722086522
2025-03-07,pred_ridge,-0.6454545454545455,0.0,0.14285714285714285,-0.150590075913147,-0.01884241861100766,-0.13174765730213933
2025-03-10,pred_ridge,-0.5571428571428572,0.0,0.047619047619047616,-0.09653649374929585,-0.03088521455098494,-0.0656512791983109
2025-03-11,pred_ridge,-0.7155844155844155,0.0,0.047619047619047616,-0.11858301355180563,-0.017480984495409645,-0.10110202905639598
2025-03-12,pred_ridge,-0.24285714285714283,0.2,0.19047619047619047,-0.018277173511090438,-0.0005167210509864795,-0.017760452460103958
2025-03-13,pred_ridge,-0.4766233766233766,0.2,0.14285714285714285,-0.04949916064055078,-0.015822250940062,-0.03367690970048878
2025-03-14,pred_ridge,-0.45454545454545453,0.0,0.09523809523809523,-0.06169544925418184,-0.013723745842001178,-0.04797170341218066
2025-03-17,pred_ridge,-0.5415584415584416,0.0,0.09523809523809523,-0.0654205927159899,-0.0109665011192982,-0.054454091596691706
2025-03-18,pred_ridge,-0.4142857142857143,0.2,0.14285714285714285,-0.04514264865483364,-0.004381267130819766,-0.04076138152401387
2025-03-19,pred_ridge,-0.6337662337662338,0.0,0.09523809523809523,-0.1007290334514845,-0.002817217661163918,-0.09791181579032059
2025-03-20,pred_ridge,-0.7194805194805195,0.0,0.09523809523809523,-0.10743282472822888,-0.00039282104322817534,-0.1070400036850007
2025-03-21,pred_ridge,-0.6948051948051948,0.0,0.09523809523809523,-0.13432991770735805,0.0018278314983496858,-0.13615774920570775
2025-03-24,pred_ridge,-0.5805194805194805,0.0,0.14285714285714285,-0.1320988208324428,0.006907198230876777,-0.13900601906331955
2025-03-25,pred_ridge,-0.5415584415584416,0.0,0.19047619047619047,-0.10885843756049345,-0.014585588371327752,-0.09427284918916569
2025-03-26,pred_ridge,-0.41038961038961036,0.0,0.2857142857142857,-0.05548174953951246,-0.005974410853715706,-0.04950733868579675
2025-03-27,pred_ridge,-0.24025974025974026,0.2,0.38095238095238093,-0.026092512838338043,-0.005114694797395791,-0.020977818040942252
2025-03-28,pred_ridge,-0.11948051948051949,0.6,0.42857142857142855,-0.0029932838608161872,-0.004770480084058937,0.0017771962232427494
2025-03-31,pred_ridge,0.24415584415584415,0.8,0.42857142857142855,0.00800323448448852,-0.027297721637473172,0.03530095612196169
2025-04-01,pred_ridge,0.0935064935064935,0.6,0.3333333333333333,-0.00600789602652454,-0.026346933962779717,0.020339037936255175
2025-04-02,pred_ridge,0.35194805194805195,0.6,0.23809523809523808,0.02303764493424585,-0.03387815792442508,0.05691580285867093
2025-04-03,pred_ridge,0.7285714285714285,1.0,0.6666666666666666,0.10013820372755107,-0.006540124954396598,0.10667832868194767
2025-04-04,pred_ridge,0.7727272727272727,1.0,0.8571428571428571,0.1395857422863836,0.004129053984077302,0.13545668830230628
2025-04-07,pred_ridge,0.5805194805194805,1.0,0.8571428571428571,0.12958440233228688,0.028182031627507098,0.10140237070477978
2025-04-08,pred_ridge,0.7389610389610389,1.0,0.9047619047619048,0.14956834352888765,0.0346098452017571,0.11495849832713055
2025-04-09,pred_ridge,0.24155844155844156,0.8,0.8095238095238095,0.038778775558841905,0.012912761895697877,0.025866013663144026
2025-04-10,pred_ridge,0.6467532467532467,1.0,0.9047619047619048,0.0848074057224499,0.025269671776879953,0.05953773394556994
2025-04-11,pred_ridge,0.8129870129870129,1.0,0.9047619047619048,0.1200162399941429,0.010406375946832446,0.10960986404731046
2025-04-14,pred_ridge,0.8714285714285716,1.0,0.8571428571428571,0.15142827575684542,-0.001791399566395535,0.15321967532324096
2025-04-15,pred_ridge,0.8675324675324675,1.0,0.7619047619047619,0.16209871554633332,0.0019668729858297817,0.16013184256050353
2025-04-16,pred_ridge,0.877922077922078,1.0,0.8095238095238095,0.20269207780435824,-0.0005839465641844122,0.20327602436854267
2025-04-17,pred_ridge,0.851948051948052,1.0,0.8571428571428571,0.20127943381952984,0.0023741028528228457,0.19890533096670698
2025-04-21,pred_ridge,0.8454545454545455,1.0,0.9523809523809523,0.23829993025146962,0.005195545042071181,0.23310438520939844
2025-04-22,pred_ridge,0.8168831168831169,1.0,0.8571428571428571,0.20117651427849254,0.00474126770475467,0.19643524657373787
2025-04-23,pred_ridge,0.751948051948052,1.0,0.8095238095238095,0.1534301531656054,0.005584024617169492,0.1478461285484359
2025-04-24,pred_ridge,0.6766233766233766,0.8,0.7142857142857143,0.12655319479051005,-0.009943807717991504,0.13649700250850155
2025-04-25,pred_ridge,0.6506493506493506,0.8,0.7142857142857143,0.09722598989293833,0.00787708781472396,0.08934890207821437
2025-04-28,pred_ridge,0.7051948051948052,0.8,0.7142857142857143,0.12791660509270145,0.006389259328041441,0.12152734576466001
2025-04-29,pred_ridge,0.6025974025974027,0.8,0.7142857142857143,0.11924155932472683,0.004298752650066251,0.11494280667466057
2025-04-30,pred_ridge,0.7168831168831169,1.0,0.8095238095238095,0.13729409510131035,0.006832977959060104,0.13046111714225025
2025-05-01,pred_ridge,0.6103896103896104,1.0,0.8095238095238095,0.10682045875078679,0.017137603494133114,0.08968285525665368
2025-05-02,pred_ridge,0.6363636363636362,1.0,0.7142857142857143,0.09657554131663755,0.00844034689845279,0.08813519441818476
2025-05-05,pred_ridge,0.7363636363636364,1.0,0.7142857142857143,0.11407838715567578,0.008871554200545839,0.10520683295512995
2025-05-06,pred_ridge,0.7558441558441559,1.0,0.8571428571428571,0.12595811111218763,0.007732156941191492,0.11822595417099614
2025-05-07,pred_ridge,0.774025974025974,1.0,0.7142857142857143,0.10257659134703942,-0.001129109291953667,0.10370570063899309
2025-05-08,pred_ridge,0.5987012987012986,1.0,0.8571428571428571,0.10900766641529196,0.01265335942403405,0.09635430699125791
2025-05-09,pred_ridge,0.6402597402597403,1.0,0.8095238095238095,0.11723070966739538,0.013499328494551887,0.10373138117284349
2025-05-12,pred_ridge,0.45974025974025967,1.0,0.8571428571428571,0.06989595951881529,0.013371870115909856,0.05652408940290543
2025-05-13,pred_ridge,0.45194805194805193,1.0,0.8571428571428571,0.04387365065099269,0.008031377876122958,0.03584227277486973
2025-05-14,pred_ridge,0.36233766233766235,1.0,0.9047619047619048,0.03802287221020739,0.013059474354934352,0.024963397855273038
2025-05-15,pred_ridge,0.5233766233766234,1.0,0.8095238095238095,0.03219960917575064,-0.003930390476840806,0.03612999965259145
2025-05-16,pred_ridge,0.7467532467532467,1.0,0.6190476190476191,0.050877800805600115,-0.009287957438925586,0.060165758244525705
2025-05-19,pred_ridge,0.5584415584415584,1.0,0.6190476190476191,0.046276681657750715,-0.006288334364333315,0.05256501602208403
2025-05-20,pred_ridge,0.5,1.0,0.6666666666666666,0.0526565590351634,-0.007285523969626206,0.059942083004789606
2025-05-21,pred_ridge,0.6402597402597403,1.0,0.7142857142857143,0.060730457695034046,0.00044853142156091596,0.06028192627347313
2025-05-22,pred_ridge,0.7597402597402596,1.0,0.9047619047619048,0.06659624666793063,0.0026187497742440778,0.06397749689368655
2025-05-23,pred_ridge,0.8051948051948051,1.0,0.8571428571428571,0.09576950802897985,0.0042665892211937615,0.09150291880778609
2025-05-27,pred_ridge,0.7285714285714285,1.0,0.7619047619047619,0.07805638446764304,-0.005953272760799044,0.08400965722844209
2025-05-28,pred_ridge,0.8220779220779221,1.0,0.8571428571428571,0.09214631734381942,-0.0008218390194294489,0.09296815636324887
2025-05-29,pred_ridge,0.8662337662337661,1.0,0.8095238095238095,0.08755688342157737,-0.0012429894541204467,0.08879987287569782
2025-05-30,pred_ridge,0.8558441558441559,1.0,0.8571428571428571,0.10206242434441118,-0.003184010682925531,0.10524643502733672
2025-06-02,pred_ridge,0.8155844155844156,1.0,0.8095238095238095,0.06746642861295085,-7.136123944384565e-06,0.06747356473689524
2025-06-03,pred_ridge,0.8285714285714286,1.0,0.8095238095238095,0.06975958315361615,-0.0005839806185968577,0.070343563772213
2025-06-04,pred_ridge,0.8714285714285716,1.0,0.8571428571428571,0.07242570557058396,-0.005084589619439472,0.07751029519002343
2025-06-05,pred_ridge,0.8740259740259739,1.0,0.8571428571428571,0.0689723550830493,-0.008634288768951736,0.07760664385200104
2025-06-06,pred_ridge,0.8220779220779221,1.0,0.8571428571428571,0.06611524078435202,-0.010040149642395923,0.07615539042674795
2025-06-09,pred_ridge,0.8415584415584414,1.0,0.8095238095238095,0.06974922291883638,-0.006073248757268557,0.07582247167610494
2025-06-10,pred_ridge,0.764935064935065,1.0,0.7619047619047619,0.05810184118169848,0.009233245004154655,0.04886859617754382
2025-06-11,pred_ridge,0.7909090909090909,1.0,0.8095238095238095,0.05905713280894855,-0.009553423771616632,0.06861055658056518
2025-06-12,pred_ridge,0.774025974025974,1.0,0.7619047619047619,0.05357778237378206,-0.010998932872910094,0.06457671524669215
2025-06-13,pred_ridge,0.7012987012987012,0.8,0.7142857142857143,0.07536023844594186,-0.010903119260685767,0.08626335770662763
2025-06-16,pred_ridge,0.2636363636363636,0.6,0.6666666666666666,0.03828861546898401,-0.008368487862686892,0.046657103331670904
2025-06-17,pred_ridge,0.35194805194805195,0.6,0.7142857142857143,0.04702761470193721,-0.006949721487862837,0.05397733618980005
2025-06-18,pred_ridge,0.36363636363636365,0.6,0.6666666666666666,0.04157574023072217,-0.005066579405236138,0.04664231963595831
2025-06-20,pred_ridge,0.40259740259740256,0.6,0.7142857142857143,0.04469186130113863,-0.0034251701305257677,0.048117031431664396
2025-06-23,pred_ridge,0.39090909090909093,0.6,0.8095238095238095,0.02430120140028098,-0.003585110780281542,0.027886312180562523
2025-06-24,pred_ridge,0.42727272727272725,0.8,0.7619047619047619,0.020994804332273808,-0.003247519902151175,0.024242324234424982
2025-06-25,pred_ridge,0.43636363636363634,0.8,0.8571428571428571,0.020443006134417564,0.0007003059212403962,0.01974270021317717
2025-06-26,pred_ridge,0.2792207792207792,0.6,0.7619047619047619,0.008913053345908617,0.0011364773242450888,0.007776576021663528
2025-06-27,pred_ridge,0.39610389610389607,0.6,0.7142857142857143,0.017010916716579595,-8.58418531708427e-06,0.01701950090189668
2025-06-30,pred_ridge,0.2350649350649351,0.6,0.6666666666666666,0.00704928231592532,0.011396857063592702,-0.004347574747667382
2025-07-01,pred_ridge,0.0961038961038961,0.6,0.6190476190476191,0.023089414613390136,0.00819038532075107,0.014899029292639067
2025-07-02,pred_ridge,0.22987012987012984,0.8,0.47619047619047616,0.023017447880347965,0.0112092914203215,0.011808156460026465
2025-07-03,pred_ridge,-0.05714285714285714,0.4,0.42857142857142855,-0.003388852018131927,0.016895397636280295,-0.020284249654412223
2025-07-07,pred_ridge,0.031168831168831172,0.6,0.6666666666666666,0.022738807511896476,0.02093074280800933,0.001808064703887148
2025-07-08,pred_ridge,-0.0025974025974025974,0.6,0.6666666666666666,0.006653078338924834,0.00962759310783432,-0.0029745147689094857
2025-07-09,pred_ridge,0.12987012987012986,0.6,0.7142857142857143,-9.9585442911998e-05,0.006729724089124334,-0.006829309532036332
2025-07-10,pred_ridge,0.3077922077922078,0.8,0.7142857142857143,0.020337102461010524,0.0013248660851646222,0.0190122363758459
2025-07-11,pred_ridge,0.13636363636363635,0.8,0.7142857142857143,0.026568568959722306,0.01250408576591755,0.014064483193804756
2025-07-14,pred_ridge,0.10389610389610389,0.6,0.6666666666666666,0.0051786280625451655,0.009887767499947265,-0.004709139437402099
2025-07-15,pred_ridge,0.03506493506493507,0.4,0.7619047619047619,-0.003102249211727748,0.017436757805849523,-0.02053900701757727
2025-07-16,pred_ridge,0.0025974025974025974,0.8,0.8095238095238095,0.0341682444619809,0.019932392742208305,0.014235851719772593
2025-07-17,pred_ridge,0.05584415584415584,0.6,0.7619047619047619,0.025405131752074882,0.011420073270153219,0.013985058481921664
2025-07-18,pred_ridge,0.2792207792207792,0.8,0.7142857142857143,0.04089759308671759,0.008350615583980115,0.032546977502737474
2025-07-21,pred_ridge,0.38831168831168833,0.8,0.8571428571428571,0.04321352908232332,0.010197505277257334,0.03301602380506599
2025-07-22,pred_ridge,0.27662337662337666,0.8,0.8095238095238095,0.038822433481764396,0.009707218452841814,0.02911521502892258
2025-07-23,pred_ridge,0.14935064935064934,0.6,0.6666666666666666,0.01979531523453526,0.0035893121247950743,0.016206003109740186
2025-07-24,pred_ridge,0.13506493506493505,0.6,0.6666666666666666,0.0077230671449891155,0.003137671042839818,0.004585396102149298
2025-07-25,pred_ridge,0.3038961038961039,1.0,0.9047619047619048,0.0315607283111532,0.009059826659486458,0.022500901651666738
2025-07-28,pred_ridge,0.251948051948052,1.0,0.9047619047619048,0.02204499776137685,0.01142431605871872,0.010620681702658131
2025-07-29,pred_ridge,0.5818181818181818,0.8,0.7142857142857143,0.03731525459217853,0.0074568810250331685,0.02985837356714536
2025-07-30,pred_ridge,0.49870129870129876,1.0,0.9047619047619048,0.04238794718987373,0.009703180724976824,0.0326847664648969
2025-07-31,pred_ridge,0.42207792207792205,0.8,0.8095238095238095,0.03377275335496279,-0.0045190518236609915,0.03829180517862378
2025-08-01,pred_ridge,0.38051948051948054,0.8,0.7619047619047619,0.0428824160982328,-0.005486714657378378,0.04836913075561118
2025-08-04,pred_ridge,0.2831168831168831,0.6,0.6190476190476191,0.008135984344478087,0.0010902673506590689,0.007045716993819019
2025-08-05,pred_ridge,0.24545454545454545,0.6,0.6666666666666666,0.01646158692819799,0.0029839135632735657,0.013477673364924425
2025-08-06,pred_ridge,0.26233766233766237,0.6,0.7142857142857143,0.024418140566331892,0.01107702464996474,0.013341115916367153
2025-08-07,pred_ridge,0.3948051948051948,0.6,0.7619047619047619,0.03165240323563721,0.0031922214596572076,0.02846018177598
2025-08-08,pred_ridge,0.2922077922077922,0.6,0.7142857142857143,0.02182566219009312,-0.0036710903825214027,0.025496752572614523
2025-08-11,pred_ridge,0.4727272727272727,0.6,0.6666666666666666,0.03374246913699715,-0.0031409131418842495,0.036883382278881396
2025-08-12,pred_ridge,0.22727272727272727,0.6,0.7142857142857143,0.016849036399833418,0.0006932608642712612,0.016155775535562158
2025-08-13,pred_ridge,0.2532467532467532,0.6,0.7619047619047619,0.01696029922079434,0.012199816309500133,0.004760482911294207
2025-08-14,pred_ridge,0.11948051948051949,0.6,0.7142857142857143,0.020100789910851603,0.011259567038389706,0.008841222872461897
2025-08-15,pred_ridge,0.13636363636363635,0.6,0.7619047619047619,0.04267796669967498,0.010306069769108838,0.03237189693056614
2025-08-18,pred_ridge,0.21038961038961035,0.8,0.7619047619047619,0.0509903687935996,0.012133923097079457,0.03885644569652014
2025-08-19,pred_ridge,0.34675324675324676,0.8,0.7619047619047619,0.04694346924468027,-0.0018349953033493182,0.04877846454802959
2025-08-20,pred_ridge,0.4,1.0,0.7619047619047619,0.06780079453423431,0.0067280093578976794,0.06107278517633663
2025-08-21,pred_ridge,0.34675324675324676,1.0,0.8095238095238095,0.07646527129825324,0.012019837457046578,0.06444543384120667
2025-08-22,pred_ridge,0.37272727272727274,1.0,0.7142857142857143,0.0664479844392376,0.012604634376191326,0.05384335006304628
2025-08-25,pred_ridge,0.12207792207792208,0.8,0.8095238095238095,0.060113001931984544,0.00715455630662083,0.05295844562536371
2025-08-26,pred_ridge,0.3155844155844156,0.8,0.7142857142857143,0.05451670274456322,0.005629544310049406,0.048887158434513814
2025-08-27,pred_ridge,0.2922077922077922,0.8,0.6666666666666666,0.04641545063235171,-0.001967434758343911,0.04838288539069562
2025-08-28,pred_ridge,0.18181818181818182,0.6,0.7142857142857143,0.05088110594471362,0.004472845927665681,0.04640826001704794
2025-08-29,pred_ridge,0.5610389610389611,1.0,0.8095238095238095,0.08277307153613114,-0.002821195278036437,0.08559426681416758
2025-09-02,pred_ridge,0.45454545454545453,0.8,0.7619047619047619,0.09775718880836475,0.0052215358973499715,0.09253565291101477
2025-09-03,pred_ridge,0.17662337662337665,0.8,0.8095238095238095,0.10042262726833162,0.007336568400694276,0.09308605886763735
2025-09-04,pred_ridge,0.36233766233766235,0.8,0.7619047619047619,0.10231812834765368,0.0026557656304276645,0.09966236271722602
2025-09-05,pred_ridge,0.212987012987013,0.8,0.8095238095238095,0.10126860720016437,0.027448478760429308,0.07382012843973507
2025-09-08,pred_ridge,0.348051948051948,0.8,0.7142857142857143,0.10389037134418792,0.02325591316553406,0.08063445817865386
2025-09-09,pred_ridge,0.21168831168831168,0.8,0.8095238095238095,0.06911542041853873,0.0373528505122573,0.03176256990628143
2025-09-10,pred_ridge,0.15194805194805194,0.8,0.7619047619047619,0.07251648732380522,0.031644450157799375,0.04087203716600585
2025-09-11,pred_ridge,0.12727272727272726,0.8,0.6190476190476191,0.07263252987338356,0.02553017440301435,0.047102355470369214
2025-09-12,pred_ridge,-0.0974025974025974,0.6,0.5238095238095238,0.017307028787456602,0.025582437005821745,-0.008275408218365143
2025-09-15,pred_ridge,-0.07532467532467534,0.4,0.5714285714285714,0.02307962144864506,0.028036654869960875,-0.004957033421315815
2025-09-16,pred_ridge,0.04675324675324675,0.8,0.6666666666666666,0.021657195722301424,0.026624231994714042,-0.004967036272412618
2025-09-17,pred_ridge,0.029870129870129873,0.8,0.7142857142857143,0.03878252246863878,0.010083942017816571,0.028698580450822207
2025-09-18,pred_ridge,-0.2155844155844156,0.6,0.6666666666666666,0.0017433930770966554,0.008769470207110431,-0.007026077130013775
2025-09-19,pred_ridge,-0.18441558441558442,0.6,0.7142857142857143,0.008858279665936619,0.008000264482837815,0.0008580151830988036
2025-09-22,pred_ridge,-0.37142857142857144,0.4,0.7619047619047619,0.0035708730538186683,0.044240305562535644,-0.04066943250871698
2025-09-23,pred_ridge,-0.212987012987013,0.8,0.8571428571428571,0.015056890904234899,0.028837640725201917,-0.013780749820967018
2025-09-24,pred_ridge,0.0,0.8,0.8571428571428571,0.025699891642710027,0.012865769348948586,0.01283412229376144
2025-09-25,pred_ridge,-0.023376623376623374,0.8,0.8571428571428571,0.030104567869816946,0.01890001518346147,0.011204552686355475
2025-09-26,pred_ridge,-0.01948051948051948,0.8,0.8095238095238095,0.03295320480182007,0.02288395942849113,0.010069245373328938
2025-09-29,pred_ridge,-0.16493506493506493,0.8,0.8571428571428571,0.030717605910904867,0.033415822352391045,-0.0026982164414861773
2025-09-30,pred_ridge,-0.06623376623376624,0.6,0.8095238095238095,0.017004733367296555,0.025948820491119618,-0.008944087123823063
2025-10-01,pred_ridge,-0.062337662337662345,0.8,0.7619047619047619,0.028400881557143154,0.019908343570091035,0.008492537987052119
2025-10-02,pred_ridge,-0.2714285714285714,0.8,0.7142857142857143,0.004275210234686355,0.014140340112692894,-0.00986512987800654
2025-10-03,pred_ridge,-0.2857142857142857,0.6,0.6190476190476191,0.0034767882662977588,0.016085302191108576,-0.012608513924810816
2025-10-06,pred_ridge,-0.18051948051948052,0.6,0.5238095238095238,0.005438418227821718,0.009857491397879059,-0.004419073170057341
2025-10-07,pred_ridge,-0.14285714285714285,0.4,0.42857142857142855,-0.010944770714242203,0.0012441327574683303,-0.012188903471710533
2025-10-08,pred_ridge,-0.13506493506493505,0.4,0.38095238095238093,-0.009801427774594095,-0.002445697618583975,-0.00735573015601012
2025-10-09,pred_ridge,-0.32987012987012987,0.4,0.42857142857142855,-0.03412830284133914,-0.002454936512240602,-0.03167336632909854
2025-10-10,pred_ridge,0.3103896103896104,0.8,0.6666666666666666,0.012737298003974362,-0.0010436785925988178,0.01378097659657318
2025-10-13,pred_ridge,0.17792207792207793,0.6,0.6666666666666666,0.008188775200494968,0.004089979277722633,0.004098795922772336
2025-10-14,pred_ridge,0.2896103896103896,0.6,0.5714285714285714,0.008912304428817519,-0.0044255704751622995,0.013337874903979818
2025-10-15,pred_ridge,0.11168831168831168,0.6,0.5714285714285714,-0.000687369883357447,0.0006518781555069131,-0.00133924803886436
2025-10-16,pred_ridge,0.0974025974025974,0.6,0.5238095238095238,-0.017290522197040657,-0.010081779827480042,-0.007208742369560615
2025-10-17,pred_ridge,0.05324675324675325,0.4,0.47619047619047616,-0.017198501795102784,-0.015399617115092811,-0.0017988846800099725
2025-10-20,pred_ridge,-0.0961038961038961,0.4,0.19047619047619047,-0.03959202459201518,-0.023585633544242833,-0.01600639104777235
2025-10-21,pred_ridge,-0.08051948051948052,0.4,0.19047619047619047,-0.031951145647102865,-0.013905895640084532,-0.018045250007018333
2025-10-22,pred_ridge,0.14025974025974028,0.6,0.23809523809523808,-0.029651769116310824,-0.01667694006361693,-0.012974829052693895
2025-10-23,pred_ridge,-0.36103896103896105,0.0,0.09523809523809523,-0.0657830921238757,-0.014347569219583533,-0.051435522904292166
2025-10-24,pred_ridge,-0.5844155844155844,0.2,0.14285714285714285,-0.06753078597958788,-0.008935647398115986,-0.05859513858147189
2025-10-27,pred_ridge,-0.3649350649350649,0.4,0.19047619047619047,-0.02172786543110685,-0.010992977947655368,-0.010734887483451482
2025-10-28,pred_ridge,-0.1155844155844156,0.4,0.19047619047619047,-0.02371136236463256,-0.007518387037584983,-0.016192975327047575
2025-10-29,pred_ridge,-0.00909090909090909,0.4,0.42857142857142855,-0.051402802665971345,-0.0005480191457359451,-0.0508547835202354
2025-10-30,pred_ridge,-0.14935064935064934,0.4,0.6190476190476191,-0.021175199116532005,0.0036891440600610227,-0.02486434317659303
2025-10-31,pred_ridge,-0.02077922077922078,0.4,0.42857142857142855,-0.01906655428258741,-0.0017183512020183755,-0.017348203080569037
2025-11-03,pred_ridge,0.24545454545454545,0.6,0.47619047619047616,-0.003971975721547416,-0.002074259799062439,-0.0018977159224849776
2025-11-04,pred_ridge,0.21818181818181817,0.8,0.6666666666666666,0.026744003240232805,0.004789241145565981,0.021954762094666826
2025-11-05,pred_ridge,0.32597402597402597,0.8,0.6190476190476191,0.02573308098818381,0.005043787562602264,0.020689293425581547
2025-11-06,pred_ridge,0.3077922077922078,0.8,0.7142857142857143,0.0450407302701491,0.005225995308762754,0.03981473496138634
2025-11-07,pred_ridge,0.2584415584415584,0.6,0.6190476190476191,0.03928190129185274,0.007426452567194386,0.03185544872465835
2025-11-10,pred_ridge,0.26233766233766237,0.8,0.5238095238095238,0.01862799198418712,-0.0011743486529111058,0.019802340637098226
2025-11-11,pred_ridge,0.22337662337662337,0.8,0.5714285714285714,0.03009359363328934,-0.0006852775007151646,0.030778871134004505
2025-11-12,pred_ridge,0.18181818181818182,0.6,0.6666666666666666,0.01085019233110287,0.001965481845456285,0.008884710485646586
2025-11-13,pred_ridge,0.17792207792207793,0.6,0.7142857142857143,0.007642228605967682,-0.0009351200119805502,0.008577348617948233
2025-11-14,pred_ridge,0.1974025974025974,0.6,0.6666666666666666,0.011169478452871574,0.005089899245309226,0.006079579207562347
2025-11-17,pred_ridge,0.17922077922077922,0.6,0.6190476190476191,0.02111939096159212,0.006999175891519771,0.01412021507007235
2025-11-18,pred_ridge,0.06883116883116883,0.6,0.6190476190476191,0.014826812985381754,0.01363026660860187,0.001196546376779883
2025-11-19,pred_ridge,-0.006493506493506493,0.4,0.6190476190476191,0.024342370582188976,0.008225911928467711,0.016116458653721265
2025-11-20,pred_ridge,0.3922077922077922,1.0,0.8095238095238095,0.06229158472404857,0.005017225497326505,0.05727435922672206
2025-11-21,pred_ridge,0.6337662337662338,1.0,0.7619047619047619,0.07048157835915099,-0.0030629788522388733,0.07354455721138986
2025-11-24,pred_ridge,0.6974025974025975,1.0,0.7619047619047619,0.06241277661269482,-0.01505473819175509,0.07746751480444991
2025-11-25,pred_ridge,0.7532467532467532,1.0,0.7142857142857143,0.05597213554888456,-0.007929647488647796,0.06390178303753236
2025-11-26,pred_ridge,0.6025974025974027,1.0,0.6190476190476191,0.04551261087060152,-0.010153795193501635,0.055666406064103155
2025-11-28,pred_ridge,0.5168831168831168,0.8,0.6190476190476191,0.016889128910558382,-0.008127726044738636,0.02501685495529702
2025-12-01,pred_ridge,0.26103896103896107,0.8,0.6666666666666666,0.01855904650771072,-0.0020334552643729966,0.020592501772083716
2025-12-02,pred_ridge,0.16103896103896104,0.6,0.6190476190476191,0.004807647107787671,-0.005064567862069436,0.009872214969857107
2025-12-03,pred_ridge,0.35844155844155845,0.8,0.5714285714285714,0.02176548471466726,-0.004192614993678912,0.025958099708346172
2025-12-04,pred_ridge,0.1935064935064935,0.6,0.6190476190476191,0.033634365115700594,0.008050003725298894,0.0255843613904017
2025-12-05,pred_ridge,0.11818181818181818,0.6,0.7142857142857143,0.03953020290429739,0.010751083370679116,0.028779119533618273
2025-12-08,pred_ridge,0.06883116883116883,0.6,0.8095238095238095,0.027274545114980397,0.012927089919468582,0.014347455195511815
2025-12-09,pred_ridge,0.051948051948051945,0.6,0.7619047619047619,0.018614285103652862,0.012227251784275795,0.006387033319377067
2025-12-10,pred_ridge,-0.011688311688311687,1.0,0.9047619047619048,0.04322597438208438,0.013627454852871312,0.029598519529213066
2025-12-11,pred_ridge,-0.01038961038961039,0.6,0.7619047619047619,0.04165675356656133,0.021313281967033814,0.020343471599527516
2025-12-12,pred_ridge,0.2506493506493506,0.6,0.8095238095238095,0.05340130263945051,0.020466900889541062,0.03293440174990945
2025-12-15,pred_ridge,0.16103896103896104,0.6,0.8571428571428571,0.03895666800276039,0.019822683468346414,0.019133984534413975
2025-12-16,pred_ridge,0.4311688311688312,0.8,0.8571428571428571,0.07999732157444532,0.014867489130005329,0.06512983244444
2025-12-17,pred_ridge,0.2753246753246753,0.6,0.9047619047619048,0.08065687645917333,0.015745791503824692,0.06491108495534864
2025-12-18,pred_ridge,0.24675324675324672,0.8,0.7142857142857143,0.07924024367837039,0.00022936452936013209,0.07901087914901025
2025-12-19,pred_ridge,0.20779220779220778,0.6,0.8095238095238095,0.051867785666431285,0.006456618740163167,0.04541116692626812
2025-12-22,pred_ridge,0.174025974025974,0.6,0.8571428571428571,0.04758660661697363,0.014917655058997314,0.03266895155797631
2025-12-23,pred_ridge,0.11948051948051949,0.6,0.7142857142857143,0.08932086876593467,0.0005096851837749439,0.08881118358215973
2025-12-24,pred_ridge,0.26233766233766237,0.8,0.8095238095238095,0.07386991751769849,0.0035498539167216014,0.07032006360097688
2025-12-26,pred_ridge,0.374025974025974,0.8,0.7619047619047619,0.10733686914591165,0.020764788385428702,0.08657208076048295
2025-12-29,pred_ridge,0.5922077922077922,1.0,0.7142857142857143,0.13240902555271922,0.004218283561320302,0.1281907419913989
2025-12-30,pred_ridge,0.6324675324675325,1.0,0.7619047619047619,0.15949062044467918,0.004610598106543096,0.15488002233813608
2025-12-31,pred_ridge,0.6662337662337662,1.0,0.7619047619047619,0.1235796486865274,0.008831805014433014,0.1147478436720944
2026-01-02,pred_ridge,0.41038961038961036,0.8,0.7142857142857143,0.08675679947250266,0.008319662041321018,0.07843713743118164
2026-01-05,pred_ridge,0.39090909090909093,0.6,0.5714285714285714,0.010908020152386433,-0.004520601161124627,0.015428621313511059
2026-01-06,pred_ridge,0.21038961038961035,0.8,0.5238095238095238,0.055454457291187496,0.0023214765275608286,0.053132980763626665
2026-01-07,pred_ridge,0.22727272727272727,0.8,0.6190476190476191,0.02445514509636291,-0.001338084172704801,0.02579322926906771
2026-01-08,pred_ridge,0.18571428571428572,1.0,0.7142857142857143,0.06838717084667674,0.016915184114775904,0.051471986731900836
2026-01-09,pred_ridge,0.21168831168831168,0.8,0.6190476190476191,0.035388837068255644,0.015384118936914848,0.020004718131340797
2026-01-12,pred_ridge,0.11038961038961038,0.8,0.7142857142857143,0.02604808195705397,0.016376569717967793,0.009671512239086178
2026-01-13,pred_ridge,0.13896103896103898,0.8,0.7142857142857143,0.036480297079431366,0.0315521335652069,0.004928163514224468
2026-01-14,pred_ridge,0.20909090909090908,0.8,0.6666666666666666,0.025139559473998728,0.016129342363601994,0.009010217110396734
2026-01-15,pred_ridge,-0.02727272727272727,0.6,0.6666666666666666,0.007448217544049007,0.019538860298593686,-0.012090642754544679
2026-01-16,pred_ridge,-0.10519480519480517,0.6,0.6666666666666666,-0.0005516638348757707,0.020779528918021796,-0.021331192752897566
2026-01-20,pred_ridge,0.07792207792207792,0.8,0.8095238095238095,0.05188367571805841,0.037458271177486256,0.014425404540572152
2026-01-21,pred_ridge,-0.051948051948051945,0.6,0.6666666666666666,0.005147185658078257,0.025356975752622947,-0.02020979009454469
2026-01-22,pred_ridge,-0.2,0.6,0.7142857142857143,-0.008507536482606114,0.027342595044543904,-0.03585013152715002
2026-01-23,pred_ridge,-0.287012987012987,0.4,0.7142857142857143,-0.03156962139708284,0.028033897253745232,-0.059603518650828066
2026-01-26,pred_ridge,-0.36233766233766235,0.4,0.6666666666666666,-0.03404964915887236,0.0403513674623663,-0.07440101662123866
2026-01-27,pred_ridge,-0.28441558441558445,0.4,0.6666666666666666,-0.025263975258982562,0.024659667958916075,-0.04992364321789863
2026-01-28,pred_ridge,-0.3844155844155844,0.2,0.6666666666666666,-0.03906320478192023,0.01668408979393854,-0.055747294575858766
2026-01-29,pred_ridge,-0.5948051948051949,0.0,0.5714285714285714,-0.06700986340928335,0.03572365274917959,-0.10273351615846293
2026-01-30,pred_ridge,-0.41558441558441556,0.4,0.7142857142857143,-0.02036093347383714,0.03687869083718942,-0.05723962431102656
2026-02-02,pred_ridge,-0.374025974025974,0.2,0.5238095238095238,-0.02098278614403124,0.02377489098860277,-0.04475767713263401
2026-02-03,pred_ridge,-0.20909090909090908,0.6,0.6190476190476191,0.002063568031010954,0.014995202692302367,-0.012931634661291413
2026-02-04,pred_ridge,0.025974025974025972,0.6,0.5714285714285714,0.016738542623591913,0.013008519626913562,0.0037300229966783505
2026-02-05,pred_ridge,-0.05454545454545454,0.6,0.5714285714285714,0.013661060165471573,0.01111613151446147,0.0025449286510101036
2026-02-06,pred_ridge,-0.17142857142857143,0.4,0.42857142857142855,-0.002761417064822047,0.010690625807210141,-0.013452042872032189
2026-02-09,pred_ridge,-0.23636363636363636,0.2,0.38095238095238093,-0.01728154656081906,-0.0009537942429906909,-0.01632775231782837
2026-02-10,pred_ridge,-0.14155844155844155,0.2,0.23809523809523808,-0.008819492294385656,0.0038237825383015565,-0.012643274832687214
2026-02-11,pred_ridge,-0.2194805194805195,0.0,0.19047619047619047,-0.029204335197683194,-0.009341855432360324,-0.01986247976532287
2026-02-12,pred_ridge,-0.2324675324675325,0.2,0.23809523809523808,-0.025449422891079477,-0.003067449200226968,-0.02238197369085251
2026-02-13,pred_ridge,0.04675324675324675,0.2,0.23809523809523808,-0.008813486730858421,-0.005302426973877661,-0.0035110597569807606
2026-02-17,pred_ridge,0.033766233766233764,0.4,0.3333333333333333,-0.0059413216985398695,-0.016503422373742516,0.010562100675202647
2026-02-18,pred_ridge,-0.26233766233766237,0.0,0.19047619047619047,-0.04128636685039309,-0.021498142529975083,-0.019788224320418005
2026-02-19,pred_ridge,-0.3038961038961039,0.0,0.19047619047619047,-0.05343294011749715,-0.009062255765318628,-0.04437068435217852
2026-02-20,pred_ridge,-0.46623376623376617,0.0,0.14285714285714285,-0.08882698418333135,-0.02210547197420658,-0.06672151220912477
2026-02-23,pred_ridge,-0.21038961038961035,0.0,0.14285714285714285,-0.07538096535933607,-0.030121909055765173,-0.045259056303570896
2026-02-24,pred_ridge,-0.3155844155844156,0.0,0.14285714285714285,-0.08384203098829937,-0.028841355469994022,-0.05500067551830535
2026-02-25,pred_ridge,-0.5844155844155844,0.0,0.14285714285714285,-0.09135616797703408,-0.005957320717145031,-0.08539884725988905
2026-02-26,pred_ridge,-0.5506493506493506,0.0,0.14285714285714285,-0.11627011522242163,-0.0063314734260801805,-0.10993864179634145
2026-02-27,pred_ridge,-0.48441558441558447,0.0,0.14285714285714285,-0.11583511995129533,-0.008992653015498165,-0.10684246693579717
2026-03-02,pred_ridge,-0.7064935064935066,0.0,0.14285714285714285,-0.12915641071284906,-0.0008883054129958268,-0.12826810529985322
2026-03-03,pred_ridge,-0.425974025974026,0.0,0.14285714285714285,-0.07022175186165514,-4.054961916084565e-05,-0.07018120224249429
2026-03-04,pred_ridge,-0.4753246753246753,0.0,0.14285714285714285,-0.07206487251551033,-0.001788460109664225,-0.0702764124058461
2026-03-05,pred_ridge,-0.4766233766233766,0.0,0.14285714285714285,-0.07375718626213537,-0.0037782169998424654,-0.06997896926229291
2026-03-06,pred_ridge,-0.16753246753246753,0.2,0.2857142857142857,-0.05760105526543276,0.001058385930983552,-0.058659441196416306
2026-03-09,pred_ridge,-0.38831168831168833,0.0,0.14285714285714285,-0.07004587505711383,-0.0062200262961772165,-0.06382584876093662
2026-03-10,pred_ridge,-0.005194805194805195,0.2,0.5238095238095238,-0.04366021126237831,-0.0015398178244400596,-0.042120393437938254
2026-03-11,pred_ridge,-0.02077922077922078,0.2,0.6190476190476191,-0.03307281578812922,0.0033109886346536664,-0.036383804422782884
2026-03-12,pred_ridge,0.18181818181818182,0.4,0.6190476190476191,-0.005862014354522671,0.004014413171773335,-0.009876427526296007
2026-03-13,pred_ridge,0.3337662337662338,0.6,0.6666666666666666,0.02326744423470668,0.004987488270751061,0.018279955963955617
2026-03-16,pred_ridge,0.38051948051948054,0.6,0.6666666666666666,0.03634609421249542,0.008896104335417276,0.027449989877078144
2026-03-17,pred_ridge,0.438961038961039,0.8,0.6666666666666666,0.04539148328942455,0.0052044775164419525,0.0401870057729826
2026-03-18,pred_ridge,0.4207792207792207,0.8,0.7142857142857143,0.060429583686188025,0.010895525992037136,0.04953405769415089
2026-03-19,pred_ridge,0.6337662337662338,1.0,0.7619047619047619,0.09306770843123377,-0.014134976508755902,0.10720268493998968
2026-03-20,pred_ridge,0.7337662337662337,1.0,0.9047619047619048,0.1170550246576049,-0.0079080065600742,0.1249630312176791
2026-03-23,pred_ridge,0.5857142857142857,1.0,0.9047619047619048,0.09622838132531428,-0.008014817772490712,0.104243199097805
2026-03-24,pred_ridge,0.6493506493506493,1.0,0.8571428571428571,0.11277580871822734,-0.008668200601228526,0.12144400931945587
2026-03-25,pred_ridge,0.5155844155844156,1.0,0.8571428571428571,0.07968187672728817,-0.008319132708451814,0.08800100943573999
2026-03-26,pred_ridge,0.7064935064935066,1.0,0.8571428571428571,0.15743373203995187,-0.010427331760732805,0.16786106380068466
2026-03-27,pred_ridge,0.6571428571428571,1.0,0.9047619047619048,0.18268728357438616,-0.013553645239613355,0.19624092881399952
2026-03-30,pred_ridge,0.6545454545454545,1.0,0.8571428571428571,0.17245609689887606,-0.009479265220663845,0.1819353621195399
2026-03-31,pred_ridge,0.46753246753246747,0.8,0.7142857142857143,0.10876885235293236,-0.00416046673552295,0.11292931908845531
2026-04-01,pred_ridge,0.37792207792207794,0.8,0.8095238095238095,0.06483561659935419,0.02227079230185296,0.04256482429750123
2026-04-02,pred_ridge,0.4766233766233766,0.8,0.7619047619047619,0.07187001108935231,0.000425086998155888,0.07144492409119643
2026-04-06,pred_ridge,0.5025974025974026,0.8,0.7142857142857143,0.06538480744942465,0.00047720627548357707,0.06490760117394108
2026-04-07,pred_ridge,0.5467532467532468,0.8,0.7142857142857143,0.06716781209378861,0.003702051213686852,0.06346576088010175
2026-04-08,pred_ridge,0.33246753246753247,0.8,0.7142857142857143,0.06584827863652516,0.000826330760979932,0.06502194787554523
2026-04-09,pred_ridge,0.2597402597402597,0.6,0.6190476190476191,0.05888436847036529,0.012081091308051906,0.04680327716231338
2026-04-10,pred_ridge,0.18181818181818182,0.6,0.6666666666666666,0.059932002004304,0.01530580823156924,0.04462619377273476
