Date,signal_crisis_score,signal_regime,return_regime_from_prior_signal,net_return_primary_full,gross_exposure_primary_full,turnover_primary_full
2022-01-03,0.0,growth,unassigned,0.0,0.0,0.0
2022-01-04,0.10044658993012857,growth,unassigned,-9.652650891756043e-05,0.0,0.09652650891752104
2022-01-05,0.1752442416456581,growth,growth,-0.003379511177447281,0.09653582718390458,0.0031252542117869786
2022-01-06,0.1667381241291908,growth,growth,0.0010937933028611901,0.09653582718390458,0.0013651930391738796
2022-01-07,0.15926168260376536,growth,growth,-0.0010224596739492053,0.09653582718390458,0.0013035629714671223
2022-01-10,0.18465365790238517,growth,growth,-0.0003445605044981592,0.09653582718390458,0.0007466811383350677
2022-01-11,0.14882855427370595,growth,growth,0.001263767426038065,0.09653582718390458,0.0011429115037009598
2022-01-12,0.11867253355451579,growth,growth,0.0004869498148716289,0.09653582718390458,0.0005772515347868459
2022-01-13,0.37249540815222637,caution,growth,-0.0026190773745250473,0.09653582718390458,0.002371875746708005
2022-01-14,0.26813255940715885,growth,growth,0.0011528760741925659,0.09653582718390458,0.0012065431366133405
2022-01-18,0.43664968196048715,caution,caution,-0.002507571455190538,0.09653582718390458,0.002416052661174321
2022-01-19,0.486104216737934,caution,growth,-0.0014180433674422233,0.09653582718390458,0.0014562214980215309
2022-01-20,0.547110314319421,caution,caution,-0.0014627834265976691,0.09653582718390458,0.0015567944829462826
2022-01-21,0.5620348766905763,caution,caution,-0.0022705105174314344,0.09653582718390458,0.0020492756308706293
2022-01-24,0.5806984279149591,caution,caution,0.00027476770638568127,0.09653582718390458,0.0005018046148946883
2022-01-25,0.6558667052587307,panic,caution,-0.0021665331171656366,0.09653582718390458,0.002913206552423535
2022-01-26,0.6507416281217028,panic,caution,-0.00032447002928837065,0.09653582718390458,0.8968486297609464
2022-01-27,0.6121464494176317,caution,panic,0.0003794257094806852,0.8,0.008050517768481702
2022-01-28,0.42480950853708266,caution,panic,-0.0010877782452443086,0.8,0.0009206741464166113
2022-01-31,0.402592427004985,caution,caution,-0.0016824270935330565,0.8,0.004895768341725282
2022-02-01,0.39410757950515285,caution,caution,-0.001104467814276977,0.8,0.0013819224474769243
2022-02-02,0.38182662730607686,caution,caution,-0.000853002998935426,0.8,0.002855142427060031
2022-02-03,0.4118308611519772,caution,caution,-0.002957133824264657,0.8,0.0015113519278807108
2022-02-04,0.40596957147863355,caution,caution,7.066310407277676e-05,0.8,0.0008678489895452834
2022-02-07,0.4099886099703334,caution,caution,0.0024139661569082538,0.8,0.0025078684023823183
2022-02-08,0.39971758333629137,caution,caution,0.0016990349455676679,0.8,0.00047442002876707523
2022-02-09,0.28129615503767724,growth,caution,0.00043215301814814033,0.8,0.0016920925472287962
2022-02-10,0.40423910321924994,caution,caution,-0.0005587038994364635,0.8,0.2019211535771961
2022-02-11,0.48245653067369265,caution,growth,0.00700057384044106,0.6,0.004427925227251772
2022-02-14,0.5047721252950549,caution,caution,0.002420724625346482,0.6,0.0009692591092478886
2022-02-15,0.37283473307654924,caution,caution,-0.004014859564728135,0.6,0.0016867365569444015
2022-02-16,0.37691105197858543,caution,caution,0.0024977083508304077,0.6,0.0036691751449255405
2022-02-17,0.3911555764933992,caution,caution,0.0042134203041162,0.6,0.0039834405238241555
2022-02-18,0.35063292388246164,caution,caution,0.0005976579806650228,0.6,0.0010387696964122006
2022-02-22,0.36444601865839166,caution,caution,0.000742844846771451,0.6,0.0005100678028271965
2022-02-23,0.542732425263048,caution,caution,0.001700960470889079,0.6,0.0010023735177874804
2022-02-24,0.5373828758676842,caution,caution,0.0005062135754552166,0.6,0.004380673130597257
2022-02-25,0.3365319975906183,growth,caution,-0.002501895525947817,0.6,0.0009997584519272351
2022-02-28,0.4656039786303142,caution,caution,0.003571288823394303,0.6,0.0026452733778995485
2022-03-01,0.6051816508125547,caution,growth,0.007764317221604644,0.6,0.0031306017752962823
2022-03-02,0.5361412088284679,caution,caution,-0.0033548352529731984,0.6,0.002891860507304944
2022-03-03,0.5438089957226521,caution,caution,0.002936015320353036,0.6,0.0011755817098509924
2022-03-04,0.49984107209132494,caution,caution,0.007069495656306435,0.6,0.0028306288914141664
2022-03-07,0.6503514986580593,panic,caution,0.006618603624922059,0.6,0.0026500915415104687
2022-03-08,0.612836996403686,caution,caution,0.007432454797153376,0.6,0.2102591755529008
2022-03-09,0.5820802197671582,caution,panic,-0.013825820513093445,0.8,0.006772822105826248
2022-03-10,0.570778745479587,caution,caution,0.003412703935254502,0.8,0.0008582847542199512
2022-03-11,0.5858783790067708,caution,caution,0.0005414916445063422,0.8,0.004654578370870577
2022-03-14,0.4944471991380264,caution,caution,-0.004716002886623993,0.8,0.005276701550934737
2022-03-15,0.3688527925459763,caution,caution,-0.006184010549603491,0.8,0.0062823441349234566
2022-03-16,0.4674770793090815,caution,caution,-0.001715812949599993,0.8,0.005124008393911583
2022-03-17,0.4522655725664855,caution,caution,0.0003223407332904049,0.8,0.0026726415159215033
2022-03-18,0.43878200587501515,caution,caution,-0.00206848218734601,0.8,0.0036227482480440942
2022-03-21,0.43914579698469713,caution,caution,0.004195778468880196,0.8,0.0012266294371865438
2022-03-22,0.4245871097315529,caution,caution,-0.00236740749699349,0.8,0.0024589981753311285
2022-03-23,0.4407977102017815,caution,caution,0.004662927307225173,0.8,0.00446099423816515
2022-03-24,0.4220674793230947,caution,caution,0.0027447937652813614,0.8,0.002158227019083414
2022-03-25,0.41590786107531813,caution,caution,-0.0010409049592990938,0.8,0.0016261729312146422
2022-03-28,0.30689245101393414,growth,caution,-0.003954331260799804,0.8,0.007766575616762139
2022-03-29,0.29110207487343,growth,caution,-0.003084925312897835,0.8,0.1989649948697106
2022-03-30,0.29908110013537714,growth,growth,0.0006631158061436437,0.6,0.15325825443759428
2022-03-31,0.41884771581350094,caution,growth,-0.0002127390895545478,0.6431234409499892,0.14325115354780832
2022-04-01,0.31526407090107317,growth,growth,-0.0009448098055554466,0.6855001705613329,0.0036595438454234876
2022-04-04,0.3044009017757693,growth,caution,0.003949625149801905,0.6855001705613329,0.12723937361537183
2022-04-05,0.4543648813515431,caution,growth,-0.005435651934632246,0.7184802253258867,0.1173166577504925
2022-04-06,0.4761728346290432,caution,growth,-0.004017678556994531,0.7483931701579374,0.22237131356365378
2022-04-07,0.4413284257433784,caution,caution,0.002018094362912226,0.8060710914027907,0.0033113325140817886
2022-04-08,0.45362512019887963,caution,caution,0.00037245291971443883,0.8060710914027907,0.009207559368712195
2022-04-11,0.5453602341159878,caution,caution,-0.009892583796588195,0.8060710914027907,0.01320876979070604
2022-04-12,0.5023015005945767,caution,caution,0.001725704201440248,0.8060710914027907,0.00610373657593757
2022-04-13,0.44216962435430324,caution,caution,0.006408056716418864,0.8060710914027907,0.007425412523567506
2022-04-14,0.47363359310659253,caution,caution,-0.0055897215753983875,0.8060710914027907,0.008757972177873413
2022-04-18,0.5714398385214363,caution,caution,0.0051359850928800466,0.8060710914027907,0.004263290171156302
2022-04-19,0.5373258482116144,caution,caution,0.0018959206732616085,0.8060710914027907,0.008941932508349855
2022-04-20,0.5382499986230308,caution,caution,-0.0047853745450811,0.8060710914027907,0.009261445916905427
2022-04-21,0.5686924698019082,caution,caution,-0.012361232728287042,0.8060710914027907,0.013203575439264304
2022-04-22,0.6633409659168279,panic,caution,-0.009814808510338002,0.8060710914027907,0.009464228008790938
2022-04-25,0.6492354689796819,caution,caution,-0.0038245427150267464,0.8060710914027907,0.8320506126457875
2022-04-26,0.8683510402719212,panic,panic,0.0035828859968345395,0.8,0.0019532518223246975
2022-04-27,0.8650755658875016,panic,caution,0.0008355397029196077,0.8,0.0052078541709743575
2022-04-28,0.6822590712564217,panic,panic,0.004525557263088675,0.8,0.0009060174700878387
2022-04-29,0.7850234109379457,panic,panic,-0.0020224437693927566,0.8,0.0015486202160204798
2022-05-02,0.7819542698899808,panic,panic,-0.0030318830236538696,0.8,0.008707497199692826
2022-05-03,0.6175672957119708,caution,panic,-0.00010903965692954376,0.8,0.0016751140916418938
2022-05-04,0.5820662856476253,caution,panic,-0.0012177456745625648,0.8,0.006860862300952175
2022-05-05,0.7368667113992432,panic,caution,0.003044441558739175,0.8,0.004726963341099177
2022-05-06,0.7316779483445536,panic,caution,0.001400255928977412,0.8,0.00028033151731288175
2022-05-09,0.772356213692404,panic,panic,-0.00416876243360631,0.8,0.005358046124477933
2022-05-10,0.7883589915740185,panic,panic,-0.0014551506942794834,0.8,0.003906908076267368
2022-05-11,0.8342643738265247,panic,panic,0.0029875209079988085,0.8,0.0025077526306233056
2022-05-12,0.7554807661623646,panic,panic,-0.0002941724202584206,0.8,0.008973991487398691
2022-05-13,0.65,panic,panic,-0.0038606688105259357,0.8,0.001778983716672955
2022-05-16,0.65,panic,panic,0.0008902178657492765,0.8,0.005005910055269458
2022-05-17,0.6401333602768114,caution,panic,-0.006012791620428226,0.8,0.0012013569671185942
2022-05-18,0.75,panic,panic,0.0026910685574115245,0.8,0.0018357997098893963
2022-05-19,0.65,panic,caution,-0.0008217639798520082,0.8,0.009466285779021588
2022-05-20,0.6558191837512665,panic,panic,0.00130051048937041,0.8,0.0006222238631125587
2022-05-23,0.6610302175550928,panic,panic,-0.003149034407865847,0.8,0.0053041450545551205
2022-05-24,0.6885057509483579,panic,panic,0.000786864135274401,0.8,0.0038797448573026916
2022-05-25,0.65,panic,panic,2.4963998340288285e-05,0.8,0.003641609784214128
2022-05-26,0.6485608716250805,caution,panic,-0.002203069176580197,0.8,0.0006524638867373422
2022-05-27,0.520702906003837,caution,panic,-0.0009469200617291396,0.8,0.0010690796099970812
2022-05-31,0.5272264056544476,caution,caution,-0.002051748742362469,0.8,0.004298705277433312
2022-06-01,0.6365778868278287,caution,caution,0.005768523701884076,0.8,0.001154859599976854
2022-06-02,0.6147394947755042,caution,caution,-0.000691608389922771,0.8,0.007930865091114847
2022-06-03,0.5339180311542089,caution,caution,-0.00084346833058635,0.8,0.005421857553272125
2022-06-06,0.5304183588732042,caution,caution,-0.00022469487514342745,0.8,0.0024649427850709227
2022-06-07,0.5193594341942165,caution,caution,0.001404482790602568,0.8,0.002784681592427063
2022-06-08,0.5320140194565502,caution,caution,0.0011845243343375778,0.8,0.001504242224267982
2022-06-09,0.5666262242389297,caution,caution,0.0026892681972259247,0.8,0.0040654338832380454
2022-06-10,0.5858208831200807,caution,caution,0.008006083559828348,0.8,0.0016408624896031565
2022-06-13,0.7571001300983726,panic,caution,-0.003086160610645039,0.8,0.013391836285824577
2022-06-14,0.7582847377649782,panic,caution,-0.0013371362762002459,0.8,0.003735952701810652
2022-06-15,0.6208681382015835,caution,panic,1.2336929484657588e-06,0.8,0.007821754923585666
2022-06-16,0.7288808037972102,panic,panic,-0.0014667368338053821,0.8,0.007911387036765472
2022-06-17,0.6865405314677471,panic,caution,0.00258577898886303,0.8,0.00700932230041984
2022-06-21,0.65,panic,panic,-0.002910529621491742,0.8,0.0005815243998985031
2022-06-22,0.55,caution,panic,0.0004753975223608098,0.8,0.002008786094062187
2022-06-23,0.55,caution,panic,-0.0013020284302567298,0.8,0.0026385702012985957
2022-06-24,0.55,caution,caution,-0.0013775738243024804,0.8,0.0005024792592734362
2022-06-27,0.55,caution,caution,-0.0012353883460461956,0.8,0.0003177508935003348
2022-06-28,0.65,panic,caution,0.0023876434658758328,0.8,0.0029018292777486243
2022-06-29,0.55,caution,caution,0.002635883107978687,0.8,0.002571092321419166
2022-06-30,0.55,caution,panic,-0.0034282960421567754,0.8,0.0009044960389067991
2022-07-01,0.65,panic,caution,0.0013585380399478986,0.8,0.0015870499789177317
2022-07-05,0.5565677195089275,caution,caution,0.0007539432673004942,0.8,0.013342282907470249
2022-07-06,0.55,caution,panic,-0.002475501941841096,0.8,0.007532444190936183
2022-07-07,0.55,caution,caution,0.00034139936233268386,0.8,6.834822068707558e-05
2022-07-08,0.55,caution,caution,-0.00022075675876054301,0.8,0.0004350891099681453
2022-07-11,0.55,caution,caution,0.004160608117180997,0.8,0.006551342307836661
2022-07-12,0.55,caution,caution,-0.001289270052403535,0.8,0.0011998186101705444
2022-07-13,0.551010102739946,caution,caution,0.000395383329578447,0.8,0.002553753884614207
2022-07-14,0.5536809780954027,caution,caution,-0.0007533344199933678,0.8,0.007833399229786597
2022-07-15,0.55,caution,caution,-0.0035321936088392736,0.8,0.0016190621268042937
2022-07-18,0.55,caution,caution,-0.0024914928291684957,0.8,0.002556674292855554
2022-07-19,0.55,caution,caution,-0.0024230519017043317,0.8,0.0033675555514375843
2022-07-20,0.55,caution,caution,-0.001716339350617213,0.8,0.2982882528152188
2022-07-21,0.55,caution,caution,0.003294667987461475,0.8149999999999998,0.21549795707803224
2022-07-22,0.55,caution,caution,-0.006563437780584658,0.8327458774181162,0.15836497256721666
2022-07-25,0.55,caution,caution,0.0004806974823401422,0.8451679916107975,0.10466862970765238
2022-07-26,0.552326537151726,caution,caution,-0.0066617444063165054,0.85,0.01235891785509146
2022-07-27,0.55,caution,caution,0.016308199535699508,0.85,0.02145324378746348
2022-07-28,0.5415217077830092,caution,caution,0.0016115085627559367,0.85,0.009371983792076245
2022-07-29,0.5248756234403564,caution,caution,0.0053495435807684455,0.85,0.010068895163901876
2022-08-01,0.5283061311668767,caution,caution,-0.0006861274518400462,0.85,0.00568779574824747
2022-08-02,0.5359262411493535,caution,caution,0.00020514659766424082,0.85,0.005487832819756181
2022-08-03,0.5179586262330332,caution,caution,0.008355685621058928,0.85,0.011841321236754257
2022-08-04,0.5187456213464582,caution,caution,-0.0011302277133953265,0.85,0.009197698603496826
2022-08-05,0.5207140120615412,caution,caution,0.00011061820728008875,0.85,0.009498524282054836
2022-08-08,0.5220638946849582,caution,caution,-0.004385735352720244,0.85,0.12093610385020437
2022-08-09,0.5266754368405284,caution,caution,-0.009506077216007713,0.85,0.08971527292499054
2022-08-10,0.4023806195861934,caution,caution,0.015514500696675704,0.8499999999999999,0.022543717358546343
2022-08-11,0.5023806195861934,caution,caution,-0.00020139219519244023,0.8499999999999999,0.0037749782357143283
2022-08-12,0.382388632200508,caution,caution,0.012660366301880055,0.8499999999999999,0.008595951196726397
2022-08-15,0.37743975482881165,caution,caution,0.004240372550905258,0.8499999999999999,0.005159055240392979
2022-08-16,0.3750775053844078,caution,caution,-0.002928905525000358,0.8499999999999999,0.0034980406625541305
2022-08-17,0.3860854284987635,caution,caution,-0.00791549966908034,0.8499999999999999,0.00909470952443795
2022-08-18,0.3801669691938742,caution,caution,0.007138713897842042,0.8499999999999999,0.00416486925764651
2022-08-19,0.51277137853708,caution,caution,-0.011722495489289941,0.8499999999999999,0.015372939351258011
2022-08-22,0.5789461492533341,caution,caution,-0.01187391831629625,0.8499999999999999,0.01685667014384333
2022-08-23,0.5912072658965168,caution,caution,0.0006793199715073861,0.8499999999999999,0.00643404462240104
2022-08-24,0.5641717688069698,caution,caution,0.0030508755419291766,0.8499999999999999,0.002855913401814382
2022-08-25,0.5377794210300092,caution,caution,0.01161311566315315,0.8499999999999999,0.011887170431454055
2022-08-26,0.7158916708512113,panic,caution,-0.022510921968427855,0.8499999999999999,0.023117052754517593
2022-08-29,0.680378150310938,panic,caution,-0.007393090842531258,0.8499999999999999,0.8740782850736266
2022-08-30,0.6761302167684657,panic,panic,-0.0026766291548895316,0.8,0.0028659099173722336
2022-08-31,0.6900964222418585,panic,panic,-0.0026633604398982325,0.8,0.0025070075291190874
2022-09-01,0.7020660972469289,panic,panic,0.0018220634417667192,0.8,0.006738486500104834
2022-09-02,0.65,panic,panic,0.002808550282434874,0.8,0.003032952308435921
2022-09-06,0.6580122180929889,panic,panic,0.001136862821271789,0.8,0.004417585003360924
2022-09-07,0.65,panic,panic,-0.0005091832183333755,0.8,0.006502027866697291
2022-09-08,0.65,panic,panic,-0.0007811854456827305,0.8,0.002979406688055408
2022-09-09,0.6400315998944298,caution,panic,-0.0019910330468204673,0.8,0.004758322056478026
2022-09-12,0.6277436951226446,caution,panic,-0.001052782405207231,0.8,0.0038792583969911587
2022-09-13,0.6540133847535438,panic,caution,0.0029734294335244105,0.8,0.010195743248784916
2022-09-14,0.668506499538335,panic,caution,-0.0021739002973700794,0.8,0.000570017849275517
2022-09-15,0.6837992347985692,panic,panic,-0.0052703653518541005,0.8,0.006998191828355538
2022-09-16,0.6962044516962932,panic,panic,0.001662734881257899,0.8,0.0019972791366462683
2022-09-19,0.6737536571830611,panic,panic,-0.000109667342276909,0.8,0.0005492369166663069
2022-09-20,0.65,panic,panic,0.000666693142351571,0.8,0.003961268146744024
2022-09-21,0.6709862377795895,panic,panic,0.006302525635957235,0.8,0.002258494798077715
2022-09-22,0.6623334591346025,panic,panic,0.0004968838942656095,0.8,0.0007448583352692717
2022-09-23,0.6912927864362706,panic,panic,0.0026770941044238494,0.8,0.012520293820638961
2022-09-26,0.8256987348784683,panic,panic,0.0021082083509706973,0.8,0.008675173269771075
2022-09-27,0.8100883504116881,panic,panic,0.0007774641385442926,0.8,0.000607326410766662
2022-09-28,0.7734726747263221,panic,panic,-0.00029774448353925287,0.8,0.012697489498279202
2022-09-29,0.7992504538408736,panic,panic,-0.0020418658038728887,0.8,0.0015156200039331824
2022-09-30,0.7670454621517838,panic,panic,1.936347262954108e-05,0.8,2.325942658193414e-05
2022-10-03,0.75,panic,panic,0.004960621726913361,0.8,0.010606767260073757
2022-10-04,0.65,panic,panic,-0.0025432203942526987,0.8,0.01062082872055109
2022-10-05,0.65,panic,panic,0.003062435121703899,0.8,0.005778686609298533
2022-10-06,0.75,panic,panic,0.004677780124821895,0.8,0.004422421548742506
2022-10-07,0.75,panic,panic,-0.0013063108581209404,0.8,0.005538200269158411
2022-10-10,0.7734219304154871,panic,panic,-0.002422403501715742,0.8,0.007190153142423994
2022-10-11,0.7970588381956836,panic,panic,-0.00028983685349182053,0.8,0.0010039894367544488
2022-10-12,0.8027495683913776,panic,panic,0.0016028731795276752,0.8,0.0019253731886217929
2022-10-13,0.7639580608289217,panic,panic,-0.0053622459496950325,0.8,0.0010713778121267947
2022-10-14,0.7563137739276151,panic,panic,-0.0002738479050352627,0.8,0.007263523999058552
2022-10-17,0.75,panic,panic,-0.004230860889392618,0.8,0.005105308806138742
2022-10-18,0.75,panic,panic,0.0003125686050706733,0.8,0.0010394876970505895
2022-10-19,0.65,panic,panic,-0.00037639224479846245,0.8,0.007745646713679832
2022-10-20,0.55,caution,panic,-0.000145999249903217,0.8,0.0008333601754335063
2022-10-21,0.55,caution,panic,0.0010579197822224717,0.8,0.009840411425976636
2022-10-24,0.55,caution,caution,-0.0004764961403026513,0.8,0.001566526032073412
2022-10-25,0.55,caution,caution,-0.004796252879771923,0.8,0.0051985702188018235
2022-10-26,0.55,caution,caution,-0.0032969407296564723,0.8,0.006449268487467796
2022-10-27,0.55,caution,caution,0.0034300521281676044,0.8,0.0036768329024168267
2022-10-28,0.55,caution,caution,-0.002226634028598906,0.8,0.004349454697757826
2022-10-31,0.55,caution,caution,0.0017427200292303713,0.8,0.006297313125405157
2022-11-01,0.55,caution,caution,0.0028907190847244912,0.8,0.0038056769095338727
2022-11-02,0.55,caution,caution,6.919385979564652e-05,0.8,0.004243127254864643
2022-11-03,0.55,caution,caution,0.0029994646935376235,0.8,0.004687881264985594
2022-11-04,0.55,caution,caution,-0.00018466687781948377,0.8,0.018546960352790742
2022-11-07,0.55,caution,caution,-0.0040390816601321156,0.8,0.0008529785449314375
2022-11-08,0.55,caution,caution,0.004728210811198563,0.8,0.010066809022253709
2022-11-09,0.5526682080836177,caution,caution,0.00221503534117784,0.8,0.004787175060681215
2022-11-10,0.55,caution,caution,-0.0023154055699372567,0.8,0.02009885787115462
2022-11-11,0.55,caution,caution,-0.00525018479002648,0.8,0.008155786488693528
2022-11-14,0.55,caution,caution,0.0029240845667175552,0.8,0.0010277019583007085
2022-11-15,0.55,caution,caution,-0.0006849158718147397,0.8,0.002655397979175189
2022-11-16,0.55,caution,caution,-0.0017352275021597086,0.8,0.0003466988016302963
2022-11-17,0.5550998674907472,caution,caution,-0.0002626795917322067,0.8,0.004154464947548897
2022-11-18,0.5579929001235373,caution,caution,-0.0006793807800167251,0.8,0.003596273550837359
2022-11-21,0.55,caution,caution,0.002656289984446003,0.8,0.005484488246245478
2022-11-22,0.55,caution,caution,-0.0027478213833052045,0.8,0.0028995918945687316
2022-11-23,0.5471370389101188,caution,caution,-0.0033307608780021036,0.8,0.006397315950624205
2022-11-25,0.5473911238400382,caution,caution,0.0002572321972109659,0.8,0.0003089876242776679
2022-11-28,0.55,caution,caution,0.0010032526559886623,0.8,0.2996462688437735
2022-11-29,0.55,caution,caution,0.0027844215903836123,0.815,0.0022286870855246707
2022-11-30,0.5322858018442742,caution,caution,0.005121528294589117,0.815,0.012705632943064937
2022-12-01,0.43313266131752026,caution,caution,-0.0012281800677014232,0.815,0.20733028374470341
2022-12-02,0.434459699773464,caution,caution,-0.00032494681667849523,0.8254999999999999,0.14477192396775468
2022-12-05,0.55,caution,caution,-0.005036780978931232,0.8328499999999999,0.11041043139643934
2022-12-06,0.5538373781788855,caution,caution,-0.010673375279973585,0.8379949999999999,0.012217296476148845
2022-12-07,0.5806122505722278,caution,caution,4.194761860643048e-05,0.8379949999999999,0.0035464168757209508
2022-12-08,0.587046382219204,caution,caution,0.0012276211866577569,0.8379949999999999,0.004573133708198077
2022-12-09,0.7093389385634582,panic,caution,-0.0029173487219741334,0.8379949999999999,0.006638357954378504
2022-12-12,0.7114457831325302,panic,caution,0.0033386513575481835,0.8379949999999999,0.7644215855162138
2022-12-13,0.55354953608284,caution,panic,0.0007101693568916101,0.8,0.009670872864801616
2022-12-14,0.65,panic,panic,-0.00304155612622925,0.8,0.0009724596704911437
2022-12-15,0.6572678194616297,panic,caution,-0.0002745482104467012,0.8,0.009605552588576316
2022-12-16,0.65,panic,panic,0.0034947750951119794,0.8,0.002426985944787463
2022-12-19,0.65,panic,panic,-0.0007216962683614936,0.8,0.0011144558553370931
2022-12-20,0.65,panic,panic,0.0015852219790595257,0.8,0.008679832286105416
2022-12-21,0.65,panic,panic,0.0007569866284560245,0.8,0.0016007982495757633
2022-12-22,0.65,panic,panic,-0.002914916974497972,0.8,0.004924205702076245
2022-12-23,0.65,panic,panic,0.0007196262361526262,0.8,0.0012220695649368674
2022-12-27,0.65,panic,panic,0.0023470752032244135,0.8,0.003177169513835454
2022-12-28,0.6592178751602998,panic,panic,0.0004328842762859608,0.8,0.003052844637823904
2022-12-29,0.6704783387154715,panic,panic,-0.0013531268614107583,0.8,0.004437015414949397
2022-12-30,0.65,panic,panic,-0.00021231350402795002,0.8,0.002974078114186429
2023-01-03,0.6791806233492913,panic,panic,0.00790342915434894,0.8,0.001582268098968831
2023-01-04,0.6549884612013125,panic,panic,0.0010399857734393336,0.8,0.004810344611978046
2023-01-05,0.6543360393447956,panic,panic,0.000897622306856638,0.8,0.008197172133331765
2023-01-06,0.65,panic,panic,-0.0009437995317094217,0.8,0.011967570160341667
2023-01-09,0.6541531966221181,panic,panic,-0.0023762869123361563,0.8,0.003244855221794851
2023-01-10,0.65,panic,panic,0.001462385234097363,0.8,0.0010346838969295669
2023-01-11,0.6455566092856154,caution,panic,-0.00020628547577905554,0.8,0.0002472952756591984
2023-01-12,0.541414094828516,caution,panic,-0.00140255157256719,0.8,0.008054787051503975
2023-01-13,0.52144367011048,caution,caution,0.003414146264564266,0.8,0.004465288096016207
2023-01-17,0.523572243488541,caution,caution,-0.0005109268427954117,0.8,0.0035218273599434413
2023-01-18,0.6376022064945527,caution,caution,-0.0008625597722786704,0.8,0.0010340376890454195
2023-01-19,0.5459429062768049,caution,caution,0.0034833995122929284,0.8,0.006727664752308238
2023-01-20,0.4410049429708341,caution,caution,-0.0017289748342596,0.8,0.0006186821486163785
2023-01-23,0.4347222066540261,caution,caution,0.0012974656001079055,0.8,0.0002597528728944809
2023-01-24,0.41211130030616033,caution,caution,0.0005380446789589044,0.8,0.00173893442050016
2023-01-25,0.4116724926304637,caution,caution,-0.0005570608439950941,0.8,0.2988671333199886
2023-01-26,0.14879539723355847,growth,caution,0.0029295536201616734,0.815,0.20369334338432515
2023-01-27,0.1460737648280121,growth,caution,0.0031764677024401777,0.8254999999999999,0.21081024389447814
2023-01-30,0.1629388397579001,growth,growth,-0.010249083879472876,0.7831185207009296,0.10537028824243386
2023-01-31,0.14685732123738893,growth,growth,0.006607654992991208,0.823877980410232,0.07363398956812574
2023-02-01,0.13108955410175924,growth,growth,0.012946691183498338,0.8660924872580398,0.01680257240384383
2023-02-02,0.11358848788528489,growth,growth,0.02022022276770996,0.8660924872580398,0.025691318488484535
2023-02-03,0.12655343798244104,growth,growth,-0.008839236227650593,0.8660924872580398,0.013712140692652051
2023-02-06,0.133928481382826,growth,growth,-0.001768434345684855,0.8660924872580398,0.006035940046966448
2023-02-07,0.11824189888012347,growth,growth,0.013669494468842691,0.8660924872580398,0.015089960887580597
2023-02-08,0.16107524489913846,growth,growth,-0.005759550679709791,0.8660924872580398,0.008381492408749804
2023-02-09,0.2736611172307946,growth,growth,-0.004043518051996431,0.8660924872580398,0.005308999952519159
2023-02-10,0.2751733422298167,growth,growth,-0.0046409511236708,0.8660924872580398,0.011792064271976757
2023-02-13,0.23919912932072995,growth,growth,0.007813032541461595,0.8660924872580398,0.010557747986692675
2023-02-14,0.12972390328790448,growth,growth,0.007275634129546349,0.8660924872580398,0.010258894794999827
2023-02-15,0.12178301160741625,growth,growth,-0.0013013271239294966,0.8660924872580398,0.006407380158401133
2023-02-16,0.23846441117192052,growth,growth,-0.011215001438337868,0.8660924872580398,0.011202459891271317
2023-02-17,0.24144970084333106,growth,growth,-0.004890556861850248,0.8660924872580398,0.007762694818002203
2023-02-21,0.4026756118139668,caution,growth,-0.011018945737536923,0.8660924872580398,0.011862181911139656
2023-02-22,0.4205920207583099,caution,growth,-0.001152175308226755,0.8660924872580398,0.01593559655836409
2023-02-23,0.3086535323394045,growth,caution,0.018814104689470756,0.85,0.023264880581896696
2023-02-24,0.5206013823738492,caution,caution,-0.006841725202690552,0.85,0.009158933534022666
2023-02-27,0.3832764221671221,caution,growth,0.002610812144871799,0.85,0.143517184181701
2023-02-28,0.39864206667514734,caution,caution,-0.0015923166323695837,0.85,0.008376503462190406
2023-03-01,0.5030907007546609,caution,caution,-0.005690801718826188,0.8499999999999998,0.10091513774626838
2023-03-02,0.26910613688605234,growth,caution,0.009115377800215763,0.8499999999999996,0.005438214301758378
2023-03-03,0.2504342647119392,growth,caution,0.013257215272301837,0.8499999999999996,0.012610210825340154
2023-03-06,0.2496148775553042,growth,growth,-0.005035799800797935,0.8499999999999996,0.0063014584617767586
2023-03-07,0.392759807858135,caution,growth,-0.003349063374157968,0.8499999999999996,0.00998081036099916
2023-03-08,0.2658576557743355,growth,growth,0.006196191822100294,0.8499999999999996,0.008245145547710523
2023-03-09,0.5586453356569773,caution,caution,-0.009966231444574869,0.8499999999999996,0.008698917459937346
2023-03-10,0.6273796572858604,caution,growth,-0.0069177285827659585,0.8499999999999996,0.005062875957192304
2023-03-13,0.652512083632264,panic,caution,0.00194963525540226,0.8499999999999996,0.007977580649988983
2023-03-14,0.5752994254335682,caution,caution,0.017091776433779016,0.8499999999999996,0.9751393246298992
2023-03-15,0.6294308665236322,caution,panic,0.007679673058645697,0.8,0.0015374720838128852
2023-03-16,0.5041231593814544,caution,caution,7.652365038057773e-05,0.8,0.0011496865980429871
2023-03-17,0.5212247473695457,caution,caution,0.005902482521612962,0.8,0.012737405383819844
2023-03-20,0.5016193441469591,caution,caution,-0.0027250338027184906,0.8,0.0024061415420946752
2023-03-21,0.48643119499138565,caution,caution,-0.005847517902683674,0.8,0.006653708870489439
2023-03-22,0.5064080308838599,caution,caution,0.0013510406605719005,0.8,0.009122410999425845
2023-03-23,0.5032939870282002,caution,caution,0.004476473814287063,0.8,0.003937788811134324
2023-03-24,0.4957144462078251,caution,caution,-0.00033124669180450983,0.8,0.006492905700427487
2023-03-27,0.49354081098878577,caution,caution,-0.004384485441613295,0.8,0.002048493370924054
2023-03-28,0.39615521035086554,caution,caution,0.0006627897315225617,0.8,0.004378845323803449
2023-03-29,0.25426307130389303,growth,caution,-0.000233828037947581,0.8,0.0027921917653261352
2023-03-30,0.2399909251174997,growth,caution,0.00018271496885891025,0.8,0.2002733593468905
2023-03-31,0.21813735789549565,growth,growth,-0.00048644495849792246,0.6,0.0026435462691277167
2023-04-03,0.21350700657280164,growth,growth,0.0006004573496329879,0.6,0.16203126904095444
2023-04-04,0.12027457346056987,growth,growth,0.0025629022289928027,0.6487535751012441,0.15264858470677223
2023-04-05,0.20797298566002548,growth,growth,-0.0009228837200815354,0.6882424901149465,0.13833666854709314
2023-04-06,0.0969977630034014,growth,growth,-0.0011266291954499241,0.7267649961399187,0.0053878046562517955
2023-04-10,0.10006056105147075,growth,growth,0.002237446546014654,0.7267649961399187,0.10880036335222859
2023-04-11,0.10097244337715489,growth,growth,-0.0007659543393983004,0.760505407509567,0.10265378690792014
2023-04-12,0.09153037407636455,growth,growth,-0.003970414895777985,0.7909807297462281,0.09324335042183379
2023-04-13,0.0735958683956926,growth,growth,0.006253694885808958,0.8175911542407273,0.07500642060248536
2023-04-14,0.07667325696433408,growth,growth,0.000920022897166195,0.8400175355239436,0.06965989802082956
2023-04-17,0.07216413389615912,growth,growth,-0.0044170716080906836,0.8641556508425394,0.009026010266036274
2023-04-18,0.07134140348291015,growth,growth,0.005942239342060507,0.8641556508425395,0.007129840479760471
2023-04-19,0.07155455008204423,growth,growth,-0.0025076141832334198,0.8641556508425395,0.07657538465125485
2023-04-20,0.07750864242224226,growth,growth,-0.008282005369898537,0.883551842363608,0.010152575136006594
2023-04-21,0.05745434684831621,growth,growth,-0.0024015445181245765,0.8835518423636082,0.002998121721016196
2023-04-24,0.036874950086477315,growth,growth,0.0009163951364470346,0.8835518423636082,0.0055849169621928554
2023-04-25,0.09185759719939962,growth,growth,-0.015135751057090086,0.8835518423636082,0.011955786725519238
2023-04-26,0.10623683351152696,growth,growth,0.005496791258766898,0.8835518423636082,0.012405983147401151
2023-04-27,0.03756635353234494,growth,growth,0.023101795417545423,0.8835518423636082,0.027436198371671463
2023-04-28,0.026506787964674886,growth,growth,0.009441308756887867,0.8835518423636082,0.00604612298324231
2023-05-01,0.0278262236802215,growth,growth,0.009123318011222015,0.8835518423636082,0.01488718314471047
2023-05-02,0.1424991419732033,growth,growth,-0.013188671263740348,0.8835518423636082,0.015142572711652723
2023-05-03,0.15135944873453427,growth,growth,-0.00730788637424562,0.8835518423636082,0.0070864356829036055
2023-05-04,0.21434432433885492,growth,growth,-0.004627323113546744,0.8835518423636082,0.006134665593177161
2023-05-05,0.06368104942006009,growth,growth,0.01378706677302044,0.8835518423636082,0.017392136574037962
2023-05-08,0.15332023628225122,growth,growth,0.004904111605206207,0.8835518423636082,0.005172095722363403
2023-05-09,0.1422163630454946,growth,growth,-0.004733215868033325,0.8835518423636082,0.00873024239947757
2023-05-10,0.03618364628082431,growth,growth,0.0020108648117813654,0.8835518423636082,0.007621595071119898
2023-05-11,0.13844597734270958,growth,growth,-0.0046515308604878625,0.8835518423636082,0.08609363101270578
2023-05-12,0.14014255126874875,growth,growth,-0.0030042519258852707,0.8907868917063761,0.08943270047706303
2023-05-15,0.13815458225578028,growth,growth,0.010766397521697835,0.8979274582036801,0.007934230870189053
2023-05-16,0.14909594339756732,growth,growth,-0.002876380436390047,0.8979274582036801,0.06876220390782802
2023-05-17,0.12870594713080005,growth,growth,0.01746159194989283,0.9035199827628245,0.06696260178266443
2023-05-18,0.11613812764180201,growth,growth,0.02294201971024523,0.9137541646791513,0.045229586769872175
2023-05-19,0.11805480680086067,growth,growth,-0.003777101289305418,0.9145005323888037,0.050008475032838826
2023-05-22,0.11909780723022588,growth,growth,0.001675277872655423,0.9080911327294886,0.0385313804778937
2023-05-23,0.14129283170960716,growth,growth,-0.009362976677756096,0.900695040779139,0.04497090794644934
2023-05-24,0.2979081006348685,growth,growth,-0.003629495091243329,0.897173759453125,0.045956517381297114
2023-05-25,0.18828538159068292,growth,growth,0.086142482027183,0.9002817613487067,0.08583566056077119
2023-05-26,0.13400104677941077,growth,growth,0.022122680135301387,0.8960276103784788,0.010132443228171488
2023-05-30,0.11751133669449662,growth,growth,0.007114780643758589,0.8960276103784788,0.01292647247027952
2023-05-31,0.12047397155979071,growth,growth,-0.01880982376885909,0.8960276103784788,0.020839782001247035
2023-06-01,0.008000610993790421,growth,growth,0.02327003474917322,0.8960276103784788,0.06606003257638036
2023-06-02,0.0,growth,growth,-0.0007336587333907074,0.8981038781295397,0.06287891779693218
2023-06-05,0.10255490271612051,growth,growth,-0.0029654145088070516,0.905673285191042,0.07665011776530345
2023-06-06,0.1,growth,growth,-0.004932547523690323,0.9291916248478227,0.0505145865696328
2023-06-07,0.10461030743886868,growth,growth,-0.019641168609542903,0.9329676611579553,0.026571450965871164
2023-06-08,0.1,growth,growth,0.011917331824200739,0.9166458604718719,0.025030908080791302
2023-06-09,0.1,growth,growth,0.0017611802698367374,0.9059873282441763,0.027739919795153938
2023-06-12,0.005702661819696098,growth,growth,0.016090271314028293,0.8960377394931235,0.025282622330354065
2023-06-13,0.11396847313941456,growth,growth,0.013945687290478181,0.8885613390209838,0.029956290158480288
2023-06-14,0.0,growth,growth,0.01736548797020765,0.8790995078777097,0.02994199567956885
2023-06-15,0.018681327587346464,growth,growth,0.008090474751671906,0.8709385419876896,0.028974457007308038
2023-06-16,0.10454165582041708,growth,growth,-0.004807729910652592,0.8627749060264012,0.019825696642661404
2023-06-20,0.11143577452229869,growth,growth,0.010201513392217976,0.8567911483484477,0.019612677591176273
2023-06-21,0.11820894544932935,growth,growth,-0.01154629955031461,0.852046001836667,0.01994552106602648
2023-06-22,0.013461601983371839,growth,growth,0.00598924518618027,0.8512433360550717,0.015153410250797633
2023-06-23,0.02343979340859026,growth,growth,-0.007016181511054986,0.8492693803599168,0.023315800166941302
2023-06-26,0.044522948015813774,growth,growth,-0.02145101282943218,0.8455479752484061,0.019450024580348876
2023-06-27,0.014489753604973985,growth,growth,0.02546151298855248,0.8406968127719479,0.013893592886367424
2023-06-28,0.019051824916794195,growth,growth,-0.007323552126662469,0.8370905969702306,0.010862521431381836
2023-06-29,0.023263507919314058,growth,growth,-0.006224234791601391,0.8314855992667038,0.009497303892558293
2023-06-30,0.003348227162674755,growth,growth,0.017464827157673612,0.8294858642458006,0.017882304107139917
2023-07-03,0.1,growth,growth,0.002141657400153596,0.8297180373491719,0.01126253866482231
2023-07-05,0.11159001497862803,growth,growth,0.0030934494614189845,0.8334178200037402,0.024538432865323374
2023-07-06,0.15730788441307858,growth,growth,-0.008771279431843304,0.8360493876672668,0.013292261583236084
2023-07-07,0.14432526708644927,growth,growth,0.0005709038657106813,0.8387300693641788,0.012207076680371614
2023-07-10,0.14507949405066206,growth,growth,0.005266095331581289,0.8413179149418686,0.014480436509758374
2023-07-11,0.13207277464040723,growth,growth,0.004567976378777816,0.8486713921482366,0.011089505516481277
2023-07-12,0.1,growth,growth,0.028142723199957365,0.8506427129189605,0.011248248456662195
2023-07-13,0.1,growth,growth,0.026277830104478372,0.8538910479600285,0.016346202596704294
2023-07-14,0.1008305360255894,growth,growth,-0.006601227431534018,0.8591638873840926,0.01071983849051559
2023-07-17,0.1,growth,growth,0.00844178670043827,0.8665671286159985,0.015999099042709918
2023-07-18,0.1,growth,growth,0.010050714112097126,0.8735017408207285,0.012056878646305204
2023-07-19,0.10487445201584844,growth,growth,-0.012189902039288603,0.8775101511372725,0.02334987556805961
2023-07-20,0.11722222515363358,growth,growth,-0.036785124006850634,0.8804120077668373,0.007617149395135091
2023-07-21,0.11469310998689772,growth,growth,-0.010479802311590514,0.8717283535173259,0.027094969081844947
2023-07-24,0.11249876535411904,growth,growth,-0.0034653637718666808,0.8629936260735248,0.007149630157726931
2023-07-25,0.012631566719807096,growth,growth,0.011538959258373227,0.8629936260735248,0.006132509727954522
2023-07-26,0.1,growth,growth,0.0006536611098082457,0.8629936260735248,0.025824255889634176
2023-07-27,0.1178463503824004,growth,growth,0.02315201085695251,0.8489412571370673,0.040181211149535094
2023-07-28,0.1,growth,growth,0.021764109008973298,0.8279874981883253,0.02620722540373471
2023-07-31,0.1,growth,growth,-0.006825970482284283,0.8185127152654897,0.017424663610064527
2023-08-01,0.10533055471823485,growth,growth,0.0002443989517408873,0.8052592817921557,0.016180913564958134
2023-08-02,0.18826926869196373,growth,growth,-0.029234841687721613,0.8017010688785451,0.01572563899640838
2023-08-03,0.1575037473990792,growth,growth,4.211879712068267e-05,0.7948477806465386,0.011257633332511152
2023-08-04,0.21682579237260619,growth,growth,-0.0017403400980738892,0.7836420408484885,0.0038340091781920447
2023-08-07,0.1677229051436788,growth,growth,0.014473668970999665,0.7836420408484885,0.0035678020235687283
2023-08-08,0.17069417511146473,growth,growth,-0.012452374542668343,0.7836420408484885,0.0029400929649720238
2023-08-09,0.13506714476590917,growth,growth,-0.022481971908824283,0.7836420408484885,0.01060458855906706
2023-08-10,0.134601137420496,growth,growth,0.0009196107174755941,0.7836420408484885,0.0031220439027442003
2023-08-11,0.13535830733322501,growth,growth,-0.019241918413285264,0.7836420408484885,0.007819169136231974
2023-08-14,0.12819335237392995,growth,growth,0.026681720351138916,0.7836420408484885,0.020663460340447463
2023-08-15,0.2772150245657717,growth,growth,-0.006856995326615212,0.7836420408484885,0.008367051180243707
2023-08-16,0.29327620822109135,growth,growth,-0.011228026474464414,0.7836420408484885,0.004674155443940061
2023-08-17,0.3262317967432309,growth,growth,-0.00978069794184222,0.7836420408484885,0.008881234013606156
2023-08-18,0.3367385876125454,growth,growth,0.0015138841382806856,0.7836420408484885,0.006078629143256143
2023-08-21,0.3254976417850092,growth,growth,0.033816730362472125,0.7836420408484885,0.02306409682380717
2023-08-22,0.2914977596010194,growth,growth,-0.008742647770766165,0.7836420408484885,0.0174197080838255
2023-08-23,0.267989177614366,growth,growth,0.018499902016703373,0.7825783273859311,0.006113353421016969
2023-08-24,0.2858722094945967,growth,growth,-0.015228392549363479,0.7825783273859311,0.01332472260767405
2023-08-25,0.27690156809539324,growth,growth,-0.007309718311237945,0.7825783273859311,0.008708461922011536
2023-08-28,0.26877551899796726,growth,growth,0.01206490526110282,0.7825783273859311,0.0031305269708834086
2023-08-29,0.12513531720500753,growth,growth,0.022050968218554123,0.7825783273859311,0.009072356816987254
2023-08-30,0.11974706126188422,growth,growth,0.0010690052342043899,0.7825783273859311,0.005826350762709151
2023-08-31,0.12166934156171347,growth,growth,-0.00155868954465066,0.7825783273859311,0.004573574099711801
2023-09-01,0.11922271097472686,growth,growth,-0.0041014457717946096,0.7825783273859311,0.007010363280713541
2023-09-05,0.1249024975794359,growth,growth,0.004033244120416946,0.7825783273859311,0.0038989284086954263
2023-09-06,0.2586983862241095,growth,growth,-0.009253608627775578,0.7825783273859311,0.0106984394042521
2023-09-07,0.27392761835623514,growth,growth,-0.01435515056412029,0.7825783273859311,0.01001105226721307
2023-09-08,0.26670613596463283,growth,growth,-0.007993870317107632,0.7825783273859311,0.02676876767317062
2023-09-11,0.14347505078029704,growth,growth,0.00641241899535272,0.7936104618445116,0.02372795730069577
2023-09-12,0.26407903973837576,growth,growth,-0.010580963787256592,0.7992334096520559,0.028878842113426645
2023-09-13,0.15785370189876452,growth,growth,0.0070919109853480045,0.78910523853936,0.005065788962839144
2023-09-14,0.02164017009084168,growth,growth,0.008579082132448734,0.78910523853936,0.006058268574412792
2023-09-15,0.16244392946522487,growth,growth,-0.029296929790501136,0.78910523853936,0.010481489178984681
2023-09-18,0.16603191274949422,growth,growth,0.0029513134386334183,0.7809968633469828,0.0020444665691592974
2023-09-19,0.26437301950904313,growth,growth,-0.0016619838386963126,0.7809968633469828,0.008547522661927853
2023-09-20,0.31321245330674896,growth,growth,-0.015341619285311192,0.7771398191672805,0.006472331241102384
2023-09-21,0.4079118062778465,caution,growth,-0.014778394905961001,0.7771398191672805,0.005092593698706613
2023-09-22,0.3744787201507158,caution,growth,0.009100938177812656,0.7771398191672805,0.002514768059450628
2023-09-25,0.3571469251524254,caution,caution,0.0058734173933918665,0.7771398191672805,0.003948699171952049
2023-09-26,0.4162571800221916,caution,caution,-0.007947764081592479,0.7771398191672805,0.0032606973300058242
2023-09-27,0.3740975594839001,caution,caution,0.0032623087535350592,0.7771398191672805,0.005266564561022378
2023-09-28,0.30584776527438307,growth,caution,0.012411232819008688,0.7771398191672805,0.0035977682093951175
2023-09-29,0.3144689695553874,growth,caution,0.0014965817729029052,0.7771398191672805,0.008664125020745657
2023-10-02,0.3219879832040987,growth,growth,0.01373697193222756,0.7771398191672805,0.011422879599841635
2023-10-03,0.33940815695172666,growth,growth,-0.017654767843345853,0.7771398191672805,0.004088507477203322
2023-10-04,0.3230574170536236,growth,growth,0.014244271330931646,0.7771398191672805,0.004632431121035431
2023-10-05,0.33749379742995045,growth,growth,0.0010676939221605508,0.7771398191672805,0.00796061011369699
2023-10-06,0.30286656978425586,growth,growth,0.022263064724205917,0.7771398191672805,0.005164271192218095
2023-10-09,0.29636190157222964,growth,growth,-0.002084802814936726,0.7771398191672805,0.007446216678024297
2023-10-10,0.2882523070423394,growth,growth,0.009738231100447248,0.7771398191672805,0.002444972151966803
2023-10-11,0.283049846681836,growth,growth,0.013364786035805043,0.7771398191672805,0.005324685103782189
2023-10-12,0.2908246418224212,growth,growth,0.00041219562340288896,0.7771398191672805,0.007110857586580755
2023-10-13,0.3292867119841699,growth,growth,-0.02288378083161635,0.7771398191672805,0.005484173800228678
2023-10-16,0.28386821226689885,growth,growth,0.011518108420637274,0.7771398191672805,0.0042606729886652955
2023-10-17,0.19890019579091894,growth,growth,-0.010080908625070828,0.7771398191672805,0.01980823748680897
2023-10-18,0.25926733735636887,growth,growth,-0.025348592170860496,0.7771398191672805,0.008319262818578274
2023-10-19,0.3966180205213854,caution,growth,-0.003290642821639933,0.7771398191672805,0.005152911975591089
2023-10-20,0.3643838404269966,caution,growth,-0.011268519506109742,0.7771398191672805,0.0026424411931990593
2023-10-23,0.38448990134661193,caution,caution,0.018974485218686388,0.7771398191672805,0.007422553960590652
2023-10-24,0.2384288156236711,growth,caution,0.007077519399420584,0.7771398191672805,0.008739923291210063
2023-10-25,0.3530516670387424,caution,caution,-0.02999553288128287,0.7771398191672805,0.008077251790820476
2023-10-26,0.35252506342379364,caution,growth,-0.020445360233790844,0.7771398191672805,0.014287266185922059
2023-10-27,0.3579908032106845,caution,caution,0.010566963226698922,0.7771398191672805,0.008764202997131529
2023-10-30,0.24363981989515554,growth,caution,0.010683207220111735,0.7771398191672805,0.006668555425874708
2023-10-31,0.23601106615606549,growth,caution,-0.0013610658680774934,0.7771398191672805,0.006414981754135106
2023-11-01,0.22297555973680042,growth,growth,0.025057590826418563,0.7771398191672805,0.008053851231534811
2023-11-02,0.1993005645231764,growth,growth,0.013688183825582678,0.7771398191672805,0.013439419848308409
2023-11-03,0.06281390676715182,growth,growth,0.016891724623167015,0.7771398191672805,0.006914087644037919
2023-11-06,0.05989114624233604,growth,growth,0.0048947830382999324,0.7771398191672805,0.0059903732271308465
2023-11-07,0.05626707411021484,growth,growth,0.003982048653909276,0.7771398191672805,0.002868983184185203
2023-11-08,0.05533174657096151,growth,growth,0.005776573858915723,0.7771398191672805,0.0033721473575854086
2023-11-09,0.06529835904034811,growth,growth,0.0018150766906634974,0.7771398191672805,0.003753329796404723
2023-11-10,0.04551089943236768,growth,growth,0.02369896701220231,0.7771398191672805,0.0055065449265279095
2023-11-13,0.046738769892448156,growth,growth,0.00041078711066111495,0.7771398191672805,0.01281211928616411
2023-11-14,0.02177756127699923,growth,growth,0.018307943713882446,0.7792136771921317,0.004205631345506799
2023-11-15,0.019001026200813103,growth,growth,-0.007227857080678413,0.7792136771921317,0.017020690709068493
2023-11-16,0.01739346650155894,growth,growth,0.005758406838715979,0.7818441158027355,0.014060182387171683
2023-11-17,0.015756643307865355,growth,growth,0.0006512491585477509,0.7925221899573891,0.010902856437284572
2023-11-20,0.005614541895409254,growth,growth,0.013695661180738838,0.8006045038420732,0.017161182260266437
2023-11-21,0.008507946902218419,growth,growth,-0.00818361843163573,0.8141909319076254,0.011259976599550154
2023-11-22,0.003393185001466087,growth,growth,-0.0027039362802083744,0.8236670049662882,0.01939725298878045
2023-11-24,0.0025748194164027928,growth,growth,-0.007251923603902144,0.8230797629369481,0.013238046862547214
2023-11-27,0.004971389182713197,growth,growth,-0.0007344323882677584,0.8204526033823626,0.016765813382201587
2023-11-28,0.003656280380718779,growth,growth,-0.0010601834196048987,0.8093812303405538,0.012276299543522223
2023-11-29,0.004591515896404676,growth,growth,-0.001913107128015512,0.8060774580021531,0.020304712640264937
2023-11-30,0.0016342340718953129,growth,growth,-0.013809532173694072,0.7896426631124595,0.03623201209819631
2023-12-01,0.004093099737724248,growth,growth,-0.0005069601000088353,0.7619565366820811,0.0416040125612914
2023-12-04,0.0162192055230101,growth,growth,-0.012418639183124247,0.7291646933001671,0.006446768114121116
2023-12-05,0.011043286444510627,growth,growth,0.007023069720774933,0.7291646933001671,0.008009846408137879
2023-12-06,0.012604515861530233,growth,growth,-0.008389149443290833,0.7291646933001671,0.006469556409451141
2023-12-07,0.005777592042605289,growth,growth,0.015723354075762863,0.7291646933001671,0.006557901761106248
2023-12-08,0.0,growth,growth,0.009783026751566837,0.7291646933001671,0.0072507482053031595
2023-12-11,0.0,growth,growth,-0.007833735753143167,0.7291646933001671,0.010923061172579393
2023-12-12,0.0,growth,growth,0.015381724037443867,0.7291646933001671,0.005290763077909807
2023-12-13,0.0,growth,growth,0.006242251230043294,0.7291646933001671,0.004359337373886138
2023-12-14,0.0,growth,growth,0.003476635375148085,0.7291646933001671,0.006603489700102327
2023-12-15,0.0021954223864601905,growth,growth,0.004921622994505936,0.7291646933001671,0.0031376709046212065
2023-12-18,0.0,growth,growth,0.011922262618104362,0.7291646933001671,0.011818227640176364
2023-12-19,0.11143330695387409,growth,growth,0.001564556078935686,0.7291646933001671,0.007093255709626452
2023-12-20,0.1548999067391023,growth,growth,-0.013171677197301834,0.7291646933001671,0.008652907605157308
2023-12-21,0.13413391810623715,growth,growth,0.014221416927864716,0.7291646933001671,0.004704408769980538
2023-12-22,0.12166399072992673,growth,growth,-0.0018532439695668756,0.7291646933001671,0.0009462886933302676
2023-12-26,0.11027068480419495,growth,growth,0.005764861864069992,0.7291646933001671,0.002758378232685065
2023-12-27,0.1,growth,growth,0.002983979391505409,0.7291646933001671,0.0016491139374495904
2023-12-28,0.1,growth,growth,-0.00014936623821615314,0.7291646933001671,0.002330185865637208
2023-12-29,0.1038598861672136,growth,growth,-0.002923083398800874,0.7291646933001671,0.0034086841821190585
2024-01-02,0.1152143525187302,growth,growth,-0.021664312230356142,0.7291646933001671,0.006751872677465051
2024-01-03,0.1463462408092108,growth,growth,-0.00789602261114064,0.7291646933001671,0.0038875532991057976
2024-01-04,0.16735027644172945,growth,growth,0.003477091441973057,0.7291646933001671,0.00431866581314829
2024-01-05,0.14570110453965887,growth,growth,0.010646633687327434,0.7291646933001671,0.005924934068701229
2024-01-08,0.12102660101651834,growth,growth,0.028195371682284254,0.7291646933001671,0.013894199523158334
2024-01-09,0.1078598431899317,growth,growth,0.003449471264122206,0.7291646933001671,0.007195588998072822
2024-01-10,0.1003636404301324,growth,growth,0.016166925386195796,0.7291646933001671,0.008873543158088701
2024-01-11,0.10095102585237008,growth,growth,0.0024231454855607737,0.7291646933001671,0.04881379106142661
2024-01-12,0.10002797908760563,growth,growth,0.0013225354694763602,0.6841580821753721,0.04160083380800727
2024-01-16,0.1223542895080291,growth,growth,0.004513278270896759,0.6531821873055081,0.03281500103583244
2024-01-17,0.16003438037244377,growth,growth,-0.0005568323399255393,0.6306292286217436,0.024068993594893538
2024-01-18,0.13460214869475043,growth,growth,0.014681700359544081,0.6229440432684104,0.04586785753676263
2024-01-19,0.12073956525788881,growth,growth,0.018059634970798433,0.6040550887001036,0.03254229377270084
2024-01-22,0.1115747979167848,growth,growth,0.0014009940704715618,0.5928670303962155,0.022713226230243706
2024-01-23,0.1,growth,growth,0.004078761644431328,0.5944755078800589,0.026166763643864145
2024-01-24,0.1,growth,growth,0.018128377281315444,0.5853336296961233,0.05373763455594652
2024-01-25,0.1,growth,growth,0.004413132542927745,0.5608314394920279,0.04668320445156839
2024-01-26,0.10169396703189593,growth,growth,-0.003179193132625935,0.5403459412013901,0.051898354225405494
2024-01-29,0.10932526491576687,growth,growth,0.010601794870859438,0.5371254655182439,0.054073203483597954
2024-01-30,0.11919864683673949,growth,growth,-0.0013678085069772639,0.5382996138163648,0.04896384101719053
2024-01-31,0.1503963689358639,growth,growth,-0.0071208822650102865,0.5577247958232032,0.04012827006139928
2024-02-01,0.11520908297762404,growth,growth,0.013320310270054536,0.5849142015317509,0.04089897815386523
2024-02-02,0.1133484195113994,growth,growth,0.018934973117512133,0.6128479693587747,0.04698675799252993
2024-02-05,0.10639891212422108,growth,growth,0.016365337790356094,0.6412497823141624,0.04195237593068669
2024-02-06,0.10099782142041273,growth,growth,-0.00298409625166951,0.6647344489382174,0.03990619153293211
2024-02-07,0.1,growth,growth,0.016279179479238293,0.6947894296579721,0.040519479230215046
2024-02-08,0.1,growth,growth,-0.0016401870368681903,0.7262815077506347,0.034617898667180395
2024-02-09,0.1,growth,growth,0.019166091836276378,0.7519491948178286,0.04062572385730133
2024-02-12,0.10629128537619557,growth,growth,-0.00587603738565079,0.7753672542768439,0.0320502855910795
2024-02-13,0.18303006151729534,growth,growth,-0.012485285120335421,0.7961068451734251,0.03423764349027774
2024-02-14,0.1432396660228863,growth,growth,0.02006675223014165,0.8177963102803333,0.021831914930106385
2024-02-15,0.12861611268180304,growth,growth,0.001224101307900849,0.8325564394782803,0.022066855745368492
2024-02-16,0.1370343119128985,growth,growth,-0.005554107883189219,0.8531069391988505,0.026320317261949104
2024-02-20,0.1460328288017893,growth,growth,-0.020309591365462176,0.8715508177698768,0.01853907698507386
2024-02-21,0.11274876202632222,growth,growth,-0.010790604018270589,0.8853109285370924,0.015512517604733135
2024-02-22,0.10333796619204678,growth,growth,0.07399003107115476,0.8835685929081999,0.04535109228119884
2024-02-23,0.1,growth,growth,-0.005905851053253031,0.8835685929081999,0.025148546572132918
2024-02-26,0.10488323951219555,growth,growth,0.004203962411005069,0.8985101012723568,0.026323114090027636
2024-02-27,0.10241531620684136,growth,growth,-0.00036542368677872084,0.9128570357167779,0.01886314514528917
2024-02-28,0.10417423742707334,growth,growth,-0.0064795156434017676,0.9291097689335754,0.024176109374668547
2024-02-29,0.1,growth,growth,0.013560214604120269,0.9463340783799403,0.025803932457653653
2024-03-01,0.1,growth,growth,0.03194393905858983,0.9620537302156772,0.021139621948818466
2024-03-04,0.10142969661339751,growth,growth,0.010131144007286208,0.9672828266502053,0.019652516579969814
2024-03-05,0.13774937771744583,growth,growth,-0.011895254328872729,0.9595298782459858,0.013940841051903111
2024-03-06,0.12236587519909012,growth,growth,0.023453907416331354,0.9563297051028143,0.017062352618044882
2024-03-07,0.12328358189834997,growth,growth,0.036048422768976796,0.9530823365077435,0.008438873761992172
2024-03-08,0.1453026226199814,growth,growth,-0.03504600710795569,0.9516916725004841,0.027131174009098084
2024-03-11,0.1476153189833132,growth,growth,-0.028388679284338192,0.9545954748672044,0.02036091937821023
2024-03-12,0.1,growth,growth,0.03896918294179219,0.9595385319399403,0.018054725599348426
2024-03-13,0.10208992756368669,growth,growth,-0.010721447714410859,0.9595385319399403,0.015570831147306395
2024-03-14,0.10472175412170488,growth,growth,-0.014398575708840955,0.9672519265396902,0.0225065458099218
2024-03-15,0.11384463744505872,growth,growth,-0.01204892570282634,0.971012160954075,0.018888222434933957
2024-03-18,0.10600279751917382,growth,growth,0.010896064151912022,0.9713835041361422,0.02099906794398389
2024-03-19,0.1,growth,growth,0.006506202458758992,0.973038051493398,0.012519906835151766
2024-03-20,0.1,growth,growth,0.01553220796379473,0.97412635692944,0.008454527339562524
2024-03-21,0.1,growth,growth,0.011457349264911265,0.9721020554906714,0.0066969773938893775
2024-03-22,0.10252780046738773,growth,growth,0.007111473464494811,0.9709604526898594,0.020283920400073707
2024-03-25,0.1062047245005783,growth,growth,-0.0024777094590542337,0.9638644074208733,0.01254211139911334
2024-03-26,0.10865582094999435,growth,growth,-0.014475625770504541,0.957477966678786,0.011802084779210364
2024-03-27,0.1,growth,growth,-0.007809926482092111,0.9517301700109075,0.017478896207135282
2024-03-28,0.10234496623065424,growth,growth,-0.005865814313360085,0.9504728668382548,0.01131112468929635
2024-04-01,0.11612715471560384,growth,growth,0.010727062756747507,0.9454255801544293,0.011601311604321079
2024-04-02,0.14333285100396573,growth,growth,-0.007605845728608673,0.9408830221389863,0.012396405389601753
2024-04-03,0.1342809398136434,growth,growth,0.008195396701774715,0.9408830221389863,0.009374515259944819
2024-04-04,0.20954360954870918,growth,growth,-0.016476249990164726,0.9408830221389863,0.016330324583107216
2024-04-05,0.18171933917025868,growth,growth,0.02577627841915353,0.9408830221389863,0.0032396381695394653
2024-04-08,0.1451878155130344,growth,growth,-0.0066654156106006335,0.9408830221389863,0.006797144257363482
2024-04-09,0.11740987152844355,growth,growth,-0.005190930177177644,0.9408830221389863,0.008848914200780976
2024-04-10,0.153839461876482,growth,growth,0.0026826488589997144,0.9408830221389863,0.011876148727281674
2024-04-11,0.1131763561649802,growth,growth,0.020100368117191847,0.9408830221389863,0.011358397882486127
2024-04-12,0.15535376044032123,growth,growth,-0.024247175547100763,0.9408830221389863,0.003884041185110024
2024-04-15,0.3524987258216994,caution,growth,-0.017172897031173084,0.9408830221389863,0.00706153813846016
2024-04-16,0.343545449431793,growth,growth,0.011530623599904866,0.9408830221389863,0.09270780117744609
2024-04-17,0.3284083506913842,growth,caution,-0.0330457263771593,0.85,0.01863898350849877
2024-04-18,0.34744693039513735,growth,growth,0.00026988166542518677,0.85,0.012127210211329969
2024-04-19,0.3206490513148123,growth,growth,-0.047842496344501106,0.85,0.021147222073150816
2024-04-22,0.28476416697393975,growth,growth,0.016387147958459858,0.85,0.012295131366990552
2024-04-23,0.26965114003874835,growth,growth,0.027699580738271834,0.85,0.005121532702762287
2024-04-24,0.2702628376887416,growth,growth,-0.013137984915508438,0.85,0.008972148114497829
2024-04-25,0.2751561002131724,growth,growth,-0.01604308500791163,0.85,0.04650044588775989
2024-04-26,0.2629995056944431,growth,growth,0.023968855488610386,0.85,0.01686403143462036
2024-04-29,0.25841201232613026,growth,growth,-0.009281505454080352,0.85,0.007050521619357924
2024-04-30,0.279004346056832,growth,growth,-0.01771497230552177,0.85,0.010476072870280267
2024-05-01,0.28315860006324556,growth,growth,-0.010836422833586545,0.85,0.019946022313576384
2024-05-02,0.27123137224604393,growth,growth,0.016471214300755488,0.85,0.008874460981741423
2024-05-03,0.13027736062821044,growth,growth,0.026156900142170203,0.85,0.006013476098559481
2024-05-06,0.11682096835490452,growth,growth,0.023529071207394114,0.85,0.007847708660936089
2024-05-07,0.11536812668451192,growth,growth,-0.005918385682098792,0.85,0.007317919742657764
2024-05-08,0.11524081581648778,growth,growth,0.0031138452148533613,0.85,0.003146433830284792
2024-05-09,0.10764630029379357,growth,growth,-0.0026390257898071257,0.85,0.008193245321908472
2024-05-10,0.10593851821183824,growth,growth,0.008994212780164768,0.85,0.005726173116364802
2024-05-13,0.008206409693836889,growth,growth,-0.006908584245555849,0.85,0.008398927731270048
2024-05-14,0.004308402281898371,growth,growth,0.004653606309598324,0.85,0.004547782388041331
2024-05-15,0.0,growth,growth,0.022465389654219958,0.85,0.0049360365101104925
2024-05-16,0.00274307854747118,growth,growth,-0.010777785275731477,0.85,0.03363358081797907
2024-05-17,0.0008303347384274565,growth,growth,-0.004750742164815636,0.8768915793854182,0.00794487819602996
2024-05-20,0.0,growth,growth,0.009676996669904625,0.8768915793854182,0.010666169610296655
2024-05-21,0.0,growth,growth,-0.004688941886151543,0.8768915793854182,0.0277259768602065
2024-05-22,0.0038389001700051086,growth,growth,-0.00018488252794257587,0.8903298069299608,0.004188520640846118
2024-05-23,0.022004005417304854,growth,growth,0.029050556632686186,0.8903298069299608,0.03401361080899387
2024-05-24,0.004817843245641735,growth,growth,0.02187660065084751,0.8903298069299608,0.03390460246601346
2024-05-28,0.02290145995775613,growth,growth,0.032196716055289176,0.9032216822805644,0.035398867832219676
2024-05-29,0.07441280035692485,growth,growth,-0.010523553912302641,0.9135900289572721,0.03099558964336881
2024-05-30,0.07517017416459346,growth,growth,-0.013912857225228725,0.9257095614715715,0.0272950332804777
2024-05-31,0.013535764310376858,growth,growth,-0.004295309587010077,0.9268007089168933,0.017953536150785356
2024-06-03,0.03860593154129052,growth,growth,0.022932170235755223,0.9377437299776685,0.02048972158554105
2024-06-04,0.01302511111564308,growth,growth,-0.0007299837832470679,0.9397223360686839,0.021327398230206508
2024-06-05,0.0,growth,growth,0.053327307272151625,0.9359020623253143,0.04223964588584198
2024-06-06,2.5101616723391657e-05,growth,growth,-0.0018963740005645269,0.9366008099963814,0.022031695924526862
2024-06-07,0.001645792957343886,growth,growth,-0.00648777432711356,0.941766914291766,0.02162250132929204
2024-06-10,0.0,growth,growth,0.012501744527902092,0.9501114198677874,0.017258894672143626
2024-06-11,0.0,growth,growth,-0.0016809876893877362,0.9570685588698455,0.017784574084708352
2024-06-12,0.0,growth,growth,0.019231060321892146,0.964885824950259,0.019724141972874212
2024-06-13,0.1,growth,growth,0.003136728658346355,0.973982668070991,0.031919217966280056
2024-06-14,0.01080195345585575,growth,growth,-0.0007921229092903159,0.9835068301964834,0.021081283513660006
2024-06-17,0.0002354842008201796,growth,growth,0.007589643908562538,0.9876924263009317,0.01968866715788859
2024-06-18,0.0,growth,growth,0.008610324778084433,0.9887551201058898,0.01724412674957415
2024-06-20,0.03451904546660294,growth,growth,-0.010786019195551666,0.9856241841636152,0.017555445537307663
2024-06-21,0.03706339524318211,growth,growth,-0.016991606492226086,0.9796810447494403,0.02594431593043266
2024-06-24,0.025598324201754695,growth,growth,-0.02616476767229481,0.9737625309765845,0.037653233553391535
2024-06-25,0.00674216670912969,growth,growth,0.034077916691298116,0.9701674077250035,0.02610334288292837
2024-06-26,0.009063646572754292,growth,growth,0.000337241314406711,0.967274221541755,0.023335214969829123
2024-06-27,0.0008688825527484308,growth,growth,0.0018459298736652752,0.9716605040839317,0.022730078438011017
2024-06-28,0.006112270355762044,growth,growth,-0.011827496102664758,0.9767057085019591,0.019207244829612884
2024-07-01,0.003380845266029871,growth,growth,0.005866917225523016,0.9786753971520127,0.008321888408332397
2024-07-02,0.0,growth,growth,0.002803706957958285,0.9699255995734573,0.021925178638749127
2024-07-03,0.0,growth,growth,0.020596647328786633,0.9588146714601626,0.015123892237993092
2024-07-05,0.005882347441324476,growth,growth,0.012194683573236498,0.9588146714601626,0.041213411809137464
2024-07-08,0.0,growth,growth,0.0010775925632020567,0.9431989967542057,0.012030698323117359
2024-07-09,0.007119475176334156,growth,growth,0.0024474096019517777,0.9431989967542057,0.013270733411168608
2024-07-10,0.020448894431421793,growth,growth,0.022179192798513325,0.9431989967542057,0.011011068282265238
2024-07-11,0.13209220120610587,growth,growth,-0.03899544400931987,0.9431989967542057,0.010088852525429529
2024-07-12,0.10315897886822252,growth,growth,0.003284917163884682,0.9431989967542057,0.0176448947171197
2024-07-15,0.11818916750861644,growth,growth,-0.008967158956891375,0.9431989967542057,0.00574070100846701
2024-07-16,0.11630693858657691,growth,growth,-0.006730881468561711,0.9431989967542057,0.008467849379389283
2024-07-17,0.1567493532790198,growth,growth,-0.07420716507677727,0.9431989967542057,0.027706924747605898
2024-07-18,0.1986892958840303,growth,growth,0.013464866431970313,0.9431989967542057,0.016145621363559553
2024-07-19,0.23521337399966277,growth,growth,-0.01646481897063279,0.9431989967542057,0.012834585448291927
2024-07-22,0.16503008244088008,growth,growth,0.0353584819417192,0.9431989967542057,0.01320499940775219
2024-07-23,0.16095301906830253,growth,growth,-0.0041849183691134995,0.9431989967542057,0.004747525661505535
2024-07-24,0.22953492465328154,growth,growth,-0.05599017275366347,0.9431989967542057,0.008643974855458751
2024-07-25,0.33508033291582073,growth,growth,-0.013476552839042255,0.9431989967542057,0.0033260703254073525
2024-07-26,0.14820055691785314,growth,growth,0.019149388955760793,0.9431989967542057,0.009849739209225867
2024-07-29,0.18144951163611897,growth,growth,-0.00901995560958857,0.9431989967542057,0.006885556309313522
2024-07-30,0.3394901296925351,growth,growth,-0.026433268129563148,0.9431989967542057,0.025441210999841313
2024-07-31,0.1331645545227193,growth,growth,0.07210419270230428,0.9431989967542057,0.03969463430599509
2024-08-01,0.15368882664956127,growth,growth,-0.023070633544646557,0.9431989967542057,0.0437733260939785
2024-08-02,0.5285671488874374,caution,growth,-0.03670941071922673,0.9431989967542057,0.026428069235289047
2024-08-05,0.6870749555325533,panic,growth,-0.02358873838890574,0.9431989967542057,0.27845654236861794
2024-08-06,0.5758153854606617,caution,caution,0.023550679346294734,0.8500000000000001,1.5010794962988294
2024-08-07,0.5840537508326954,caution,panic,0.0008476946118449735,0.8,0.0010870195061504773
2024-08-08,0.4896674925964877,caution,caution,0.005401587186178558,0.8,0.0050864519800849495
2024-08-09,0.40022811470898423,caution,caution,0.00021078048245404268,0.8,0.0013032291151879871
2024-08-12,0.399567033107993,caution,caution,0.005137228885573997,0.8,0.006170845508196909
2024-08-13,0.27886594091851635,growth,caution,-0.0030863746768116096,0.8,0.0015481362611035054
2024-08-14,0.14982943020841322,growth,caution,-0.002121883334066821,0.8,0.20297454195838632
2024-08-15,0.12782985842571215,growth,growth,0.0019953310516362954,0.6,0.0007989313520064822
2024-08-16,0.12490294685140749,growth,growth,0.005237020476398291,0.6,0.00818743520435089
2024-08-19,0.11239255861012788,growth,growth,-0.002076441148864294,0.6,0.0010925350258012556
2024-08-20,0.11454041184912994,growth,growth,3.724608875499413e-05,0.6,0.002162584594494643
2024-08-21,0.011490852774635105,growth,growth,-0.001359441990945065,0.6,0.0005587125605945875
2024-08-22,0.0660939494107473,growth,growth,-0.002336610773758463,0.6,0.13349774263095657
2024-08-23,0.12793047641057315,growth,growth,0.0026036167851524183,0.6352513044522683,0.007070530784200071
2024-08-26,0.1403238846250503,growth,growth,0.00014957988113151188,0.6352513044522683,0.120215267497158
2024-08-27,0.007789406527746504,growth,growth,0.0009377497075360175,0.6618116336729034,0.11533741265462852
2024-08-28,0.1309731516869308,growth,growth,-0.0026931762463768827,0.690605697159081,0.11371342867662135
2024-08-29,0.11536654319562903,growth,growth,-0.004070389050437884,0.7131436465251632,0.010450719044966217
2024-08-30,0.0027853983343946905,growth,growth,0.002550179193916202,0.7131436465251632,0.005328413584093062
2024-09-03,0.2150585235316089,growth,growth,-0.016696097740968585,0.7131436465251632,0.018466310748903238
2024-09-04,0.24735102682299542,growth,growth,-0.005276138597498203,0.7131436465251632,0.0056195589772309075
2024-09-05,0.08491576769157103,growth,growth,0.0011581827549145274,0.7131436465251632,0.005089479222351027
2024-09-06,0.41184097983647505,caution,growth,-0.011364043165012605,0.7131436465251632,0.010586785872006893
2024-09-09,0.257550788392544,growth,growth,0.0060961781958872585,0.7131436465251632,0.004948235068977097
2024-09-10,0.16293260924744818,growth,caution,0.0032257893460483356,0.7131436465251629,0.002723480805426387
2024-09-11,0.024643456877185804,growth,growth,0.013545200752219433,0.7131436465251629,0.017121786172909492
2024-09-12,0.01361954606759705,growth,growth,0.006472262478779411,0.7131436465251629,0.007196996218395918
2024-09-13,0.006727174609463996,growth,growth,0.0039018418060838833,0.7131436465251629,0.004569806594483101
2024-09-16,0.10476805472472804,growth,growth,-0.0030210100769899606,0.7131436465251629,0.004405489650820499
2024-09-17,0.104225244064368,growth,growth,-0.0009333760366562194,0.7131436465251629,0.0037450580500016433
2024-09-18,0.11732471946679099,growth,growth,-0.005072054659722713,0.7131436465251629,0.004883133538889958
2024-09-19,0.1,growth,growth,0.01274300447318688,0.7131436465251629,0.010904269625327607
2024-09-20,0.0023048480210821833,growth,growth,-0.0013251288456885835,0.7131436465251629,0.008381419448402882
2024-09-23,0.1,growth,growth,0.0019939230031817967,0.7131436465251629,0.0011524701797771424
2024-09-24,0.1,growth,growth,0.006954760869196885,0.7131436465251629,0.008497969121058739
2024-09-25,0.10294074861344492,growth,growth,0.0036010116973443917,0.7131436465251629,0.0044449990529292615
2024-09-26,0.0,growth,growth,0.003742806132901455,0.7131436465251629,0.0050832480759494
2024-09-27,0.01698024740825573,growth,growth,-0.004980854194486017,0.7131436465251629,0.004291576954920617
2024-09-30,0.015859015370000718,growth,growth,-0.0010929276649628283,0.7131436465251629,0.0040646162084194285
2024-10-01,0.08738331380755512,growth,growth,-0.0017379313949831277,0.7131436465251629,0.009134280170220794
2024-10-02,0.07932973318634584,growth,growth,0.0030342772448144206,0.7131436465251629,0.003511369331268542
2024-10-03,0.21373853098972012,growth,growth,0.00413097709864374,0.7131436465251629,0.00563728933753856
2024-10-04,0.04161220239157382,growth,growth,0.0035989313895499198,0.7131436465251629,0.004315875630323359
2024-10-07,0.2198273706373951,growth,growth,-0.0009425337735390338,0.7131436465251629,0.005685763553688951
2024-10-08,0.13501587517700472,growth,growth,0.003839105748491889,0.7131436465251629,0.007980823923896272
2024-10-09,0.13111112748224021,growth,growth,0.001593794396036241,0.7131436465251629,0.004846923434277445
2024-10-10,0.10877573287193067,growth,growth,0.001608918257258507,0.7131436465251629,0.005116480904822695
2024-10-11,0.1195210836997442,growth,growth,0.004196625923844177,0.7131436465251629,0.0036857728297903813
2024-10-14,0.0,growth,growth,0.005752681706332918,0.7131436465251629,0.006503097309486263
2024-10-15,0.11035950375803667,growth,growth,-0.015558092993461003,0.7131436465251629,0.022160714657662915
2024-10-16,0.004609343337279638,growth,growth,0.00020618666918470474,0.7131436465251629,0.010147099279942652
2024-10-17,0.10449521909815969,growth,growth,0.004530990394718826,0.7131436465251629,0.0031555465283745125
2024-10-18,0.1,growth,growth,0.005139286250451791,0.7131436465251629,0.005355849497832853
2024-10-21,0.10218960650389086,growth,growth,0.0036386235697036806,0.7131436465251629,0.006848580140358386
2024-10-22,0.1028965665639421,growth,growth,0.0035343484151109106,0.7131436465251629,0.0038647399134532122
2024-10-23,0.115053190454849,growth,growth,-0.007485059742742051,0.7131436465251629,0.0071063628053554834
2024-10-24,0.11220225250171811,growth,growth,0.002186024815363563,0.7131436465251629,0.0033350942531749574
2024-10-25,0.25092821691040335,growth,growth,0.0023602217475293674,0.7131436465251629,0.0017102716636799174
2024-10-28,0.13192903604979486,growth,growth,-0.00046858746152189656,0.7131436465251629,0.0018047240212774283
2024-10-29,0.12522313162198584,growth,growth,0.004931406343658518,0.7131436465251629,0.0040937502041853415
2024-10-30,0.2277535364235154,growth,growth,-0.0037738465592025427,0.7131436465251629,0.006466587516149519
2024-10-31,0.30052969860801093,growth,growth,-0.012469311745231693,0.7131436465251629,0.00851113320204828
2024-11-01,0.25377747249231053,growth,growth,0.0022453128836703584,0.7131436465251629,0.004084089824077877
2024-11-04,0.26674078327564443,growth,growth,-0.0007244591455856098,0.7131436465251629,0.002610803886431418
2024-11-05,0.235834055890053,growth,growth,0.004649864471644394,0.7131436465251629,0.006023043600339781
2024-11-06,0.1,growth,growth,0.0009294011800891067,0.7131436465251629,0.018357505901607327
2024-11-07,0.1,growth,growth,0.00737678870315106,0.7131436465251629,0.009168503106508725
2024-11-08,0.1,growth,growth,-0.0016337667538175449,0.7131436465251629,0.005051405936624284
2024-11-11,0.1,growth,growth,-0.005742399226877026,0.7131436465251629,0.008771110547033868
2024-11-12,0.104141791722331,growth,growth,0.0004017101783175825,0.7131436465251629,0.005801170429438012
2024-11-13,0.10349624941093045,growth,growth,-0.0023211556249074228,0.7131436465251629,0.005631897218876387
2024-11-14,0.11204712555718399,growth,growth,0.0017650575099594779,0.7131436465251629,0.004571363443950581
2024-11-15,0.15306748015501714,growth,growth,-0.009385939904835827,0.7131436465251629,0.010134822701489183
2024-11-18,0.13585093068610846,growth,growth,0.003014634543238026,0.7131436465251629,0.0075990420516201486
2024-11-19,0.15228552000963594,growth,growth,0.007084250617253707,0.7131436465251629,0.007302198731373544
2024-11-20,0.18558338072139635,growth,growth,0.0013747111576511983,0.7131436465251629,0.0034908233690322506
2024-11-21,0.16500339204610068,growth,growth,0.004815956039887492,0.7131436465251629,0.0029695692462982422
2024-11-22,0.10723724043113408,growth,growth,0.001221695713796045,0.7131436465251629,0.0076186515506385605
2024-11-25,0.10273892008975484,growth,growth,-0.010226970103088151,0.7131436465251629,0.012154479188711405
2024-11-26,0.1,growth,growth,0.0008742400711321263,0.7131436465251629,0.003117534920947799
2024-11-27,0.10404007973137488,growth,growth,-0.0029898465652838935,0.7131436465251629,0.003704172156078504
2024-11-29,0.0,growth,growth,0.00596904594623604,0.7131436465251629,0.005225143015922473
2024-12-02,0.1,growth,growth,0.0030416103352477464,0.7131436465251629,0.007268700816159567
2024-12-03,0.0,growth,growth,0.0031770217956619273,0.7131436465251629,0.003731886875525009
2024-12-04,0.1,growth,growth,0.00471374286668369,0.7131436465251629,0.005047258940994148
2024-12-05,0.10219427013440698,growth,growth,-0.004134327033255114,0.7131436465251629,0.0024875760885637206
2024-12-06,0.1,growth,growth,-0.000404842790977078,0.7131436465251629,0.0038513868564253404
2024-12-09,0.12598146199296065,growth,growth,-0.0010226488774516262,0.7131436465251629,0.006559575036476802
2024-12-10,0.13083993996663731,growth,growth,0.0005824658630533275,0.7131436465251629,0.006811895279375893
2024-12-11,0.10366735411394307,growth,growth,0.008084278657421784,0.7131436465251629,0.005015963607405416
2024-12-12,0.11605312012174897,growth,growth,-0.0047395558113196845,0.7131436465251629,0.0053081072131762885
2024-12-13,0.13232933027524899,growth,growth,-0.0048998073842329015,0.7131436465251629,0.0060403681847188626
2024-12-16,0.012808302714008825,growth,growth,-0.0003561750321574575,0.7131436465251629,0.0036874734695751116
2024-12-17,0.14347637387691012,growth,growth,-0.0012666252548185764,0.7131436465251629,0.004041202968139225
2024-12-18,0.5222294958652419,caution,growth,-0.008371364341978715,0.7131436465251629,0.010575083301306503
2024-12-19,0.5226244651585259,caution,growth,0.0008765454717316601,0.7131436465251629,0.0031164278077956574
2024-12-20,0.23102310409578294,growth,caution,0.004195728456113823,0.7131436465251629,0.007814994954126178
2024-12-23,0.16707236022299873,growth,caution,0.005854541424022974,0.7131436465251629,0.008025291034172509
2024-12-24,0.10984125007917625,growth,growth,0.002385167002188826,0.7131436465251629,0.0015921360710537337
2024-12-26,0.10975307025420918,growth,growth,0.0003918047650468548,0.7131436465251629,0.002997858697157254
2024-12-27,0.12368575517961942,growth,growth,-0.005188652712191821,0.7131436465251629,0.0032500914147834755
2024-12-30,0.2636309407536863,growth,growth,-0.0030239240844576187,0.7131436465251629,0.003993097664400954
2024-12-31,0.2785318309130509,growth,growth,-0.0008136003415161186,0.7131436465251629,0.005768643021776104
2025-01-02,0.3484553342428255,growth,growth,0.008924755429537745,0.7131436465251629,0.004881081369566427
2025-01-03,0.15893418069732096,growth,growth,0.00462370491492492,0.7131436465251629,0.010164254860964695
2025-01-06,0.1246082531927792,growth,growth,0.008691738117323489,0.7131436465251629,0.014264221314771886
2025-01-07,0.2699698071627257,growth,growth,-0.006407674753247328,0.7131436465251629,0.01166408726766481
2025-01-08,0.26688750633500236,growth,growth,0.0004265368274574133,0.7131436465251629,0.0036839345688926663
2025-01-10,0.307583388018708,growth,growth,-0.0011222174835825438,0.7131436465251629,0.008510955798200303
2025-01-13,0.33557664731980935,growth,growth,-0.004829254538669447,0.7131436465251629,0.005901333824024226
2025-01-14,0.32684105422276694,growth,growth,-0.0006309484128419474,0.7131436465251629,0.005601162333448664
2025-01-15,0.2535941140920869,growth,growth,0.0063080744385077825,0.7131436465251629,0.007869062425584302
2025-01-16,0.25610335483006214,growth,growth,0.0018173460724166812,0.7131436465251629,0.006817289699081597
2025-01-17,0.11802888993219147,growth,growth,0.003816808599742094,0.7131436465251629,0.005608460246762708
2025-01-21,0.005989413582698742,growth,growth,0.004878116476557004,0.7131436465251629,0.008588643241348531
2025-01-22,0.0,growth,growth,0.006946047930410426,0.7131436465251629,0.006444541799738071
2025-01-23,0.0,growth,growth,-0.0011160376293907204,0.7131436465251629,0.0034620044703187096
2025-01-24,0.10389223600062396,growth,growth,-0.0038805722822232713,0.7131436465251629,0.007399923226594575
2025-01-27,0.158953270789436,growth,growth,-0.02358261282863472,0.7131436465251629,0.027301354610220634
2025-01-28,0.13832851862675927,growth,growth,0.012076346697318607,0.7131436465251629,0.0129274814025772
2025-01-29,0.14636879791327292,growth,growth,-0.0018351360491717372,0.7131436465251629,0.008616646044286759
2025-01-30,0.12667742988973413,growth,growth,0.00702479829343039,0.7131436465251629,0.0062647199360581435
2025-01-31,0.14925958432216113,growth,growth,-0.002256648713267251,0.7131436465251629,0.006425087048677964
2025-02-03,0.13826362518710425,growth,growth,-0.0017350916716804,0.7131436465251629,0.007043908254705181
2025-02-04,0.13205294309099064,growth,growth,0.0029914037648144376,0.7131436465251629,0.0062172818220126505
2025-02-05,0.012092388949548886,growth,growth,0.007624485066462627,0.7131436465251629,0.007621535575001531
2025-02-06,0.007500129984922179,growth,growth,0.0025315276145927434,0.7131436465251629,0.005540285100570698
2025-02-07,0.02164465014908885,growth,growth,0.0005491127295360609,0.7131436465251629,0.003816777001012225
2025-02-10,0.010714819580929145,growth,growth,0.009388911116141596,0.7131436465251629,0.006315906026241061
2025-02-11,0.009708790446975209,growth,growth,-0.0011051875794899635,0.7131436465251629,0.0029757212724311993
2025-02-12,0.016255650713274766,growth,growth,-0.0006626915686385182,0.7131436465251629,0.002767339975195405
2025-02-13,4.373451013044056e-05,growth,growth,0.006339984736754456,0.7131436465251629,0.008089296841636364
2025-02-14,0.00010926857484554523,growth,growth,-0.003226955422866218,0.7131436465251629,0.008476025440424858
2025-02-18,0.0,growth,growth,0.0033343090404800435,0.7131436465251629,0.005362016773498262
2025-02-19,0.1,growth,growth,-0.00024258521924991339,0.7131436465251629,0.0014505789202756132
2025-02-20,0.10554728619332145,growth,growth,-0.001631750911109675,0.7131436465251629,0.0033223932730001983
2025-02-21,0.19004603549924126,growth,growth,-0.006158497174919342,0.7131436465251629,0.008067872849287965
2025-02-24,0.34470758389236456,growth,growth,-0.0029372188650023112,0.7131436465251629,0.00652488898555961
2025-02-25,0.3453966551223637,growth,growth,-0.007941744028417852,0.7131436465251629,0.0051280931801287
2025-02-26,0.340250476142718,growth,growth,0.006957039382668784,0.7131436465251629,0.007545246964141975
2025-02-27,0.49043804440234395,caution,growth,-0.01662309033109388,0.7131436465251629,0.016195320505460874
2025-02-28,0.28918150984714763,growth,growth,0.0058536586023076875,0.7131436465251629,0.008066610338338446
2025-03-03,0.44849651481058217,caution,caution,-0.010194499601144713,0.7131436465251629,0.014384557891483574
2025-03-04,0.4664600405797191,caution,growth,0.0012601010860966433,0.7131436465251629,0.00792980927000188
2025-03-05,0.43442798292788576,caution,caution,0.004132216432728875,0.7131436465251629,0.008634905429194022
2025-03-06,0.4655921834194341,caution,caution,-0.012055217106489158,0.7131436465251629,0.011499244304714941
2025-03-07,0.46266697212149877,caution,caution,0.003282646394559219,0.7131436465251629,0.00552976230193534
2025-03-10,0.5057799738174211,caution,caution,-0.014821736154622789,0.7131436465251629,0.013550447037433905
2025-03-11,0.492529988068536,caution,caution,0.00391539988882772,0.7131436465251629,0.006706220471640263
2025-03-12,0.4740630258302775,caution,caution,0.010351188764390784,0.7131436465251629,0.010050419377685957
2025-03-13,0.45880553221343756,caution,caution,0.0012148320803495594,0.7131436465251629,0.008211820593023519
2025-03-14,0.4340284261543714,caution,caution,0.00957976506201308,0.7131436465251629,0.01134906817217345
2025-03-17,0.4245875466166079,caution,caution,0.0007968182433975013,0.7131436465251629,0.006324303893914121
2025-03-18,0.4379221541972613,caution,caution,-0.0026396390487546384,0.7131436465251629,0.008806510036616928
2025-03-19,0.3246310542153851,growth,caution,0.004516687963221466,0.7131436465251629,0.002554496317639475
2025-03-20,0.32819840791822186,growth,caution,0.0009279973894462668,0.7131436465251629,0.002230136152158587
2025-03-21,0.3277926961921628,growth,growth,-0.0031281544936293537,0.7131436465251629,0.005308447055171722
2025-03-24,0.3057553565700283,growth,growth,0.006052477782748866,0.7131436465251629,0.008394889762929595
2025-03-25,0.30274457685526424,growth,growth,0.0006701153852146646,0.7131436465251629,0.0028073882216225914
2025-03-26,0.31773408957083127,growth,growth,-0.008605291930987358,0.7131436465251629,0.01174271604579365
2025-03-27,0.32102867891600895,growth,growth,-0.0018809131876951213,0.7131436465251629,0.007609109417362639
2025-03-28,0.48282344678880396,caution,growth,-0.004697847114041198,0.7131436465251629,0.008205062046057868
2025-03-31,0.5201872756178428,caution,growth,0.0011713015696193096,0.7131436465251629,0.006277451468253577
2025-04-01,0.5151763967425935,caution,caution,0.0027846389233194824,0.7131436465251629,0.0038438837565239665
2025-04-02,0.47866018589230763,caution,caution,0.0005462158703706255,0.7131436465251629,0.0023191048263481264
2025-04-03,0.7373143240821766,panic,caution,-0.023866166371001807,0.7131436465251629,0.017975389015569575
2025-04-04,0.775,panic,caution,-0.018403322377897435,0.7131436465251629,0.6357097398998293
2025-04-07,0.775,panic,panic,-0.004332063954021748,0.8,0.009435267887160592
2025-04-08,0.775,panic,panic,-0.0006609788279005047,0.8,0.003791268068709941
2025-04-09,0.6113063436032145,caution,panic,0.011792593883669822,0.8,0.012747927454478558
2025-04-10,0.6206877171146253,caution,panic,-0.0031177556840983334,0.8,0.01713122099209502
2025-04-11,0.5933366917023939,caution,caution,0.0012028991939148082,0.8,0.010479200327598193
2025-04-14,0.5820344143085854,caution,caution,-0.0033518936092015172,0.8,0.0007428141340932171
2025-04-15,0.48532900365376297,caution,caution,0.0043100774954834,0.8,0.0008628783774740634
2025-04-16,0.7364027169754596,panic,caution,0.005566886583420194,0.8,0.01505592097213243
2025-04-17,0.6347661308295047,caution,caution,-0.0009525300478866461,0.8,0.0018742654836010897
2025-04-21,0.75,panic,panic,0.004503832302649169,0.8,0.014943341995336201
2025-04-22,0.7329332890444835,panic,caution,-0.0014923641969561974,0.8,0.007330840614227396
2025-04-23,0.6151072964061577,caution,panic,-0.0026086015927493378,0.8,0.012312609773414418
2025-04-24,0.49051728649167853,caution,panic,0.002173264102713013,0.8,0.0069881667619925425
2025-04-25,0.4818990103772357,caution,caution,-0.001976325459477568,0.8,0.004928876315693942
2025-04-28,0.4814409009548166,caution,caution,0.0011617186066135154,0.8,0.007608278900106513
2025-04-29,0.4738696358784403,caution,caution,-0.0012732973376545775,0.8,0.0048295469574400895
2025-04-30,0.4733897053074085,caution,caution,-0.000418007190974512,0.8,0.004159085940863727
2025-05-01,0.464814936791743,caution,caution,-0.0033228502001976246,0.8,0.009814907272653384
2025-05-02,0.4467269556716164,caution,caution,-0.0002021776776974793,0.8,0.0012094526374561432
2025-05-05,0.4538180207800644,caution,caution,0.008040738115611568,0.8,0.011476585787715599
2025-05-06,0.47141810330122386,caution,caution,0.0053014997838845,0.8,0.012560641187100874
2025-05-07,0.45896727305887586,caution,caution,-0.0008445742354180608,0.8,0.008328505598072744
2025-05-08,0.45043614684043576,caution,caution,-0.0020261505148451153,0.8,0.2981335500047148
2025-05-09,0.452007000143656,caution,caution,0.00019105045128053888,0.815,0.0030260049026345007
2025-05-12,0.3113148683312568,growth,caution,0.004860768991339359,0.8149999999999998,0.014795599556181677
2025-05-13,0.3029145343060448,growth,caution,-0.0024896953350522777,0.8149999999999998,0.23039758194790794
2025-05-14,0.3012782175569865,growth,growth,-0.0036353383380592907,0.7332205321738385,0.10990590362517383
2025-05-15,0.29501622139737393,growth,growth,0.0032877453303337134,0.7596528438632568,0.10625262421347624
2025-05-16,0.28685592000690213,growth,growth,0.0003809013139843831,0.7822656430750836,0.10140227804299248
2025-05-19,0.2854378147439712,growth,growth,0.001519441144147482,0.8031264727987721,0.09899789521044604
2025-05-20,0.2898015056727244,growth,growth,0.0004630780251049238,0.8186127873639452,0.08566473641283515
2025-05-21,0.44784988427163613,caution,growth,-0.00778865987363897,0.8344177892718049,0.07704157842409573
2025-05-22,0.4523193282992449,caution,growth,-0.00029112842419121154,0.8500096342598233,0.0029813271421220925
2025-05-23,0.5076578517441551,caution,caution,-0.0022188178657626123,0.8499999999999999,0.006917678277618987
2025-05-27,0.3070718829895239,growth,caution,0.010073305429578738,0.8499999999999999,0.010593603217936851
2025-05-28,0.3212050170880222,growth,caution,-0.0029485901346187893,0.8499999999999999,0.003099044859056995
2025-05-29,0.2959107537920477,growth,growth,0.0024118424041676967,0.8499999999999999,0.003458712606678565
2025-05-30,0.2973509496004878,growth,growth,-0.0012934672905181577,0.8499999999999999,0.06487527117096076
2025-06-02,0.29010686705485417,growth,growth,0.00653442117641001,0.8657668207575827,0.008576222489697777
2025-06-03,0.2827322617128889,growth,growth,0.0029643332289031044,0.8657668207575827,0.0049526063267130195
2025-06-04,0.2830812653922443,growth,growth,0.0017732557686931383,0.8657668207575827,0.060324626368182525
2025-06-05,0.28936521739891785,growth,growth,-0.002222865235723459,0.8820046774271465,0.06476852653947486
2025-06-06,0.2760774848782473,growth,growth,0.0060777299034020515,0.8933511116694633,0.045767406436866484
2025-06-09,0.27489927755160815,growth,growth,8.651978651075254e-05,0.9036770080143784,0.0582254308516909
2025-06-10,0.3674807605155209,caution,growth,0.002610048915693497,0.9133669825184889,0.003975282429608942
2025-06-11,0.37123372868001403,caution,growth,-0.0018664126882866894,0.9133669825184889,0.0631501707860319
2025-06-12,0.36601901295536454,caution,caution,0.002421158562840642,0.8500000000000001,0.004774071548144414
2025-06-13,0.5531973265721255,caution,caution,-0.007319702888891166,0.85,0.007207205374711077
2025-06-16,0.40244452919218043,caution,caution,0.0069683781910201414,0.85,0.006918354388734051
2025-06-17,0.5618910255107207,caution,caution,-0.004018740284090105,0.85,0.003615923584136451
2025-06-18,0.5298445982239287,caution,caution,-8.982072804120111e-05,0.85,0.0021731490281090703
2025-06-20,0.4261332115548609,caution,caution,-0.003133657610351226,0.85,0.0040099033874938786
2025-06-23,0.27000271956167027,growth,caution,0.008551999773531938,0.85,0.005331714204687924
2025-06-24,0.25549394560782435,growth,caution,0.006761183369691892,0.85,0.008187110817226811
2025-06-25,0.3547500060782681,caution,growth,6.845996554827316e-05,0.85,0.005508055421318129
2025-06-26,0.35,caution,growth,0.006594135013673341,0.85,0.004877663477679031
2025-06-27,0.1,growth,caution,0.002075072376069187,0.85,0.005341092261189433
2025-06-30,0.0,growth,caution,0.004040123210265145,0.85,0.0030258360600723703
2025-07-01,0.10043143962156585,growth,growth,-0.00261757959952047,0.85,0.008043041705560045
2025-07-02,0.1,growth,growth,0.0022557595450647394,0.85,0.00432441485624029
2025-07-03,0.1,growth,growth,0.005893892684077695,0.85,0.003978503438646782
2025-07-07,0.1369582348093134,growth,growth,-0.003652144545179592,0.85,0.0035054275347909196
2025-07-08,0.11209554652529648,growth,growth,-0.0012753225297146287,0.85,0.00375152879408967
2025-07-09,0.10272942681577536,growth,growth,0.006279506294786019,0.85,0.003436078568377778
2025-07-10,0.1,growth,growth,0.001462692597158366,0.85,0.1126456692724431
2025-07-11,0.10505340991675564,growth,growth,-0.0019802390429253247,0.8612114371569969,0.11770851587504019
2025-07-14,0.10215175724328021,growth,growth,0.0014686224945463788,0.8674609774865641,0.003224546661168769
2025-07-15,0.1180127603091499,growth,growth,-1.4043924171369682e-05,0.8674609774865641,0.011416091596795965
2025-07-16,0.12636998213663922,growth,growth,0.0008871838371844465,0.8674609774865641,0.11330340857263416
2025-07-17,0.11406845508202956,growth,growth,0.004691693917433959,0.8738508935352058,0.10132465426672103
2025-07-18,0.1011594815565334,growth,growth,-0.00039212816760114677,0.8837789259886444,0.09532092433061048
2025-07-21,0.1,growth,growth,0.0012535428971027773,0.8920360032523765,0.09503546262814908
2025-07-22,0.1,growth,growth,-0.008429129256738888,0.893541046511044,0.009473004356022803
2025-07-23,0.1,growth,growth,0.010062210439605979,0.893541046511044,0.007586242289340151
2025-07-24,0.1,growth,growth,0.004979752635903889,0.893541046511044,0.006699875508343864
2025-07-25,0.1,growth,growth,0.00013012101954879007,0.893541046511044,0.0034997609527683145
2025-07-28,0.10033467140707211,growth,growth,0.005674380267516321,0.893541046511044,0.007517759662409272
2025-07-29,0.10385065346427912,growth,growth,-0.007212487029797154,0.893541046511044,0.006197955913266737
2025-07-30,0.10767194523421261,growth,growth,0.0030509736873809423,0.893541046511044,0.01023472660871905
2025-07-31,0.1364317276735068,growth,growth,0.020628649690818568,0.893541046511044,0.06756122354210914
2025-08-01,0.34169848045840656,growth,growth,-0.01685085041569545,0.8919371079062467,0.05578519918186273
2025-08-04,0.16211102345074063,growth,growth,0.022606661349042545,0.893666685824244,0.010867336928812844
2025-08-05,0.15421371528888395,growth,growth,-0.007943686677476247,0.893666685824244,0.023923286580498956
2025-08-06,0.13404078395208743,growth,growth,0.00478565667999864,0.8973080060492638,0.020005244423931964
2025-08-07,0.11015002470262747,growth,growth,-0.0011368800869393514,0.8977112157662468,0.00711139944935661
2025-08-08,0.1,growth,growth,0.00687626649336015,0.8977112157662468,0.003409792049975592
2025-08-11,0.10263671952986007,growth,growth,-0.0033069148863983377,0.8977112157662468,0.0017776863349846803
2025-08-12,0.1,growth,growth,0.011987206110379178,0.8977112157662468,0.008084015401354241
2025-08-13,0.1,growth,growth,-0.005170252054564228,0.8977112157662468,0.0060823227935569105
2025-08-14,0.1,growth,growth,0.000765493033723974,0.8977112157662468,0.002636045922502294
2025-08-15,0.10312171980904085,growth,growth,-0.0030423776181843776,0.8977112157662468,0.0042280288371111955
2025-08-18,0.10341108842333067,growth,growth,-0.0026843983168907126,0.8977112157662468,0.009146317570910278
2025-08-19,0.1277341627539951,growth,growth,-0.016720556668526676,0.8977112157662468,0.011022601012486585
2025-08-20,0.13898547651071938,growth,growth,-0.001464136279480277,0.8977112157662468,0.002635153035615164
2025-08-21,0.1552389342397433,growth,growth,-0.004150377979882491,0.8977112157662468,0.002922856962741812
2025-08-22,0.1,growth,growth,0.014323351478250368,0.8977112157662468,0.004487943796813394
2025-08-25,0.10586808278994905,growth,growth,0.0010626009032590478,0.8977112157662468,0.005839721878952198
2025-08-26,0.10030993753270691,growth,growth,0.005004336522300035,0.8977112157662468,0.004184321586179139
2025-08-27,0.1,growth,growth,-0.0011341214769776675,0.8977112157662468,0.003353408654924507
2025-08-28,0.1,growth,growth,-1.0891013195735155e-06,0.8977112157662468,0.005084580631638718
2025-08-29,0.13200232077330754,growth,growth,-0.014474446300550503,0.8977112157662468,0.010697456280943261
2025-09-02,0.16604903532346776,growth,growth,-0.007161256044553754,0.8977112157662468,0.007157784832820945
2025-09-03,0.14614274041064254,growth,growth,0.0008844498133877554,0.8977112157662468,0.002617072560344656
2025-09-04,0.10909090500415056,growth,growth,0.007482668750784738,0.8977112157662468,0.003920740293134536
2025-09-05,0.11945442514882625,growth,growth,-0.008989420215776645,0.8977112157662468,0.012814398474850504
2025-09-08,0.10059562800698274,growth,growth,0.003671979211897991,0.8977112157662468,0.0034252241695241787
2025-09-09,0.1,growth,growth,0.00840881456558451,0.8977112157662468,0.007003246637084703
2025-09-10,0.1,growth,growth,0.008544347746911596,0.8977112157662468,0.01721890614460711
2025-09-11,0.1,growth,growth,0.0015846358745339462,0.8977112157662468,0.0037492285363614057
2025-09-12,0.10044615059086251,growth,growth,0.0030363301040401414,0.8977112157662468,0.0032354898967826462
2025-09-15,0.11151555136104352,growth,growth,0.004532208559289375,0.8977112157662468,0.0047535271898018405
2025-09-16,0.12816564795705368,growth,growth,-0.0018443778326325821,0.8977112157662468,0.010171649989455838
2025-09-17,0.11072141513078636,growth,growth,-0.009037611589778005,0.8977112157662468,0.009508161442182706
2025-09-18,0.12019034198268175,growth,growth,0.012902276849119376,0.8977112157662468,0.012133292186456115
2025-09-19,0.11402438149763311,growth,growth,0.0024994968285472208,0.8977112157662468,0.11532736198297212
2025-09-22,0.10783940367211427,growth,growth,0.008304101758609184,0.9011057510327377,0.12115540154262831
2025-09-23,0.11239241820461957,growth,growth,-0.010891286103767883,0.9107884568005283,0.09723826446846978
2025-09-24,0.12025567873410532,growth,growth,-0.002602776297831122,0.9135343660815011,0.0824438811930972
2025-09-25,0.13744804381162667,growth,growth,-0.004057621856104254,0.9133119673082284,0.0636109067794923
2025-09-26,0.11003726587018185,growth,growth,0.0007585921979236243,0.9211809352715092,0.06222178683480361
2025-09-29,0.1066909983388722,growth,growth,0.007126022250496966,0.9250132734416678,0.06795058703793778
2025-09-30,0.0013196302641958883,growth,growth,0.0027222563709217162,0.9231752138951662,0.06952793298345557
2025-10-01,0.002039566284489669,growth,growth,0.0019312741001780154,0.9219398952821013,0.016343650777348624
2025-10-02,0.1,growth,growth,0.011121331898600983,0.9219398952821013,0.05683424899311611
2025-10-03,0.02670379040629494,growth,growth,-0.006252654987089601,0.9304097224355111,0.06060541735222442
2025-10-06,0.10465260521683489,growth,growth,0.005161512743434127,0.9369508684836878,0.0650557761074058
2025-10-07,0.12263372307467105,growth,growth,-0.013411420569156562,0.9421460467029129,0.06700860038160497
2025-10-08,0.10018413114127585,growth,growth,0.0008098480456311119,0.9328758040568381,0.009945750921963386
2025-10-09,0.10386267783898338,growth,growth,0.003884607745768376,0.9328758040568381,0.012519907588396734
2025-10-10,0.33006565837503277,growth,growth,-0.03376727767202814,0.9328758040568381,0.010065124502340272
2025-10-13,0.16869494289618106,growth,growth,0.025846497460180196,0.9328758040568381,0.014100917852223092
2025-10-14,0.2836747087503104,growth,growth,-0.0067111154786411165,0.9328758040568381,0.008725535948928635
2025-10-15,0.29560524419876516,growth,growth,0.012569589536251202,0.9328758040568381,0.007828468587748173
2025-10-16,0.3747011730567642,caution,growth,0.000972694533006413,0.9328758040568381,0.009120281398860597
2025-10-17,0.21727298385570776,growth,growth,0.005625534914938557,0.9328758040568381,0.08368377436184002
2025-10-20,0.10358533056654837,growth,caution,0.011611007767651893,0.8500000000000002,0.005215159616118064
2025-10-21,0.10360527136123462,growth,growth,-0.006646255039762905,0.8500000000000002,0.007739259772946714
2025-10-22,0.1105182828361587,growth,growth,-0.004880748361315912,0.8500000000000002,0.004487842933234987
2025-10-23,0.10267413352155522,growth,growth,0.009056662893591971,0.8500000000000002,0.007584665547713092
2025-10-24,0.1,growth,growth,0.003528297743684794,0.8500000000000002,0.005288858650580529
2025-10-27,0.1,growth,growth,0.014616721032270963,0.8500000000000002,0.007540025610124137
2025-10-28,0.1,growth,growth,0.002652900108197853,0.8500000000000002,0.008896335135630689
2025-10-29,0.1,growth,growth,0.007208096257665053,0.8500000000000002,0.009399595901228077
2025-10-30,0.11466419322558845,growth,growth,-0.03003689475158522,0.8500000000000002,0.037445033040008804
2025-10-31,0.12994762274386998,growth,growth,-0.011084358313369513,0.8500000000000002,0.008557010660238104
2025-11-03,0.13407486952488784,growth,growth,-0.00040653808514568013,0.8500000000000002,0.07938163164427531
2025-11-04,0.17070497825366376,growth,growth,-0.01973592377033262,0.8533821841464173,0.06872401543855672
2025-11-05,0.1383547376776041,growth,growth,0.005748733338252876,0.8578945322828945,0.007575874413811634
2025-11-06,0.1790792541304755,growth,growth,-0.01585850813818912,0.8578945322828945,0.007808326726536509
2025-11-07,0.06006104636863639,growth,growth,-0.0015375993921609155,0.8578945322828945,0.005482862314497598
2025-11-10,0.1190542470582084,growth,growth,0.019871091691070486,0.8578945322828945,0.008084949711287759
2025-11-11,0.10851535729608834,growth,growth,-0.008771780455500533,0.8578945322828945,0.0075839416154208075
2025-11-12,0.10777823042043186,growth,growth,-0.0009718720375473389,0.8578945322828945,0.012011685459878801
2025-11-13,0.13746682795112233,growth,growth,-0.011935668058010052,0.8578945322828945,0.008329507539394378
2025-11-14,0.1417802172379662,growth,growth,-0.002088180148440144,0.8578945322828945,0.006975759864510542
2025-11-17,0.44860766469813274,caution,growth,-0.004532376520637316,0.8578945322828945,0.00998943434751034
2025-11-18,0.506619065699756,caution,growth,-0.010333728000367581,0.8578945322828945,0.008615804883255421
2025-11-19,0.4783953063159969,caution,caution,0.010280240359636261,0.8499999999999999,0.015938654708271563
2025-11-20,0.48891802702195575,caution,caution,-0.021965292492266753,0.8499999999999998,0.016880600237206944
2025-11-21,0.4344728944027332,caution,caution,-0.0014542827980740247,0.8499999999999998,0.009197789629565701
2025-11-24,0.36119494178084754,caution,caution,0.017670833267505293,0.8499999999999998,0.006561586484528095
2025-11-25,0.12399418823500954,growth,caution,0.011022709954481291,0.8499999999999998,0.012791139419342963
2025-11-26,0.11495506722934036,growth,caution,0.012477083414696333,0.8499999999999998,0.011514191384523333
2025-11-28,0.10775882294494617,growth,growth,0.00902823512986295,0.8499999999999998,0.009557299264250241
2025-12-01,0.11381062149701751,growth,growth,0.005584853068241857,0.8499999999999998,0.01295208107612449
2025-12-02,0.111366589292753,growth,growth,0.008354527114320165,0.8499999999999998,0.00507725063485561
2025-12-03,0.1067889254277281,growth,growth,0.004690847028657963,0.8499999999999998,0.013217104654830177
2025-12-04,0.10581914697477654,growth,growth,0.0034351702444381793,0.8499999999999998,0.017338025728912965
2025-12-05,0.0032974848685689453,growth,growth,0.0009283711789807025,0.8499999999999998,0.0077777930477101655
2025-12-08,0.10729328166182298,growth,growth,0.004443483002287474,0.8499999999999998,0.010142153590440198
2025-12-09,0.11458613125878714,growth,growth,-0.005527168222862366,0.8499999999999998,0.004149016498926907
2025-12-10,0.1,growth,growth,0.0004976815154664749,0.8499999999999998,0.00714753175931209
2025-12-11,0.1,growth,growth,0.0012505187909443993,0.8499999999999998,0.0048982011121705415
2025-12-12,0.12076047564555559,growth,growth,-0.018131994266866736,0.8499999999999998,0.010885478126244838
2025-12-15,0.016328815589055874,growth,growth,0.003499669666666927,0.8499999999999998,0.0030611379220829406
2025-12-16,0.019927263865859753,growth,growth,0.0006338398193450612,0.8499999999999998,0.007998293162468972
2025-12-17,0.19457289672903977,growth,growth,-0.02330614964960509,0.8499999999999998,0.01729894197902786
2025-12-18,0.0653787417920231,growth,growth,0.013929693872019921,0.8499999999999998,0.0063942388023858765
2025-12-19,0.012708753583781927,growth,growth,0.009802279804213443,0.8499999999999998,0.010920676207746796
2025-12-22,0.004481404711840398,growth,growth,0.005145795241055406,0.8499999999999998,0.003916348892733659
2025-12-23,0.0,growth,growth,0.007053784253040485,0.8499999999999998,0.00498061747918294
2025-12-24,0.0,growth,growth,0.0017134362363471212,0.8499999999999998,0.002120751762696461
2025-12-26,0.00013522004299080937,growth,growth,0.0021313257683699405,0.8499999999999998,0.005047394905818381
2025-12-29,0.10488624244510453,growth,growth,-0.007129304635136835,0.8499999999999998,0.002901800662880457
2025-12-30,0.11183511473795982,growth,growth,0.003251610049473719,0.8499999999999998,0.004150046990119416
2025-12-31,0.136695951499575,growth,growth,-0.004590004378462353,0.8499999999999998,0.002341327268021421
2026-01-02,0.1370872916547612,growth,growth,0.022750336967481743,0.8499999999999998,0.030335274206819328
2026-01-05,0.13381375079394442,growth,growth,0.019884955691764628,0.8499999999999998,0.016225209281666403
2026-01-06,0.11161972249554544,growth,growth,0.0047912106560235035,0.8499999999999998,0.004227240907986191
2026-01-07,0.12627966941202834,growth,growth,-0.006803263875591381,0.8499999999999998,0.006979143173499828
2026-01-08,0.11446619454159937,growth,growth,-0.010272272243123548,0.8499999999999998,0.01041103828213331
2026-01-09,0.1,growth,growth,0.020857600116815478,0.8499999999999998,0.02056645426230072
2026-01-12,0.1044295356911662,growth,growth,-0.0007467476681710661,0.8499999999999998,0.007391268011095968
2026-01-13,0.12768290664992193,growth,growth,-0.006461184269664466,0.8499999999999998,0.005638083824290641
2026-01-14,0.13592952721100743,growth,growth,-0.008451950599642544,0.8499999999999998,0.007676856580360209
2026-01-15,0.013173453810298389,growth,growth,0.01887266463763182,0.8499999999999998,0.01580853485933507
2026-01-16,0.035077491526698354,growth,growth,0.0044856140661173605,0.8499999999999998,0.007743481645962807
2026-01-20,0.4573299451104562,caution,growth,-0.019267566949482062,0.8499999999999998,0.07756476282087546
2026-01-21,0.13599146542994073,growth,growth,0.016254394732229338,0.8411361132851184,0.006334161213445085
2026-01-22,0.11185334553097337,growth,caution,0.02091340321223467,0.8411361132851184,0.0715223029685334
2026-01-23,0.11610878714342344,growth,growth,0.004414131051434067,0.8542293078010778,0.05281980099022778
2026-01-26,0.11014633199572899,growth,growth,0.00875537276890559,0.8642753214788731,0.00834655934220312
2026-01-27,0.0,growth,growth,0.012450462299276932,0.8642753214788731,0.009038896891886718
2026-01-28,0.10013422653819984,growth,growth,-0.004588673859725501,0.8642753214788731,0.010709459147612219
2026-01-29,0.12656494648169198,growth,growth,0.02528203201406165,0.8642753214788731,0.02415441709398039
2026-01-30,0.03191920662513809,growth,growth,-0.01669685143556443,0.8642753214788731,0.009024142608259265
2026-02-02,0.003682773241923001,growth,growth,-0.0027936291685656256,0.8642753214788731,0.013750597284453348
2026-02-03,0.14170113838536458,growth,growth,-0.017449124653714065,0.8642753214788731,0.011098445447305866
2026-02-04,0.15984746217108778,growth,growth,-0.023867342956325865,0.8642753214788731,0.013202332823278975
2026-02-05,0.4461663529060681,caution,growth,-0.0025942681218492636,0.8642753214788731,0.008413159178310797
2026-02-06,0.2597377507656984,growth,growth,0.02942991702487463,0.8642753214788731,0.027908046946351055
2026-02-09,0.12167933826825122,growth,caution,0.013359466469673675,0.8500000000000001,0.00604315954310488
2026-02-10,0.10646070812888085,growth,growth,-0.006193905562236313,0.8500000000000001,0.0032214648860912436
2026-02-11,0.10676729374454212,growth,growth,0.005610001440605306,0.8500000000000001,0.006251854955952304
2026-02-12,0.3522612456451544,caution,growth,-0.016846356108348948,0.8500000000000001,0.0044706122964954745
2026-02-13,0.354728464239381,caution,growth,-0.005431962386349576,0.8500000000000001,0.008209730175644228
2026-02-17,0.3998659927654712,caution,caution,0.004184946006720924,0.8500000000000001,0.005163018812548678
2026-02-18,0.27349744490390926,growth,caution,0.015042757841324583,0.8500000000000001,0.009916429816464508
2026-02-19,0.38996016599374295,caution,caution,-0.002140507949505044,0.8500000000000001,0.0031324331903107225
2026-02-20,0.11161763540769336,growth,growth,0.008540070570888902,0.8500000000000001,0.0030930794203599867
2026-02-23,0.3560849618112012,caution,caution,-0.0021285871016616387,0.8500000000000001,0.01291882683924532
2026-02-24,0.11560536036730858,growth,growth,0.00515942411307968,0.8500000000000001,0.0026251646178443925
2026-02-25,0.10448591191870307,growth,caution,0.013428578145563641,0.8500000000000001,0.005117184462459578
2026-02-26,0.11186696354901708,growth,growth,-0.020194179735665174,0.8500000000000001,0.020181388818607895
2026-02-27,0.2553131533897394,growth,growth,-0.012717061828159792,0.8500000000000001,0.008368812359282968
2026-03-02,0.3486047579683364,growth,growth,0.00021116135907273126,0.8500000000000001,0.013794727788460658
2026-03-03,0.41575131975672364,caution,growth,-0.018964095558907546,0.8500000000000001,0.062270342464328235
2026-03-04,0.398737476500308,caution,growth,0.015637413063634975,0.8536099752489913,0.008072092364178487
2026-03-05,0.4346323108586019,caution,caution,-0.010288383789292643,0.8500000000000001,0.007086581118356709
2026-03-06,0.514772756867584,caution,caution,-0.025742944481809915,0.8500000000000001,0.014144314077683625
2026-03-09,0.4148222638175033,caution,caution,0.020435144754271883,0.8500000000000001,0.015706031675092835
2026-03-10,0.3774124996964866,caution,caution,0.009252354131373153,0.8500000000000001,0.005478931727008433
2026-03-11,0.4054197860642992,caution,caution,0.0016422787488259427,0.8500000000000001,0.0021681215797306344
2026-03-12,0.42613647146753175,caution,caution,-0.017868653345104124,0.8500000000000001,0.004775188897240157
2026-03-13,0.38864813592455005,caution,caution,-0.011576991536954573,0.8500000000000001,0.008411255812924193
2026-03-16,0.37572671966678883,caution,caution,0.015082564055991954,0.8500000000000001,0.005267299669835274
2026-03-17,0.37235275259294576,caution,caution,0.001094524486793036,0.8500000000000001,0.00595381009039638
2026-03-18,0.4009448344274622,caution,caution,-0.014290614150634595,0.8500000000000001,0.005689791315697483
2026-03-19,0.39342174318561907,caution,caution,-0.0035964078613762718,0.8500000000000001,0.008254449879725961
2026-03-20,0.4115552322405095,caution,caution,-0.02366317074124491,0.8500000000000001,0.007413161804581157
2026-03-23,0.43215182249724593,caution,caution,0.018931247228939796,0.8500000000000001,0.00965543319519832
2026-03-24,0.4641147735030684,caution,caution,0.001939265457705286,0.8500000000000001,0.01130376858495381
2026-03-25,0.39856551693300557,caution,caution,0.005632610416554273,0.8500000000000001,0.0076001537816050855
2026-03-26,0.46038962292435415,caution,caution,-0.037514596196693395,0.8500000000000001,0.013988215809541578
2026-03-27,0.5872249997574096,caution,caution,-0.016947230608212238,0.8500000000000001,0.008848369948661604
2026-03-30,0.5946326611749466,caution,caution,-0.009959037514391755,0.8500000000000001,0.015556116350745053
2026-03-31,0.40815263642949773,caution,caution,0.04189206836041737,0.8500000000000001,0.012455442286579495
2026-04-01,0.39873319524660744,caution,caution,0.013502510867645201,0.8500000000000001,0.007465475669346475
2026-04-02,0.3975989575326401,caution,caution,-0.00962819575809526,0.8500000000000001,0.011594574358528528
2026-04-06,0.29163972162776847,growth,caution,-0.0022601790276136624,0.8500000000000001,0.0042717589941208434
2026-04-07,0.39108228256921274,caution,caution,0.0019422828650486057,0.8500000000000001,0.0011132778182385665
2026-04-08,0.13380596269129788,growth,growth,0.04486263841565119,0.8500000000000001,0.023753242836443852
2026-04-09,0.026308870810739127,growth,caution,0.011866703162651593,0.8500000000000001,0.0069335255036778185
2026-04-10,0.02717383413207619,growth,growth,0.009983570019108212,0.8500000000000001,0.0093913323293132
2026-04-13,0.014409523936071781,growth,growth,0.00802183839337478,0.8500000000000001,0.004191593659453763
2026-04-14,0.0,growth,growth,0.01945788244316704,0.8500000000000001,0.011058005811977429
2026-04-15,0.0,growth,growth,-0.00202528616031894,0.8500000000000001,0.013164896639100535
2026-04-16,0.0,growth,growth,-0.012323700127459758,0.8500000000000001,0.018289238131739775
2026-04-17,0.0,growth,growth,0.01825853877558048,0.8500000000000001,0.006698908721232823
2026-04-20,0.0026662234038743694,growth,growth,-0.0012835702726974318,0.8500000000000001,0.008983563616178462
2026-04-21,0.030005473702813715,growth,growth,-0.008437181152322282,0.8500000000000001,0.004433387608115791
2026-04-22,0.012383048929843031,growth,growth,0.0026461859825148704,0.8500000000000001,0.008145736333729791
2026-04-23,0.02808397905296331,growth,growth,-0.012931488091267096,0.8500000000000001,0.005393473771267775
2026-04-24,0.021109832513398884,growth,growth,0.02041249308222337,0.8500000000000001,0.009676882562790489
2026-04-27,0.0,growth,growth,0.0024669540914386,0.8500000000000001,0.01259258745121847
2026-04-28,0.006487931637528351,growth,growth,-0.01526323205594804,0.8500000000000001,0.008440586403514624
2026-04-29,0.006692983777468388,growth,growth,-0.0024556676837398372,0.8500000000000001,0.00674313145326785
2026-04-30,0.0,growth,growth,-0.008917442136404996,0.8500000000000001,0.03573181993595889
2026-05-01,0.0,growth,growth,-0.0038103187532482208,0.8500000000000001,0.003198706786742635
2026-05-04,0.009379519282451681,growth,growth,-0.009572815369388032,0.8500000000000001,0.010470631395477019
2026-05-05,0.0,growth,growth,0.01071074138923378,0.8500000000000001,0.015927944086602974
2026-05-06,0.0,growth,growth,0.03566036057028388,0.8500000000000001,0.0213873063826091
2026-05-07,0.007462927792781445,growth,growth,-0.002879796181881056,0.8500000000000001,0.010878490414085996
2026-05-08,0.0035315026303786023,growth,growth,0.016298391253946276,0.8500000000000001,0.01714451527377083
