,expanding full,expanding prediction-only,rolling_2y full,rolling_2y prediction-only
2022-01-03,0.0,0.0,0.0,0.0
2022-01-04,-9.652650891756043e-05,-8.77521417802507e-05,-9.652650891756043e-05,-8.77521417802507e-05
2022-01-05,-0.003379511177447281,-0.0030723033148127854,-0.003379511177447281,-0.0030723033148127854
2022-01-06,0.0010937933028611901,0.0009943557258806912,0.0010937933028611901,0.0009943557258806912
2022-01-07,-0.0010224596739492053,-0.0009295129747397546,-0.0010224596739492053,-0.0009295129747397546
2022-01-10,-0.0003445605044981592,-0.00031323672975369643,-0.0003445605044981592,-0.00031323672975369643
2022-01-11,0.001263767426038065,0.001148869394783203,0.001263767426038065,0.001148869394783203
2022-01-12,0.0004869498148716289,0.00044267895586469486,0.0004869498148716289,0.00044267895586469486
2022-01-13,-0.0026190773745250473,-0.0023809975814785833,-0.0026190773745250473,-0.0023809975814785833
2022-01-14,0.0011528760741925659,0.0010480634603171612,0.0011528760741925659,0.0010480634603171612
2022-01-18,-0.002507571455190538,-0.0022796255699117918,-0.002507571455190538,-0.0022796255699117918
2022-01-19,-0.0014180433674422233,-0.0012891371031937826,-0.0014180433674422233,-0.0012891371031937826
2022-01-20,-0.0014627834265976691,-0.0013298124754833607,-0.0014627834265976691,-0.0013298124754833607
2022-01-21,-0.0022705105174314344,-0.0020641185833158993,-0.0022705105174314344,-0.0020641185833158993
2022-01-24,0.00027476770638568127,0.0002497884313101828,0.00027476770638568127,0.0002497884313101828
2022-01-25,-0.0021665331171656366,-0.001969588655879928,-0.0021665331171656366,-0.001969588655879928
2022-01-26,-0.00032447002928837065,0.0005191698547446499,-0.00032447002928837065,0.0005191698547446499
2022-01-27,0.0003794257094806852,-0.0011500454222190815,0.0003794257094806852,-0.0011500454222190815
2022-01-28,-0.0010877782452443086,0.0022622019460347698,-0.0010877782452443086,0.0022622019460347698
2022-01-31,-0.0016824270935330565,0.003101687900672445,-0.0016824270935330565,0.003101687900672445
2022-02-01,-0.001104467814276977,0.0007503059207059071,-0.001104467814276977,0.0007503059207059071
2022-02-02,-0.000853002998935426,0.0011552923537927473,-0.000853002998935426,0.0011552923537927473
2022-02-03,-0.002957133824264657,-0.004675203925985083,-0.002957133824264657,-0.004675203925985083
2022-02-04,7.066310407277676e-05,0.0008443263414292801,7.066310407277676e-05,0.0008443263414292801
2022-02-07,0.0024139661569082538,-0.00011166160877718045,0.0024139661569082538,-0.00011166160877718045
2022-02-08,0.0016990349455676679,0.00036318744481467213,0.0016990349455676679,0.00036318744481467213
2022-02-09,0.00043215301814814033,0.003038826760768165,0.00043215301814814033,0.003038826760768165
2022-02-10,-0.0005587038994364635,-0.0021105043326553607,-0.0005587038994364635,-0.0021105043326553607
2022-02-11,0.00700057384044106,-0.0028272129482501684,0.00700057384044106,-0.0028272129482501684
2022-02-14,0.002420724625346482,-0.00011364133856406333,0.002420724625346482,-0.00011364133856406333
2022-02-15,-0.004014859564728135,0.0032418932396425237,-0.004014859564728135,0.0032418932396425237
2022-02-16,0.0024977083508304077,9.2430063453941e-05,0.0024977083508304077,9.2430063453941e-05
2022-02-17,0.0042134203041162,-0.0031603098559545018,0.0042134203041162,-0.0031603098559545018
2022-02-18,0.0005976579806650228,-0.0013144081562486143,0.0005976579806650228,-0.0013144081562486143
2022-02-22,0.000742844846771451,-0.0008966816504534236,0.000742844846771451,-0.0008966816504534236
2022-02-23,0.001700960470889079,-0.0019183781666015642,0.001700960470889079,-0.0019183781666015642
2022-02-24,0.0005062135754552166,0.003118701373185262,0.0005062135754552166,0.003118701373185262
2022-02-25,-0.002501895525947817,0.0016112501421399195,-0.002501895525947817,0.0016112501421399195
2022-02-28,0.003571288823394303,0.00045253314116511234,0.003571288823394303,0.00045253314116511234
2022-03-01,0.007764317221604644,-0.001917141261169486,0.007764317221604644,-0.001917141261169486
2022-03-02,-0.0033548352529731984,0.002127425863830412,-0.0033548352529731984,0.002127425863830412
2022-03-03,0.002936015320353036,-0.001229358730716723,0.002936015320353036,-0.001229358730716723
2022-03-04,0.007069495656306435,-0.001466038194138708,0.007069495656306435,-0.001466038194138708
2022-03-07,0.006618603624922059,-0.003358342230389333,0.006618603624922059,-0.003358342230389333
2022-03-08,0.007432454797153376,0.0001394779980805616,0.007432454797153376,0.0001394779980805616
2022-03-09,-0.013825820513093445,0.003553469159048639,-0.013825820513093445,0.003553469159048639
2022-03-10,0.003412703935254502,-0.0006702288134871059,0.003412703935254502,-0.0006702288134871059
2022-03-11,0.0005414916445063422,-0.0017195114541980194,0.0005414916445063422,-0.0017195114541980194
2022-03-14,-0.004716002886623993,-0.0017236671152156546,-0.004716002886623993,-0.0017236671152156546
2022-03-15,-0.006184010549603491,0.0028923385831520765,-0.006184010549603491,0.0028923385831520765
2022-03-16,-0.001715812949599993,0.0036369220852718875,-0.001715812949599993,0.0036369220852718875
2022-03-17,0.0003223407332904049,0.0012192514974533886,0.0003223407332904049,0.0012192514974533886
2022-03-18,-0.00206848218734601,0.0027100662834920186,-0.00206848218734601,0.0027100662834920186
2022-03-21,0.004195778468880196,0.0003401098355251264,0.004195778468880196,0.0003401098355251264
2022-03-22,-0.00236740749699349,0.0006806575027102912,-0.00236740749699349,0.0006806575027102912
2022-03-23,0.004662927307225173,-0.003358346388352862,0.004662927307225173,-0.003358346388352862
2022-03-24,0.0027447937652813614,0.009357414868610636,0.0027447937652813614,0.009357414868610636
2022-03-25,-0.0010409049592990938,0.0013412907438326016,-0.0010409049592990938,0.0013412907438326016
2022-03-28,-0.003954331260799804,0.0013980406088283104,-0.003954331260799804,0.0013980406088283104
2022-03-29,-0.003084925312897835,0.004651959710010978,-0.003084925312897835,0.004651959710010978
2022-03-30,0.0006631158061436437,-0.0034722193224082654,0.0006631158061436437,-0.0034722193224082654
2022-03-31,-0.0002127390895545478,-0.007695834787920575,-0.0002127390895545478,-0.007695834787920575
2022-04-01,-0.0009448098055554466,0.00019247721424653363,-0.0009448098055554466,0.00019247721424653363
2022-04-04,0.003949625149801905,0.005400111682727138,0.003949625149801905,0.005400111682727138
2022-04-05,-0.005435651934632246,-0.011270979099291312,-0.005435651934632246,-0.011270979099291312
2022-04-06,-0.004017678556994531,-0.008288830662708802,-0.004017678556994531,-0.008288830662708802
2022-04-07,0.002018094362912226,0.0018691460369819612,0.002018094362912226,0.0018691460369819612
2022-04-08,0.00037245291971443883,-0.0016713314916206867,0.00037245291971443883,-0.0016713314916206867
2022-04-11,-0.009892583796588195,-0.01496839966960839,-0.009892583796588195,-0.01496839966960839
2022-04-12,0.001725704201440248,-0.0008950548258610524,0.001725704201440248,-0.0008950548258610524
2022-04-13,0.006408056716418864,0.009268775663580087,0.006408056716418864,0.009268775663580087
2022-04-14,-0.0055897215753983875,-0.00880448173116355,-0.0055897215753983875,-0.00880448173116355
2022-04-18,0.0051359850928800466,0.005030008111099438,0.0051359850928800466,0.005030008111099438
2022-04-19,0.0018959206732616085,0.00529194110597464,0.0018959206732616085,0.00529194110597464
2022-04-20,-0.0047853745450811,-0.0005936777003399119,-0.0047853745450811,-0.0005936777003399119
2022-04-21,-0.012361232728287042,-0.015349005243061042,-0.012361232728287042,-0.015349005243061042
2022-04-22,-0.009814808510338002,-0.0150322386452435,-0.009814808510338002,-0.0150322386452435
2022-04-25,-0.0038245427150267464,-0.0012228287852767972,-0.0038245427150267464,-0.0012228287852767972
2022-04-26,0.0035828859968345395,-0.015044711283956125,0.0035828859968345395,-0.015044711283956125
2022-04-27,0.0008355397029196077,0.0022010120687481205,0.0008355397029196077,0.0022010120687481205
2022-04-28,0.004525557263088675,0.01998148801541788,0.004525557263088675,0.01998148801541788
2022-04-29,-0.0020224437693927566,-0.022358747055587824,-0.0020224437693927566,-0.022358747055587824
2022-05-02,-0.0030318830236538696,0.008226643279286128,-0.0030318830236538696,0.008226643279286128
2022-05-03,-0.00010903965692954376,0.004586600590210654,-0.00010903965692954376,0.004586600590210654
2022-05-04,-0.0012177456745625648,0.018712298736769606,-0.0012177456745625648,0.018712298736769606
2022-05-05,0.003044441558739175,-0.020342260430473602,0.003044441558739175,-0.020342260430473602
2022-05-06,0.001400255928977412,-0.00030730595669337113,0.001400255928977412,-0.00030730595669337113
2022-05-09,-0.00416876243360631,-0.032171719539478505,-0.00416876243360631,-0.032171719539478505
2022-05-10,-0.0014551506942794834,0.0062353851900276425,-0.0014551506942794834,0.0062353851900276425
2022-05-11,0.0029875209079988085,-0.007265671337980284,0.0029875209079988085,-0.007265671337980284
2022-05-12,-0.0002941724202584206,-0.003599935178135838,-0.0002941724202584206,-0.003599935178135838
2022-05-13,-0.0038606688105259357,0.021895592002302733,-0.0038606688105259357,0.021895592002302733
2022-05-16,0.0008902178657492765,0.0011376963987477229,0.0008902178657492765,0.0011376963987477229
2022-05-17,-0.006012791620428226,0.013613790927215597,-0.006012791620428226,0.013613790927215597
2022-05-18,0.0026910685574115245,-0.023802304109735606,0.0026910685574115245,-0.023802304109735606
2022-05-19,-0.0008217639798520082,-0.0005857086462450756,-0.0008217639798520082,-0.0005857086462450756
2022-05-20,0.00130051048937041,-0.0013821178274994184,0.00130051048937041,-0.0013821178274994184
2022-05-23,-0.003149034407865847,0.012442276512083073,-0.003149034407865847,0.012442276512083073
2022-05-24,0.000786864135274401,-0.005265759990905616,0.000786864135274401,-0.005265759990905616
2022-05-25,2.4963998340288285e-05,0.009520182643490971,2.4963998340288285e-05,0.009520182643490971
2022-05-26,-0.002203069176580197,0.011729158787266769,-0.002203069176580197,0.011729158787266769
2022-05-27,-0.0009469200617291396,0.01611920583680737,-0.0009469200617291396,0.01611920583680737
2022-05-31,-0.002051748742362469,-0.006398178991372072,-0.002051748742362469,-0.006398178991372072
2022-06-01,0.005768523701884076,-0.0020612471095066143,0.005768523701884076,-0.0020612471095066143
2022-06-02,-0.000691608389922771,0.011736421795776941,-0.000691608389922771,0.011736421795776941
2022-06-03,-0.00084346833058635,-0.007423445199049694,-0.00084346833058635,-0.007423445199049694
2022-06-06,-0.00022469487514342745,0.0011496552868930365,-0.00022469487514342745,0.0011496552868930365
2022-06-07,0.001404482790602568,0.010884743506928585,0.001404482790602568,0.010884743506928585
2022-06-08,0.0011845243343375778,-0.005023819470395985,0.0011845243343375778,-0.005023819470395985
2022-06-09,0.0026892681972259247,-0.01627323146378723,0.0026892681972259247,-0.01627323146378723
2022-06-10,0.008006083559828348,-0.018019717205385644,0.008006083559828348,-0.018019717205385644
2022-06-13,-0.003086160610645039,-0.03569617158405969,-0.003086160610645039,-0.03569617158405969
2022-06-14,-0.0013371362762002459,-0.0016160744985860287,-0.0013371362762002459,-0.0016160744985860287
2022-06-15,1.2336929484657588e-06,0.0011024056799251447,1.2336929484657588e-06,0.0011024056799251447
2022-06-16,-0.0014667368338053821,-0.028206711684773067,-0.0014667368338053821,-0.028206711684773067
2022-06-17,0.00258577898886303,-0.014937265517806386,0.00258577898886303,-0.014937265517806386
2022-06-21,-0.002910529621491742,0.025482686361786522,-0.002910529621491742,0.025482686361786522
2022-06-22,0.0004753975223608098,-0.012678195110508272,0.0004753975223608098,-0.012678195110508272
2022-06-23,-0.0013020284302567298,-0.008081257935941055,-0.0013020284302567298,-0.008081257935941055
2022-06-24,-0.0013775738243024804,0.016510582442387234,-0.0013775738243024804,0.016510582442387234
2022-06-27,-0.0012353883460461956,0.006351078304724256,-0.0012353883460461956,0.006351078304724256
2022-06-28,0.0023876434658758328,-0.0009255022252383505,0.0023876434658758328,-0.0009255022252383505
2022-06-29,0.002635883107978687,-0.010847049069378056,0.002635883107978687,-0.010847049069378056
2022-06-30,-0.0034282960421567754,-0.01020276288391353,-0.0034282960421567754,-0.01020276288391353
2022-07-01,0.0013585380399478986,0.0036251621649563415,0.0013585380399478986,0.0036251621649563415
2022-07-05,0.0007539432673004942,-0.013673849047545317,0.0007539432673004942,-0.013673849047545317
2022-07-06,-0.002475501941841096,-0.001996938260242609,-0.002475501941841096,-0.001996938260242609
2022-07-07,0.00034139936233268386,0.018294004983447243,0.00034139936233268386,0.018294004983447243
2022-07-08,-0.00022075675876054301,0.0005808483032847533,-0.00022075675876054301,0.0005808483032847533
2022-07-11,0.004160608117180997,-0.008044792507088783,0.004160608117180997,-0.008044792507088783
2022-07-12,-0.001289270052403535,-0.012029695122416806,-0.001289270052403535,-0.012029695122416806
2022-07-13,0.000395383329578447,-0.0006561449375154238,0.000395383329578447,-0.0006561449375154238
2022-07-14,-0.0007533344199933678,-0.005254549723134994,-0.0007533344199933678,-0.005254549723134994
2022-07-15,-0.0035321936088392736,0.011184715834863246,-0.0035321936088392736,0.011184715834863246
2022-07-18,-0.0024914928291684957,0.006282414604843911,-0.0024914928291684957,0.006282414604843911
2022-07-19,-0.0024230519017043317,0.01871158995731803,-0.0024230519017043317,0.01871158995731803
2022-07-20,-0.001716339350617213,0.0063706795938553995,-0.001716339350617213,0.0063706795938553995
2022-07-21,0.003294667987461475,-0.0022522004836256215,0.003294667987461475,-0.0022522004836256215
2022-07-22,-0.006563437780584658,-0.007214414937832925,-0.006563437780584658,-0.007214414937832925
2022-07-25,0.0004806974823401422,0.011807547440631616,0.0004806974823401422,0.011807547440631616
2022-07-26,-0.0066617444063165054,-0.005965629566991537,-0.0066617444063165054,-0.005965629566991537
2022-07-27,0.016308199535699508,0.019608152436215942,0.016308199535699508,0.019608152436215942
2022-07-28,0.0016115085627559367,0.010161419866314025,0.0016115085627559367,0.010161419866314025
2022-07-29,0.0053495435807684455,0.016129638566418025,0.0053495435807684455,0.016129638566418025
2022-08-01,-0.0006861274518400462,-0.006147062083882049,-0.0006861274518400462,-0.006147062083882049
2022-08-02,0.00020514659766424082,-0.003315777586036406,0.00020514659766424082,-0.003315777586036406
2022-08-03,0.008355685621058928,-0.002352079786184791,0.008355685621058928,-0.002352079786184791
2022-08-04,-0.0011302277133953265,-0.00873532667292709,-0.0011302277133953265,-0.00873532667292709
2022-08-05,0.00011061820728008875,0.003916640278647909,0.00011061820728008875,0.003916640278647909
2022-08-08,-0.004385735352720244,-0.0033709810400646134,-0.004385735352720244,-0.0033709810400646134
2022-08-09,-0.009506077216007713,0.0024385243317968097,-0.009506077216007713,0.0024385243317968097
2022-08-10,0.015514500696675704,0.01213637094150144,0.015514500696675704,0.01213637094150144
2022-08-11,-0.00020139219519244023,0.00935533422161794,-0.00020139219519244023,0.00935533422161794
2022-08-12,0.012660366301880055,0.010824960754117097,0.012660366301880055,0.010824960754117097
2022-08-15,0.004240372550905258,-0.0028523674815545963,0.004240372550905258,-0.0028523674815545963
2022-08-16,-0.002928905525000358,-0.0020550212167160797,-0.002928905525000358,-0.0020550212167160797
2022-08-17,-0.00791549966908034,-0.0013204549689023182,-0.00791549966908034,-0.0013204549689023182
2022-08-18,0.007138713897842042,0.009350179319377094,0.007138713897842042,0.009350179319377094
2022-08-19,-0.011722495489289941,-0.005586108297266468,-0.011722495489289941,-0.005586108297266468
2022-08-22,-0.01187391831629625,-0.009472037798754385,-0.01187391831629625,-0.009472037798754385
2022-08-23,0.0006793199715073861,0.010675952948830503,0.0006793199715073861,0.010675952948830503
2022-08-24,0.0030508755419291766,0.004803863561658961,0.0030508755419291766,0.004803863561658961
2022-08-25,0.01161311566315315,0.008302505724122389,0.01161311566315315,0.008302505724122389
2022-08-26,-0.022510921968427855,-0.01782750878513517,-0.022510921968427855,-0.01782750878513517
2022-08-29,-0.007393090842531258,0.001530358727397818,-0.007393090842531258,0.001530358727397818
2022-08-30,-0.0026766291548895316,-0.0150671516362888,-0.0026766291548895316,-0.0150671516362888
2022-08-31,-0.0026633604398982325,-0.006099879719147272,-0.0026633604398982325,-0.006099879719147272
2022-09-01,0.0018220634417667192,-0.008914544599315843,0.0018220634417667192,-0.008914544599315843
2022-09-02,0.002808550282434874,0.0012408663069236603,0.002808550282434874,0.0012408663069236603
2022-09-06,0.001136862821271789,-0.003017173259402983,0.001136862821271789,-0.003017173259402983
2022-09-07,-0.0005091832183333755,0.0030644208750087998,-0.0005091832183333755,0.0030644208750087998
2022-09-08,-0.0007811854456827305,0.002451366105640451,-0.0007811854456827305,0.002451366105640451
2022-09-09,-0.0019910330468204673,0.010125608321381652,-0.0019910330468204673,0.010125608321381652
2022-09-12,-0.001052782405207231,0.007353971138619242,-0.001052782405207231,0.007353971138619242
2022-09-13,0.0029734294335244105,-0.016823165385968175,0.0029734294335244105,-0.016823165385968286
2022-09-14,-0.0021739002973700794,0.0093323068045581,-0.0021739002973700794,0.0093323068045581
2022-09-15,-0.0052703653518541005,-0.013124176866329162,-0.0052703653518541005,-0.013124176866329162
2022-09-16,0.001662734881257899,-0.0066862306646778835,0.001662734881257899,-0.0066862306646778835
2022-09-19,-0.000109667342276909,0.002942793444248082,-0.000109667342276909,0.002942793444248082
2022-09-20,0.000666693142351571,-0.004258307465989208,0.000666693142351571,-0.004258307465989208
2022-09-21,0.006302525635957235,-0.005916604991641039,0.006302525635957235,-0.005916604991641039
2022-09-22,0.0004968838942656095,-0.002402948900035562,0.0004968838942656095,-0.002402948900035562
2022-09-23,0.0026770941044238494,-0.022147921712668328,0.0026770941044238494,-0.022147921712668328
2022-09-26,0.0021082083509706973,-0.01064749090583772,0.0021082083509706973,-0.01064749090583772
2022-09-27,0.0007774641385442926,-0.0002576746222051618,0.0007774641385442926,-0.0002576746222051618
2022-09-28,-0.00029774448353925287,0.015000923782769737,-0.00029774448353925287,0.015000923782769737
2022-09-29,-0.0020418658038728887,-0.00950101425741956,-0.0020418658038728887,-0.00950101425741956
2022-09-30,1.936347262954108e-05,-0.007451132782955172,1.936347262954108e-05,-0.007451132782955172
2022-10-03,0.004960621726913361,0.023534620454558564,0.004960621726913361,0.023534620454558564
2022-10-04,-0.0025432203942526987,0.01703734245680777,-0.0025432203942526987,0.01703734245680777
2022-10-05,0.003062435121703899,0.003943535288976063,0.003062435121703899,0.003943535288976063
2022-10-06,0.004677780124821895,-2.2823860779341842e-05,0.004677780124821895,-2.2823860779341842e-05
2022-10-07,-0.0013063108581209404,-0.008001670412809303,-0.0013063108581209404,-0.008001670412809303
2022-10-10,-0.002422403501715742,-0.005462263253376509,-0.002422403501715742,-0.005462263253376509
2022-10-11,-0.00028983685349182053,-0.002792568060448253,-0.00028983685349182053,-0.002792568060448253
2022-10-12,0.0016028731795276752,-0.0018576401243655116,0.0016028731795276752,-0.0018576401243655116
2022-10-13,-0.0053622459496950325,0.01522186982220819,-0.0053622459496950325,0.01522186982220819
2022-10-14,-0.0002738479050352627,-0.012510096432889695,-0.0002738479050352627,-0.012510096432889695
2022-10-17,-0.004230860889392618,0.004189920323592666,-0.004230860889392618,0.004189920323592666
2022-10-18,0.0003125686050706733,0.004555264614503951,0.0003125686050706733,0.004555264614503951
2022-10-19,-0.00037639224479846245,0.009639005839804371,-0.00037639224479846245,0.009639005839804371
2022-10-20,-0.000145999249903217,-0.0019926034814466975,-0.000145999249903217,-0.0019926034814466975
2022-10-21,0.0010579197822224717,0.00846294729565833,0.0010579197822224717,0.00846294729565833
2022-10-24,-0.0004764961403026513,0.003008076226611367,-0.0004764961403026513,0.003008076226611367
2022-10-25,-0.004796252879771923,-0.0011865099661928502,-0.004796252879771923,-0.0011865099661928502
2022-10-26,-0.0032969407296564723,0.0008527209858544271,-0.0032969407296564723,0.0008527209858544271
2022-10-27,0.0034300521281676044,0.0037206200728032712,0.0034300521281676044,0.0037206200728032712
2022-10-28,-0.002226634028598906,0.003488005363555313,-0.002226634028598906,0.003488005363555313
2022-10-31,0.0017427200292303713,0.004469843832847875,0.0017427200292303713,0.004469843832847875
2022-11-01,0.0028907190847244912,0.002978169897990046,0.0028907190847244912,0.002978169897990046
2022-11-02,6.919385979564652e-05,-0.0069439666965849245,6.919385979564652e-05,-0.0069439666965849245
2022-11-03,0.0029994646935376235,0.007934804488472835,0.0029994646935376235,0.007934804488472835
2022-11-04,-0.00018466687781948377,-0.0006935229901222639,-0.00018466687781948377,-0.0006935229901222639
2022-11-07,-0.0040390816601321156,0.0029285703643133765,-0.0040390816601321156,0.0029285703643133765
2022-11-08,0.004728210811198563,-0.000385870215726003,0.004728210811198563,-0.000385870215726003
2022-11-09,0.00221503534117784,-0.013459732108088152,0.00221503534117784,-0.013459732108088152
2022-11-10,-0.0023154055699372567,0.003913703837253202,-0.0023154055699372567,0.003913703837253202
2022-11-11,-0.00525018479002648,0.0047778275112371205,-0.00525018479002648,0.0047778275112371205
2022-11-14,0.0029240845667175552,0.0003290953630765703,0.0029240845667175552,0.0003290953630765703
2022-11-15,-0.0006849158718147397,0.002995382974192662,-0.0006849158718147397,0.002995382974192662
2022-11-16,-0.0017352275021597086,-0.006138904413293567,-0.0017352275021597086,-0.006138904413293567
2022-11-17,-0.0002626795917322067,0.0005188833120362002,-0.0002626795917322067,0.0005188833120362002
2022-11-18,-0.0006793807800167251,-0.00012771284728252397,-0.0006793807800167251,-0.00012771284728252397
2022-11-21,0.002656289984446003,-0.0016233621521004604,0.002656289984446003,-0.0016233621521004604
2022-11-22,-0.0027478213833052045,0.00897808280738599,-0.0027478213833052045,0.00897808280738599
2022-11-23,-0.0033307608780021036,-0.004534508264102621,-0.0033307608780021036,-0.004534508264102621
2022-11-25,0.0002572321972109659,-0.00047749855952516906,0.0002572321972109659,-0.00047749855952516906
2022-11-28,0.0010032526559886623,-0.007986395080280428,0.0010032526559886623,-0.007986395080280428
2022-11-29,0.0027844215903836123,0.003961053337092624,0.0027844215903836123,0.003961053337092624
2022-11-30,0.005121528294589117,0.0038729150139065194,0.005121528294589117,0.0038729150139065194
2022-12-01,-0.0012281800677014232,-0.0036912812193042877,-0.0012281800677014232,-0.0036912812193042877
2022-12-02,-0.00032494681667849523,-0.0021572213120434336,-0.00032494681667849523,-0.0021572213120434336
2022-12-05,-0.005036780978931232,-0.008992103003995,-0.005036780978931232,-0.008992103003995
2022-12-06,-0.010673375279973585,-0.007905081820636317,-0.010673375279973585,-0.007905081820636317
2022-12-07,4.194761860643048e-05,-0.0012014828472239891,4.194761860643048e-05,-0.0012014828472239891
2022-12-08,0.0012276211866577569,-0.0006853594126933205,0.0012276211866577569,-0.0006853594126933205
2022-12-09,-0.0029173487219741334,-0.00830101462507371,-0.0029173487219741334,-0.00830101462507371
2022-12-12,0.0033386513575481835,0.011138805121688966,0.0033386513575481835,0.011138805121688966
2022-12-13,0.0007101693568916101,0.004347724945224618,0.0007101693568916101,0.004347724945224618
2022-12-14,-0.00304155612622925,-0.002831993953030909,-0.00304155612622925,-0.002831993953030909
2022-12-15,-0.0002745482104467012,-0.0028762355602763856,-0.0002745482104467012,-0.0028762355602763856
2022-12-16,0.0034947750951119794,-0.005732817267038559,0.0034947750951119794,-0.005732817267038559
2022-12-19,-0.0007216962683614936,-0.0005552139687621249,-0.0007216962683614936,-0.0005552139687621249
2022-12-20,0.0015852219790595257,0.003209896724642336,0.0015852219790595257,0.003209896724642336
2022-12-21,0.0007569866284560245,0.008566412012132707,0.0007569866284560245,0.008566412012132707
2022-12-22,-0.002914916974497972,-0.007457489610554036,-0.002914916974497972,-0.007457489610554036
2022-12-23,0.0007196262361526262,0.010752707071019163,0.0007196262361526262,0.010752707071019163
2022-12-27,0.0023470752032244135,0.0038510007659564582,0.0023470752032244135,0.0038510007659564582
2022-12-28,0.0004328842762859608,-0.007881428855153194,0.0004328842762859608,-0.007881428855153194
2022-12-29,-0.0013531268614107583,0.0033380725230276465,-0.0013531268614107583,0.0033380725230276465
2022-12-30,-0.00021231350402795002,-8.904517979524407e-06,-0.00021231350402795002,-8.904517979524407e-06
2023-01-03,0.00790342915434894,-0.008793171106698527,0.00790342915434894,-0.008793171106698527
2023-01-04,0.0010399857734393336,0.00045401745856854525,0.0010399857734393336,0.00045401745856854525
2023-01-05,0.000897622306856638,0.004284587781564042,0.000897622306856638,0.004284587781564042
2023-01-06,-0.0009437995317094217,0.0069388233056366655,-0.0009437995317094217,0.0069388233056366655
2023-01-09,-0.0023762869123361563,-0.0027604160248603238,-0.0023762869123361563,-0.0027604160248603238
2023-01-10,0.001462385234097363,0.002553709765887202,0.001462385234097363,0.002553709765887202
2023-01-11,-0.00020628547577905554,0.0019208878920722317,-0.00020628547577905554,0.001945004330304867
2023-01-12,-0.00140255157256719,0.002912748428478551,-0.00140255157256719,0.0027299843300865323
2023-01-13,0.003414146264564266,0.0005164778019204341,0.003414146264564266,0.0004578303622426727
2023-01-17,-0.0005109268427954117,0.0008750197587454878,-0.0005109268427954117,0.0009061391561941967
2023-01-18,-0.0008625597722786704,-0.009009161932076681,-0.0008625597722786704,-0.009779655968055856
2023-01-19,0.0034833995122929284,0.002410956026954292,0.0034833995122929284,0.001785844956302185
2023-01-20,-0.0017289748342596,0.0034713174815266257,-0.0017289748342596,0.003939380441383422
2023-01-23,0.0012974656001079055,0.0010378590960578027,0.0012974656001079055,0.0010752137119933725
2023-01-24,0.0005380446789589044,-0.0011165220519694374,0.0005380446789589044,-0.000895470708068169
2023-01-25,-0.00026116204773618534,-0.0010998734508563812,-0.00026116204773618534,-0.0016978977925009575
2023-01-26,-0.001441613039445122,0.009851623278946064,-0.001441613039445122,0.01017827092787349
2023-01-27,0.00011005677600262054,-0.006190678075074008,0.00011005677600262054,-0.006163218962047634
2023-01-30,0.00032023012696069664,-0.006883965512472945,0.00032023012696069664,-0.006920301499859005
2023-01-31,0.0004362371342345739,0.0036978063294541563,0.0004362371342345739,0.004073031044309561
2023-02-01,0.0009370856574566488,-0.006751299808573696,0.0009370856574566488,-0.006895250422589094
2023-02-02,-0.004252115617435437,-0.0066224279905863215,-0.004252115617435437,-0.006046757494737154
2023-02-03,-0.003561442898937228,-0.0003099603674395768,-0.003561442898937228,-0.00042057288506225365
2023-02-06,0.002348716170408771,4.616765178133697e-05,0.002348716170408771,0.0003576554713915492
2023-02-07,-0.0002613490762582993,0.00955904847274569,-0.0002613490762582993,0.009399955929832338
2023-02-08,0.001063656093423404,-0.0036938238209984764,0.001063656093423404,-0.0045568748650692825
2023-02-09,-0.0028053457783365765,-0.004352369131839007,-0.0028053457783365765,-0.004693943321474214
2023-02-10,0.0015396529090365707,0.014186274622676631,0.0015396529090365707,0.01503471329775441
2023-02-13,-0.002381572655241082,-0.00038721495153615226,-0.002381572655241082,0.0002189312360263429
2023-02-14,1.0611316460185094e-05,-0.000779963812841511,1.0611316460185094e-05,-0.0011281035092691738
2023-02-15,-0.000949929236998992,-0.003895729755666766,-0.000949929236998992,-0.003273909381600437
2023-02-16,0.00018106548369911657,-0.003804963026310393,0.00018106548369911657,-0.004193590469185771
2023-02-17,0.0006814652584972158,-0.009359767069612168,0.0006814652584972158,-0.008802534574387177
2023-02-21,-0.00016198897592889505,-0.002733972723487965,-0.00016198897592889505,-0.0033746056280260506
2023-02-22,-0.0007324444336990199,-0.0019677178496533276,-0.0007324444336990199,-0.001961609747912152
2023-02-23,-5.329669500708789e-05,0.00440390387937728,-5.329669500708789e-05,0.004208635228421409
2023-02-24,6.49305256137378e-05,3.539338528524283e-05,6.49305256137378e-05,0.00017037625175797544
2023-02-27,-0.00040615431973212157,-0.0005014810713382944,-0.00040615431973212157,-0.0008636957033935078
2023-02-28,0.002212755205660777,-0.005170427049042692,0.002212755205660777,-0.006105915642036108
2023-03-01,0.00014496371394279173,0.0038919972057089858,0.00014496371394279173,0.00295231970241705
2023-03-02,0.0014143311060585972,0.005377560665158043,0.0014143311060585972,0.006399315973188546
2023-03-03,0.00205137977404668,0.005106065554619343,0.00205137977404668,0.005399130849015332
2023-03-06,-0.0019380776449400283,3.2127347697752384e-05,-0.0019380776449400283,0.0004163887436694491
2023-03-07,-0.0015389314722261682,-0.005313080174773166,-0.0015389314722261682,-0.00554938570279806
2023-03-08,-0.00024726324405566213,-0.002914280659146451,-0.00024726324405566213,-0.002542807251975754
2023-03-09,0.0021121425651255965,-0.005688748149217826,0.0021121425651255965,-0.006468628639088925
2023-03-10,0.004567753884864079,-0.005760905988248077,0.004567753884864079,-0.0070997732506070665
2023-03-13,0.0041234938098004825,-0.005801171845510211,0.0041234938098004825,-0.005871110749612551
2023-03-14,-0.001937506737898942,0.004203472655395668,-0.001937506737898942,0.005047052459254298
2023-03-15,0.007679673058645697,-0.013028990170281696,0.007679673058645697,-0.012645172221834144
2023-03-16,7.652365038057773e-05,0.003940206697698345,7.652365038057773e-05,0.004127533476326217
2023-03-17,0.005902482521612962,-0.006261691564020011,0.005902482521612962,-0.007612390806361002
2023-03-20,-0.0027250338027184906,0.006364612099282851,-0.0027250338027184906,0.006902802861278534
2023-03-21,-0.005847517902683674,0.008925351833055428,-0.005847517902683674,0.008710931397945432
2023-03-22,0.0013510406605719005,-0.00934406420720335,0.0013510406605719005,-0.010746124209172203
2023-03-23,0.004476473814287063,-0.004269398493284449,0.004476473814287063,-0.005100750161619816
2023-03-24,-0.00033124669180450983,0.004803218214217253,-0.00033124669180450983,0.006617423175923287
2023-03-27,-0.004384485441613295,0.005930200592673351,-0.004384485441613295,0.006361436744621862
2023-03-28,0.0006627897315225617,0.004159205751782524,0.0006627897315225617,0.0040958697413469025
2023-03-29,-0.000233828037947581,0.005606124340782115,-0.000233828037947581,0.0064372972045350085
2023-03-30,0.00018271496885891025,0.0012658428844043446,0.00018271496885891025,0.0011967469513962659
2023-03-31,-0.00048644495849792246,0.003751400817287198,-0.00048644495849792246,0.004331935536727949
2023-04-03,0.0007589284611078106,0.013176622560325368,0.0007589284611078106,0.01276266119857783
2023-04-04,0.004396326720656152,-0.005493662305402158,0.004396326720656152,-0.005954596584428762
2023-04-05,0.0006278124264986751,0.007267971612151758,0.0006278124264986751,0.008238681311830476
2023-04-06,-0.0019261420096243764,-0.0041200858501398985,-0.0019261420096243764,-0.0036356086477737914
2023-04-10,-0.0004935576558529053,0.003165886118513539,-0.0004935576558529053,0.003339515658799419
2023-04-11,0.000817943963008938,0.0026355136096258835,0.000817943963008938,0.0025317197812588788
2023-04-12,-0.000156245108748565,-0.0008578728423023207,-0.000156245108748565,-0.001145394623732976
2023-04-13,0.0026387664136096056,0.002128303067920445,0.0026387664136096056,0.0017898838812930862
2023-04-14,-0.0035760077734344753,-2.014192113497515e-05,-0.0035760077734344753,-1.6738759672785264e-06
2023-04-17,0.00017835084076778251,-0.0022233654057323138,0.00017835084076778251,-0.0017155025540385171
2023-04-18,8.364803714377977e-05,0.00016142736199520336,8.364803714377977e-05,-3.2041264828031046e-05
2023-04-19,-0.0007862655848352995,-0.0002569129912359802,-0.0007862655848352995,0.00013828973521223809
2023-04-20,0.0011802962819544849,-0.0026521492896021126,0.0011802962819544849,-0.0027123127736592423
2023-04-21,-0.0032929403385048017,-0.0015947401536812178,-0.0032929403385048017,-0.00107495871390495
2023-04-24,-6.303191262790886e-05,0.0046990011035681345,-6.303191262790886e-05,0.004856039870552609
2023-04-25,0.002934704383569686,-0.005197332886276773,0.002934704383569686,-0.005393493778983682
2023-04-26,-0.0026038510170367513,-0.006932744360852006,-0.0026038510170367513,-0.0077663992139956894
2023-04-27,0.00012442530904022142,0.0024297198101079776,0.00012442530904022142,0.0031360748127784444
2023-04-28,0.0005139078187545998,0.005414631306151385,0.0005139078187545998,0.005446195702905943
2023-05-01,0.00016323688107422463,-0.0022096740014641014,0.00016323688107422463,-0.0020074158116191176
2023-05-02,0.005029485508125209,-0.013915963873343484,0.005029485508125209,-0.015006712600308836
2023-05-03,0.0009220461647188039,-0.006922675747645601,0.0009220461647188039,-0.007466349550215523
2023-05-04,0.002433362928420335,-0.00296330995059213,0.002433362928420335,-0.002919339922666908
2023-05-05,-0.005131842830851552,0.008469493543732387,-0.005131842830851552,0.009371143529640857
2023-05-08,0.0008015736560036402,-4.8530869895868634e-05,0.0008015736560036402,-0.0002582005292769418
2023-05-09,0.0030993592262347214,0.0004908480968701667,0.0030993592262347214,0.00020187286067696597
2023-05-10,-0.0009687210519966349,-0.0032350928700362047,-0.0009687210519966349,-0.0029063554417823045
2023-05-11,-0.000632679885460008,-0.0032231406570573107,-0.000632679885460008,-0.0032741835924551266
2023-05-12,0.001418623241945527,0.001999376927446228,0.001418623241945527,0.0023562357379318666
2023-05-15,-0.00021322470059337295,0.00024086662590905306,-0.00021322470059337295,-0.0003244762776850596
2023-05-16,-0.003004846048072274,-0.00924823286418186,-0.003004846048072274,-0.009744492520305514
2023-05-17,-0.0005061499846162887,0.007046718812101949,-0.0005061499846162887,0.005736661039945856
2023-05-18,-0.001659178047406562,0.006525375903715602,-0.001659178047406562,0.004724408022963811
2023-05-19,0.001960404720772635,0.0001657169863609198,0.0019624147576102757,0.0009106084123147173
2023-05-22,-0.0005772907217487244,-0.0006090744536227932,-0.0006786995241037097,-0.0018429517002994666
2023-05-23,-0.0020637933314909818,-0.004107899934760795,-3.4313356701232145e-05,-0.0006019050457203301
2023-05-24,-0.003064671689673948,-0.0032454402904169566,-0.0019043026761232928,-0.0010876856776874666
2023-05-25,0.03451910375091427,0.05149080130661643,0.013646738916403,0.031997685752275684
2023-05-26,0.006810658749082599,0.01164906260815024,0.0026986907757509115,0.0046335632165379614
2023-05-30,0.0039096004306038434,0.0022544240092554624,0.0030774301886169475,0.0008672659782342773
2023-05-31,-0.007789509316941445,-0.015233986732726246,-0.0026342359235684842,-0.010781810696412819
2023-06-01,0.0064040322933354155,0.013738652705965304,0.0018373002326754762,0.008678938442310047
2023-06-02,-0.0013362846678469653,0.005654692320256283,-0.0017884289060118297,0.007678526143764408
2023-06-05,-4.2912875969358666e-05,-0.002711784276457241,0.0008321529743022804,-0.002351130913846866
2023-06-06,-0.0010818678559627593,-0.0020806919298403947,0.0003612781087485306,-0.00029748623648429007
2023-06-07,-0.006663321872938832,-0.0042510033137728165,-0.004537727684148285,0.0020759949728563765
2023-06-08,0.005912370912030118,0.007493157969334252,0.003187168212613445,0.003391635026992912
2023-06-09,0.0004939686436893354,-2.302671182619065e-07,0.00037875646694285336,-0.0004530525509799377
2023-06-12,0.003634344114130883,0.006307710635881314,0.001000583412938294,0.0015999132593271792
2023-06-13,0.0038771609545846797,0.010748725196414455,-0.0003962660013745456,0.006915467760029159
2023-06-14,0.0055027741567854616,0.008639118308127358,0.0016044147701765876,0.004192019899002641
2023-06-15,-0.00038533185902012157,0.0026109865709591507,-0.0006039725710532684,0.001594069541145382
2023-06-16,-0.0014951603986330664,-0.0031507483990549368,-9.650437102326492e-06,2.962151560215176e-05
2023-06-20,0.0008200679096610486,0.000517602475305301,-0.0004372325085801876,-0.001101676791422035
2023-06-21,-0.004635889179746666,-0.005176105223819949,-0.002732510755288242,-0.001235409727065706
2023-06-22,-0.0007096719867970558,0.00039836504529922045,-0.0018422646202084225,-0.002270855497011115
2023-06-23,-0.003278602352410287,-0.009488332998731641,0.0006938218896426207,-0.005415397065992256
2023-06-26,-0.003912136175980296,-0.005288963632776755,-0.0015807591457132064,-0.0012023394874057791
2023-06-27,0.00502566690634465,0.012657905109344503,0.00014862679995819583,0.006260499185442914
2023-06-28,-0.0018222351229811862,-0.0026413783678991276,-0.0005066770175233826,-0.0015636797239244604
2023-06-29,7.170901654429684e-05,0.0006840843265676355,0.0005454554535708755,0.0018871677031300216
2023-06-30,0.005791588912072099,0.010752132822191562,0.002631437006166637,0.007477253098259196
2023-07-03,0.0017899174976745424,0.002706658495396974,0.00104704339316819,0.00226773606841868
2023-07-05,-0.0023688385742878237,-0.003893909635310222,-0.0003942887780006288,-0.0008879468552741576
2023-07-06,-0.0038989882210209714,-0.009003739911228048,-0.002240392811511116,-0.008268969706520468
2023-07-07,0.0008963579723564319,0.0029253251576739636,0.00043472299363367384,0.0034655795888365315
2023-07-10,5.835563217559958e-05,0.0024439485331941846,-0.0004357513392708734,0.001816423015223334
2023-07-11,0.0009143436285754536,0.004748635418152958,0.0005294755913611837,0.005869395474203287
2023-07-12,0.0068983724252658085,0.013124877019996317,0.002669568642796216,0.007773286427305015
2023-07-13,0.007443056547135729,0.014462190168698763,0.0014645169478189057,0.0068520457276617375
2023-07-14,-0.0015336240012551183,-0.005378058152772702,-0.0010099294347299947,-0.006756373692115458
2023-07-17,0.0027834329956710757,0.004101318480109306,0.0011971348542201277,0.0018042305570939998
2023-07-18,0.006183020809500173,0.00783666295784502,0.004186447078041278,0.00394693663269563
2023-07-19,-0.003923949718799391,-0.006512362668517069,-0.00011197258575290636,0.00021254522541380716
2023-07-20,-0.007411031601772922,-0.011810282420295692,-0.002121445632664698,-0.001885398639007052
2023-07-21,-0.0014475323170224375,-0.0007628534034471723,-0.0010488555928191978,0.00040344651932966435
2023-07-24,0.0002034538237065675,0.0024769873218417615,4.6816613901823345e-05,0.003913578333549328
2023-07-25,0.004377453912313589,0.006625445259935248,0.0024487101419692348,0.00416252022675434
2023-07-26,-0.0006332480574323673,-0.0016356550868936726,0.0006177142279095715,0.0005481083526284181
2023-07-27,0.0012445950876784906,0.004761124278748863,-0.0006375335196786569,0.0023505911569308147
2023-07-28,0.00486706146217375,0.008391415854324569,0.0026405769943715907,0.004258035482550548
2023-07-31,0.0011052521048597885,0.0018735418002462367,0.001348644186093484,0.0033776522813238063
2023-08-01,-0.0028347518740223787,-0.0032036820133550803,-0.0020478755507793434,-0.0023808953177384407
2023-08-02,-0.009409095358228536,-0.0180687346394105,-0.003387507181421112,-0.010274251374890797
2023-08-03,0.00019606740024746827,0.0008759828062450126,2.57511273709099e-05,0.0008880326788480719
2023-08-04,-0.00022826954021926138,-0.001113155767817342,-0.00023957017779607792,-0.0016083144968643825
2023-08-07,0.003641434274779476,0.008293268242327123,0.0007915915448872823,0.004646248513300977
2023-08-08,-0.004060995923853672,-0.00578922436599516,-0.0015852783323565545,-0.001372271962805205
2023-08-09,-0.007460779939559625,-0.00981297399591241,-0.003845028112939297,-0.00448326497218432
2023-08-10,0.0001605347411972602,0.00024604383507509375,2.2280225622672845e-05,-0.0003888619740917143
2023-08-11,-0.0056330318063047,-0.008054728725874094,-0.0018103363497065095,-0.002286958308529763
2023-08-14,0.009401440713290521,0.014938484255098361,0.004134601671535787,0.009409023659411764
2023-08-15,-0.002839193127419204,-0.007345347625582699,-0.0014173128460102102,-0.006326543748785163
2023-08-16,-0.002062711125561223,-0.004772716799874899,-0.0006978606970684531,-0.003801171058685049
2023-08-17,-0.001269955152822022,-0.0016243465139624824,-0.0005065224173589344,0.0005389874126942029
2023-08-18,0.00150281006032138,0.0033916949343320013,0.0006778470961830152,0.0030179115277799706
2023-08-21,0.004679935397328583,0.011699430542890576,-0.0025013634901271953,0.010427341638374221
2023-08-22,0.00026438984944410215,-0.0037567925440138428,0.002352699404258418,-0.005276900731890355
2023-08-23,0.004345630218467678,0.007485336426422906,0.0008936152181420187,0.005021041211255239
2023-08-24,-0.0026116446024574413,-0.00840967481665078,0.000766441559940434,-0.0029589649479503377
2023-08-25,-1.3177122435537036e-05,0.0003124836708570111,0.0010203252220961634,-0.0004542764317428949
2023-08-28,0.002362592144160791,0.005913116852291234,8.486913354799341e-05,0.004889383444780959
2023-08-29,0.0041810996998592476,0.009254482455636426,-9.983479786868088e-05,0.007254454702765534
2023-08-30,0.0009479970093853041,0.0021771547862823315,-8.858592003846422e-05,0.0019712529488322694
2023-08-31,-0.0005143387143734524,-0.0018721634484775151,0.00036574575124692643,-0.0005708979604013287
2023-09-01,0.0010574127661384658,0.0013733466492606983,0.0023503746047575103,0.001896953810490487
2023-09-05,-0.0008562303388741643,-4.116091704464697e-05,-0.0010492684520236883,-0.00030603317590705004
2023-09-06,-0.0019941121567237374,-0.0039825202962183726,0.00012539421376733806,-0.004312795300273176
2023-09-07,-0.0033515337970070336,-0.0073504821805132625,0.00048213979989308875,-0.0028390364622977726
2023-09-08,-0.0013524920800207507,-0.002101410751118804,0.00027175504733456535,-0.0006102629435775775
2023-09-11,-0.0005335656269621625,-0.0009997701842587858,-0.0003740218704980647,-0.00328692226770555
2023-09-12,-0.0023206504699777586,-0.0010469501245747859,-0.0010014626514011082,0.003216056283419144
2023-09-13,-4.001150839205714e-05,0.0009532559248910388,0.00021161399392255476,0.0009599710546832618
2023-09-14,0.002755229405845272,0.005627605495031496,0.0028999207690054707,0.005587553253127542
2023-09-15,-0.004027599534938475,-0.013858697831506062,-0.0019270680138040452,-0.01071182219347011
2023-09-18,0.0010176518791316091,0.0014107344816125522,0.0013764655150405591,0.0018858830382000313
2023-09-19,-0.0011236837716791515,-0.0034258320482815074,2.9202878444767322e-05,-0.0037766352606265485
2023-09-20,-0.0016980870824813143,-0.006861067235832352,-0.0009040197254552851,-0.00568265894071962
2023-09-21,-0.004472157455255754,-0.009903867889700213,-0.0030841495081037618,-0.009405554326965437
2023-09-22,0.002116815864565469,0.002938152795762594,0.002147410998259547,0.0030267528805478783
2023-09-25,0.0003254222859396805,0.0037720631507025537,0.0001574547988949515,0.0050507674994129115
2023-09-26,-0.003912744542137414,-0.007284732804097915,-0.0022528879517277334,-0.005015509142859642
2023-09-27,-0.000527510754174898,0.004841120289756917,-0.001642943041601952,0.005898685838990447
2023-09-28,-0.0003058693515166633,0.003685736558752817,-0.0007365088559851962,0.001526100863132429
2023-09-29,-0.0007985959240999208,-0.0005551043807210387,-0.0024194134380983723,-0.00283913774932798
2023-10-02,-0.0006122869876893366,-0.0009352731351329746,0.0003826005664921972,-0.0028217359593453173
2023-10-03,-0.0037951388258047336,-0.008218518628376303,-0.002298449502401656,-0.004486677699169217
2023-10-04,0.00270067325568335,0.00301236349459999,0.0010454096539125324,-0.0033659022098900815
2023-10-05,-0.0017999408070972223,-0.001875927467785532,-0.001441661662735183,-0.0013389809545071296
2023-10-06,0.0043872106402877975,0.009758371266881616,0.0034908617240503315,0.006413663851399409
2023-10-09,0.0030671730943694353,0.003340167911260128,0.004261160262128527,0.005487066304020516
2023-10-10,0.0014855168650602657,0.005346701011584631,0.0003475008251481171,0.004339974494445675
2023-10-11,0.003010797586037617,0.0030906282533174068,0.003028295186022989,0.0013920004738239289
2023-10-12,0.0019225733471064377,0.0011713470610668075,0.0008947012843736335,0.0004139783324241808
2023-10-13,0.0028898991901877835,-0.005028309273293119,0.004736515717938206,-0.00039419238313709304
2023-10-16,-7.475131750922515e-06,0.00549036451135021,-0.0005511118152918826,0.004518281482423836
2023-10-17,-0.0006595087339780203,-0.0030190623090134983,0.0005269580087263748,-0.004045260192692135
2023-10-18,-0.0019457954814265932,-0.011036720040918713,0.0011926956000911648,-0.006427292894117809
2023-10-19,0.0017923195547786541,-0.0015523926895724127,0.0013817135785965107,-0.0026662993980471894
2023-10-20,-0.0018203297948063968,-0.007889630573484241,-0.0006463459015927375,-0.00725996414915242
2023-10-23,0.0006975550861956226,0.0037470465989724033,-0.000285060339973775,0.0013485367399030945
2023-10-24,0.0037061008278365115,0.004886770264871165,0.0018138505776110758,0.0030711971914390013
2023-10-25,-0.002796610816161338,-0.01055196946979231,-0.002060533100320283,-0.009361949491563437
2023-10-26,-0.0008553257469942066,-0.006685784002020134,-0.0012862138532307998,-0.005600934234910038
2023-10-27,0.0019496694806939718,-0.0030867950675224076,0.003719347414456564,-0.006360546263144973
2023-10-30,-0.00039761312114183767,0.004741772733830141,-0.0008147897364750856,0.0037308276338354762
2023-10-31,0.0013315273421101725,0.0026873788750834127,0.00023662710097083206,0.001612307377185651
2023-11-01,0.0028714749338807355,0.008871418089509087,0.0020627668310462255,0.006454304989179205
2023-11-02,0.004910585782008647,0.014855967975539786,0.0010477365375272107,0.013383838919220237
2023-11-03,0.0020387710867424413,0.006215185456163841,0.0003156355759694751,0.003017298613322117
2023-11-06,-0.0013140603654514527,-0.0001290465715816369,-0.0013377483435608184,-0.0002764516074584833
2023-11-07,-0.00021478657726237138,-0.002011537257575635,0.00025047341506123644,-0.0040039212691279635
2023-11-08,-0.0011817052787181925,0.00035930518575222337,-0.0018762703834938055,-0.0012436914114715147
2023-11-09,0.0011199913704005304,-0.001342556245388593,0.0018336799489910849,-0.0005845202593702803
2023-11-10,0.0029640550408744915,0.012822646972118434,0.0001736751633711897,0.008801529532657115
2023-11-13,0.0002314221060850663,0.00020302705505703678,0.0007441876166807138,0.0015170282966472382
2023-11-14,0.0053592013307324216,0.011739470171234556,0.0031020037388855837,0.008773814775095756
2023-11-15,-0.0011343173538459483,-0.0020297219762770435,-0.0026590691717253145,-0.003371673761414895
2023-11-16,0.004277366084773915,0.0012410576613186564,0.005422099785415968,0.0005192330393939404
2023-11-17,-0.0005498755495367824,0.0021159443002911615,-0.0017989602615887668,0.0017578904332360423
2023-11-20,0.007758634743756598,0.008876630579055744,0.009129133250566746,0.008811834994856493
2023-11-21,-0.004084645585555768,-0.005431000832359811,-0.004337283144657866,-0.004917497909908253
2023-11-22,-0.0029956773461264907,-0.00280595656749294,-0.003992231499355792,-0.004370979490502025
2023-11-24,-0.005988558467744709,-0.005001775261034291,-0.007196791050097406,-0.006432536637690833
2023-11-27,0.00013866092529046803,-0.0004112879201377817,0.0008201493106227975,0.0004996026134558296
2023-11-28,0.00017640891796921743,-0.0010686107727357896,0.0010308924435935563,-0.0008264608193787604
2023-11-29,-0.0021672524087902323,-0.0017256260976791227,-0.002657641274532385,-0.0020655432340310753
2023-11-30,-0.013562534137393167,-0.011176273935352365,-0.013266843975084597,-0.011319397177332657
2023-12-01,0.0006408286284698139,0.0006901921731083949,-0.0005297941866405642,-0.0003561881003361078
2023-12-04,-0.015190649754450725,-0.012349826184695156,-0.015931341234706742,-0.013228288077246741
2023-12-05,0.005959481686609536,0.004739103962305702,0.00650771215004009,0.00561699642065272
2023-12-06,-0.008186688481394366,-0.007922430111168555,-0.008835980130034504,-0.008926431991482131
2023-12-07,0.017713867358693625,0.014915904543347569,0.01804575240612949,0.014855399996942964
2023-12-08,0.01049025445126972,0.009869145755677655,0.011334835082513317,0.010748488662763789
2023-12-11,-0.010762652417378948,-0.007827603849887899,-0.011559407045482084,-0.008994286939946083
2023-12-12,0.016771612814179715,0.01394862316284562,0.017036829058159286,0.013668036650698268
2023-12-13,0.007809275482237421,0.007555531865206744,0.007125177331223309,0.006954324910362741
2023-12-14,0.002810293054473112,0.003875375098259415,0.0006240480162387207,0.0021191513551248597
2023-12-15,0.004648163805323291,0.0038821170674905314,0.005683933034200006,0.004685354758294569
2023-12-18,0.015355225145613938,0.01294276663482452,0.016105368987480162,0.0140007857951856
2023-12-19,0.003379472384918758,0.003031104231642656,0.003339870659989641,0.0022679627029829064
2023-12-20,-0.013612925134244058,-0.013103458553230363,-0.013557553036417369,-0.013386432323826414
2023-12-21,0.014436755559570358,0.013286726766495782,0.01398977693906045,0.01212590606770636
2023-12-22,-0.0013337754491656861,-0.001151461227083983,-0.0011331966911558577,-0.0009890735320220445
2023-12-26,0.006421715592376254,0.005946221156108322,0.006039560033235247,0.00557878298747716
2023-12-27,0.0038315640011226115,0.002985408408568757,0.003680077266010162,0.002661762518228805
2023-12-28,-0.00013144045990109987,-0.0006108506208030162,0.0003582485833888427,-8.893018776046091e-05
2023-12-29,-0.004186659231056988,-0.0033193176209896924,-0.004111001209837317,-0.003058513604524804
2024-01-02,-0.02101239447210801,-0.018273127755482732,-0.02070162963483413,-0.016635618851393752
2024-01-03,-0.0086148507197632,-0.006901902066845378,-0.008250166029360018,-0.006087628267314349
2024-01-04,0.00432780452952386,0.002743845207103357,0.0038994754352077443,0.0026372866463670874
2024-01-05,0.011509518283165932,0.01006085072109797,0.011362290747189752,0.010309858355399326
2024-01-08,0.02816546191169711,0.025375299842057775,0.029481879449258175,0.026568301661342497
2024-01-09,0.0036078500163305716,0.0023264358564607512,0.0038247320641913163,0.0033240436975314758
2024-01-10,0.018290593486639084,0.015301433235444195,0.01932412639745107,0.015696547284897333
2024-01-11,0.0022007305006470634,0.0019838878870472865,0.0022158723455170115,0.0023101382233756684
2024-01-12,0.0033460801172096044,0.0026775307214979005,0.0038765475667588145,0.0032388605387172476
2024-01-16,0.002023552264854178,0.0024409822580666596,0.0024251321425232675,0.003057958904304048
2024-01-17,-0.0013884199415218346,-0.0014679946719946546,-0.0015718663026969004,-0.0018374316344086372
2024-01-18,0.017028886372388197,0.015386293963713937,0.015698045830023988,0.014165752690602051
2024-01-19,0.02084891152560986,0.019755749310781612,0.020535050850128966,0.019795452001551972
2024-01-22,0.0005193296630841004,0.0006197737483364385,-0.0001234883926578556,-0.00017645192520288067
2024-01-23,0.005331690860351124,0.004875897326242162,0.0049588093894714635,0.005051465836176883
2024-01-24,0.018173725301351418,0.017441989740313302,0.016594981004643516,0.0162613050554401
2024-01-25,0.005549003137123476,0.005387003847083127,0.00543381883565397,0.005503597736170818
2024-01-26,-0.0027079386789725657,-0.0025659876997091713,-0.002647867700157569,-0.0023218290241442396
2024-01-29,0.015407731266561031,0.013953642650202491,0.015720745879507225,0.014719518031579781
2024-01-30,-0.0015921292109944973,-0.00091066174302179,-0.0012194453387632809,-0.00021218262588418302
2024-01-31,-0.01654975080742538,-0.014785994891842957,-0.018254062873654497,-0.016503537660518486
2024-02-01,0.016166079568548097,0.014528959138447428,0.016019542422542,0.013941061064792759
2024-02-02,0.0738486054106473,0.06304495424796919,0.07932548421318919,0.07760393549283107
2024-02-05,0.005670397548775963,0.007314350657569024,0.002782116454578265,0.003578090867869088
2024-02-06,-0.006889707909427556,-0.0064725211964439255,-0.007089250234713962,-0.007257660291536072
2024-02-07,0.02364186842803573,0.020542667931491065,0.023787656634924437,0.021028617306808384
2024-02-08,-0.0012985627044617143,-0.0014173411463608288,-0.0012970535733473065,-0.0013537920618219568
2024-02-09,0.016045999931127986,0.014736956411463664,0.015272253583740847,0.01247397398220107
2024-02-12,-0.0034845327293886452,-0.0025190118819212737,-0.00316268185913271,-0.0013958603610858544
2024-02-13,-0.014367961436264176,-0.011641199139280412,-0.013602982707027644,-0.01093258127295027
2024-02-14,0.022030218045831607,0.01925906247305842,0.020692292541421464,0.018818595082099154
2024-02-15,0.002806353427902364,0.0016816934544778839,0.0018277739558951733,0.002150289981910136
2024-02-16,-0.008697582752579258,-0.007291691216123164,-0.008794727172553252,-0.008119176731253952
2024-02-20,-0.018865390216983857,-0.017505922308210575,-0.01700446465309513,-0.015958227446721596
2024-02-21,-0.011525212330852352,-0.010896246779748986,-0.011253185499609075,-0.010745645760581901
2024-02-22,0.07467796399502968,0.06939423578953652,0.07040131064237842,0.06625448845210191
2024-02-23,-0.003860846471394508,-0.002806147868424924,-0.002512398291614759,-0.0019426216696938337
2024-02-26,0.001501274934585295,0.0012201330117618259,0.00036344986748670927,0.00011843579661729997
2024-02-27,0.0011090808596290191,0.0008578163070669387,0.001434512974972879,0.0015422937325471064
2024-02-28,-0.0070097239479723905,-0.006426193409712844,-0.006558622415303028,-0.006354086742383469
2024-02-29,0.013681111069054674,0.012085452074639624,0.012702477851260552,0.011815230706523794
2024-03-01,0.02880107478630256,0.02542289692757982,0.025700348283157926,0.024134315606088252
2024-03-04,0.009082274419270231,0.009009158427434105,0.00886251444491637,0.00871175402044888
2024-03-05,-0.011241633097938686,-0.008331364652548134,-0.009057586231064674,-0.007258636689582154
2024-03-06,0.020024408149452277,0.017653526342724657,0.018154551415334286,0.01694510800954241
2024-03-07,0.03295592254659763,0.029234329908451206,0.030706685078218054,0.028844572474711505
2024-03-08,-0.030988979682373796,-0.02766120302098085,-0.028459667544164957,-0.026474411713217738
2024-03-11,-0.0250944386492008,-0.021992876227505453,-0.02442519678118027,-0.02317499242341603
2024-03-12,0.03834832424561263,0.035403050543965975,0.03675553329244363,0.03543136411890169
2024-03-13,-0.00910548011444623,-0.008058337505803315,-0.008539779904000233,-0.007898585079913034
2024-03-14,-0.01374656514459871,-0.012928551378884823,-0.012584225378913905,-0.012481046561819475
2024-03-15,-0.01076639324728279,-0.008861737737615338,-0.009892498477012013,-0.00877769719258592
2024-03-18,0.012160207333424156,0.01072259258391095,0.010771676079642134,0.01060804747633659
2024-03-19,0.005558376958476607,0.004884185922015671,0.005295492222716414,0.004728436663502089
2024-03-20,0.014956451382057034,0.012696004509320735,0.013335603578679578,0.01218801338909481
2024-03-21,0.009689475198152664,0.008268429643997433,0.00889446180084108,0.007938862938859703
2024-03-22,0.007966895684129005,0.00861490915255958,0.008416581582695537,0.008845680918939447
2024-03-25,-0.0029968456039910496,-0.0021678826048766586,-0.0021160828682303956,-0.001994983135419126
2024-03-26,-0.013544307940121403,-0.012776265622097105,-0.013456732270564764,-0.012935930989174116
2024-03-27,-0.0067873981995068,-0.0073724601658702316,-0.007466783537135369,-0.0077695161325953555
2024-03-28,-0.004853058248068032,-0.0046050694715839,-0.004458473704999966,-0.004543230569112655
2024-04-01,0.008131438303087712,0.006252340614560259,0.007954994642253022,0.006723427603086973
2024-04-02,-0.006005695515888143,-0.004279366693873854,-0.003483239686491224,-0.002842182545079064
2024-04-03,0.006036804595596301,0.005144221425054107,0.0055369660931190445,0.005035446101277152
2024-04-04,-0.015022068041575243,-0.013721062465628986,-0.011361036356877352,-0.01126949578354719
2024-04-05,0.024549758351803064,0.021236836934276138,0.023177271365990793,0.021029920095037014
2024-04-08,-0.0072072804817858716,-0.0065155188725990465,-0.008200315856937923,-0.00735431992907376
2024-04-09,-0.005368340336772026,-0.006035981831176707,-0.00586278467446355,-0.006214830758886181
2024-04-10,0.0030572948420459767,0.0038308085683260718,0.005583825033544043,0.0054494421685635785
2024-04-11,0.018698898310304912,0.017872995193167762,0.01693526526146516,0.016495374317874623
2024-04-12,-0.022288208452927782,-0.019942056464652858,-0.019497208353440598,-0.018339847934579434
2024-04-15,-0.01777104241706462,-0.0166214796751063,-0.01653624090978778,-0.015577881395092641
2024-04-16,0.006115315139976207,0.007027846612907007,0.004621473686904132,0.00562666078131846
2024-04-17,-0.0217346920160858,-0.024470249718527848,-0.01955800897199278,-0.021539057663439
2024-04-18,0.002392950521555637,0.003019492667653889,0.00433868967362816,0.004599457128257267
2024-04-19,-0.03728369778995666,-0.046417679128563316,-0.03915888395362832,-0.044204986972292803
2024-04-22,0.013743125175847748,0.016735093127907774,0.013179978320026153,0.014729921620663777
2024-04-23,0.02178063967046029,0.025025189293437444,0.0218027659509632,0.0235750421137777
2024-04-24,-0.008898268231111395,-0.011978298480966987,-0.009263748003776495,-0.011329198453739031
2024-04-25,-0.015275943793140567,-0.016268956414642655,-0.019918739393264384,-0.019817254577454757
2024-04-26,0.01993285415212198,0.024076112472101174,0.02011330150921098,0.022376260627974043
2024-04-29,-0.008511089523257076,-0.007556974964456287,-0.010300126357107753,-0.00957233633734289
2024-04-30,-0.01581883567918163,-0.014730683845357029,-0.014901933485839347,-0.014119102282853513
2024-05-01,-0.00974721289125191,-0.009829566611657348,-0.00886654669173137,-0.008741610002712563
2024-05-02,0.012849326161255004,0.015543789615452885,0.01208903744573564,0.01362502481347394
2024-05-03,0.02212149071373437,0.02381706489616242,0.022154989191578656,0.022729352652461676
2024-05-06,0.02001164097310837,0.023290207710760624,0.021055233390279593,0.02225918885785605
2024-05-07,-0.0028673869964291887,-0.004729406974355088,-0.0025240680359153167,-0.003713451710346427
2024-05-08,0.0019675784841532984,0.00230210941662512,0.0020376105137651646,0.001970451567779863
2024-05-09,-0.003127098931355654,-0.0033160672679242165,-0.0031382551506931033,-0.0034883871676686384
2024-05-10,0.007608224495172289,0.0070381151149905286,0.007154910726161701,0.006811373462253023
2024-05-13,-0.0070038463488241165,-0.005072311920026218,-0.007344440268998054,-0.005828774898228195
2024-05-14,0.006231073991137537,0.00599749620143708,0.006298518661517649,0.005749999153798813
2024-05-15,0.0211022009369497,0.02073114543337362,0.020042706430083435,0.018916492335439683
2024-05-16,-0.00808763738103746,-0.007587457118793384,-0.008033970961514258,-0.00701651471097986
2024-05-17,-0.005571406502954179,-0.005812151247059916,-0.005777086229645123,-0.00585988010900107
2024-05-20,0.009338960724087686,0.008496521105885169,0.009422922773077769,0.008993917701276555
2024-05-21,-0.000566051821129343,-0.0010354337625723131,-0.00015555075477680091,-0.0002003470982363531
2024-05-22,-0.0005235139802468591,-0.00021879269557167902,-0.0009675104967615811,-0.0003389651710460351
2024-05-23,0.028027329240013277,0.02746113656965221,0.025833161071415978,0.028321512863014098
2024-05-24,0.01794745676406473,0.017847448420468925,0.01766939077070817,0.01596415084671743
2024-05-28,0.027408177916718346,0.026217283266953162,0.02604795748474742,0.02619102751557789
2024-05-29,-0.00535690532027977,-0.0050353968766219115,-0.005992005639732567,-0.0034140895452628994
2024-05-30,-0.01573594495407682,-0.015490712365828108,-0.016479045975203666,-0.014930673383993343
2024-05-31,-0.0029331903484588473,-0.0030191657518067183,-0.0025503702103402137,-0.003485168297063246
2024-06-03,0.020002610360000395,0.020875999935557,0.019831891488616638,0.0197887167287345
2024-06-04,0.0016363281153988218,0.001869440211556661,0.0017586215101585978,0.0019443690377265455
2024-06-05,0.03822617433493125,0.037558925953082856,0.03766097923993361,0.033076002109639235
2024-06-06,-0.0018938794928944347,-0.0027321586433227685,-0.0017191834041916376,-0.001992163583003359
2024-06-07,-0.0037744853713419513,-0.0034835179393204463,-0.004042633832399223,-0.0032509033585662594
2024-06-10,0.006585406647413583,0.008281240565698011,0.005291604550800688,0.00483999894325482
2024-06-11,0.0010059552034134,0.0002916247887998491,0.0013665963889917254,0.0006452447965858976
2024-06-12,0.019854766344098884,0.01710074585271304,0.020361497463270428,0.017714390849742356
2024-06-13,0.00804170497790313,0.007254080053447076,0.007906084861700524,0.008245610203593934
2024-06-14,0.0018060930615986237,0.0030054789306575014,0.0006908013867239493,0.0017848566184877068
2024-06-17,0.0034214660443234735,0.003384964028313009,0.001300805048528142,0.0002925611875592704
2024-06-18,0.009426886520970568,0.008431596002796304,0.009001462848094999,0.009187154070965597
2024-06-20,-0.014285447137552643,-0.011844473433667013,-0.015259655265870364,-0.014037572305858337
2024-06-21,-0.014636806262274371,-0.014612844289223825,-0.015585018415925411,-0.014105179856827021
2024-06-24,-0.026239870159808,-0.023148166373163637,-0.02718910837433064,-0.024931181136576774
2024-06-25,0.02796944067083018,0.02864631974047449,0.02858536660942379,0.025633012987080095
2024-06-26,0.0009731289143788402,0.0011607448349393312,0.0008551772630940313,0.0009059107134632427
2024-06-27,-0.0025948447808652464,-0.001466642498778148,-0.002045631804736381,-0.0035955765020186936
2024-06-28,-0.007544245373157676,-0.008951767643121,-0.0096907611518402,-0.006947329624467535
2024-07-01,0.004318478238334755,0.004157062367864617,0.005587615426224657,0.003598350553370544
2024-07-02,0.0029491817724651703,0.0017210161630241139,0.0033532006846861417,0.0013633769669239015
2024-07-03,0.018230441199652336,0.017286833864436524,0.018559516835427337,0.016818390714726572
2024-07-05,0.007512922163260827,0.009523451488770318,0.010830333394239,0.006285470865149856
2024-07-08,0.0024451337868369727,0.001492252164473351,0.0011326476256992013,0.002141413242168211
2024-07-09,0.006615816307413924,0.006179534374981088,0.004895706785099652,0.006399717257024262
2024-07-10,0.015797967176439,0.01554344873725455,0.017550015493959847,0.014017762302725334
2024-07-11,-0.0307673198747338,-0.031622138987896675,-0.03560445553151215,-0.02961808051217063
2024-07-12,0.0031927033586336417,0.0012738351731920172,0.0011439483470450096,0.0015760300345613043
2024-07-15,-0.0054812009899836145,-0.004706346285959451,-0.006322290866409674,-0.005284060806932223
2024-07-16,-0.007640774648840831,-0.007038215671869352,-0.009436666997730603,-0.008536747649398602
2024-07-17,-0.05243064107094575,-0.050429904469699416,-0.05750664544532247,-0.04633374995035355
2024-07-18,0.009650807529604455,0.011237368025662775,0.012548796107535898,0.011697473539243441
2024-07-19,-0.014777689821023454,-0.012565883385283416,-0.014483378106073586,-0.012545930682213768
2024-07-22,0.03071287741172779,0.027057340124849727,0.032068051275613074,0.026866117132551937
2024-07-23,-0.002954557981680206,-0.0025657108229087955,-0.0027914600113683186,-0.002443388288332571
2024-07-24,-0.047184047108377314,-0.04414075392622607,-0.05181935124282411,-0.041480529880113415
2024-07-25,-0.01189408626421029,-0.011098422875171154,-0.015381307336130301,-0.011774526528648854
2024-07-26,0.01463556350690931,0.01400388488836013,0.016023463581101405,0.011619313374152673
2024-07-29,-0.007263239617322004,-0.006026115226322681,-0.006761483246700339,-0.006249101525722223
2024-07-30,-0.02409771639687619,-0.022818945507759314,-0.026219089976816434,-0.02400033542879132
2024-07-31,0.05804813432390521,0.054100941279166204,0.059237399597910745,0.052471472580276624
2024-08-01,-0.026169439853227616,-0.01992776974965993,-0.02053283555632246,-0.0205691253583975
2024-08-02,-0.027436543292317817,-0.0241107894250272,-0.027541597213003643,-0.020356626796822153
2024-08-05,-0.02839462550517724,-0.027653096373459363,-0.029739765333489432,-0.025502799496908146
2024-08-06,0.019733089457123487,0.024307158249148975,0.020007125488245903,0.022736419401366392
2024-08-07,0.0008476946118449735,-0.01848459310420214,0.0008476946118449735,-0.01797295983463243
2024-08-08,0.005401587186178558,0.03621829571933821,0.005401587186178558,0.03227547681171683
2024-08-09,0.00021078048245404268,0.0018062520317232433,0.00021078048245404268,0.0019464061348704043
2024-08-12,0.005137228885573997,0.009305070693714557,0.005137228885573997,0.010138584432149989
2024-08-13,-0.0030863746768116096,0.028971663558424066,-0.0030863746768116096,0.027825236712649026
2024-08-14,-0.002121883334066821,0.005786912648234388,-0.002121883334066821,0.0062141984664831895
2024-08-15,0.0019953310516362954,0.025128227667575054,0.0019953310516362954,0.023574445682562617
2024-08-16,0.005237020476398291,-0.0001785139065221264,0.005237020476398291,3.813145623099423e-05
2024-08-19,-0.002076441148864294,0.016886385891041522,-0.002076441148864294,0.01761881102871099
2024-08-20,3.724608875499413e-05,-0.007908456392471286,3.724608875499413e-05,-0.007117962836904135
2024-08-21,-0.001359441990945065,0.008812291960498486,-0.001359441990945065,0.007871426450535735
2024-08-22,-0.0022080949248223236,-0.01756130832219638,-0.002339785450077181,-0.018276458042255084
2024-08-23,0.0009067895767147505,0.014051163284664492,0.0019432498501188444,0.013891674303159185
2024-08-26,0.0015999611653461088,-0.012476517643009832,-0.0011765192467924068,-0.012037619984073933
2024-08-27,-0.0002889875942373443,0.0045456817813531725,0.001383904864816321,0.004825876591225242
2024-08-28,-0.0011075314076871567,-0.008429366046662112,-0.002760317768980558,-0.008505638082317413
2024-08-29,0.0012630527327015528,-0.016566137715304352,-0.0030580005656311027,-0.01857786925456617
2024-08-30,0.00026688430057220103,0.009493302327004516,0.002765066377030001,0.008851116974995854
2024-09-03,-0.005851281383695062,-0.04172347143305932,-0.01558821827005552,-0.041793916336415826
2024-09-04,-0.002168916706065116,-0.008842688521945363,-0.005077008651328652,-0.009966125493489852
2024-09-05,0.0016090425485715265,0.001643998509996969,0.00041925290192357245,0.0023819265885718366
2024-09-06,-0.0074490889266891624,-0.028138122680525735,-0.012835113302300472,-0.026598249782172734
2024-09-09,0.004955481608000634,0.014141029994412246,0.007241863110072577,0.014050317200781315
2024-09-10,0.0018730392926369355,0.005500296372033864,0.0028342965030752065,0.0062549718431137435
2024-09-11,0.0053792912837435924,0.03490410326928206,0.013651121998931703,0.03739888151805526
2024-09-12,0.006409424358203131,0.012764762367892146,0.006738761778940283,0.011229917916864673
2024-09-13,0.0031226948344118544,0.003461623324054086,0.003995390479027527,0.0033152480191758205
2024-09-16,-0.0002208403871939435,-0.0029529884416485963,-0.002155106537882201,-0.00429903996120784
2024-09-17,-0.0005387875583309221,-0.0008594173631379931,-0.0009898841631310606,-0.0008515223167794295
2024-09-18,-0.00272425312100133,-0.00789170610734713,-0.005109803745628194,-0.008150369746871666
2024-09-19,0.009300183218782898,0.02877274137065622,0.013683450822394194,0.026462702247821213
2024-09-20,0.0018758235588824945,-0.008453731584271651,-0.0019133073382275878,-0.009403776693322041
2024-09-23,0.0017870034740896656,0.0032833337473237023,0.0018880059084476208,0.003508750226951296
2024-09-24,0.004122589411063249,0.011360200705464285,0.006355248550045101,0.01286329562148758
2024-09-25,0.0021209008481588576,0.007323102252539515,0.0029170984409605527,0.009372193749307423
2024-09-26,0.0018313172358541685,0.006127928881943134,0.0046038043193297185,0.006295532358312705
2024-09-27,-0.0031033036697267757,-0.006919283692892186,-0.004796865144540918,-0.008404172386379027
2024-09-30,-0.00038439645637211584,0.0015594298980596832,-0.0006521825952204852,7.332189712827564e-05
2024-10-01,0.001702591389471042,-0.010924110295183032,-0.003255787288981682,-0.015020120929110092
2024-10-02,0.0012996267674845186,0.0034311759740803804,0.0026979680784524618,0.004497932200781429
2024-10-03,0.002237191228334545,0.011295233200903754,0.003271029584371865,0.0126840896363698
2024-10-04,0.003669681648348355,0.011486135061402836,0.00485014584407617,0.009292696932027056
2024-10-07,-0.0020903882422425024,-0.003514236653177738,-0.0019117440438753963,-0.0007368145520451064
2024-10-08,0.0013035161040253485,0.015714570245545456,0.004852542905350754,0.017469627793221365
2024-10-09,0.0004343706188401075,0.00254369637377283,0.002389411269302366,0.002960130414910722
2024-10-10,0.0008723863736419535,-0.0004928977981379923,0.0012031341089415726,0.0014277166623180015
2024-10-11,0.0048660344420190516,0.005737048267940192,0.0047615583054489985,0.0035225145203912067
2024-10-14,0.002593586084604249,0.01122661137852865,0.006230909485545499,0.012117606557172422
2024-10-15,-0.0047344835212145275,-0.02940729781528484,-0.015464986380249068,-0.032674783489757386
2024-10-16,0.001507724275200184,-0.0009790108338855186,0.0009861040180476621,-0.000904866643442026
2024-10-17,0.0027272014113588483,0.004549438675759632,0.004085063124162902,0.005335935028836003
2024-10-18,0.0031974934552259082,0.005762547932829376,0.00501906255538298,0.00559761045103957
2024-10-21,0.0012965253095285068,0.007023752851398113,0.00282365979157273,0.010422646828360138
2024-10-22,0.0030611251811489826,0.003789743441844129,0.0028526266490640495,0.00400480332980413
2024-10-23,-0.00604526219435475,-0.017710375322027794,-0.008556791734247393,-0.01684233130288315
2024-10-24,0.0018375232648699669,0.004023518921006941,0.0024363479139681843,0.002924589138887601
2024-10-25,0.0017680633483250219,0.00391191194635665,0.0019590306936527746,0.004801179831074531
2024-10-28,0.0008558491751098352,0.0012521275955947875,-0.00019207821663402846,-0.0005570977306946778
2024-10-29,0.0046154651592684726,0.009125169609023098,0.004004131868117655,0.009017243171221434
2024-10-30,-0.0009162609550052991,-0.008249231860469997,-0.004460917750719107,-0.008936157081091856
2024-10-31,-0.009727191343746888,-0.0276490988218967,-0.014205892737345738,-0.02843948861451806
2024-11-01,0.0007947078586130196,0.0054988377243221365,0.0036411222480188243,0.006861487495166463
2024-11-04,-0.001190599199575093,-0.0026630070449731313,-0.0007030278949554658,-0.001552994807165864
2024-11-05,0.003566091638478097,0.015371163570867541,0.006405203848893981,0.01418446679769425
2024-11-06,-0.00021811852838027335,0.013480027598846256,0.005255269543923857,0.012738684282106894
2024-11-07,0.005754213589715729,0.017462104492233843,0.0075986189640431245,0.01770769038079112
2024-11-08,-0.0003943074544116021,-0.002827791075703967,-0.0014493052604211965,-0.004584355684316477
2024-11-11,-0.004935462684667158,-0.0052641873369368986,-0.0043103757917213326,-0.00566543037761158
2024-11-12,1.4125931957487126e-07,0.004046525874402684,0.0018354061106895525,0.00609806938734625
2024-11-13,-0.0032674698115696676,-0.0053172999644629515,-0.00391045770572096,-0.00462146695823018
2024-11-14,-0.0012450772841995361,-0.0006283925152908987,-0.0002767141426474051,0.0014279500598510797
2024-11-15,-0.010173612008598232,-0.021456445426717208,-0.013522134523682006,-0.021069706053551185
2024-11-18,0.0013862268827862234,-0.0016164221503673915,0.0001274998879758904,-0.0021604523168655687
2024-11-19,0.009727532246297299,0.01631803293479739,0.012531925000011546,0.01644538342513635
2024-11-20,0.0011548846612929875,-0.0010706349090229272,-0.0006215649922566291,-0.0018408869653983029
2024-11-21,0.005098327571595007,0.00521877737082499,0.006237617294730491,0.004524208142926867
2024-11-22,5.0847376086959883e-05,-0.007274045830949927,-0.002655613130241541,-0.007656079031555185
2024-11-25,-0.010108516072917628,-0.007793679298374712,-0.010867488555872606,-0.008388944622632954
2024-11-26,0.0022097873427682213,0.004047661749462028,0.0018451461916817458,0.003858418549132603
2024-11-27,-0.0033391665138948756,-0.004985908873999856,-0.0038284270177771917,-0.005106582558744632
2024-11-29,0.006399089286417414,0.010418286952794675,0.008470133559815851,0.010051283968452784
2024-12-02,0.00159101341174539,0.007101379538975161,0.0020069922845791233,0.007385718620551485
2024-12-03,0.0035949205053682487,0.008306740240508814,0.0032293066510000745,0.007443098683389993
2024-12-04,0.00608791457682667,0.011128323433159837,0.008837423096781372,0.011864754291110335
2024-12-05,-0.004057406601890801,-0.0030909573581181515,-0.003138917496539384,-0.0015616757814839177
2024-12-06,-0.0005567643740463923,-0.0011327768175702913,-0.003120643753672936,-0.001973636822331981
2024-12-09,-0.004593083176365309,-0.01220553449315731,-0.007465099178716628,-0.011160342146737556
2024-12-10,-0.0014810140522697468,-0.007177623767612884,-0.005159704630393835,-0.007624083029143747
2024-12-11,0.009182582328095323,0.014722956249041852,0.011072674532877302,0.014473497673228808
2024-12-12,-0.005958945567644092,-0.006947127614355009,-0.0068299433382174035,-0.006166021465023097
2024-12-13,-0.006825983019388304,-0.009052536637389808,-0.0072709834325330736,-0.008397743262305912
2024-12-16,-0.0014925860480796693,-0.002577990826088561,-0.002984141717578326,-0.0026544776953603133
2024-12-17,-0.004266895123166137,-0.005840281379200674,-0.0048196774422767374,-0.004278936089828211
2024-12-18,-0.012892251588731418,-0.020866276968114827,-0.01640008201341736,-0.01792669291949267
2024-12-19,0.0015444213317439281,0.002010802228995745,0.0013770555695529207,0.0009490728600995979
2024-12-20,0.004670974432299468,0.009540554980451477,0.0040898265825606295,0.006200848439097406
2024-12-23,0.0091249073309001,0.01674394098114429,0.011890108928319876,0.015142611402557016
2024-12-24,0.003823197885102436,0.006405683568507792,0.003415821358697446,0.005185581128419381
2024-12-26,-0.00034395309857948586,-0.0012889759664099776,-0.0020858038404738544,-0.0027298297454713127
2024-12-27,-0.006301081540329934,-0.0105146415595202,-0.00608167151755401,-0.009060783336212186
2024-12-30,-0.0044487673441852005,-0.005675116157557447,-0.00772745499189853,-0.005133285785568598
2024-12-31,-0.002494765986606362,-0.008619030839279507,-0.0033578537961456156,-0.007976815454323272
2025-01-02,0.009558965370175532,0.012677624873197235,0.009541030169284426,0.010861812843922847
2025-01-03,0.008621944174936447,0.01897425530732133,0.010956639070412999,0.016105561174132088
2025-01-06,0.012433868706152706,0.02124734323161337,0.023484948798622174,0.023010977557365253
2025-01-07,-0.010349181535516006,-0.023850636124362334,-0.011815112308249942,-0.021313727577273234
2025-01-08,-0.0006922898473217254,-0.0025602208172866847,-0.0038122997887354293,-0.003730346635925974
2025-01-10,-0.0047679514566771886,-0.01296412317102813,-0.0053425556256733175,-0.00947340039466349
2025-01-13,-0.004372670485655261,-0.007215386884599662,-0.0058533576622920025,-0.007175112738484035
2025-01-14,-0.0013063645767468213,-0.003977214657956973,-0.0007572163606429649,-0.005415591524547403
2025-01-15,0.009423309719510442,0.021110432055777784,0.0068791957851839225,0.017344241523440385
2025-01-16,0.0011916280750934316,-0.004167686102141577,0.00493374963107307,-0.004612131266002795
2025-01-17,0.006437685888798228,0.01228075970726672,0.007588331251982661,0.01090890340709616
2025-01-21,0.005693754891664016,0.012049051385380594,0.0043409323823100365,0.008229038169969671
2025-01-22,0.007622004785460268,0.014909328664958865,0.008837902520959062,0.01582293554865455
2025-01-23,0.00011556115370314757,0.0038704160800688836,-0.0036570789141978643,0.0022445884784398906
2025-01-24,-0.005455389590264481,-0.007654114386101196,-0.007785335822859785,-0.006768013365459513
2025-01-27,-0.028601219321226945,-0.05156957141375096,-0.03205348763226923,-0.04385331635413403
2025-01-28,0.014409859972678074,0.029340462609607654,0.011773834215856871,0.026347573535545843
2025-01-29,-0.0020903120709800938,-0.009057690690107756,0.005349180557277844,-0.005609251417910022
2025-01-30,0.008618849167072229,0.008605391679728847,0.009318216930396916,0.0037554007375359966
2025-01-31,-0.004488018361584856,-0.010882850487866746,-0.0030708007949570293,-0.008790236555042186
2025-02-03,-0.003617283518192238,-0.006924230951039667,-0.004721255278859693,-0.007246314188546821
2025-02-04,0.0032072514804053487,0.007733015386653497,0.0020355014211692612,0.006863275799458002
2025-02-05,0.009772208218421063,0.015181930225539153,0.010201717279527456,0.014561578508743622
2025-02-06,0.004351898697287471,0.009561725886101158,0.0033570456307181473,0.00904112862412565
2025-02-07,-4.4785469026420444e-05,-0.0001522892332342929,-0.002767216202555045,-0.0010232526751412507
2025-02-10,0.009426434227467917,0.010754598707203078,0.01065069566425847,0.010184999219169821
2025-02-11,-0.0004964968350460452,-4.6190411052804414e-05,0.0017981063363861072,0.00032270215520902035
2025-02-12,-0.0011973731811808497,-0.002275340055115649,-0.00042540310052618935,-0.0019144399056844064
2025-02-13,0.007911247893059636,0.011758802993152795,0.01012269819862599,0.011829971275068907
2025-02-14,0.0006226993138986892,0.006567066676345323,-0.004019604996406301,0.005428886009753109
2025-02-18,-0.0005489754135061808,-0.0029781608491641354,-0.0021585926522340593,-0.003705804024271675
2025-02-19,-0.0025740151227467978,-0.003539649819541024,-0.0015378344228584861,-0.0028413753661569174
2025-02-20,-0.004215076413905283,-0.0033403657542483423,-0.0036948880071068224,-0.002353976620726228
2025-02-21,-0.011306570865764809,-0.018189482477679264,-0.01090035589614946,-0.016734081241982612
2025-02-24,-0.007755727870551676,-0.013291944990258542,-0.007614410669465221,-0.013156174096403128
2025-02-25,-0.007785153288876634,-0.01124753069514306,-0.008643370549641483,-0.010640400357356805
2025-02-26,0.009040932694860393,0.014120791923215359,0.011911205639840272,0.014242839574828858
2025-02-27,-0.019705819014078307,-0.029897899553489538,-0.02686109908569334,-0.030708718284006786
2025-02-28,0.011041682296319966,0.016746065140682553,0.012487313957056934,0.015186025285929494
2025-03-03,-0.015518222418113958,-0.028359452803708107,-0.018435264482723035,-0.028304739859087324
2025-03-04,-0.006090312285307098,-0.005466323273919271,-0.0023841402401316714,-0.0018934901971964235
2025-03-05,0.009035281238289672,0.012492654400538372,0.012604705028145258,0.013624029359294187
2025-03-06,-0.01931785158110777,-0.028534826901363997,-0.02084763946615409,-0.026421266047537806
2025-03-07,0.004148946030060552,0.006107814727075667,0.00643494319869542,0.0059695227382101645
2025-03-10,-0.02138894505484512,-0.028347999214025754,-0.0270204750375016,-0.02907163744814023
2025-03-11,0.0020751680182891086,0.0041233493271368715,0.0035787091096313173,0.005373250471271129
2025-03-12,0.011469652669323649,0.017574576023893007,0.014203382131702691,0.01912462383981306
2025-03-13,-0.008965185412795451,-0.011468045790303583,-0.008314475095163587,-0.010735087514526231
2025-03-14,0.01691180607482612,0.022550083555843203,0.01824196792713839,0.022151687460940428
2025-03-17,0.002442509587444741,0.0007024696717636836,0.003403061929986295,0.0001922871031447837
2025-03-18,-0.010294572651929679,-0.01468412709384015,-0.009225487255438258,-0.015161642399497688
2025-03-19,0.005940143808979448,0.006951535496917627,0.005876967675795042,0.006929075179127331
2025-03-20,0.0006797093150672229,0.0011072185170819537,0.0011820961037192212,0.0017329584534091502
2025-03-21,-0.000606830008725856,-0.00037851536647037776,-0.003271056427267882,-0.0006582806554994436
2025-03-24,0.013883417467583037,0.016115064148470415,0.01356525196128544,0.016736840431633038
2025-03-25,0.0012667742386616165,0.0010001417181966232,0.0006343707561358158,0.0007214612444599311
2025-03-26,-0.012011536697876357,-0.01668341918999383,-0.015111126294940824,-0.01939932218302476
2025-03-27,-0.004862549931527571,-0.005271959432775586,-0.008070822368652641,-0.0079853873529383
2025-03-28,-0.013457806800273198,-0.014602768100140495,-0.0142450216219282,-0.015668234702257977
2025-03-31,0.0010982013754281539,0.0010150182942070263,-0.003060481211871968,-0.002573633043814305
2025-04-01,0.005573537176683185,0.007488356952669362,0.0065743352312808145,0.008984232826531047
2025-04-02,0.0018793904778477977,0.0021242815395468018,0.0011069475289096076,0.002083428594816361
2025-04-03,-0.03998087704530451,-0.043184968042504046,-0.04272986373757659,-0.044317356598538415
2025-04-04,-0.03727601058758734,-0.04671228392672777,-0.03190913167734477,-0.04100881366281506
2025-04-07,-0.004332063954021748,0.002398316274534684,-0.004332063954021748,0.006789881323492786
2025-04-08,-0.0006609788279005047,-0.008440545278121547,-0.0006609788279005047,-0.010066848454324151
2025-04-09,0.011792593883669822,0.08828348591852464,0.011792593883669822,0.09051926865838356
2025-04-10,-0.0031177556840983334,-0.025036800086094768,-0.0031177556840983334,-0.030646273732605644
2025-04-11,0.0012028991939148082,0.014554119024134504,0.0012028991939148082,0.013872004719790665
2025-04-14,-0.0033518936092015172,0.000644593916270475,-0.0033518936092015172,6.826100340395769e-05
2025-04-15,0.0043100774954834,7.222591651623311e-05,0.0043100774954834,0.0004895186158264675
2025-04-16,0.005566886583420194,-0.017419139433048958,0.005566886583420194,-0.025066859582304923
2025-04-17,-0.0009525300478866461,-0.0024419181765233944,-0.0009525300478866461,-0.00381178461129017
2025-04-21,0.004503832302649169,-0.015132961879278817,0.004503832302649169,-0.019636490547838448
2025-04-22,-0.0014923641969561974,0.015402188687220653,-0.0014923641969561974,0.016865986331900062
2025-04-23,-0.0026086015927493378,0.010102410073935753,-0.0026086015927493378,0.016792239875730752
2025-04-24,0.002173264102713013,0.014597221112658598,0.002173264102713013,0.016969454818271057
2025-04-25,-0.001976325459477568,0.0075111053519223425,-0.001976325459477568,0.01306816319862425
2025-04-28,0.0011617186066135154,0.0007574202611349001,0.0011617186066135154,-0.003049408831218847
2025-04-29,-0.0012732973376545775,0.0025765453737160993,-0.0012732973376545775,0.0024034288881127353
2025-04-30,-0.000418007190974512,-0.0021128367190810238,-0.000418007190974512,-0.0018001759779572302
2025-05-01,-0.0033228502001976246,0.0052199469740217275,-0.0033228502001976246,0.012448893210190048
2025-05-02,-0.0002021776776974793,0.015415268504699098,-0.0002021776776974793,0.017838022267891995
2025-05-05,0.008040738115611568,0.002968812740504534,0.008040738115611568,-0.0012905172855662839
2025-05-06,0.00501241220045312,0.0013193873740946493,0.00501241220045312,-0.0031218173725533482
2025-05-07,-0.000163398740928411,0.004827854465850212,0.0034811294744860888,0.009912063337251364
2025-05-08,7.6576548678986e-05,-0.0020224649675875117,-2.8945000935309828e-05,0.0017369940891218683
2025-05-09,0.0010998468259515448,-0.0002641206536844187,-0.0010792866206963403,-0.002031494308082915
2025-05-12,0.005809124440046665,0.018018766711574763,0.014837145927755646,0.028937384072989847
2025-05-13,-0.002051822402702408,0.011880727123823043,0.005856989893156861,0.017593287778590705
2025-05-14,-0.0026918062496478212,0.0020535131112078275,0.0025283518397329896,0.008416873562024918
2025-05-15,0.0030656482902440274,0.0051235445077093544,0.0003743614122453387,-0.0005265015163515852
2025-05-16,-0.0005902742947174744,0.0017055157937135856,-0.0005751036176230295,0.0012606938658696887
2025-05-19,0.002017197567515172,0.0037522508831377976,0.0007636607133614248,0.002117046714911419
2025-05-20,0.001224710900193049,0.0007259323359589676,-0.0001745384449852727,-0.0021817386200985167
2025-05-21,-0.005512282396625046,-0.009081599413150898,-0.006888326155029323,-0.009760297638824245
2025-05-22,-0.0007958428914470739,-0.001981415193835656,0.00044614910827545096,0.0005331112060682486
2025-05-23,-0.0005165515011968935,0.00020054784955525484,-0.002015257057739417,-0.004960355384576509
2025-05-27,0.0075141455009930525,0.010944401241817614,0.010609378588618323,0.01531451358401048
2025-05-28,-0.0032704467575894736,-0.00471207909513327,-0.0027601398184544657,-0.004282242323212948
2025-05-29,0.003390779349398354,0.008017161052984001,0.008647634159980822,0.008705744962286266
2025-05-30,-0.001972420452320156,-0.003627880673529371,-0.007621473759192643,-0.005795496053713101
2025-06-02,0.008405950428205022,0.012288374643055544,0.01082601795399496,0.01081446298132338
2025-06-03,0.0017742676932932522,0.0029679633406183292,0.006340690923271275,0.0060847114876732
2025-06-04,0.002417078640473358,0.0038535227320315446,0.0033714855666218124,0.0049238454063822434
2025-06-05,-0.0017340868196930037,-0.004297643774555215,-0.004739242942292665,-0.0034947247604247833
2025-06-06,0.0038686370461213926,0.005114516480264619,0.005290567265413326,0.007590848730055999
2025-06-09,0.000725524536567379,0.0006194780216861595,0.0016087533251085695,0.0016447411620752472
2025-06-10,0.0020486310808671693,0.004086974099482665,0.004266906382556446,0.004726508397626228
2025-06-11,-0.0007146177513114305,-0.0021487979072112307,-0.0023060722922371157,-0.0034114863056463607
2025-06-12,0.003928392390589952,0.006317610350519365,0.005094459026842912,0.005189432484127732
2025-06-13,-0.004402923847876994,-0.008239716580069834,-0.006500496235489761,-0.0110975731404106
2025-06-16,0.004455458725368677,0.006344617029055977,0.006360405426716342,0.01052453041877488
2025-06-17,-0.002654643669815715,-0.005161718919127534,-0.0025882926752953672,-0.005231713989672704
2025-06-18,2.856667320094708e-05,0.0004243943272661532,0.0012014015075469953,0.0016768629625969478
2025-06-20,-0.003422863848899005,-0.0042974870431432555,-0.0045952322479645424,-0.006151199370370786
2025-06-23,0.006000286217025641,0.008879779927478237,0.004577531563000337,0.008753662999762879
2025-06-24,0.004028106977748136,0.0075696230062112235,0.007193572731299058,0.011689179579590148
2025-06-25,0.0016815706021793275,0.0027530499457277813,0.008659110210245125,0.006806952994940385
2025-06-26,0.0052655218239945345,0.006203943591529759,0.004078467739412117,0.0055595522279656695
2025-06-27,0.0005391947572517264,0.0024871290267480806,0.0031386480645227977,0.005365536070259136
2025-06-30,0.0031550035319383163,0.004882032765944011,0.0030769185384058595,0.0030618115723650696
2025-07-01,-0.003348442811181296,-0.004817324091069164,-0.0072486020105366755,-0.01041033161907201
2025-07-02,0.0029911424322315305,0.004213544471729946,0.0068700031946142825,0.0061886756945579435
2025-07-03,0.004459370498306026,0.004383237333505319,0.004762508254234854,0.005532443706793844
2025-07-07,-0.0028392945628852306,-0.003730984197009901,-0.003212512964944181,-0.0042761638574857486
2025-07-08,-0.0004345643026673063,-0.0013253585872017304,0.0015327139517422594,0.001866992143221946
2025-07-09,0.006020947915198249,0.007365528259902998,0.007408272109812319,0.008541318466483316
2025-07-10,0.0010524131733518072,0.00222883407028851,0.0025017144394905433,0.0014264252034705827
2025-07-11,-6.468437123197113e-05,-0.0011546400517604694,0.0008327486144024121,-0.0014760360538811357
2025-07-14,0.0006395177975588862,0.0008623674700907191,-0.00028828056458529705,0.0008261275793777223
2025-07-15,-0.0005648084249252339,-0.00036529415257147146,0.006240208323538665,0.004693930411866942
2025-07-16,0.0009417251059520293,0.0016234784235822364,0.0003294059889584755,-0.0020863927954176686
2025-07-17,0.0038835697003045677,0.0035165512622392647,0.0036274535825984167,0.003209430820675596
2025-07-18,8.438076418482154e-05,0.001360855422601448,-0.0005026231611345855,0.00016979811610884354
2025-07-21,0.00215904964690794,0.0031315816232608817,0.0007260671054809542,0.0001964205229905147
2025-07-22,-0.004183877266555114,-0.003418036719916584,-0.005182336548617217,-0.006063657111309739
2025-07-23,0.006700177692610998,0.006697072510853941,0.006757256208038909,0.008377887861473754
2025-07-24,0.002885926957457041,0.0023693257811308044,0.003409058627632966,0.003943868284727037
2025-07-25,-9.377576047664427e-05,-0.0007160901064287017,-0.0009589441073103444,-0.001118209386889335
2025-07-28,0.0025512759351804526,0.0011989483594396777,0.004585807277534215,0.0044273411277113706
2025-07-29,-0.004413333456542601,-0.0039912972930848944,-0.0032496501393827204,-0.005056899940857784
2025-07-30,0.0004704226895446695,-8.050432044603983e-05,0.002187057618912913,0.002274498748193965
2025-07-31,0.016505595034380205,0.015053797426086035,0.005662950653562593,0.011697898905117299
2025-08-01,-0.01157428854571585,-0.009933901677844581,-0.009201270414743057,-0.011898017321911314
2025-08-04,0.016947589756791892,0.01819268047477607,0.014628968888114935,0.01750417071256205
2025-08-05,-0.005881014312830279,-0.005871489667043539,-0.004169340273636912,-0.005685333243062529
2025-08-06,0.002701800525757081,0.0035871397502547087,0.002031796997213897,0.0038850316794405426
2025-08-07,0.00019517346046837858,0.0015985701269538577,0.0022905182427497284,0.002296458171053839
2025-08-08,0.0047502866528810195,0.004512189086538276,0.0047805124955353495,0.0049391978517365764
2025-08-11,-0.0032303622387421793,-0.0038136042906116163,-0.0032317367604819403,-0.0016365167096886735
2025-08-12,0.00919451314992914,0.009583625267132412,0.005762353681670218,0.010022644732031516
2025-08-13,-0.0026416178897608056,-0.001692099807269476,-0.0012733227539213354,-0.001591251752420031
2025-08-14,-0.0005816797188321621,-0.0015657890258518048,-0.0004566072048967085,-0.0010866955071850981
2025-08-15,-0.0020415395609236775,-0.0017443508227411586,-0.00247363586499294,-0.0019331369588736491
2025-08-18,-0.002230107799000458,-0.0022444939855099655,-0.0010826255626520398,-0.0013673879946478618
2025-08-19,-0.01102906271878723,-0.009998711013315287,-0.013407884738734666,-0.01061350313820597
2025-08-20,-0.0003575987903247091,0.0005846422586377464,4.29763324771848e-06,-5.5371780520174774e-05
2025-08-21,-0.003502656682255356,-0.004433254393106489,-0.003594435245162675,-0.004042002537444134
2025-08-22,0.012323056011892097,0.013031746996547744,0.013677238808239345,0.012648697877965631
2025-08-25,-0.0010406569284573397,-0.0019536014049880146,0.0003813748071122003,-0.0005383852454045046
2025-08-26,0.0035426548246562106,0.003874222816492301,0.004533641242155495,0.003398352696123652
2025-08-27,-0.00010484578413416656,-0.0003779126412525313,-0.0008031561445498436,0.00045242332461858936
2025-08-28,0.0011291740104777404,7.277292679330749e-05,0.0002618318258660324,-0.0012938067092836958
2025-08-29,-0.008741474831338136,-0.008484184442565823,-0.011260489320798595,-0.010246119887068583
2025-09-02,-0.0034207411952003053,-0.004118859155783028,-0.004592638366081148,-0.007259555561680564
2025-09-03,0.0012194862976029341,0.001426911094165817,0.0013944767972240424,0.0011526575980420617
2025-09-04,0.005499367369350638,0.004964114037011136,0.0060034005197284745,0.005691402780422683
2025-09-05,-0.005501202026984897,-0.003985262739897966,-0.004970508212313818,-0.004414328266709289
2025-09-08,0.0037691575099267904,0.003183948367846412,0.004343495885516857,0.0033299120371867996
2025-09-09,0.00543852415461199,0.005856816428298384,0.006700694507393301,0.006052835525699463
2025-09-10,0.005896509876049949,0.00647298570320376,0.007661625309758557,0.00621375997327589
2025-09-11,0.0026862632613258164,0.003486687191084803,0.0024488562134985514,0.0034562267523412515
2025-09-12,0.002753182334458204,0.0020180560528948455,0.0019206693696445232,0.002547592827166989
2025-09-15,0.005104578539545157,0.0043990851009707566,0.005027754170168874,0.006089405904839529
2025-09-16,-0.0018842606840647758,-0.001945480531733601,-0.0016753200264912893,-0.0018259791362204014
2025-09-17,-0.005583524461064693,-0.006049868941555903,-0.007926783236681945,-0.007327591554500357
2025-09-18,0.008525887739564864,0.007702795120761774,0.012072636700633188,0.011673237847277473
2025-09-19,0.003188755841934343,0.002638308494930852,0.0021595800697453704,0.001610339387525972
2025-09-22,0.007668901264614503,0.008305602832179515,0.010454265925780915,0.008907381339808618
2025-09-23,-0.007076186026860776,-0.006712045551387269,-0.008419743781736821,-0.007338063625356939
2025-09-24,-0.003483237352716162,-0.0033573783632293575,-0.0039946623581508245,-0.00366295128270544
2025-09-25,-0.0028160434611819163,-0.003011583411490548,-0.002396233080831367,-0.0026220499347683335
2025-09-26,0.002643335971530991,0.0029164295004879826,0.0018501093166487514,0.0019077308834309914
2025-09-29,0.008169563414990977,0.008046723091688968,0.008695325534473275,0.007640941714086358
2025-09-30,0.005232522614142088,0.005258671876186671,0.005776986586676136,0.005027256066081787
2025-10-01,0.00495823572428522,0.004257395450874446,0.003813556866447243,0.003918034891292166
2025-10-02,0.008403397152204395,0.007270807925818579,0.008417570903223481,0.007672800157541015
2025-10-03,-0.0021254602453432136,-0.001712856832136067,-0.0030859115547012816,-0.0027708402694626155
2025-10-06,0.005058840336243486,0.004134878387943575,0.004587067875416517,0.0036869639208767513
2025-10-07,-0.011086016826120648,-0.009437461200054398,-0.009027505449922701,-0.00859351320047086
2025-10-08,0.0038664503634306957,0.0038502739709103118,0.006329166074268366,0.0050962276624901826
2025-10-09,0.00016738936358007273,0.0002914093081514135,0.0019138814225154732,0.0018687589941059901
2025-10-10,-0.03301845804702486,-0.02961116291285515,-0.031998934127586476,-0.02901085391562097
2025-10-13,0.02700350113076433,0.024448674947906257,0.025678068208158766,0.023022745042575288
2025-10-14,-0.0075022084250701004,-0.006797748164079298,-0.009396140559523758,-0.008276394932885678
2025-10-15,0.011485621869878004,0.010628011728105236,0.010758376306868156,0.009844089171561432
2025-10-16,0.002759700907661422,0.0025503632031400603,0.0032123933329624155,0.0025831158678475408
2025-10-17,0.0040332360316575055,0.003700461074101602,0.0028154738041870075,0.0030884380731468486
2025-10-20,0.01042220141429806,0.01109352345826986,0.010452462172698018,0.010536161389343546
2025-10-21,-0.00919853306845575,-0.01051120695293084,-0.010182755939015187,-0.010110572393515316
2025-10-22,-0.004979671826100596,-0.005142345287860617,-0.004141697544453482,-0.004327831114793068
2025-10-23,0.009028028831764123,0.009344541147249474,0.007795422044489131,0.008244171567369785
2025-10-24,0.0046413798625977165,0.005212017511979639,0.005653397855112763,0.005966937650926818
2025-10-27,0.012313506783474759,0.012770540952883325,0.011117738323854542,0.012381321118179356
2025-10-28,0.004775924601710724,0.0049781238827617535,0.006582732705514571,0.006855475773458464
2025-10-29,0.007452288050599165,0.007507868712349763,0.007482522938558445,0.007790743228352159
2025-10-30,-0.015620048603416481,-0.01644558486146175,-0.018702399955486726,-0.020043198928322847
2025-10-31,-0.0068862149661899075,-0.007337181795763703,-0.007030447288754904,-0.0076528323591011915
2025-11-03,0.0028807460840141186,0.003122951322345635,0.0029675634672139406,0.003358334777443517
2025-11-04,-0.018885396246978603,-0.020105074463986905,-0.018853325970173196,-0.02002670897572223
2025-11-05,0.004156671819592228,0.0042731428166327134,0.003272104651600216,0.0031506347192520323
2025-11-06,-0.013585291831407664,-0.014528888703109089,-0.01466642052597833,-0.01587283581225374
2025-11-07,-0.0010559521898300117,-0.0005740758641044064,2.2229130866691094e-05,9.833629431321711e-05
2025-11-10,0.01976365695494442,0.021252794276921616,0.02106297630935816,0.02216424698763908
2025-11-11,-0.007235144872249855,-0.0076708680716965905,-0.007579302264383192,-0.0081941134145872
2025-11-12,0.002163734940025641,0.0023035198338687835,0.0008910935494710337,0.0008133393066303007
2025-11-13,-0.01324550965606297,-0.014285551215714398,-0.013391007146850598,-0.01433709448129561
2025-11-14,-0.001850695213814646,-0.002003415450842927,-0.0005821486034199852,-0.0005122188373399839
2025-11-17,-0.005095263857226584,-0.005652349924091138,-0.0063711863095403665,-0.006226507718226637
2025-11-18,-0.009924585109509554,-0.010321587864836057,-0.009650009119014036,-0.010502813036122549
2025-11-19,0.010319005102010781,0.010798154548320227,0.008564633481526807,0.009071828256459025
2025-11-20,-0.02128790938151459,-0.02217740982896188,-0.018593746452692073,-0.02019383816213738
2025-11-21,-0.001602577057387533,-0.0014875925574940885,-0.0012209355121832743,-0.00156154523981622
2025-11-24,0.01509799785166166,0.016101458987083594,0.015533988698273493,0.016219620562607062
2025-11-25,0.0068649546176977605,0.006988246788014907,0.005363069916546337,0.00591258043171794
2025-11-26,0.012657257548404743,0.013470208448750798,0.01089626329175708,0.012198410146322614
2025-11-28,0.006867588580989459,0.007089120279473393,0.005771908368021439,0.006279381342034096
2025-12-01,0.005044447163206955,0.005131816551259272,0.003720534520551988,0.003987453403972552
2025-12-02,0.006807374523981391,0.006839049973383471,0.005693331331294349,0.006251518805001632
2025-12-03,0.004525425906378944,0.004648867873699114,0.0017536654233984983,0.0020760555344669918
2025-12-04,0.0013867059162999684,0.001701932554169172,0.004558740339061229,0.004403364531289089
2025-12-05,-0.0004693777199831217,-0.000646320079981999,2.6006979628734328e-05,-8.496284719217151e-05
2025-12-08,0.004479168875598516,0.004371660184187887,0.003625419838093169,0.003993685798892699
2025-12-09,-0.003789958520040382,-0.003983616453830496,-0.0034338448791174647,-0.003773351401123337
2025-12-10,0.0019022461506110755,0.002113369805461618,0.0005277309372759831,0.0004441399678962732
2025-12-11,0.0013357486864520318,0.0015022843731602453,0.0006387955263025269,0.0008031097918375085
2025-12-12,-0.016263041288861024,-0.017045518038399377,-0.015301167816618166,-0.016661825989224388
2025-12-15,0.0027013741428871807,0.003153030696754211,0.0027628627536750994,0.0029664913616040955
2025-12-16,-0.0007297679835902571,-0.0006941940816468373,0.0006694349057525528,0.0005972876427093876
2025-12-17,-0.020865123375146566,-0.02193838326237252,-0.01857835081299719,-0.020372013154917656
2025-12-18,0.011796243837969511,0.012350638890818555,0.011721172658415213,0.012566087941006554
2025-12-19,0.011050324830955471,0.011563375615534222,0.010534884804896505,0.01111313174918882
2025-12-22,0.00608875449807722,0.006831243266973486,0.006812484931706608,0.006945419173072898
2025-12-23,0.00745723410798016,0.008237418764476478,0.00844607244062745,0.008823764912454513
2025-12-24,0.0013272484134803086,0.001461957636305744,0.0008861631571017714,0.0012367337679766166
2025-12-26,0.003084566216144058,0.0034256798950369483,0.0031306623948135215,0.003231841113960021
2025-12-29,-0.00786402715638801,-0.008719389179016046,-0.00882890912800982,-0.008711705881749299
2025-12-30,0.0019383686866156769,0.0019807325044884916,0.0018204880483527752,0.0018664523285514267
2025-12-31,-0.004487922465987726,-0.004904304467864384,-0.004660094615238197,-0.004941881932012393
2026-01-02,0.021672275128395535,0.02268114421019818,0.016631970869853907,0.018304870465217338
2026-01-05,0.01772468071909228,0.018345561165648228,0.014342879625282023,0.015253515486631786
2026-01-06,0.004992849899715379,0.005257914132297259,0.004352668641558033,0.004571915349248723
2026-01-07,-0.005790037741024934,-0.006301624123462579,-0.005098071314617703,-0.0054226831604266
2026-01-08,-0.009884014435471378,-0.008947484566272812,-0.008258229104956771,-0.008519866608922677
2026-01-09,0.02111246458020566,0.01857893084796114,0.015903489702247864,0.015525715998996548
2026-01-12,0.002514664069713568,0.0020407145619931732,0.0019125401879012127,0.0013039893541293424
2026-01-13,-0.004972229386411842,-0.004782715436604579,-0.004249900871340251,-0.00437987753444713
2026-01-14,-0.005064138199864621,-0.005867903861854096,-0.00532868152288235,-0.006633497807776112
2026-01-15,0.02011170568763543,0.017100093822595586,0.016606553402389146,0.015413352948540293
2026-01-16,0.005188053956149963,0.0034032619062738245,0.00316240134699175,0.002179771721456003
2026-01-20,-0.017400518123032005,-0.017669187588993163,-0.016347974741487414,-0.01742754171596761
2026-01-21,0.016338436405497037,0.01587383645464957,0.015516861460459719,0.014882667147015027
2026-01-22,0.014405806156180034,0.01529620099363127,0.01370168747646816,0.01533203791689064
2026-01-23,0.0024051855975388836,0.00321485642978403,0.0033072872340602633,0.004645674536713829
2026-01-26,0.007630966493361813,0.007910231146699642,0.007276957578824517,0.007294346957429587
2026-01-27,0.014249351548634603,0.014240813186698675,0.013292682235030107,0.01313106922197993
2026-01-28,-0.0029493697260344343,-0.002829437478141905,-0.003172106451738377,-0.0030133703401864498
2026-01-29,0.011650012357469652,0.012944530543229416,0.011368048945517018,0.012188525553606278
2026-01-30,-0.02253511851997536,-0.022294605375787313,-0.02093421935700268,-0.019791962048855583
2026-02-02,-0.003126172339329325,-0.003395982660492791,-0.0020553781846837094,-0.0026200444731411254
2026-02-03,-0.006337867157235055,-0.006956507225758468,-0.006135604691304919,-0.00715015315855283
2026-02-04,-0.01787100465598701,-0.01810093305314353,-0.016970201486797176,-0.01709989452315952
2026-02-05,-0.005494364772694604,-0.00530329182215894,-0.004863760587191512,-0.004935583532360011
2026-02-06,0.03134231206551896,0.03108320481971072,0.02921489313584802,0.028613437400051067
2026-02-09,0.012585380662248458,0.012650786607573794,0.01135553383185961,0.011866301142783087
2026-02-10,-0.005027018180766452,-0.005034309762651734,-0.004214612777447613,-0.004291798420110293
2026-02-11,0.007657872996288839,0.007439074440964477,0.007155936564082532,0.006800379797996969
2026-02-12,-0.01652798065471739,-0.016464586406045756,-0.014874778787524412,-0.014883692850304775
2026-02-13,0.0006808999922380821,0.0004425154478553406,0.001392786137335067,0.0005228186204719876
2026-02-17,0.0003477967929710335,0.0005679266247451409,0.00044238515789984945,0.0006687939417260313
2026-02-18,0.01577023717732584,0.015596084225510953,0.014003582210129428,0.013707923387811682
2026-02-19,-0.0023003666199671313,-0.002270665322827381,-0.0019139725087087278,-0.001844119344863615
2026-02-20,0.008974269628079012,0.00902927716956392,0.00840376391676756,0.008503223199471499
2026-02-23,0.0035054752354883867,0.0031070175676026768,0.0026027030838371434,0.0017784351640743878
2026-02-24,0.0037356305199047757,0.003888513438270902,0.004099794393201961,0.004423382911167506
2026-02-25,0.009983351783753092,0.010296669780325285,0.009364841801467794,0.009903779606714735
2026-02-26,-0.017792347648246887,-0.0179063239899363,-0.01594817621589628,-0.016391162523977654
2026-02-27,-0.006971308857890213,-0.00735090716988851,-0.00584138914793686,-0.00691994479532787
2026-03-02,-0.002529916292751788,-0.0022710304269933923,-0.003211100475504325,-0.0023801892635418875
2026-03-03,-0.025952689664342388,-0.025285358034780825,-0.024268746733674296,-0.02320379496260594
2026-03-04,0.013894467016196677,0.013914067595094393,0.013344589056605738,0.013179061571906292
2026-03-05,-0.011775809018263028,-0.01157311058557009,-0.011852902091307627,-0.01142475911409968
2026-03-06,-0.02041198353458118,-0.01962808456666898,-0.020294893137066006,-0.01960414605805083
2026-03-09,0.019308575924583016,0.018489228011992376,0.018654659595770395,0.017882858669056922
2026-03-10,0.008889222930999585,0.008250038298177609,0.007945372796307248,0.0078089816752717756
2026-03-11,0.0005651812778515453,0.0004118651727409439,8.973725068939231e-05,0.00011767788169736448
2026-03-12,-0.017515138602040015,-0.017098288930242345,-0.016771045933842932,-0.016767326408437366
2026-03-13,-0.007914806544659592,-0.007841582664884439,-0.007180065673754732,-0.00778940661305727
2026-03-16,0.012744102056320816,0.012129241445962391,0.012667651368136967,0.012246566809976489
2026-03-17,0.0024151410088089076,0.0021842814874004635,0.0024560880057340473,0.0019939215404860544
2026-03-18,-0.01696722474192036,-0.017117724453718286,-0.016032799682666243,-0.01629199931049463
2026-03-19,-0.006083351810036164,-0.006922038550054133,-0.004622917772604818,-0.006007205555481621
2026-03-20,-0.021021899128266464,-0.024774817804130378,-0.024119573771160696,-0.024506193314081104
2026-03-23,0.012115509790440626,0.013423310080471706,0.015717528937391645,0.01463453104497714
2026-03-24,0.0037380491098462088,0.003782150473368606,0.002322743114902215,0.003049621791158863
2026-03-25,0.006114237914923715,0.008782288292558338,0.006697938539787396,0.008218922174428878
2026-03-26,-0.019642926170938213,-0.030141590577216437,-0.026986362673996567,-0.030483865089013684
2026-03-27,-0.0020420221238139913,-0.0057603244189246006,-0.007818255347471936,-0.007952778486414513
2026-03-30,-0.006915965055877771,-0.010971724548311301,-0.008436345282899604,-0.010432385013069534
2026-03-31,0.021676412037139325,0.03559856119614291,0.03128519431213239,0.03574487614447852
2026-04-01,0.006020835657304602,0.013233679435068701,0.01176970690524537,0.01350006376159052
2026-04-02,-0.005993122689643138,-0.011026091929307147,-0.008648627538272113,-0.01033035248487335
2026-04-06,-0.001838791746874735,-0.002043841725767437,-0.002147811807067246,-0.0018737054922790541
2026-04-07,0.0017528495626994989,0.0026305265772463837,0.0015131295408692402,0.00199658822348181
2026-04-08,0.01829758518302449,0.036362686976136205,0.03287175223058547,0.03823113129120448
2026-04-09,0.004735230238547716,0.008693992350264024,0.007901346426016032,0.009062775114533128
2026-04-10,0.0047224946835031645,0.007423778827009064,0.006467048271499687,0.0073858507632236226
2026-04-13,0.004199133395910604,0.0061992300994682115,0.006316260471341151,0.00636092396803134
2026-04-14,0.009012134920770576,0.014724812069966786,0.013651556494165717,0.015020397313687539
2026-04-15,-0.0031403449131541805,-0.005450221198400662,-0.0032112937596798785,-0.004965259807845901
2026-04-16,-0.006248809237234587,-0.01156668209830447,-0.009692470567506772,-0.011435521285723116
2026-04-17,0.008923259097590286,0.016421426443454568,0.014884664691557914,0.016925112547511167
2026-04-20,-0.000660430523548361,-8.37240123279237e-05,-0.0006984422979725569,-0.0002492564662098795
2026-04-21,-0.004908774649973413,-0.011829033680311851,-0.008636276571427515,-0.011451523352083992
2026-04-22,0.0036997024046359073,0.0032473386228004664,0.002741544858539058,0.002744610356605337
2026-04-23,-0.007684381147788022,-0.009520735180185147,-0.009474577801088513,-0.00914653719950187
2026-04-24,0.011945868781733315,0.015510001904344817,0.014282592034920105,0.015531981090534996
2026-04-27,0.00014630737137522054,-0.0015955615618435948,-0.0012365044264627256,-0.0011799396561338327
2026-04-28,-0.008602423546712812,-0.014541326063364557,-0.011879025752795203,-0.014214003453788981
2026-04-29,-0.0004812875424692331,-0.0028512550719771435,-0.0036384493137123775,-0.0032713729688296223
2026-04-30,-0.0021266427523726206,0.007482188506642062,-0.004287553428819146,0.005995082954672215
2026-05-01,-0.00239236782049701,-0.0031730708047017497,-0.002321803283564572,-0.003027337364861493
2026-05-04,-0.006896826127659517,-0.012308171735290308,-0.008117842718246226,-0.011785985855308101
2026-05-05,0.007728443288143039,0.013140229070415232,0.007363457047255606,0.012723993070219208
2026-05-06,0.020319402775489603,0.033448218403291374,0.02933129432930537,0.033302909810551506
2026-05-07,-0.0017734359981311787,-0.005303146145660853,-0.0010828275994478886,-0.0053882251918547786
2026-05-08,0.009962921501323718,0.016123421569177232,0.011264204911076714,0.01551483435700085
